station,epoch,unit,unit_id,windows,events,tails,component,group,loss,grad_norm,base_grad_norm,dual_base_grad_norm,ratio_base,ratio_dual_base,cosine_base,cosine_dual_base
Battery,50,batch,0,256,13,13,base,shared,0.0024485401809215546,0.019052895516397543,0.019052895516397543,0.04396114924537558,1.0,0.4334030352584966,1.0000000000000002,0.9805745574070587
Battery,50,batch,0,256,13,13,tail,shared,0.0038419000338763,0.13794483138829544,0.019052895516397543,0.04396114924537558,7.240098034945692,3.1378804639145397,0.4549493709784157,0.6084905742812354
Battery,50,batch,0,256,13,13,body,shared,0.002276601968333125,0.016974847272436904,0.019052895516397543,0.04396114924537558,0.890932680433155,0.38613292791071757,0.92765764126874,0.8411256476148633
Battery,50,batch,0,256,13,13,excess,shared,0.00016625043645035475,0.0070438428808599005,0.019052895516397543,0.04396114924537558,0.3696993391265774,0.1602288157105189,0.4563322329251893,0.6091442775152804
Battery,50,batch,0,256,13,13,gate,shared,0.0005545899621210992,0.008592854003427434,0.019052895516397543,0.04396114924537558,0.4509999016176908,0.19546472626239053,0.43292585800119143,0.5577078880543684
Battery,50,batch,0,256,13,13,amp_true,shared,0.002790996339172125,0.07676372604117322,0.019052895516397543,0.04396114924537558,4.028979530964617,1.7461719577144188,0.3748200676453897,0.5058884115750252
Battery,50,batch,0,256,13,13,dual_base,shared,0.005334937945008278,0.04396114924537558,0.019052895516397543,0.04396114924537558,2.3073211737051293,1.0,0.9805745574070587,0.9999999999999999
Battery,50,batch,0,256,13,13,base,temporal,0.0024485401809215546,0.00018692236005536655,0.00018692236005536655,0.0004120265290184993,1.0,0.4536658367621131,1.0000000000000002,0.9896840586830764
Battery,50,batch,0,256,13,13,tail,temporal,0.0038419000338763,0.0009450085238127111,0.00018692236005536655,0.0004120265290184993,5.055620544983483,2.2935623248916617,0.3528931993562222,0.48314155332704106
Battery,50,batch,0,256,13,13,body,temporal,0.002276601968333125,0.0001747153972977794,0.00018692236005536655,0.0004120265290184993,0.9346950105168187,0.4240391940634846,0.9647542335784517,0.9171467026110961
Battery,50,batch,0,256,13,13,excess,temporal,0.00016625043645035475,4.997382922209453e-05,0.00018692236005536655,0.0004120265290184993,0.2673507289726721,0.12128789216834819,0.36285707358782354,0.49247109664474037
Battery,50,batch,0,256,13,13,gate,temporal,0.0005545899621210992,3.9886560416413495e-05,0.00018692236005536655,0.0004120265290184993,0.21338570947102883,0.09680580644025145,0.7998896824658684,0.8763399736272158
Battery,50,batch,0,256,13,13,amp_true,temporal,0.002790996339172125,0.00034516879077244733,0.00018692236005536655,0.0004120265290184993,1.8465890900917796,0.8377343847122761,0.27625217969224225,0.41067713452648485
Battery,50,batch,0,256,13,13,dual_base,temporal,0.005334937945008278,0.0004120265290184993,0.00018692236005536655,0.0004120265290184993,2.204265604695215,1.0,0.9896840586830764,1.0000000000000002
Battery,50,batch,0,256,13,13,base,excess,0.0024485401809215546,0.002615907251419114,0.002615907251419114,0.008237211411936304,1.0,0.3175719452372533,0.9999999999999999,0.9999414974161697
Battery,50,batch,0,256,13,13,tail,excess,0.0038419000338763,0.052366393575578055,0.002615907251419114,0.008237211411936304,20.018444288179406,6.357296293220717,0.999996316009968,0.9999281100365666
Battery,50,batch,0,256,13,13,body,excess,0.002276601968333125,0.0,0.002615907251419114,0.008237211411936304,0.0,0.0,,
Battery,50,batch,0,256,13,13,excess,excess,0.00016625043645035475,0.0028085732675456193,0.002615907251419114,0.008237211411936304,1.07365170000656,0.34096165887836716,0.9998765693037829,0.9999844203937327
Battery,50,batch,0,256,13,13,gate,excess,0.0005545899621210992,0.0,0.002615907251419114,0.008237211411936304,0.0,0.0,,
Battery,50,batch,0,256,13,13,amp_true,excess,0.002790996339172125,0.020764976073580597,0.002615907251419114,0.008237211411936304,7.9379634206509895,2.520874484718296,0.9291930039194916,0.9265412317929053
Battery,50,batch,0,256,13,13,dual_base,excess,0.005334937945008278,0.008237211411936304,0.002615907251419114,0.008237211411936304,3.148892762718428,1.0,0.9999414974161697,1.0
Battery,50,batch,0,256,13,13,base,full,0.0024485401809215546,0.02204805303354968,0.02204805303354968,0.04967449898801107,1.0,0.44385053664800866,0.9999999999999998,0.9822854977066806
Battery,50,batch,0,256,13,13,tail,full,0.0038419000338763,0.1475870859508173,0.02204805303354968,0.04967449898801107,6.6938829349802305,2.9710835329499226,0.40745312436361697,0.5601621893905256
Battery,50,batch,0,256,13,13,body,full,0.002276601968333125,0.020134157203279934,0.02204805303354968,0.04967449898801107,0.9131943384135804,0.4053217971687909,0.9387468099083017,0.86147837492908
Battery,50,batch,0,256,13,13,excess,full,0.00016625043645035475,0.00758312642182712,0.02204805303354968,0.04967449898801107,0.3439363289941369,0.15265632419679373,0.41023446789105755,0.5621609399672893
Battery,50,batch,0,256,13,13,gate,full,0.0005545899621210992,0.008646989223432267,0.02204805303354968,0.04967449898801107,0.3921883356446247,0.17407300324295602,0.37182091866561123,0.4915875535464571
Battery,50,batch,0,256,13,13,amp_true,full,0.002790996339172125,0.07952266260042272,0.02204805303354968,0.04967449898801107,3.6067884306798486,1.6008749805330797,0.341451739626893,0.47228996157676323
Battery,50,batch,0,256,13,13,dual_base,full,0.005334937945008278,0.04967449898801107,0.02204805303354968,0.04967449898801107,2.253010681370518,1.0,0.9822854977066806,1.0
Battery,50,batch,1,256,13,13,base,shared,0.001965592848137021,0.02071061094171924,0.02071061094171924,0.04425288881865642,1.0,0.468005852151011,0.9999999999999998,0.9732251783169701
Battery,50,batch,1,256,13,13,tail,shared,0.0036842795088887215,0.06891148319288279,0.02071061094171924,0.04425288881865642,3.327351539112166,1.5572199924681673,0.04710927568529339,0.041924902701269764
Battery,50,batch,1,256,13,13,body,shared,0.0017945372965186834,0.020486519796609086,0.02071061094171924,0.04425288881865642,0.9891798872693442,0.4629419760721304,0.9858066955498974,0.941935680634996
Battery,50,batch,1,256,13,13,excess,shared,0.00015182436618488282,0.0034722097532094813,0.02071061094171924,0.04425288881865642,0.1676536613516841,0.07846289464713194,0.16044878943991203,0.3080241439779752
Battery,50,batch,1,256,13,13,gate,shared,0.0008968107285909355,0.015256527777992782,0.02071061094171924,0.04425288881865642,0.7366527149259604,0.34475778158827985,0.1374538750606579,0.34923629956656427
Battery,50,batch,1,256,13,13,amp_true,shared,0.002908924827352166,0.11527422300013064,0.02071061094171924,0.04425288881865642,5.565949904834697,2.604897128242001,-0.11592683108487944,-0.3102670759275611
Battery,50,batch,1,256,13,13,dual_base,shared,0.004512184299528599,0.04425288881865642,0.02071061094171924,0.04425288881865642,2.136725417863645,1.0,0.9732251783169701,0.9999999999999998
Battery,50,batch,1,256,13,13,base,temporal,0.001965592848137021,0.00020141023469297332,0.00020141023469297332,0.0004192558237901703,1.0,0.4803993725648886,1.0,0.9910881711614562
Battery,50,batch,1,256,13,13,tail,temporal,0.0036842795088887215,0.00038494863241663694,0.00020141023469297332,0.0004192558237901703,1.9112664905209347,0.9181712228505537,-0.4183171931978834,-0.2947139157091336
Battery,50,batch,1,256,13,13,body,temporal,0.0017945372965186834,0.00020563066505621208,0.00020141023469297332,0.0004192558237901703,1.0209543987159952,0.4904658525605273,0.990652987017099,0.963718403623432
Battery,50,batch,1,256,13,13,excess,temporal,0.00015182436618488282,3.119246246602694e-05,0.00020141023469297332,0.0004192558237901703,0.15487029501542587,0.07439959255434979,-0.06320749216852085,0.06991644613709058
Battery,50,batch,1,256,13,13,gate,temporal,0.0008968107285909355,5.259248928017148e-05,0.00020141023469297332,0.0004192558237901703,0.26112123527556913,0.12544247758975208,0.5448986244943753,0.6510103709629201
Battery,50,batch,1,256,13,13,amp_true,temporal,0.002908924827352166,0.0007215568689288286,0.00020141023469297332,0.0004192558237901703,3.5825233510539265,1.7210419700453685,-0.03141443676145472,-0.16396865040777686
Battery,50,batch,1,256,13,13,dual_base,temporal,0.004512184299528599,0.0004192558237901703,0.00020141023469297332,0.0004192558237901703,2.0816013864900036,1.0,0.9910881711614562,1.0
Battery,50,batch,1,256,13,13,base,excess,0.001965592848137021,0.0020746564764944067,0.0020746564764944067,0.006550926832406341,1.0,0.3166966338612465,0.9999999999999996,0.9995783218868735
Battery,50,batch,1,256,13,13,tail,excess,0.0036842795088887215,0.04127387735320777,0.0020746564764944067,0.006550926832406341,19.89431880450356,6.300463798348775,0.9997575712229262,0.9988455548170841
Battery,50,batch,1,256,13,13,body,excess,0.0017945372965186834,0.0,0.0020746564764944067,0.006550926832406341,0.0,0.0,,
Battery,50,batch,1,256,13,13,excess,excess,0.00015182436618488282,0.0022439950915956524,0.0020746564764944067,0.006550926832406341,1.081622484020767,0.34254619979801687,0.9991074671184568,0.9999092752448872
Battery,50,batch,1,256,13,13,gate,excess,0.0008968107285909355,0.0,0.0020746564764944067,0.006550926832406341,0.0,0.0,,
Battery,50,batch,1,256,13,13,amp_true,excess,0.002908924827352166,0.05066185234124703,0.0020746564764944067,0.006550926832406341,24.419393241839966,7.73353964062479,-0.9624572238770268,-0.9659955378730111
Battery,50,batch,1,256,13,13,dual_base,excess,0.004512184299528599,0.006550926832406341,0.0020746564764944067,0.006550926832406341,3.157595923290196,1.0,0.9995783218868735,1.0
Battery,50,batch,1,256,13,13,base,full,0.001965592848137021,0.025304106968950985,0.025304106968950985,0.05320855169830947,1.0,0.4755646632222643,1.0000000000000002,0.9803897692969333
Battery,50,batch,1,256,13,13,tail,full,0.0036842795088887215,0.08059977033805496,0.025304106968950985,0.05320855169830947,3.1852446101715293,1.514789780316756,0.07895947615955733,0.0968178079594162
Battery,50,batch,1,256,13,13,body,full,0.0017945372965186834,0.025050293279366895,0.025304106968950985,0.05320855169830947,0.9899694666207534,0.4707944959938232,0.9870913344483543,0.9521627917794406
Battery,50,batch,1,256,13,13,excess,full,0.00015182436618488282,0.00413421752468208,0.025304106968950985,0.05320855169830947,0.16338128548677525,0.0776983660093389,0.15475648049575158,0.2819786567076432
Battery,50,batch,1,256,13,13,gate,full,0.0008968107285909355,0.015310446968500167,0.025304106968950985,0.05320855169830947,0.6050577871523629,0.2877441027771219,0.1121861894867211,0.29047727127811945
Battery,50,batch,1,256,13,13,amp_true,full,0.002908924827352166,0.12591572487553,0.025304106968950985,0.05320855169830947,4.976098347593651,2.366456534834241,-0.11861321392847111,-0.2840888237882906
Battery,50,batch,1,256,13,13,dual_base,full,0.004512184299528599,0.05320855169830947,0.025304106968950985,0.05320855169830947,2.1027634669580793,1.0,0.9803897692969333,0.9999999999999999
Battery,50,batch,2,256,10,10,base,shared,0.002537253312766552,0.03172095559001975,0.03172095559001975,0.06422610624096042,1.0,0.49389504434552817,1.0,0.9948904914398183
Battery,50,batch,2,256,10,10,tail,shared,0.0043892464600503445,0.029668303502023614,0.03172095559001975,0.06422610624096042,0.9352903451419996,0.4619352664898522,0.30902226810114863,0.34369454031621816
Battery,50,batch,2,256,10,10,body,shared,0.0024424958974123,0.031242332917970947,0.03172095559001975,0.06422610624096042,0.9849114674149542,0.486442892875328,0.997952755374939,0.9881001986335503
Battery,50,batch,2,256,10,10,excess,shared,7.185923459473997e-05,0.0011980089498319288,0.03172095559001975,0.06422610624096042,0.03776711412215003,0.01865299050416191,0.1822120802859772,0.25135898539992724
Battery,50,batch,2,256,10,10,gate,shared,0.0028871209360659122,0.012804683384443037,0.03172095559001975,0.06422610624096042,0.40366638224706347,0.19936882576071233,0.08923074105395923,0.18826170365067146
Battery,50,batch,2,256,10,10,amp_true,shared,0.0019173001637682319,0.07971616954831356,0.03172095559001975,0.06422610624096042,2.5130443918087506,1.2411801713346635,-0.16545104484137754,-0.23297673206286065
Battery,50,batch,2,256,10,10,dual_base,shared,0.006567028351128101,0.06422610624096042,0.03172095559001975,0.06422610624096042,2.024721672040916,1.0,0.9948904914398183,0.9999999999999996
Battery,50,batch,2,256,10,10,base,temporal,0.002537253312766552,0.000295244660049708,0.000295244660049708,0.000587842790342018,1.0,0.5022510523228993,1.0000000000000002,0.9987276765847857
Battery,50,batch,2,256,10,10,tail,temporal,0.0043892464600503445,0.00016572057125114763,0.000295244660049708,0.000587842790342018,0.5612991314499866,0.2819130794386851,0.42456502607969504,0.4690786604371053
Battery,50,batch,2,256,10,10,body,temporal,0.0024424958974123,0.0002923068941275525,0.000295244660049708,0.000587842790342018,0.9900497237726132,0.49725351561679076,0.9987489778184969,0.994977577241935
Battery,50,batch,2,256,10,10,excess,temporal,7.185923459473997e-05,7.801741441233207e-06,0.000295244660049708,0.000587842790342018,0.026424665699016164,0.01327181615461169,0.01171376231245182,0.06173672389358925
Battery,50,batch,2,256,10,10,gate,temporal,0.0028871209360659122,5.780361223963277e-05,0.000295244660049708,0.000587842790342018,0.1957820752114563,0.09833175330091494,-0.007680375881654873,0.04268654003577886
Battery,50,batch,2,256,10,10,amp_true,temporal,0.0019173001637682319,0.0005414971987990068,0.000295244660049708,0.000587842790342018,1.834062633708055,0.9211598878059789,-0.051943596305829856,-0.10190281638810365
Battery,50,batch,2,256,10,10,dual_base,temporal,0.006567028351128101,0.000587842790342018,0.000295244660049708,0.000587842790342018,1.9910361469130298,1.0,0.9987276765847857,1.0
Battery,50,batch,2,256,10,10,base,excess,0.002537253312766552,0.00034010665366475444,0.00034010665366475444,0.0011250416054943376,1.0,0.3023058454049913,0.9999999999999999,0.9981975275862789
Battery,50,batch,2,256,10,10,tail,excess,0.0043892464600503445,0.005883709469221894,0.00034010665366475444,0.0011250416054943376,17.299601186342883,5.229770561806576,0.9458226314200928,0.956518684713329
Battery,50,batch,2,256,10,10,body,excess,0.0024424958974123,0.0,0.00034010665366475444,0.0011250416054943376,0.0,0.0,,
Battery,50,batch,2,256,10,10,excess,excess,7.185923459473997e-05,0.00039377249691168885,0.00034010665366475444,0.0011250416054943376,1.1577912183389192,0.3500070530624218,0.9962833132486741,0.9996545058945221
Battery,50,batch,2,256,10,10,gate,excess,0.0028871209360659122,0.0,0.00034010665366475444,0.0011250416054943376,0.0,0.0,,
Battery,50,batch,2,256,10,10,amp_true,excess,0.0019173001637682319,0.027760611458422728,0.00034010665366475444,0.0011250416054943376,81.62325305692656,24.67518652007972,-0.974034074038574,-0.9810742172444255
Battery,50,batch,2,256,10,10,dual_base,excess,0.006567028351128101,0.0011250416054943376,0.00034010665366475444,0.0011250416054943376,3.307908249872992,1.0,0.9981975275862789,1.0000000000000002
Battery,50,batch,2,256,10,10,base,full,0.002537253312766552,0.036764903221713975,0.036764903221713975,0.0742526336355371,1.0,0.4951326494649531,1.0000000000000002,0.9959932187182824
Battery,50,batch,2,256,10,10,tail,full,0.0043892464600503445,0.030886106396779373,0.036764903221713975,0.0742526336355371,0.8400975846588796,0.4159597429012588,0.26819958103147434,0.2982014193456647
Battery,50,batch,2,256,10,10,body,full,0.0024424958974123,0.03636906949656229,0.036764903221713975,0.0742526336355371,0.9892333804671108,0.4898017446098526,0.9983836409878284,0.9907832737586567
Battery,50,batch,2,256,10,10,excess,full,7.185923459473997e-05,0.0012610639251050943,0.036764903221713975,0.0742526336355371,0.034300754649077614,0.01698342352804511,0.15223054092904464,0.21127564773055613
Battery,50,batch,2,256,10,10,gate,full,0.0028871209360659122,0.013092773680049912,0.036764903221713975,0.0742526336355371,0.3561215325685149,0.17632739795216837,0.07553207531398441,0.1631976616063311
Battery,50,batch,2,256,10,10,amp_true,full,0.0019173001637682319,0.0844116060503589,0.036764903221713975,0.0742526336355371,2.2959833605791724,1.1368163244510125,-0.13777474496173753,-0.19519638894202468
Battery,50,batch,2,256,10,10,dual_base,full,0.006567028351128101,0.0742526336355371,0.036764903221713975,0.0742526336355371,2.0196607940934883,1.0,0.9959932187182824,1.0000000000000002
Battery,50,batch,3,256,15,15,base,shared,0.002097358461469412,0.02445884401430435,0.02445884401430435,0.0501094232741126,1.0,0.488108671307343,1.0,0.9938633238997174
Battery,50,batch,3,256,15,15,tail,shared,0.004730198532342911,0.07864022136908516,0.02445884401430435,0.0501094232741126,3.215205973066173,1.5693699154927625,0.30017819400027806,0.3406560949881088
Battery,50,batch,3,256,15,15,body,shared,0.001944994437508285,0.02338189139753943,0.02445884401430435,0.0501094232741126,0.9559687851095873,0.4666166535111355,0.9864004168609921,0.9732735090751456
Battery,50,batch,3,256,15,15,excess,shared,0.0001425926893716678,0.0039497612951495085,0.02445884401430435,0.0501094232741126,0.16148601678965516,0.07882272508991385,0.35707861858688256,0.39102102358607066
Battery,50,batch,3,256,15,15,gate,shared,0.0013075614115223289,0.011449480962289779,0.02445884401430435,0.0501094232741126,0.4681121051998099,0.22848957769196238,-0.0927282339424229,-0.006130419498210396
Battery,50,batch,3,256,15,15,amp_true,shared,0.0025042539928108454,0.07043785878925483,0.02445884401430435,0.0501094232741126,2.87985232450317,1.4056808916746055,-0.15529544518009264,-0.15878675283801058
Battery,50,batch,3,256,15,15,dual_base,shared,0.0049813189543783665,0.0501094232741126,0.02445884401430435,0.0501094232741126,2.0487241034288837,1.0,0.9938633238997174,1.0
Battery,50,batch,3,256,15,15,base,temporal,0.002097358461469412,0.00023106640878274795,0.00023106640878274795,0.0004526935758808733,1.0,0.5104256413030108,0.9999999999999998,0.9999688021721734
Battery,50,batch,3,256,15,15,tail,temporal,0.004730198532342911,0.00033878290231200017,0.00023106640878274795,0.0004526935758808733,1.4661711500892751,0.7483713495442912,0.3555997968885892,0.3552376051236441
Battery,50,batch,3,256,15,15,body,temporal,0.001944994437508285,0.0002244403652150044,0.00023106640878274795,0.0004526935758808733,0.9713240725787475,0.49578871265905944,0.9963777210639374,0.9963841104621846
Battery,50,batch,3,256,15,15,excess,temporal,0.0001425926893716678,2.3387637823137044e-05,0.00023106640878274795,0.0004526935758808733,0.1012160873851917,0.051663286313768056,0.3420644147083207,0.34168003072288844
Battery,50,batch,3,256,15,15,gate,temporal,0.0013075614115223289,6.170365611283342e-05,0.00023106640878274795,0.0004526935758808733,0.2670386251203138,0.13630336147971048,-0.5793226615114409,-0.578158101919926
Battery,50,batch,3,256,15,15,amp_true,temporal,0.0025042539928108454,0.0003554059210910408,0.00023106640878274795,0.0004526935758808733,1.5381115886264485,0.7850915940202476,0.09232164752100569,0.09231420828050266
Battery,50,batch,3,256,15,15,dual_base,temporal,0.0049813189543783665,0.0004526935758808733,0.00023106640878274795,0.0004526935758808733,1.9591492258249554,1.0,0.9999688021721734,1.0000000000000002
Battery,50,batch,3,256,15,15,base,excess,0.002097358461469412,0.0005788142126291612,0.0005788142126291612,0.002094293821488795,1.0,0.2763767942636114,0.9999999999999996,0.9912659477917941
Battery,50,batch,3,256,15,15,tail,excess,0.004730198532342911,0.011528375242180847,0.0005788142126291612,0.002094293821488795,19.91722903592025,5.504659911561758,0.9999485660437497,0.9905558896078264
Battery,50,batch,3,256,15,15,body,excess,0.001944994437508285,0.0,0.0005788142126291612,0.002094293821488795,0.0,0.0,,
Battery,50,batch,3,256,15,15,excess,excess,0.0001425926893716678,0.0007620955373947648,0.0005788142126291612,0.002094293821488795,1.316649661958162,0.36389141274026443,0.9832663896465058,0.998699938741384
Battery,50,batch,3,256,15,15,gate,excess,0.0013075614115223289,0.0,0.0005788142126291612,0.002094293821488795,0.0,0.0,,
Battery,50,batch,3,256,15,15,amp_true,excess,0.0025042539928108454,0.04423389318336472,0.0005788142126291612,0.002094293821488795,76.42157400116366,21.121149635020963,-0.5371450627899468,-0.6077483386207079
Battery,50,batch,3,256,15,15,dual_base,excess,0.0049813189543783665,0.002094293821488795,0.0005788142126291612,0.002094293821488795,3.618248784831726,1.0,0.9912659477917941,1.0
Battery,50,batch,3,256,15,15,base,full,0.002097358461469412,0.027693270525494293,0.027693270525494293,0.05649295606095461,1.0,0.4902074958799091,1.0,0.994898840092196
Battery,50,batch,3,256,15,15,tail,full,0.004730198532342911,0.07952818042073875,0.027693270525494293,0.05649295606095461,2.8717511117917796,1.407753921301793,0.267134450451041,0.30596763241144276
Battery,50,batch,3,256,15,15,body,full,0.001944994437508285,0.02675522910182182,0.027693270525494293,0.05649295606095461,0.9661274596364876,0.47360292268922055,0.989053402650917,0.9780591883851616
Battery,50,batch,3,256,15,15,excess,full,0.0001425926893716678,0.004022611576672316,0.027693270525494293,0.05649295606095461,0.14525592320232164,0.07120554237473448,0.31355573318246993,0.3475697747891644
Battery,50,batch,3,256,15,15,gate,full,0.0013075614115223289,0.011564362942749571,0.027693270525494293,0.05649295606095461,0.41758747606583607,0.20470451095304495,-0.08109527883459167,-0.0033618356996053147
Battery,50,batch,3,256,15,15,amp_true,full,0.0025042539928108454,0.08317529234678002,0.027693270525494293,0.05649295606095461,3.0034477968288087,1.4723126234894803,-0.12212406633103183,-0.13125744375716952
Battery,50,batch,3,256,15,15,dual_base,full,0.0049813189543783665,0.05649295606095461,0.027693270525494293,0.05649295606095461,2.0399524862528415,1.0,0.994898840092196,1.0000000000000002
Battery,50,accum4,0,1024,51,51,base,shared,0.002262186200823635,0.023245141561362523,0.023245141561362523,0.04888743216020142,1.0,0.4754829724987288,1.0,0.9912018481924625
Battery,50,accum4,0,1024,51,51,tail,shared,0.004161406133789569,0.061158269637346566,0.023245141561362523,0.04888743216020142,2.631013000110194,1.2510018819751931,0.23639669967169263,0.3265999020699244
Battery,50,accum4,0,1024,51,51,body,shared,0.0021146573999430984,0.022513942853286773,0.023245141561362523,0.04888743216020142,0.968544019998952,0.46052618962496994,0.987334963459116,0.9616616464369931
Battery,50,accum4,0,1024,51,51,excess,shared,0.00013313168165041134,0.0036252767518412904,0.023245141561362523,0.04888743216020142,0.15595847167767446,0.07415559769965946,0.2662194121939784,0.37066571464649783
Battery,50,accum4,0,1024,51,51,gate,shared,0.001411520759575069,0.00822894366776082,0.023245141561362523,0.04888743216020142,0.3540070360956097,0.16832431780820528,0.25647093602360527,0.36743322719272015
Battery,50,accum4,0,1024,51,51,amp_true,shared,0.002530368830775842,0.04942452926417077,0.023245141561362523,0.04888743216020142,2.126230512888033,1.0109864044854986,-0.20734134260889958,-0.311963228268721
Battery,50,accum4,0,1024,51,51,dual_base,shared,0.005348867387510836,0.04888743216020142,0.023245141561362523,0.04888743216020142,2.1031247338781904,1.0,0.9912018481924625,1.0
Battery,50,accum4,0,1024,51,51,base,temporal,0.002262186200823635,0.00022643587431064418,0.00022643587431064418,0.0004611614089628198,1.0,0.4910121920650566,1.0,0.9967244697311363
Battery,50,accum4,0,1024,51,51,tail,temporal,0.004161406133789569,0.00044003563765715383,0.00022643587431064418,0.0004611614089628198,1.943312379263169,0.9541900712091692,0.10140691854441994,0.18137059315318957
Battery,50,accum4,0,1024,51,51,body,temporal,0.0021146573999430984,0.0002235045298118349,0.00022643587431064418,0.0004611614089628198,0.9870544165860051,0.4846557527753899,0.9923527081791198,0.9791351874275914
Battery,50,accum4,0,1024,51,51,excess,temporal,0.00013313168165041134,2.7910202183711886e-05,0.00022643587431064418,0.0004611614089628198,0.1232587471781184,0.060521547643120524,0.13330790686044805,0.2129199532924782
Battery,50,accum4,0,1024,51,51,gate,temporal,0.001411520759575069,2.1164296853585254e-05,0.00022643587431064418,0.0004611614089628198,0.09346706619707376,0.04589346905931494,0.37983535835229343,0.452711720253969
Battery,50,accum4,0,1024,51,51,amp_true,temporal,0.002530368830775842,0.0003147533525993092,0.00022643587431064418,0.0004611614089628198,1.3900330659067897,0.6825231827338041,-0.07743877325053357,-0.15762245937261538
Battery,50,accum4,0,1024,51,51,dual_base,temporal,0.005348867387510836,0.0004611614089628198,0.00022643587431064418,0.0004611614089628198,2.0366093065719744,1.0,0.9967244697311363,1.0000000000000002
Battery,50,accum4,0,1024,51,51,base,excess,0.002262186200823635,0.0013548850379316176,0.0013548850379316176,0.004374430977521004,1.0,0.309728292638288,0.9999999999999999,0.9997257486818484
Battery,50,accum4,0,1024,51,51,tail,excess,0.004161406133789569,0.026768137584664613,0.0013548850379316176,0.004374430977521004,19.75675930817654,6.119227328587124,0.9995890758280486,0.9987486641562107
Battery,50,accum4,0,1024,51,51,body,excess,0.0021146573999430984,0.0,0.0013548850379316176,0.004374430977521004,0.0,0.0,,
Battery,50,accum4,0,1024,51,51,excess,excess,0.00013313168165041134,0.0015113225715826565,0.0013548850379316176,0.004374430977521004,1.1154618504680354,0.3454900944486099,0.999432818451563,0.999945752879848
Battery,50,accum4,0,1024,51,51,gate,excess,0.001411520759575069,0.0,0.0013548850379316176,0.004374430977521004,0.0,0.0,,
Battery,50,accum4,0,1024,51,51,amp_true,excess,0.002530368830775842,0.02537715391644182,0.0013548850379316176,0.004374430977521004,18.7301159921161,5.801246847155213,-0.9823975854009853,-0.9813276911972464
Battery,50,accum4,0,1024,51,51,dual_base,excess,0.005348867387510836,0.004374430977521004,0.0013548850379316176,0.004374430977521004,3.2286362717526633,1.0,0.9997257486818484,0.9999999999999998
Battery,50,accum4,0,1024,51,51,base,full,0.002262186200823635,0.02719162419827635,0.02719162419827635,0.05657122550644143,1.0,0.48066174905792347,1.0,0.992868793322216
Battery,50,accum4,0,1024,51,51,tail,full,0.004161406133789569,0.06677753619191273,0.02719162419827635,0.05657122550644143,2.4558127055957804,1.180415230430339,0.20693669710604534,0.29123918683053535
Battery,50,accum4,0,1024,51,51,body,full,0.0021146573999430984,0.02655292997690443,0.02719162419827635,0.05657122550644143,0.9765113618548609,0.46937165916409224,0.9894208064250354,0.9682134204957678
Battery,50,accum4,0,1024,51,51,excess,full,0.00013313168165041134,0.0039276872893365825,0.02719162419827635,0.05657122550644143,0.14444474742283156,0.0694290649384882,0.2292208866010206,0.32540955110863723
Battery,50,accum4,0,1024,51,51,gate,full,0.001411520759575069,0.008254873218431498,0.02719162419827635,0.05657122550644143,0.30358146899348387,0.1459199998679817,0.2186270840940467,0.3170171150722251
Battery,50,accum4,0,1024,51,51,amp_true,full,0.002530368830775842,0.05555883398599768,0.02719162419827635,0.05657122550644143,2.0432333714555933,0.9821041260573633,-0.18003704869153062,-0.2744851073118961
Battery,50,accum4,0,1024,51,51,dual_base,full,0.005348867387510836,0.05657122550644143,0.02719162419827635,0.05657122550644143,2.080465112857342,1.0,0.992868793322216,1.0
Battery,50,batch,4,256,10,10,base,shared,0.0021325459238141775,0.02257308868761102,0.02257308868761102,0.04723062313513073,1.0,0.47793332353518897,1.0,0.9903389274127237
Battery,50,batch,4,256,10,10,tail,shared,0.005108538083732128,0.05853091507938872,0.02257308868761102,0.04723062313513073,2.5929510971847085,1.2392577356417025,0.08380487137152251,0.021912801542772385
Battery,50,batch,4,256,10,10,body,shared,0.0018885968020185828,0.022356403104548464,0.02257308868761102,0.04723062313513073,0.9904007118360599,0.4733455038394251,0.9936862220334877,0.9881323927789195
Battery,50,batch,4,256,10,10,excess,shared,0.00020482535182964057,0.0022436615249017302,0.02257308868761102,0.04723062313513073,0.09939541530854562,0.047504381182573614,0.12035461484442603,0.07298915684174616
Battery,50,batch,4,256,10,10,gate,shared,0.0005117139662615955,0.015502663737120208,0.02257308868761102,0.04723062313513073,0.6867763624048785,0.328233309409571,0.18678017167676295,0.31727600633142655
Battery,50,batch,4,256,10,10,amp_true,shared,0.009236427024006844,0.15563913974198873,0.02257308868761102,0.04723062313513073,6.89489780932857,3.295301425447897,0.03673055309785429,-0.031309669694670375
Battery,50,batch,4,256,10,10,dual_base,shared,0.004686650354415178,0.04723062313513073,0.02257308868761102,0.04723062313513073,2.0923420710721223,1.0,0.9903389274127237,1.0
Battery,50,batch,4,256,10,10,base,temporal,0.0021325459238141775,0.00020602047535616265,0.00020602047535616265,0.0004420202187292321,1.0,0.4660883521311599,1.0000000000000002,0.9949163921359195
Battery,50,batch,4,256,10,10,tail,temporal,0.005108538083732128,0.0004229826893289616,0.00020602047535616265,0.0004420202187292321,2.0531099571424662,0.9569306366686083,-0.04809134100400684,-0.14702882706316223
Battery,50,batch,4,256,10,10,body,temporal,0.0018885968020185828,0.00020573984453759448,0.00020602047535616265,0.0004420202187292321,0.9986378498637913,0.4654534698188192,0.9969411356427451,0.9996085899647636
Battery,50,batch,4,256,10,10,excess,temporal,0.00020482535182964057,1.53123153643363e-05,0.00020602047535616265,0.0004420202187292321,0.07432424052932012,0.034641662791710784,-0.004127144830693613,-0.10327547451700743
Battery,50,batch,4,256,10,10,gate,temporal,0.0005117139662615955,0.00013105946338186082,0.00020602047535616265,0.0004420202187292321,0.6361477574269682,0.2965010599710684,0.4391174092573017,0.5272619837377912
Battery,50,batch,4,256,10,10,amp_true,temporal,0.009236427024006844,0.0011806081671288735,0.00020602047535616265,0.0004420202187292321,5.730538020980051,2.67093702302355,-0.07081688726594366,-0.16959213551427885
Battery,50,batch,4,256,10,10,dual_base,temporal,0.004686650354415178,0.0004420202187292321,0.00020602047535616265,0.0004420202187292321,2.1455159637170986,1.0,0.9949163921359195,1.0
Battery,50,batch,4,256,10,10,base,excess,0.0021325459238141775,0.0009809193666530005,0.0009809193666530005,0.0027425572032024055,1.0,0.3576659642714504,1.0000000000000002,0.999777420292861
Battery,50,batch,4,256,10,10,tail,excess,0.005108538083732128,0.019733026458446972,0.0009809193666530005,0.0027425572032024055,20.11686906109125,7.19511937085771,0.9996059967219416,0.9989231558230878
Battery,50,batch,4,256,10,10,body,excess,0.0018885968020185828,0.0,0.0009809193666530005,0.0027425572032024055,0.0,0.0,,
Battery,50,batch,4,256,10,10,excess,excess,0.00020482535182964057,0.0008815029260791767,0.0009809193666530005,0.0027425572032024055,0.8986497321252377,0.3214164229828537,0.9994691901955578,0.9999316811791263
Battery,50,batch,4,256,10,10,gate,excess,0.0005117139662615955,0.0,0.0009809193666530005,0.0027425572032024055,0.0,0.0,,
Battery,50,batch,4,256,10,10,amp_true,excess,0.009236427024006844,0.053108555440239825,0.0009809193666530005,0.0027425572032024055,54.141611681551126,19.364611749292408,0.9862127500015263,0.9831532853651344
Battery,50,batch,4,256,10,10,dual_base,excess,0.004686650354415178,0.0027425572032024055,0.0009809193666530005,0.0027425572032024055,2.7959048382950145,1.0,0.999777420292861,1.0
Battery,50,batch,4,256,10,10,base,full,0.0021325459238141775,0.025715176426159097,0.025715176426159097,0.053318008199115884,1.0,0.48229814456169995,1.0000000000000002,0.9918682815087428
Battery,50,batch,4,256,10,10,tail,full,0.005108538083732128,0.06187380085855057,0.025715176426159097,0.053318008199115884,2.406120021623054,1.1604672220215564,0.08721055946274321,0.039880971213595406
Battery,50,batch,4,256,10,10,body,full,0.0018885968020185828,0.025500286023841114,0.025715176426159097,0.053318008199115884,0.9916434404821199,0.47826779141130704,0.9944037226108042,0.9888375976978384
Battery,50,batch,4,256,10,10,excess,full,0.00020482535182964057,0.0024106149520424264,0.025715176426159097,0.053318008199115884,0.09374288988311964,0.045212021856480364,0.11227322725635584,0.07898621313606881
Battery,50,batch,4,256,10,10,gate,full,0.0005117139662615955,0.015763528491798615,0.025715176426159097,0.053318008199115884,0.6130048742641704,0.29565111346488754,0.1613538577545966,0.2813107502429064
Battery,50,batch,4,256,10,10,amp_true,full,0.009236427024006844,0.16445078437202823,0.025715176426159097,0.053318008199115884,6.395086763034553,3.084338480122653,0.042663958529028816,-0.00991719456098422
Battery,50,batch,4,256,10,10,dual_base,full,0.004686650354415178,0.053318008199115884,0.025715176426159097,0.053318008199115884,2.073406276337169,1.0,0.9918682815087428,0.9999999999999997
Battery,50,batch,5,256,12,12,base,shared,0.001864347024820745,0.018321951042913114,0.018321951042913114,0.03762964092113282,1.0,0.48690209617768365,0.9999999999999997,0.9921895050140429
Battery,50,batch,5,256,12,12,tail,shared,0.0019279581028968096,0.017695870570703136,0.018321951042913114,0.03762964092113282,0.9658289408838835,0.470264135865435,0.17626966689501405,0.16179256053821992
Battery,50,batch,5,256,12,12,body,shared,0.0017962319543585181,0.018035530749141264,0.018321951042913114,0.03762964092113282,0.9843673693319557,0.47929053553664136,0.9972602764301829,0.9888528310433778
Battery,50,batch,5,256,12,12,excess,shared,5.313007204676978e-05,0.0009087671619585035,0.018321951042913114,0.03762964092113282,0.04959991213981616,0.024150301191105426,0.15805835007295738,0.15695172661749293
Battery,50,batch,5,256,12,12,gate,shared,0.0010832775151357055,0.009766384549846772,0.018321951042913114,0.03762964092113282,0.5330428253504359,0.25953966901560216,0.15187475537259773,0.27300713399676263
Battery,50,batch,5,256,12,12,amp_true,shared,0.0005494296783581376,0.031378941148713084,0.018321951042913114,0.03762964092113282,1.7126419056146525,0.8338889338455169,-0.1468891020566815,-0.15096161144253106
Battery,50,batch,5,256,12,12,dual_base,shared,0.004308477975428104,0.03762964092113282,0.018321951042913114,0.03762964092113282,2.0538009752890303,1.0,0.9921895050140429,0.9999999999999999
Battery,50,batch,5,256,12,12,base,temporal,0.001864347024820745,0.00017794985232571988,0.00017794985232571988,0.0003665303717065318,1.0,0.48549824533558206,0.9999999999999998,0.9997587234307564
Battery,50,batch,5,256,12,12,tail,temporal,0.0019279581028968096,0.00010262142826661498,0.00017794985232571988,0.0003665303717065318,0.5766873471677653,0.2799806951571817,0.4378354979919931,0.45635314273813515
Battery,50,batch,5,256,12,12,body,temporal,0.0017962319543585181,0.000173065335102376,0.00017794985232571988,0.0003665303717065318,0.9725511588826539,0.47217188113661535,0.9984510233674081,0.9970515285689496
Battery,50,batch,5,256,12,12,excess,temporal,5.313007204676978e-05,6.696765010806216e-06,0.00017794985232571988,0.0003665303717065318,0.03763287759603441,0.018270696039803445,0.37555619004991886,0.394775399443785
Battery,50,batch,5,256,12,12,gate,temporal,0.0010832775151357055,2.4006742569724016e-05,0.00017794985232571988,0.0003665303717065318,0.13490734752497582,0.06549728050625334,0.8875769769165408,0.8972627470120057
Battery,50,batch,5,256,12,12,amp_true,temporal,0.0005494296783581376,0.0002536815115397276,0.00017794985232571988,0.0003665303717065318,1.4255786572690619,0.6921159366919847,-0.13383279920395263,-0.1543405221518179
Battery,50,batch,5,256,12,12,dual_base,temporal,0.004308477975428104,0.0003665303717065318,0.00017794985232571988,0.0003665303717065318,2.059739678994696,1.0,0.9997587234307564,0.9999999999999998
Battery,50,batch,5,256,12,12,base,excess,0.001864347024820745,0.0001424757860172438,0.0001424757860172438,0.0005776382848496819,1.0,0.24665225583917122,1.0000000000000002,0.9721290202415459
Battery,50,batch,5,256,12,12,tail,excess,0.0019279581028968096,0.002543872734893092,0.0001424757860172438,0.0005776382848496819,17.854772421365745,4.403919895224883,0.9874869649124427,0.9460756795746244
Battery,50,batch,5,256,12,12,body,excess,0.0017962319543585181,0.0,0.0001424757860172438,0.0005776382848496819,0.0,0.0,,
Battery,50,batch,5,256,12,12,excess,excess,5.313007204676978e-05,0.0002197570813015223,0.0001424757860172438,0.0005776382848496819,1.5424170481496775,0.3804406443709135,0.9521499253296164,0.9972632018797215
Battery,50,batch,5,256,12,12,gate,excess,0.0010832775151357055,0.0,0.0001424757860172438,0.0005776382848496819,0.0,0.0,,
Battery,50,batch,5,256,12,12,amp_true,excess,0.0005494296783581376,0.015394563898234105,0.0001424757860172438,0.0005776382848496819,108.05038756810862,26.650871837970733,-0.5666337665967073,-0.7244417188697141
Battery,50,batch,5,256,12,12,dual_base,excess,0.004308477975428104,0.0005776382848496819,0.0001424757860172438,0.0005776382848496819,4.054290914947264,1.0,0.9721290202415459,1.0000000000000002
Battery,50,batch,5,256,12,12,base,full,0.001864347024820745,0.021369440303975445,0.021369440303975445,0.04361039368371008,1.0,0.49000796596701296,0.9999999999999999,0.99403748975352
Battery,50,batch,5,256,12,12,tail,full,0.0019279581028968096,0.01800397814392171,0.021369440303975445,0.04361039368371008,0.8425105144458256,0.41283686348942067,0.14458394379173528,0.1333293734158802
Battery,50,batch,5,256,12,12,body,full,0.0017962319543585181,0.02114628732960737,0.021369440303975445,0.04361039368371008,0.989557378611991,0.48489099830131105,0.9978173804068605,0.9914118056363728
Battery,50,batch,5,256,12,12,excess,full,5.313007204676978e-05,0.000934960389233831,0.021369440303975445,0.04361039368371008,0.04375221699465364,0.02143893485609761,0.1332132413550756,0.1347379835309647
Battery,50,batch,5,256,12,12,gate,full,0.0010832775151357055,0.009822556706457495,0.021369440303975445,0.04361039368371008,0.4596543740375907,0.22523430487000037,0.1294924835952167,0.23551480116050316
Battery,50,batch,5,256,12,12,amp_true,full,0.0005494296783581376,0.03495183178649171,0.021369440303975445,0.04361039368371008,1.6355988406486002,0.8014564610442251,-0.11473114048867211,-0.12116955275969984
Battery,50,batch,5,256,12,12,dual_base,full,0.004308477975428104,0.04361039368371008,0.021369440303975445,0.04361039368371008,2.040783149364799,1.0,0.99403748975352,0.9999999999999997
Battery,50,batch,6,256,10,10,base,shared,0.0020405533723533154,0.02210422529498539,0.02210422529498539,0.044335850067600345,1.0,0.498563245348456,1.0000000000000002,0.9927607764888307
Battery,50,batch,6,256,10,10,tail,shared,0.002552179852500558,0.020173245253486877,0.02210422529498539,0.044335850067600345,0.9126420394413651,0.4550097770253206,-0.07604864852358041,-0.028133402565700898
Battery,50,batch,6,256,10,10,body,shared,0.0019382903119549155,0.021998793399960005,0.02210422529498539,0.044335850067600345,0.9952302379468915,0.49618521729971826,0.999379096260398,0.9900420329211194
Battery,50,batch,6,256,10,10,excess,shared,8.70290314196609e-05,0.0008292384492429332,0.02210422529498539,0.044335850067600345,0.03751492930317969,0.01870356490241116,0.16124621258365934,0.18743356378334936
Battery,50,batch,6,256,10,10,gate,shared,0.000769380945712328,0.010870625478749115,0.02210422529498539,0.044335850067600345,0.4917894806842766,0.24518815951818473,-0.06285453417961513,0.05468687123088268
Battery,50,batch,6,256,10,10,amp_true,shared,0.002269886201247573,0.09509394995396844,0.02210422529498539,0.044335850067600345,4.302071150873659,2.1448545546995383,-0.10121598270688856,-0.08465321317102337
Battery,50,batch,6,256,10,10,dual_base,shared,0.004537592176347971,0.044335850067600345,0.02210422529498539,0.044335850067600345,2.0057635803078098,1.0,0.9927607764888307,1.0
Battery,50,batch,6,256,10,10,base,temporal,0.0020405533723533154,0.00019967067390388277,0.00019967067390388277,0.00040753229493793345,1.0,0.48995055455492753,1.0000000000000002,0.9995294619497032
Battery,50,batch,6,256,10,10,tail,temporal,0.002552179852500558,5.2006711395476574e-05,0.00019967067390388277,0.00040753229493793345,0.26046244237404387,0.12761371808189365,-0.8233824010317284,-0.8394839470599952
Battery,50,batch,6,256,10,10,body,temporal,0.0019382903119549155,0.00019937647411235836,0.00019967067390388277,0.00040753229493793345,0.9985265748556243,0.4892286490883455,0.9998838043362214,0.9989619707262102
Battery,50,batch,6,256,10,10,excess,temporal,8.70290314196609e-05,5.951248442747659e-06,0.00019967067390388277,0.00040753229493793345,0.029805320563061073,0.014603133338559157,0.050221505297641744,0.08043799471198744
Battery,50,batch,6,256,10,10,gate,temporal,0.000769380945712328,1.7247082972511365e-05,0.00019967067390388277,0.00040753229493793345,0.08637764692883114,0.04232077601393055,0.8978054274902292,0.9101131844613646
Battery,50,batch,6,256,10,10,amp_true,temporal,0.002269886201247573,0.0007164844748246775,0.00019967067390388277,0.00040753229493793345,3.5883310293707824,1.7581047777668688,-0.12442616568863794,-0.1543894395182539
Battery,50,batch,6,256,10,10,dual_base,temporal,0.004537592176347971,0.00040753229493793345,0.00019967067390388277,0.00040753229493793345,2.0410222841943773,1.0,0.9995294619497032,1.0
Battery,50,batch,6,256,10,10,base,excess,0.0020405533723533154,0.00029456896876127047,0.00029456896876127047,0.0011010060835158564,1.0,0.2675452689785507,1.0,0.9755976310972668
Battery,50,batch,6,256,10,10,tail,excess,0.002552179852500558,0.005919292708168443,0.00029456896876127047,0.0011010060835158564,20.094759923492333,5.376257948790157,0.9990875260334894,0.9680576837955279
Battery,50,batch,6,256,10,10,body,excess,0.0019382903119549155,0.0,0.00029456896876127047,0.0011010060835158564,0.0,0.0,,
Battery,50,batch,6,256,10,10,excess,excess,8.70290314196609e-05,0.0004075864543036519,0.00029456896876127047,0.0011010060835158564,1.3836707105220407,0.3701945524243617,0.9555784207789582,0.9969705552244266
Battery,50,batch,6,256,10,10,gate,excess,0.000769380945712328,0.0,0.00029456896876127047,0.0011010060835158564,0.0,0.0,,
Battery,50,batch,6,256,10,10,amp_true,excess,0.002269886201247573,0.034300721227386574,0.00029456896876127047,0.0011010060835158564,116.44376993146601,31.153979747190547,-0.8326010011332035,-0.9282099546698409
Battery,50,batch,6,256,10,10,dual_base,excess,0.004537592176347971,0.0011010060835158564,0.00029456896876127047,0.0011010060835158564,3.7376852291870306,1.0,0.9755976310972668,1.0
Battery,50,batch,6,256,10,10,base,full,0.0020405533723533154,0.025570006193559886,0.025570006193559886,0.051259134641772154,1.0,0.4988380387663109,1.0000000000000002,0.994491476892524
Battery,50,batch,6,256,10,10,tail,full,0.002552179852500558,0.02120241489148905,0.025570006193559886,0.051259134641772154,0.8291908391023046,0.4136319319407853,-0.05232263798986839,-0.010139258524749938
Battery,50,batch,6,256,10,10,body,full,0.0019382903119549155,0.02547514619321346,0.025570006193559886,0.051259134641772154,0.9962901846941938,0.4969874417749773,0.9994618824157973,0.9922844589082043
Battery,50,batch,6,256,10,10,excess,full,8.70290314196609e-05,0.0009239930321353335,0.025570006193559886,0.051259134641772154,0.0361358157342978,0.01802591945011791,0.12995231678420735,0.15493900680001968
Battery,50,batch,6,256,10,10,gate,full,0.000769380945712328,0.010908169721566649,0.025570006193559886,0.051259134641772154,0.42660019864656906,0.21280440643017315,-0.054123188012344975,0.04788134777253267
Battery,50,batch,6,256,10,10,amp_true,full,0.002269886201247573,0.10109104210842197,0.025570006193559886,0.051259134641772154,3.953500884715584,1.9721566275923967,-0.08556092736844367,-0.07564072726812321
Battery,50,batch,6,256,10,10,dual_base,full,0.004537592176347971,0.051259134641772154,0.025570006193559886,0.051259134641772154,2.0046586713257186,1.0,0.994491476892524,1.0
Battery,50,batch,7,256,16,16,base,shared,0.0021022914443165064,0.026139967628068868,0.026139967628068868,0.05543177814046985,1.0,0.47157007234780546,1.0000000000000002,0.9894961499380949
Battery,50,batch,7,256,16,16,tail,shared,0.00403907336294651,0.04323674756202261,0.026139967628068868,0.05543177814046985,1.6540474792170503,0.7799992894410896,0.4562749917625066,0.5060290960593573
Battery,50,batch,7,256,16,16,body,shared,0.0019700461998581886,0.025290722987449686,0.026139967628068868,0.05543177814046985,0.9675116414563854,0.45624953475893165,0.9971906045177608,0.9781170835109853
Battery,50,batch,7,256,16,16,excess,shared,9.670107101555914e-05,0.0015259047712204105,0.026139967628068868,0.05543177814046985,0.05837439406703424,0.02752761723345064,0.31289881798260893,0.4152656951861093
Battery,50,batch,7,256,16,16,gate,shared,0.0016967217670753598,0.015596563766994608,0.026139967628068868,0.05543177814046985,0.5966558179761154,0.2813650272497358,0.32592529701592776,0.45783196197805565
Battery,50,batch,7,256,16,16,amp_true,shared,0.0019637697841972113,0.09520189416398903,0.026139967628068868,0.05543177814046985,3.6420050521318195,1.7174605859248748,-0.2872440055094318,-0.37452717592356766
Battery,50,batch,7,256,16,16,dual_base,shared,0.005114100873470306,0.05543177814046985,0.026139967628068868,0.05543177814046985,2.1205756230909674,1.0,0.9894961499380949,0.9999999999999999
Battery,50,batch,7,256,16,16,base,temporal,0.0021022914443165064,0.0002351401299316256,0.0002351401299316256,0.0004936865595628384,1.0,0.47629437216164694,1.0000000000000004,0.9973726488943894
Battery,50,batch,7,256,16,16,tail,temporal,0.00403907336294651,0.00013989044813571955,0.0002351401299316256,0.0004936865595628384,0.5949237511112931,0.28335883451960525,0.36044017366938874,0.4262464708937367
Battery,50,batch,7,256,16,16,body,temporal,0.0019700461998581886,0.00022825896035245143,0.0002351401299316256,0.0004936865595628384,0.9707358774481621,0.4623560352839578,0.9984284188238324,0.9917745688026758
Battery,50,batch,7,256,16,16,excess,temporal,9.670107101555914e-05,9.906764342825213e-06,0.0002351401299316256,0.0004936865595628384,0.04213132120708582,0.020066911182669622,0.2893698656832502,0.357298304702771
Battery,50,batch,7,256,16,16,gate,temporal,0.0016967217670753598,7.624598698630533e-05,0.0002351401299316256,0.0004936865595628384,0.32425765439730025,0.15444209591977043,0.6203641966078861,0.675467618288724
Battery,50,batch,7,256,16,16,amp_true,temporal,0.0019637697841972113,0.0007487774016631004,0.0002351401299316256,0.0004936865595628384,3.1843879727413227,1.5167060701959278,-0.24912086950265122,-0.31796916765845884
Battery,50,batch,7,256,16,16,dual_base,temporal,0.005114100873470306,0.0004936865595628384,0.0002351401299316256,0.0004936865595628384,2.099541918712018,1.0,0.9973726488943894,1.0000000000000004
Battery,50,batch,7,256,16,16,base,excess,0.0021022914443165064,0.00032646625028377296,0.00032646625028377296,0.0013842840659835636,1.0,0.23583761332383152,1.0000000000000002,0.984465103447433
Battery,50,batch,7,256,16,16,tail,excess,0.00403907336294651,0.0057013099047478945,0.00032646625028377296,0.0013842840659835636,17.463703827860208,4.118598230556812,0.9664744508148041,0.9823215892956325
Battery,50,batch,7,256,16,16,body,excess,0.0019700461998581886,0.0,0.00032646625028377296,0.0013842840659835636,0.0,0.0,,
Battery,50,batch,7,256,16,16,excess,excess,9.670107101555914e-05,0.0005315602068739117,0.00032646625028377296,0.0013842840659835636,1.6282240703652084,0.38399647871134507,0.9736373062496524,0.9985587584246535
Battery,50,batch,7,256,16,16,gate,excess,0.0016967217670753598,0.0,0.00032646625028377296,0.0013842840659835636,0.0,0.0,,
Battery,50,batch,7,256,16,16,amp_true,excess,0.0019637697841972113,0.046874800425887125,0.00032646625028377296,0.0013842840659835636,143.58237761221054,33.86212525142487,-0.9071565054190616,-0.957345491543337
Battery,50,batch,7,256,16,16,dual_base,excess,0.005114100873470306,0.0013842840659835636,0.00032646625028377296,0.0013842840659835636,4.2402057326915354,1.0,0.984465103447433,1.0
Battery,50,batch,7,256,16,16,base,full,0.0021022914443165064,0.02886564836588904,0.02886564836588904,0.06062444392293295,1.0,0.47613877337305804,1.0000000000000002,0.9908583767897654
Battery,50,batch,7,256,16,16,tail,full,0.00403907336294651,0.04367411723826117,0.02886564836588904,0.06062444392293295,1.5130135545429675,0.7204044179568989,0.4085094652210068,0.4590830847282741
Battery,50,batch,7,256,16,16,body,full,0.0019700461998581886,0.028099422531951277,0.02886564836588904,0.06062444392293295,0.9734554435006829,0.46349988080174137,0.997513736599384,0.9809353402997014
Battery,50,batch,7,256,16,16,excess,full,9.670107101555914e-05,0.0016158408412851341,0.02886564836588904,0.06062444392293295,0.055977985347961105,0.02665328927947322,0.2712042542416787,0.3660641468263494
Battery,50,batch,7,256,16,16,gate,full,0.0016967217670753598,0.01573516594645714,0.02886564836588904,0.06062444392293295,0.5451173570399208,0.2595515097253512,0.2929413424348081,0.41738929338669967
Battery,50,batch,7,256,16,16,amp_true,full,0.0019637697841972113,0.10611619842125006,0.02886564836588904,0.06062444392293295,3.6762104587489235,1.7503863384899194,-0.2378986251418089,-0.31688237229547117
Battery,50,batch,7,256,16,16,dual_base,full,0.005114100873470306,0.06062444392293295,0.02886564836588904,0.06062444392293295,2.1002280341838344,1.0,0.9908583767897654,1.0000000000000002
Battery,50,accum4,1,1024,48,48,base,shared,0.002034934441326186,0.021684281407694427,0.021684281407694427,0.04454297422674912,1.0,0.48681709706471504,1.0000000000000002,0.9960254087538996
Battery,50,accum4,1,1024,48,48,tail,shared,0.0034069373505190015,0.01609279482077136,0.021684281407694427,0.04454297422674912,0.7421410245608144,0.3612869391893291,0.15225929416627718,0.1500172350265207
Battery,50,accum4,1,1024,48,48,body,shared,0.0018982913170475513,0.021436189851281935,0.021684281407694427,0.04454297422674912,0.9885589219329879,0.48124738465284145,0.9993658725467266,0.9931744736653442
Battery,50,accum4,1,1024,48,48,excess,shared,0.0001104213815779076,0.0006270010388695752,0.021684281407694427,0.04454297422674912,0.028915001935323106,0.014076317303774611,0.20260307455978308,0.24837383397628252
Battery,50,accum4,1,1024,48,48,gate,shared,0.0010152735485462472,0.008032976137115256,0.021684281407694427,0.04454297422674912,0.37045157208967244,0.18034215892775435,0.2508471061063918,0.3351680638686722
Battery,50,accum4,1,1024,48,48,amp_true,shared,0.0035048781719524413,0.0883701031567528,0.021684281407694427,0.04454297422674912,4.075306969840174,1.9839291087051938,-0.1442979696779487,-0.191943404015364
Battery,50,accum4,1,1024,48,48,dual_base,shared,0.00466170534491539,0.04454297422674912,0.021684281407694427,0.04454297422674912,2.054159572516133,1.0,0.9960254087538996,1.0000000000000002
Battery,50,accum4,1,1024,48,48,base,temporal,0.002034934441326186,0.0002035638619808875,0.0002035638619808875,0.0004253652594226295,1.0,0.4785625000433636,1.0000000000000002,0.9983322040449669
Battery,50,accum4,1,1024,48,48,tail,temporal,0.0034069373505190015,5.518431416185687e-05,0.0002035638619808875,0.0004253652594226295,0.27109091773390553,0.12973394732978763,-0.23515870403097625,-0.2900668536235444
Battery,50,accum4,1,1024,48,48,body,temporal,0.0018982913170475513,0.00020126196419256885,0.0002035638619808875,0.0004253652594226295,0.9886920116079604,0.47315092084800775,0.9999167228661483,0.9975114404984408
Battery,50,accum4,1,1024,48,48,excess,temporal,0.0001104213815779076,1.7822220394502542e-06,0.0002035638619808875,0.0004253652594226295,0.008755100350854937,0.004189862712035668,0.2721172767301053,0.32659704861197664
Battery,50,accum4,1,1024,48,48,gate,temporal,0.0010152735485462472,6.073371086603938e-05,0.0002035638619808875,0.0004253652594226295,0.2983521253479738,0.14278013899977732,0.6217615616239472,0.6659240041625452
Battery,50,accum4,1,1024,48,48,amp_true,temporal,0.0035048781719524413,0.000723805455609172,0.0002035638619808875,0.0004253652594226295,3.555667732797925,1.7016092395312936,-0.16611468049489125,-0.22209720645519898
Battery,50,accum4,1,1024,48,48,dual_base,temporal,0.00466170534491539,0.0004253652594226295,0.0002035638619808875,0.0004253652594226295,2.0895912235275182,1.0,0.9983322040449669,1.0
Battery,50,accum4,1,1024,48,48,base,excess,0.002034934441326186,0.00010227365108404787,0.00010227365108404787,0.00017065207274495517,1.0,0.599310922152695,0.9999999999999999,0.432383179862985
Battery,50,accum4,1,1024,48,48,tail,excess,0.0034069373505190015,0.002334162130785226,0.00010227365108404787,0.00017065207274495517,22.822712458627546,13.677900849605875,0.9463367096952007,0.2687607143348018
Battery,50,accum4,1,1024,48,48,body,excess,0.0018982913170475513,0.0,0.00010227365108404787,0.00017065207274495517,0.0,0.0,,
Battery,50,accum4,1,1024,48,48,excess,excess,0.0001104213815779076,7.800622781911375e-05,0.00010227365108404787,0.00017065207274495517,0.7627206713780923,0.45710682890852716,-0.1737833510660503,0.8127908452352897
Battery,50,accum4,1,1024,48,48,gate,excess,0.0010152735485462472,0.0,0.00010227365108404787,0.00017065207274495517,0.0,0.0,,
Battery,50,accum4,1,1024,48,48,amp_true,excess,0.0035048781719524413,0.03712149507797834,0.00010227365108404787,0.00017065207274495517,362.9624510762026,217.52736126128144,0.8347516849431185,-0.12189365980801634
Battery,50,accum4,1,1024,48,48,dual_base,excess,0.00466170534491539,0.00017065207274495517,0.00010227365108404787,0.00017065207274495517,1.668582972604687,1.0,0.432383179862985,1.0000000000000004
Battery,50,accum4,1,1024,48,48,base,full,0.002034934441326186,0.024797943290101356,0.024797943290101356,0.050633943945077364,1.0,0.48974939256163186,1.0000000000000002,0.9967795142299798
Battery,50,accum4,1,1024,48,48,tail,full,0.0034069373505190015,0.016277542858844214,0.024797943290101356,0.050633943945077364,0.6564069716758225,0.32147491565145436,0.136310640894613,0.1347239606941337
Battery,50,accum4,1,1024,48,48,body,full,0.0018982913170475513,0.024584884390485118,0.024797943290101356,0.050633943945077364,0.9914082028044122,0.48554156510408,0.9994678985285721,0.9945153582496694
Battery,50,accum4,1,1024,48,48,excess,full,0.0001104213815779076,0.000631834847347069,0.024797943290101356,0.050633943945077364,0.025479324634123175,0.012478483762442448,0.17572010195095442,0.21716251549435675
Battery,50,accum4,1,1024,48,48,gate,full,0.0010152735485462472,0.008153790780665393,0.024797943290101356,0.050633943945077364,0.32880915506892694,0.16103408396371038,0.21631745274260417,0.29295212629367995
Battery,50,accum4,1,1024,48,48,amp_true,full,0.0035048781719524413,0.0958503027056227,0.024797943290101356,0.050633943945077364,3.8652521132219646,1.8930048745480208,-0.1149992792417143,-0.15583541203984624
Battery,50,accum4,1,1024,48,48,dual_base,full,0.00466170534491539,0.050633943945077364,0.024797943290101356,0.050633943945077364,2.041860623388433,1.0,0.9967795142299798,1.0
Battery,50,batch,8,256,17,17,base,shared,0.0018956245621666312,0.023263771479617158,0.023263771479617158,0.07053321639919981,1.0,0.3298271745889229,1.0,0.9742017686473491
Battery,50,batch,8,256,17,17,tail,shared,0.0027586661744862795,0.09364990147472126,0.023263771479617158,0.07053321639919981,4.025568320114122,1.3277418251379176,0.709483438130491,0.8128680927160485
Battery,50,batch,8,256,17,17,body,shared,0.0017353200819343328,0.01754900502812411,0.023263771479617158,0.07053321639919981,0.7543490978451146,0.24880483159595712,0.9595715472812465,0.8765706456489405
Battery,50,batch,8,256,17,17,excess,shared,9.799343388294801e-05,0.005006968449011582,0.023263771479617158,0.07053321639919981,0.2152259986476612,0.07098738303203744,0.71506897225905,0.8183354339571278
Battery,50,batch,8,256,17,17,gate,shared,0.0018380156252533197,0.05276226377790247,0.023263771479617158,0.07053321639919981,2.2680012922294557,0.7480484581800675,0.814247360884137,0.922033842500608
Battery,50,batch,8,256,17,17,amp_true,shared,0.0013940545031800866,0.034408572418608764,0.023263771479617158,0.07053321639919981,1.4790625178190158,0.48783501129262447,0.24697147693250215,0.2979662640909972
Battery,50,batch,8,256,17,17,dual_base,shared,0.004745939280837774,0.07053321639919981,0.023263771479617158,0.07053321639919981,3.031890872079721,1.0,0.9742017686473491,1.0
Battery,50,batch,8,256,17,17,base,temporal,0.0018956245621666312,0.00020568975840871018,0.00020568975840871018,0.0005584874688606208,1.0,0.3682978936453868,1.0000000000000002,0.9860213960301248
Battery,50,batch,8,256,17,17,tail,temporal,0.0027586661744862795,0.0004778601867207926,0.00020568975840871018,0.0005584874688606208,2.323208459272307,0.8556327820491351,0.6992149532305446,0.8071232109988364
Battery,50,batch,8,256,17,17,body,temporal,0.0017353200819343328,0.00017129557458411338,0.00020568975840871018,0.0005584874688606208,0.8327861139481005,0.30671337162421247,0.9839551230904467,0.9407381730083004
Battery,50,batch,8,256,17,17,excess,temporal,9.799343388294801e-05,2.931840759093889e-05,0.00020568975840871018,0.0005584874688606208,0.14253703158463804,0.05249608849908816,0.7088802172855649,0.8151334297533742
Battery,50,batch,8,256,17,17,gate,temporal,0.0018380156252533197,0.0003166435970966657,0.00020568975840871018,0.0005584874688606208,1.539423253478123,0.566966341684721,0.8530461133952094,0.9280219473896814
Battery,50,batch,8,256,17,17,amp_true,temporal,0.0013940545031800866,3.526923545109082e-05,0.00020568975840871018,0.0005584874688606208,0.1714681164679578,0.06315134612249071,-0.8567725059662583,-0.9063905420912933
Battery,50,batch,8,256,17,17,dual_base,temporal,0.004745939280837774,0.0005584874688606208,0.00020568975840871018,0.0005584874688606208,2.7151933726855453,1.0,0.9860213960301248,0.9999999999999998
Battery,50,batch,8,256,17,17,base,excess,0.0018956245621666312,0.00093621685458756,0.00093621685458756,0.00286215020401406,1.0,0.3271026283926506,0.9999999999999999,0.9920552951829293
Battery,50,batch,8,256,17,17,tail,excess,0.0027586661744862795,0.014433460141280571,0.00093621685458756,0.00286215020401406,15.416791601812244,5.042873054334526,0.9777267822214598,0.9959880987852446
Battery,50,batch,8,256,17,17,body,excess,0.0017353200819343328,0.0,0.00093621685458756,0.00286215020401406,0.0,0.0,,
Battery,50,batch,8,256,17,17,excess,excess,9.799343388294801e-05,0.0009691040385648998,0.00093621685458756,0.00286215020401406,1.0351277418433444,0.338593005079107,0.9825482109468714,0.9981397006949927
Battery,50,batch,8,256,17,17,gate,excess,0.0018380156252533197,0.0,0.00093621685458756,0.00286215020401406,0.0,0.0,,
Battery,50,batch,8,256,17,17,amp_true,excess,0.0013940545031800866,0.0043091343307337365,0.00093621685458756,0.00286215020401406,4.60270962824321,1.5055584171265137,-0.15925903668668012,-0.1606674816787721
Battery,50,batch,8,256,17,17,dual_base,excess,0.004745939280837774,0.00286215020401406,0.00093621685458756,0.00286215020401406,3.057144495945812,1.0,0.9920552951829293,1.0
Battery,50,batch,8,256,17,17,base,full,0.0018956245621666312,0.0248122492927266,0.0248122492927266,0.07269076700409961,1.0,0.3413397645305798,1.0,0.9685535831881756
Battery,50,batch,8,256,17,17,tail,full,0.0027586661744862795,0.09482925439810251,0.0248122492927266,0.07269076700409961,3.8218725468754866,1.304557075216366,0.6655670863922688,0.786712827823185
Battery,50,batch,8,256,17,17,body,full,0.0017353200819343328,0.019442558102427166,0.0248122492927266,0.07269076700409961,0.7835870852759208,0.26746943117728617,0.96043336519651,0.86795077726739
Battery,50,batch,8,256,17,17,excess,full,9.799343388294801e-05,0.005099891732866517,0.0248122492927266,0.07269076700409961,0.2055392750854509,0.07015872775945388,0.6652720724281905,0.7870463765865253
Battery,50,batch,8,256,17,17,gate,full,0.0018380156252533197,0.053248523063059244,0.0248122492927266,0.07269076700409961,2.14605787789938,0.7325348907111702,0.7572522826072038,0.893414646989658
Battery,50,batch,8,256,17,17,amp_true,full,0.0013940545031800866,0.03467734843621916,0.0248122492927266,0.07269076700409961,1.397589876963891,0.47705299951317653,0.22901705382856924,0.2860952293978767
Battery,50,batch,8,256,17,17,dual_base,full,0.004745939280837774,0.07269076700409961,0.0248122492927266,0.07269076700409961,2.9296323016312753,1.0,0.9685535831881756,1.0
Battery,50,batch,9,256,21,21,base,shared,0.0020339805632829666,0.025106806362069804,0.025106806362069804,0.056351413390661804,1.0,0.4455399581198498,1.0,0.9787122068148524
Battery,50,batch,9,256,21,21,tail,shared,0.004388080444186926,0.047283368627061485,0.025106806362069804,0.056351413390661804,1.8832888558257652,0.8390804379521913,0.09680001187351105,0.1680144393332716
Battery,50,batch,9,256,21,21,body,shared,0.0018484180327504873,0.024461672280433954,0.025106806362069804,0.056351413390661804,0.9743044148135668,0.4340915481720213,0.9935814141506657,0.9561678222111178
Battery,50,batch,9,256,21,21,excess,shared,0.00017071818001568317,0.0020856542532647127,0.025106806362069804,0.056351413390661804,0.0830712685312148,0.03701156950236024,0.20593195679076198,0.31637395119150946
Battery,50,batch,9,256,21,21,gate,shared,0.0014158734120428562,0.024500263025701678,0.025106806362069804,0.056351413390661804,0.975841477899616,0.4347763711950072,0.3981047591810861,0.5761187868364688
Battery,50,batch,9,256,21,21,amp_true,shared,0.006007682532072067,0.19297174815509696,0.025106806362069804,0.056351413390661804,7.686033236255397,3.424434926189003,-0.11218428652101367,-0.1385249253879774
Battery,50,batch,9,256,21,21,dual_base,shared,0.004931771662086248,0.056351413390661804,0.025106806362069804,0.056351413390661804,2.2444675988657363,1.0,0.9787122068148524,0.9999999999999999
Battery,50,batch,9,256,21,21,base,temporal,0.0020339805632829666,0.0002401324459934793,0.0002401324459934793,0.0005159964233487919,1.0,0.46537618310419926,0.9999999999999998,0.9978602276140014
Battery,50,batch,9,256,21,21,tail,temporal,0.004388080444186926,0.00019735264865000426,0.0002401324459934793,0.0005159964233487919,0.8218491584238613,0.3824690244346949,0.4643304121929386,0.40793058422314654
Battery,50,batch,9,256,21,21,body,temporal,0.0018484180327504873,0.00023126624727630587,0.0002401324459934793,0.0005159964233487919,0.9630778811230941,0.4481935083491453,0.9999600368109373,0.9981618436850213
Battery,50,batch,9,256,21,21,excess,temporal,0.00017071818001568317,6.568946070132563e-06,0.0002401324459934793,0.0005159964233487919,0.027355512258892913,0.012730603881903715,0.8076194947024612,0.7708470716871522
Battery,50,batch,9,256,21,21,gate,temporal,0.0014158734120428562,0.00010292526151052489,0.0002401324459934793,0.0005159964233487919,0.42861871949332403,0.19946894368481258,0.6390298922101323,0.6878664040845315
Battery,50,batch,9,256,21,21,amp_true,temporal,0.006007682532072067,0.0014661596677824412,0.0002401324459934793,0.0005159964233487919,6.105629173586372,2.841414400253272,0.052351716795793105,-0.011164476790666554
Battery,50,batch,9,256,21,21,dual_base,temporal,0.004931771662086248,0.0005159964233487919,0.0002401324459934793,0.0005159964233487919,2.1487992645642047,1.0,0.9978602276140014,0.9999999999999996
Battery,50,batch,9,256,21,21,base,excess,0.0020339805632829666,0.0014807086303759516,0.0014807086303759516,0.003984407159036453,1.0,0.3716258332228352,1.0,0.9969030615857435
Battery,50,batch,9,256,21,21,tail,excess,0.004388080444186926,0.029544319197352533,0.0014807086303759516,0.003984407159036453,19.9528243377978,7.414984969682973,0.9994474772955215,0.994783784604323
Battery,50,batch,9,256,21,21,body,excess,0.0018484180327504873,0.0,0.0014807086303759516,0.003984407159036453,0.0,0.0,,
Battery,50,batch,9,256,21,21,excess,excess,0.00017071818001568317,0.0012531545622893297,0.0014807086303759516,0.003984407159036453,0.8463208335397856,0.3145146849380673,0.9920925582505823,0.998884948863777
Battery,50,batch,9,256,21,21,gate,excess,0.0014158734120428562,0.0,0.0014807086303759516,0.003984407159036453,0.0,0.0,,
Battery,50,batch,9,256,21,21,amp_true,excess,0.006007682532072067,0.13379230181776344,0.0014807086303759516,0.003984407159036453,90.35694063847903,33.57897335224103,0.9871440020173655,0.974971601447013
Battery,50,batch,9,256,21,21,dual_base,excess,0.004931771662086248,0.003984407159036453,0.0014807086303759516,0.003984407159036453,2.69087859508512,1.0,0.9969030615857435,0.9999999999999998
Battery,50,batch,9,256,21,21,base,full,0.0020339805632829666,0.028228241785479256,0.028228241785479256,0.062035803139565325,1.0,0.4550314553351174,1.0,0.9815559362683529
Battery,50,batch,9,256,21,21,tail,full,0.004388080444186926,0.05580923866814279,0.028228241785479256,0.062035803139565325,1.9770710160507174,0.8996295017344372,0.10262859105507995,0.1646315392174649
Battery,50,batch,9,256,21,21,body,full,0.0018484180327504873,0.027607698225344014,0.028228241785479256,0.062035803139565325,0.9780169248637209,0.44502846466311513,0.9933886141433008,0.9609627808402663
Battery,50,batch,9,256,21,21,excess,full,0.00017071818001568317,0.002433176939958898,0.028228241785479256,0.062035803139565325,0.08619654594323817,0.03922213974541197,0.18380223668235085,0.279380296061387
Battery,50,batch,9,256,21,21,gate,full,0.0014158734120428562,0.024576692940157,0.028228241785479256,0.062035803139565325,0.8706420019683752,0.3961694972315499,0.35309094023944004,0.5229804473217733
Battery,50,batch,9,256,21,21,amp_true,full,0.006007682532072067,0.23481583339231976,0.028228241785479256,0.062035803139565325,8.318471804825979,3.785166331514106,-0.05249526057547967,-0.06772924898981053
Battery,50,batch,9,256,21,21,dual_base,full,0.004931771662086248,0.062035803139565325,0.028228241785479256,0.062035803139565325,2.1976502685150177,1.0,0.9815559362683529,0.9999999999999999
Battery,50,batch,10,256,8,8,base,shared,0.0017609384376555681,0.01973648294975452,0.01973648294975452,0.04414023781892241,1.0,0.4471313233680341,0.9999999999999997,0.9778404980011418
Battery,50,batch,10,256,8,8,tail,shared,0.003537234850227833,0.04386569804264072,0.01973648294975452,0.04414023781892241,2.222569145390026,0.9937802832552026,0.41759060961718997,0.4344812878371967
Battery,50,batch,10,256,8,8,body,shared,0.0016608353471383452,0.019096298502260897,0.01973648294975452,0.04414023781892241,0.9675633977379142,0.43262790247302507,0.9946836532668468,0.9645038954192411
Battery,50,batch,10,256,8,8,excess,shared,6.832176586613059e-05,0.0017670860981379233,0.01973648294975452,0.04414023781892241,0.08953399157471985,0.0400334521392269,0.26741586564278147,0.32620038375708077
Battery,50,batch,10,256,8,8,gate,shared,0.0011260706232860684,0.01938023921448403,0.01973648294975452,0.04414023781892241,0.9819499889530764,0.43906059804181546,0.3596600192880737,0.5438055546404964
Battery,50,batch,10,256,8,8,amp_true,shared,0.0026591469068080187,0.04159144500084304,0.01973648294975452,0.04414023781892241,2.1073382277241217,0.9422569305463341,0.06043744066954845,0.011114786278719587
Battery,50,batch,10,256,8,8,dual_base,shared,0.004121452569961548,0.04414023781892241,0.01973648294975452,0.04414023781892241,2.2364794138497412,1.0,0.9778404980011418,0.9999999999999998
Battery,50,batch,10,256,8,8,base,temporal,0.0017609384376555681,0.0001907689291693663,0.0001907689291693663,0.00043386768417383537,1.0,0.4396937963532033,1.0,0.9890599670956126
Battery,50,batch,10,256,8,8,tail,temporal,0.003537234850227833,7.669639386455866e-05,0.0001907689291693663,0.00043386768417383537,0.40203818409268804,0.17677369544266205,0.7614816359958149,0.8458277298500706
Battery,50,batch,10,256,8,8,body,temporal,0.0016608353471383452,0.0001886813660386132,0.0001907689291693663,0.00043386768417383537,0.9890571114497385,0.4348822761434688,0.9998235671482092,0.9861558967261393
Battery,50,batch,10,256,8,8,excess,temporal,6.832176586613059e-05,3.777456758799336e-06,0.0001907689291693663,0.00043386768417383537,0.01980121592780802,0.008706471803707426,0.18215251135143903,0.32316904458702844
Battery,50,batch,10,256,8,8,gate,temporal,0.0011260706232860684,0.00015453321734438123,0.0001907689291693663,0.00043386768417383537,0.8100544361036136,0.3561759102631512,0.627199501461682,0.7352077883006046
Battery,50,batch,10,256,8,8,amp_true,temporal,0.0026591469068080187,0.00018253333148420214,0.0001907689291693663,0.00043386768417383537,0.9568294600120519,0.4207119777352847,-0.4453372787905061,-0.5714942140693234
Battery,50,batch,10,256,8,8,dual_base,temporal,0.004121452569961548,0.00043386768417383537,0.0001907689291693663,0.00043386768417383537,2.2743100045848865,1.0,0.9890599670956126,1.0
Battery,50,batch,10,256,8,8,base,excess,0.0017609384376555681,0.00012421214706408943,0.00012421214706408943,0.0005487714813946042,1.0,0.2263458493659812,1.0,0.9511918629850377
Battery,50,batch,10,256,8,8,tail,excess,0.003537234850227833,0.002640808311552372,0.00012421214706408943,0.0005487714813946042,21.260467466115056,4.8122185665356225,0.9784103634056174,0.9003847062548358
Battery,50,batch,10,256,8,8,body,excess,0.0016608353471383452,0.0,0.00012421214706408943,0.0005487714813946042,0.0,0.0,,
Battery,50,batch,10,256,8,8,excess,excess,6.832176586613059e-05,0.00021511505761244792,0.00012421214706408943,0.0005487714813946042,1.731835916993332,0.39199387159436866,0.9204527799576945,0.9961411145290866
Battery,50,batch,10,256,8,8,gate,excess,0.0011260706232860684,0.0,0.00012421214706408943,0.0005487714813946042,0.0,0.0,,
Battery,50,batch,10,256,8,8,amp_true,excess,0.0026591469068080187,0.007990174229561376,0.00012421214706408943,0.0005487714813946042,64.32683451996611,14.56011199644665,-0.09103609525139572,-0.3639259661665437
Battery,50,batch,10,256,8,8,dual_base,excess,0.004121452569961548,0.0005487714813946042,0.00012421214706408943,0.0005487714813946042,4.418017837751858,1.0,0.9511918629850377,1.0000000000000002
Battery,50,batch,10,256,8,8,base,full,0.0017609384376555681,0.02218008471879457,0.02218008471879457,0.04859268953518729,1.0,0.4564490035632493,1.0,0.9804480954432703
Battery,50,batch,10,256,8,8,tail,full,0.003537234850227833,0.04419060944349131,0.02218008471879457,0.04859268953518729,1.992355304488348,0.9094085934776606,0.38182782663439907,0.40349588079545584
Battery,50,batch,10,256,8,8,body,full,0.0016608353471383452,0.021608330161532803,0.02218008471879457,0.04859268953518729,0.9742221653113307,0.444682736605588,0.9957101709009794,0.9691053168478615
Battery,50,batch,10,256,8,8,excess,full,6.832176586613059e-05,0.0017801313901630738,0.02218008471879457,0.04859268953518729,0.08025809696996591,0.03663372838982358,0.23683350527456354,0.29549927986689695
Battery,50,batch,10,256,8,8,gate,full,0.0011260706232860684,0.019707775503347347,0.02218008471879457,0.04859268953518729,0.8885347262288731,0.4055707904185136,0.3149504660234446,0.492552722961157
Battery,50,batch,10,256,8,8,amp_true,full,0.0026591469068080187,0.04235199147002296,0.02218008471879457,0.04859268953518729,1.9094603112194368,0.8715712563996838,0.05271705602536845,0.009139669948175657
Battery,50,batch,10,256,8,8,dual_base,full,0.004121452569961548,0.04859268953518729,0.02218008471879457,0.04859268953518729,2.1908252448653487,1.0,0.9804480954432703,0.9999999999999998
Battery,50,batch,11,256,10,10,base,shared,0.002009117975831032,0.01858857311300932,0.01858857311300932,0.037032147464922734,1.0,0.5019577417328182,1.0000000000000002,0.9696867688082067
Battery,50,batch,11,256,10,10,tail,shared,0.003002341603860259,0.04756478918132803,0.01858857311300932,0.037032147464922734,2.558818737304777,1.284418874881127,0.47836995169279056,0.3963718654279559
Battery,50,batch,11,256,10,10,body,shared,0.001930254977196455,0.018200733773445082,0.01858857311300932,0.037032147464922734,0.9791356045885626,0.4914846969294725,0.9967161581402328,0.9575744076506163
Battery,50,batch,11,256,10,10,excess,shared,7.0840040280018e-05,0.0016220417150765985,0.01858857311300932,0.037032147464922734,0.0872601519877501,0.04380090883503352,0.23871639893089752,0.34097699189929337
Battery,50,batch,11,256,10,10,gate,shared,0.0006711536552757025,0.017129963079030343,0.01858857311300932,0.037032147464922734,0.9215318989192257,0.4625700709162502,-0.18656881416878648,0.054894513787510875
Battery,50,batch,11,256,10,10,amp_true,shared,0.000773408159147948,0.029046239008169807,0.01858857311300932,0.037032147464922734,1.5625857257350015,0.7843520021538781,-0.23616497914474366,-0.1189079216515949
Battery,50,batch,11,256,10,10,dual_base,shared,0.004416629672050476,0.037032147464922734,0.01858857311300932,0.037032147464922734,1.9921995755018749,1.0,0.9696867688082067,0.9999999999999999
Battery,50,batch,11,256,10,10,base,temporal,0.002009117975831032,0.00018492598684140935,0.00018492598684140935,0.00037678221687913015,1.0,0.49080338337924445,1.0,0.9998860315085562
Battery,50,batch,11,256,10,10,tail,temporal,0.003002341603860259,0.00030987917364579755,0.00018492598684140935,0.00037678221687913015,1.675692956618081,0.8224357726129237,0.7368744147245362,0.7454524467667061
Battery,50,batch,11,256,10,10,body,temporal,0.001930254977196455,0.0001788365101230123,0.00018492598684140935,0.00037678221687913015,0.9670707355823424,0.47464158899086833,0.9992515279167866,0.998624955724543
Battery,50,batch,11,256,10,10,excess,temporal,7.0840040280018e-05,8.745574139101818e-06,0.00018492598684140935,0.00037678221687913015,0.04729229400626064,0.023211217906038688,0.563850193941714,0.5748367733217189
Battery,50,batch,11,256,10,10,gate,temporal,0.0006711536552757025,9.477922308944649e-06,0.00018492598684140935,0.00037678221687913015,0.05125251713309941,0.025154908815627885,0.6386930568370209,0.6346506369441118
Battery,50,batch,11,256,10,10,amp_true,temporal,0.000773408159147948,0.00010386903148885927,0.00018492598684140935,0.00037678221687913015,0.5616789357892479,0.2756739220582163,-0.28455673812695936,-0.2961947477499555
Battery,50,batch,11,256,10,10,dual_base,temporal,0.004416629672050476,0.00037678221687913015,0.00018492598684140935,0.00037678221687913015,2.0374757670064767,1.0,0.9998860315085562,1.0000000000000002
Battery,50,batch,11,256,10,10,base,excess,0.002009117975831032,0.0002836942498143173,0.0002836942498143173,0.001134458691698428,1.0,0.2500701452510282,1.0,0.9852050718283173
Battery,50,batch,11,256,10,10,tail,excess,0.003002341603860259,0.005632361741947814,0.0002836942498143173,0.001134458691698428,19.85363378226485,4.964801083691691,0.9997207578386151,0.9848304263537415
Battery,50,batch,11,256,10,10,body,excess,0.001930254977196455,0.0,0.0002836942498143173,0.001134458691698428,0.0,0.0,,
Battery,50,batch,11,256,10,10,excess,excess,7.0840040280018e-05,0.0004280132051953998,0.0002836942498143173,0.001134458691698428,1.5087130087252092,0.37728408123402885,0.9739102115370527,0.9983871956723378
Battery,50,batch,11,256,10,10,gate,excess,0.0006711536552757025,0.0,0.0002836942498143173,0.001134458691698428,0.0,0.0,,
Battery,50,batch,11,256,10,10,amp_true,excess,0.000773408159147948,0.0038650512367221545,0.0002836942498143173,0.001134458691698428,13.624002739752024,3.406956344030195,-0.3151299594159704,-0.449619963360815
Battery,50,batch,11,256,10,10,dual_base,excess,0.004416629672050476,0.001134458691698428,0.0002836942498143173,0.001134458691698428,3.998877990798017,1.0,0.9852050718283173,0.9999999999999999
Battery,50,batch,11,256,10,10,base,full,0.002009117975831032,0.02087206161178611,0.02087206161178611,0.041613940680092526,1.0,0.5015641698593324,1.0000000000000002,0.9758199929163942
Battery,50,batch,11,256,10,10,tail,full,0.003002341603860259,0.048692879865602876,0.02087206161178611,0.041613940680092526,2.3329214320691163,1.170109801422791,0.4423128769490846,0.37159974808134577
Battery,50,batch,11,256,10,10,body,full,0.001930254977196455,0.020508792513046183,0.02087206161178611,0.041613940680092526,0.9825954375999545,0.4928346649673886,0.9972466611700269,0.9660424367231785
Battery,50,batch,11,256,10,10,excess,full,7.0840040280018e-05,0.0016775621089158733,0.02087206161178611,0.041613940680092526,0.08037357018765132,0.04031250300980011,0.2089410753173105,0.3003364664966587
Battery,50,batch,11,256,10,10,gate,full,0.0006711536552757025,0.01714935356201739,0.02087206161178611,0.041613940680092526,0.8216415743202594,0.41210597414585587,-0.1659514842045072,0.04927186324589903
Battery,50,batch,11,256,10,10,amp_true,full,0.000773408159147948,0.029302263079533854,0.02087206161178611,0.041613940680092526,1.4038988397287668,0.7041453561150388,-0.20905483861580276,-0.1065081030647274
Battery,50,batch,11,256,10,10,dual_base,full,0.004416629672050476,0.041613940680092526,0.02087206161178611,0.041613940680092526,1.9937628325413634,1.0,0.9758199929163942,1.0
Battery,50,accum4,2,1024,56,56,base,shared,0.0019249153847340494,0.020719769955588954,0.020719769955588954,0.04866243346819983,1.0,0.4257857340638136,1.0,0.9787168275721303
Battery,50,accum4,2,1024,56,56,tail,shared,0.0034215807681903243,0.040773730067759445,0.020719769955588954,0.04866243346819983,1.967865963529249,0.8378892538204952,0.5566070920536446,0.6623092997073883
Battery,50,accum4,2,1024,56,56,body,shared,0.001793707109754905,0.01922959709764086,0.020719769955588954,0.04866243346819983,0.9280796620260674,0.3951630801654651,0.9913360875007685,0.9459145944664847
Battery,50,accum4,2,1024,56,56,excess,shared,0.00010196835501119494,0.0020421826498761464,0.020719769955588954,0.04866243346819983,0.09856203298846412,0.041966307566815006,0.4659966342684729,0.603451424427229
Battery,50,accum4,2,1024,56,56,gate,shared,0.0012627783289644867,0.022255817590339847,0.020719769955588954,0.04866243346819983,1.074134396185058,0.45735110236284604,0.5342159387693304,0.6949202336248814
Battery,50,accum4,2,1024,56,56,amp_true,shared,0.00270857302530203,0.05588455788215038,0.020719769955588954,0.04866243346819983,2.6971611172292995,1.148412726187853,-0.23659168402338832,-0.32023633065168605
Battery,50,accum4,2,1024,56,56,dual_base,shared,0.004553948296234012,0.04866243346819983,0.020719769955588954,0.04866243346819983,2.348599119223021,1.0,0.9787168275721303,1.0
Battery,50,accum4,2,1024,56,56,base,temporal,0.0019249153847340494,0.00020180785599554149,0.00020180785599554149,0.0004585097455595023,1.0,0.4401386403451096,1.0000000000000002,0.992728780317033
Battery,50,accum4,2,1024,56,56,tail,temporal,0.0034215807681903243,0.00018786100972185908,0.00020180785599554149,0.0004585097455595023,0.9308904690311435,0.40972086534958885,0.7556726633849571,0.8285161484158565
Battery,50,accum4,2,1024,56,56,body,temporal,0.001793707109754905,0.00019131258306392306,0.00020180785599554149,0.0004585097455595023,0.9479937345360316,0.4172486733743717,0.9980666719846453,0.9833568501795237
Battery,50,accum4,2,1024,56,56,excess,temporal,0.00010196835501119494,1.0070024747533731e-05,0.00020180785599554149,0.0004585097455595023,0.04989907205473808,0.021962509728655072,0.6008556529637854,0.692174572257827
Battery,50,accum4,2,1024,56,56,gate,temporal,0.0012627783289644867,0.00014335854239068616,0.00020180785599554149,0.0004585097455595023,0.7103714653895999,0.3126619309165416,0.70221053030411,0.7827908331373389
Battery,50,accum4,2,1024,56,56,amp_true,temporal,0.00270857302530203,0.00043999271888403975,0.00020180785599554149,0.0004585097455595023,2.1802556531484107,0.9596147587814804,-0.18764525188484074,-0.30288600472039146
Battery,50,accum4,2,1024,56,56,dual_base,temporal,0.004553948296234012,0.0004585097455595023,0.00020180785599554149,0.0004585097455595023,2.272011380813798,1.0,0.992728780317033,0.9999999999999999
Battery,50,accum4,2,1024,56,56,base,excess,0.0019249153847340494,0.0002606887705174854,0.0002606887705174854,0.0007688857146993462,1.0,0.33904748850669086,1.0,0.9107425935671294
Battery,50,accum4,2,1024,56,56,tail,excess,0.0034215807681903243,0.004382415445599558,0.0002606887705174854,0.0007688857146993462,16.81090994790515,5.699696797349387,0.9470324623529177,0.7844717517519953
Battery,50,accum4,2,1024,56,56,body,excess,0.001793707109754905,0.0,0.0002606887705174854,0.0007688857146993462,0.0,0.0,,
Battery,50,accum4,2,1024,56,56,excess,excess,0.00010196835501119494,0.0002712869290744625,0.0002606887705174854,0.0007688857146993462,1.0406544498865027,0.35283127763733074,0.8097195283821912,0.9797781028691969
Battery,50,accum4,2,1024,56,56,gate,excess,0.0012627783289644867,0.0,0.0002606887705174854,0.0007688857146993462,0.0,0.0,,
Battery,50,accum4,2,1024,56,56,amp_true,excess,0.00270857302530203,0.03556994338427177,0.0002606887705174854,0.0007688857146993462,136.44601305097626,46.26167804168467,0.43125516679263953,0.03835451532423711
Battery,50,accum4,2,1024,56,56,dual_base,excess,0.004553948296234012,0.0007688857146993462,0.0002606887705174854,0.0007688857146993462,2.949439337847405,1.0,0.9107425935671294,0.9999999999999998
Battery,50,accum4,2,1024,56,56,base,full,0.0019249153847340494,0.023047121726044187,0.023047121726044187,0.05269478638107722,1.0,0.43737005705597554,1.0000000000000002,0.9800437060581102
Battery,50,accum4,2,1024,56,56,tail,full,0.0034215807681903243,0.04124734882010178,0.023047121726044187,0.05269478638107722,1.7896963148109986,0.7827595793217557,0.5071150356962834,0.6151550551029119
Battery,50,accum4,2,1024,56,56,body,full,0.001793707109754905,0.021696334718440867,0.023047121726044187,0.05269478638107722,0.9413902081283809,0.4117358890410467,0.9925147654658537,0.9511543137045005
Battery,50,accum4,2,1024,56,56,excess,full,0.00010196835501119494,0.0020601229510254504,0.023047121726044187,0.05269478638107722,0.08938742874332231,0.03909538480955383,0.416497018358054,0.5543032844480157
Battery,50,accum4,2,1024,56,56,gate,full,0.0012627783289644867,0.022475308670504335,0.023047121726044187,0.05269478638107722,0.9751893940450846,0.42651864091388086,0.47595660752493657,0.6397826806924806
Battery,50,accum4,2,1024,56,56,amp_true,full,0.00270857302530203,0.06624428037229867,0.023047121726044187,0.05269478638107722,2.8742973270037417,1.2571315859074645,-0.1768174090731729,-0.2491820688791401
Battery,50,accum4,2,1024,56,56,dual_base,full,0.004553948296234012,0.05269478638107722,0.023047121726044187,0.05269478638107722,2.2863933729967663,1.0,0.9800437060581102,1.0
Battery,50,batch,12,256,12,12,base,shared,0.0018473414238542318,0.020900316395978016,0.020900316395978016,0.04225033691330448,1.0,0.49467810017383745,1.0000000000000002,0.9984458434075616
Battery,50,batch,12,256,12,12,tail,shared,0.002151425927877426,0.038509388133218664,0.020900316395978016,0.04225033691330448,1.8425265629294145,0.9114575396697534,-0.10479411348812957,-0.09055062566320204
Battery,50,batch,12,256,12,12,body,shared,0.0017534098587930202,0.021087819984885587,0.020900316395978016,0.04225033691330448,1.0089713277710788,0.4991160195516715,0.9966109127966803,0.9936204134275075
Battery,50,batch,12,256,12,12,excess,shared,7.59335162001662e-05,0.0014676057176228685,0.020900316395978016,0.04225033691330448,0.07021930624482266,0.03473595300871375,0.0282361690696768,0.05395340955186018
Battery,50,batch,12,256,12,12,gate,shared,0.0004737584386020899,0.004413833690829813,0.020900316395978016,0.04225033691330448,0.2111850178344284,0.10446860340751302,0.0854703533187944,0.12405884614631611
Battery,50,batch,12,256,12,12,amp_true,shared,0.0020198128186166286,0.07136114876283225,0.020900316395978016,0.04225033691330448,3.414357343248868,1.689007803872941,-0.18099132266035284,-0.18758676182477768
Battery,50,batch,12,256,12,12,dual_base,shared,0.003989497199654579,0.04225033691330448,0.020900316395978016,0.04225033691330448,2.021516617874502,1.0,0.9984458434075616,1.0
Battery,50,batch,12,256,12,12,base,temporal,0.0018473414238542318,0.00019643119048148283,0.00019643119048148283,0.0003977274028716863,1.0,0.49388397445889565,1.0000000000000002,0.999816112156676
Battery,50,batch,12,256,12,12,tail,temporal,0.002151425927877426,0.00012286565336594395,0.00019643119048148283,0.0003977274028716863,0.6254895318038927,0.3089192559497403,-0.5581193659796438,-0.5734658840111558
Battery,50,batch,12,256,12,12,body,temporal,0.0017534098587930202,0.00019870791945724936,0.00019643119048148283,0.0003977274028716863,1.0115904657004111,0.49960831972484415,0.9999332801610331,0.99995427075388
Battery,50,batch,12,256,12,12,excess,temporal,7.59335162001662e-05,4.804551345943186e-06,0.00019643119048148283,0.0003977274028716863,0.02445920800136932,0.012080010859833103,-0.2115210962746135,-0.1931067331585257
Battery,50,batch,12,256,12,12,gate,temporal,0.0004737584386020899,1.2361116214196409e-05,0.00019643119048148283,0.0003977274028716863,0.06292847986054265,0.031079367740181375,0.75021388206791,0.7383238381183732
Battery,50,batch,12,256,12,12,amp_true,temporal,0.0020198128186166286,0.0005080477402356279,0.00019643119048148283,0.0003977274028716863,2.5863903741067054,1.2773767574660495,-0.12563940999433407,-0.14432880630192726
Battery,50,batch,12,256,12,12,dual_base,temporal,0.003989497199654579,0.0003977274028716863,0.00019643119048148283,0.0003977274028716863,2.0247670540345233,1.0,0.999816112156676,0.9999999999999997
Battery,50,batch,12,256,12,12,base,excess,0.0018473414238542318,0.00033355672614511424,0.00033355672614511424,0.0012383164531658496,1.0,0.26936307378647134,1.0,0.9435092663405233
Battery,50,batch,12,256,12,12,tail,excess,0.002151425927877426,0.0067223446909288245,0.00033355672614511424,0.0012383164531658496,20.153527613184032,5.428616145527778,0.999842089984606,0.9398570135826257
Battery,50,batch,12,256,12,12,body,excess,0.0017534098587930202,0.0,0.00033355672614511424,0.0012383164531658496,0.0,0.0,,
Battery,50,batch,12,256,12,12,excess,excess,7.59335162001662e-05,0.00046533993102697193,0.00033355672614511424,0.0012383164531658496,1.3950848373074787,0.37578433997004174,0.8971824528447577,0.992839260228908
Battery,50,batch,12,256,12,12,gate,excess,0.0004737584386020899,0.0,0.00033355672614511424,0.0012383164531658496,0.0,0.0,,
Battery,50,batch,12,256,12,12,amp_true,excess,0.0020198128186166286,0.02189920158598616,0.00033355672614511424,0.0012383164531658496,65.65360512759945,17.684656882333424,-0.6673850929591266,-0.8750246092663818
Battery,50,batch,12,256,12,12,dual_base,excess,0.003989497199654579,0.0012383164531658496,0.00033355672614511424,0.0012383164531658496,3.7124613479601027,1.0,0.9435092663405233,1.0000000000000002
Battery,50,batch,12,256,12,12,base,full,0.0018473414238542318,0.024223186467500213,0.024223186467500213,0.04884563860044067,1.0,0.49591298551026985,1.0,0.9986923699761237
Battery,50,batch,12,256,12,12,tail,full,0.002151425927877426,0.03924279489880991,0.024223186467500213,0.04884563860044067,1.6200508942727754,0.8034042756573946,-0.07900127730464229,-0.06534731159513814
Battery,50,batch,12,256,12,12,body,full,0.0017534098587930202,0.024379833787865315,0.024223186467500213,0.04884563860044067,1.006466833774131,0.49911997235399774,0.9973661235275622,0.994848272480986
Battery,50,batch,12,256,12,12,excess,full,7.59335162001662e-05,0.0015396128714087584,0.024223186467500213,0.04884563860044067,0.06355946908448348,0.0315199660711339,0.026957400655849232,0.05209330137379567
Battery,50,batch,12,256,12,12,gate,full,0.0004737584386020899,0.00452681898694382,0.024223186467500213,0.04884563860044067,0.1868795830398848,0.09267601195622367,0.07206666769747584,0.10699332259226438
Battery,50,batch,12,256,12,12,amp_true,full,0.0020198128186166286,0.07464575395060817,0.024223186467500213,0.04884563860044067,3.081582765783476,1.528196909476678,-0.15198795141859836,-0.16162641845026124
Battery,50,batch,12,256,12,12,dual_base,full,0.003989497199654579,0.04884563860044067,0.024223186467500213,0.04884563860044067,2.0164827887518406,1.0,0.9986923699761237,1.0
Battery,50,batch,13,256,17,17,base,shared,0.002147131133824587,0.021729904675735837,0.021729904675735837,0.046896691151584145,1.0,0.46335688386837953,1.0000000000000002,0.9749192596954295
Battery,50,batch,13,256,17,17,tail,shared,0.005245692562311888,0.04909328049285319,0.021729904675735837,0.046896691151584145,2.2592496941632696,1.046838898168082,0.06318258667050398,0.20531824474460797
Battery,50,batch,13,256,17,17,body,shared,0.0019212088081985712,0.021220452570843883,0.021729904675735837,0.046896691151584145,0.9765552535782257,0.45249359922330185,0.9910530184432654,0.9420699758795862
Battery,50,batch,13,256,17,17,excess,shared,0.00020280791795812547,0.0024711443800726966,0.021729904675735837,0.046896691151584145,0.11372090291919408,0.05269336320733627,0.17398294168329037,0.33324955081584196
Battery,50,batch,13,256,17,17,gate,shared,0.0013133245520293713,0.018991293360923894,0.021729904675735837,0.046896691151584145,0.8739703944550689,0.4049601985679192,0.2212660022951805,0.4290478783700266
Battery,50,batch,13,256,17,17,amp_true,shared,0.005174615886062384,0.13022734653209309,0.021729904675735837,0.046896691151584145,5.993001279821915,2.776898398037493,-0.21972434976987582,-0.23693615917785618
Battery,50,batch,13,256,17,17,dual_base,shared,0.005130617879331112,0.046896691151584145,0.021729904675735837,0.046896691151584145,2.1581636850874077,1.0,0.9749192596954295,1.0
Battery,50,batch,13,256,17,17,base,temporal,0.002147131133824587,0.00020579176001489627,0.00020579176001489627,0.00044446157931719756,1.0,0.4630136092551421,1.0000000000000002,0.9975154316342593
Battery,50,batch,13,256,17,17,tail,temporal,0.005245692562311888,6.73760600917942e-05,0.00020579176001489627,0.00044446157931719756,0.3273992121303456,0.15159029087576123,0.48393771356571014,0.42782170259123187
Battery,50,batch,13,256,17,17,body,temporal,0.0019212088081985712,0.00019739759106082426,0.00020579176001489627,0.00044446157931719756,0.9592103738581934,0.4441274572350563,0.999535298521311,0.9949288661263221
Battery,50,batch,13,256,17,17,excess,temporal,0.00020280791795812547,5.514935855379543e-06,0.00020579176001489627,0.00044446157931719756,0.026798623302411836,0.01240812729831866,0.7976170215479318,0.8372562633997414
Battery,50,batch,13,256,17,17,gate,temporal,0.0013133245520293713,8.833488057841091e-05,0.00020579176001489627,0.00044446157931719756,0.429244011383239,0.1987458189617088,0.7135985167701244,0.7611372512406135
Battery,50,batch,13,256,17,17,amp_true,temporal,0.005174615886062384,0.0009797579053067264,0.00020579176001489627,0.00044446157931719756,4.760919024337061,2.204370300829772,-0.10618160251336305,-0.1743813449096883
Battery,50,batch,13,256,17,17,dual_base,temporal,0.005130617879331112,0.00044446157931719756,0.00020579176001489627,0.00044446157931719756,2.1597637305061443,1.0,0.9975154316342593,0.9999999999999999
Battery,50,batch,13,256,17,17,base,excess,0.002147131133824587,0.0009549266519352731,0.0009549266519352731,0.0026010337920403357,1.0,0.3671335047078329,0.9999999999999999,0.9948482897794984
Battery,50,batch,13,256,17,17,tail,excess,0.005245692562311888,0.01898282971688087,0.0009549266519352731,0.0026010337920403357,19.878835383230633,7.29818650375554,0.9988393205486641,0.9909921780502885
Battery,50,batch,13,256,17,17,body,excess,0.0019212088081985712,0.0,0.0009549266519352731,0.0026010337920403357,0.0,0.0,,
Battery,50,batch,13,256,17,17,excess,excess,0.00020280791795812547,0.0008242378385603679,0.0009549266519352731,0.0026010337920403357,0.8631425637664959,0.3168885544980978,0.9870587897150702,0.998225861652414
Battery,50,batch,13,256,17,17,gate,excess,0.0013133245520293713,0.0,0.0009549266519352731,0.0026010337920403357,0.0,0.0,,
Battery,50,batch,13,256,17,17,amp_true,excess,0.005174615886062384,0.091759333865316,0.0009549266519352731,0.0026010337920403357,96.09045226599837,35.278024509376706,0.8831058594529083,0.8344059027300751
Battery,50,batch,13,256,17,17,dual_base,excess,0.005130617879331112,0.0026010337920403357,0.0009549266519352731,0.0026010337920403357,2.723804793560877,1.0,0.9948482897794984,1.0000000000000002
Battery,50,batch,13,256,17,17,base,full,0.002147131133824587,0.024238000192384743,0.024238000192384743,0.05160632856096137,1.0,0.4696710823703134,0.9999999999999998,0.9789060430674595
Battery,50,batch,13,256,17,17,tail,full,0.005245692562311888,0.052666534153846575,0.024238000192384743,0.05160632856096137,2.172891069222522,1.0205441003545295,0.06659801631757353,0.1917009497639555
Battery,50,batch,13,256,17,17,body,full,0.0019212088081985712,0.02375310038528071,0.024238000192384743,0.05160632856096137,0.9799942320630733,0.4602749516897277,0.9919261575655097,0.9507861906587606
Battery,50,batch,13,256,17,17,excess,full,0.00020280791795812547,0.0026049803380600667,0.024238000192384743,0.05160632856096137,0.1074750522891124,0.05047792413643345,0.1602703210438598,0.30319722766260615
Battery,50,batch,13,256,17,17,gate,full,0.0013133245520293713,0.019067109081293998,0.024238000192384743,0.05160632856096137,0.7866618091406993,0.3694723033585011,0.19773031840259137,0.38987723909537425
Battery,50,batch,13,256,17,17,amp_true,full,0.005174615886062384,0.1593076807194066,0.024238000192384743,0.05160632856096137,6.572641284550322,3.0869795461465563,-0.1409891405857786,-0.15178614472775198
Battery,50,batch,13,256,17,17,dual_base,full,0.005130617879331112,0.05160632856096137,0.024238000192384743,0.05160632856096137,2.129149606046104,1.0,0.9789060430674595,1.0000000000000002
Battery,50,batch,14,256,15,15,base,shared,0.0022014924325048923,0.02295774882155311,0.02295774882155311,0.0472930493544497,1.0,0.485436002434321,1.0,0.985029958431258
Battery,50,batch,14,256,15,15,tail,shared,0.007296718657016754,0.09283640010524416,0.02295774882155311,0.0472930493544497,4.0437937023724135,1.963003049548747,0.5900874324566473,0.6165755028245525
Battery,50,batch,14,256,15,15,body,shared,0.0019701181445270777,0.0207319255795027,0.02295774882155311,0.0472930493544497,0.9030469729697204,0.4383715125688354,0.9830256140693713,0.9532204325270747
Battery,50,batch,14,256,15,15,excess,shared,0.00017106390441767871,0.003315238168731961,0.02295774882155311,0.0472930493544497,0.1444060650066683,0.07009990292410775,0.47873571978564855,0.5416669646006798
Battery,50,batch,14,256,15,15,gate,shared,0.0020127359312027693,0.015101107807177584,0.02295774882155311,0.0472930493544497,0.6577782484056284,0.319309243394278,0.010135480686626504,0.17576563201097123
Battery,50,batch,14,256,15,15,amp_true,shared,0.005390341393649578,0.100471569684366,0.02295774882155311,0.0472930493544497,4.376368539673265,2.124446849078317,-0.3155875934885677,-0.3027813371822736
Battery,50,batch,14,256,15,15,dual_base,shared,0.005520106293261051,0.0472930493544497,0.02295774882155311,0.0472930493544497,2.0600037800766517,1.0,0.985029958431258,1.0
Battery,50,batch,14,256,15,15,base,temporal,0.0022014924325048923,0.00019534287123524095,0.00019534287123524095,0.00035801221501148973,1.0,0.5456318612731462,1.0000000000000002,0.9998602424443467
Battery,50,batch,14,256,15,15,tail,temporal,0.007296718657016754,0.0006546300407233632,0.00019534287123524095,0.00035801221501148973,3.3511846968555474,1.8285131436153765,0.5489238772344847,0.5477166640941866
Battery,50,batch,14,256,15,15,body,temporal,0.0019701181445270777,0.00018407018039738287,0.00019534287123524095,0.00035801221501148973,0.942292796422128,0.5141449723760836,0.9897465226095057,0.9898199742319599
Battery,50,batch,14,256,15,15,excess,temporal,0.00017106390441767871,2.1817669017422256e-05,0.00019534287123524095,0.00035801221501148973,0.11168909763360858,0.060941130225743996,0.3051347073157951,0.304013953648935
Battery,50,batch,14,256,15,15,gate,temporal,0.0020127359312027693,7.302586152820854e-05,0.00019534287123524095,0.00035801221501148973,0.37383427952314374,0.20397589374391853,-0.8940757949170429,-0.8910723425471447
Battery,50,batch,14,256,15,15,amp_true,temporal,0.005390341393649578,0.0008853768624406722,0.00019534287123524095,0.00035801221501148973,4.532424740365673,2.473035347166179,-0.3026949789122126,-0.3015868762121434
Battery,50,batch,14,256,15,15,dual_base,temporal,0.005520106293261051,0.00035801221501148973,0.00019534287123524095,0.00035801221501148973,1.8327375488422857,1.0,0.9998602424443467,1.0
Battery,50,batch,14,256,15,15,base,excess,0.0022014924325048923,0.0016145401622862318,0.0016145401622862318,0.005000108477553169,1.0,0.3229010269545824,1.0000000000000002,0.9996047691919793
Battery,50,batch,14,256,15,15,tail,excess,0.007296718657016754,0.031899145469049484,0.0016145401622862318,0.005000108477553169,19.757418374702706,6.379690683162839,0.9994776462011409,0.999921907080365
Battery,50,batch,14,256,15,15,body,excess,0.0019701181445270777,0.0,0.0016145401622862318,0.005000108477553169,0.0,0.0,,
Battery,50,batch,14,256,15,15,excess,excess,0.00017106390441767871,0.0016958567624933568,0.0016145401622862318,0.005000108477553169,1.0503651764797095,0.3391639941626294,0.9991467427782739,0.9999106333048292
Battery,50,batch,14,256,15,15,gate,excess,0.0020127359312027693,0.0,0.0016145401622862318,0.005000108477553169,0.0,0.0,,
Battery,50,batch,14,256,15,15,amp_true,excess,0.005390341393649578,0.06252451379734178,0.0016145401622862318,0.005000108477553169,38.72589561897637,12.504631465103433,-0.9295875352501525,-0.9305422060749671
Battery,50,batch,14,256,15,15,dual_base,excess,0.005520106293261051,0.005000108477553169,0.0016145401622862318,0.005000108477553169,3.0969241858145438,1.0,0.9996047691919793,1.0
Battery,50,batch,14,256,15,15,base,full,0.0022014924325048923,0.024868219243578314,0.024868219243578314,0.0511317679988271,1.0,0.48635555187821317,0.9999999999999998,0.9865075317925508
Battery,50,batch,14,256,15,15,tail,full,0.007296718657016754,0.09930480126090219,0.024868219243578314,0.0511317679988271,3.9932413450370206,1.9421350981483785,0.5543660763380158,0.5873951967034453
Battery,50,batch,14,256,15,15,body,full,0.0019701181445270777,0.02274381981112961,0.024868219243578314,0.0511317679988271,0.9145737211160673,0.4448080068667159,0.9829513128583921,0.9546320812521394
Battery,50,batch,14,256,15,15,excess,full,0.00017106390441767871,0.0037238064227765244,0.024868219243578314,0.0511317679988271,0.14974157925433756,0.07282764841735855,0.42300849199477,0.49056240522007233
Battery,50,batch,14,256,15,15,gate,full,0.0020127359312027693,0.01515372045661922,0.024868219243578314,0.0511317679988271,0.6093608998775554,0.296366056752953,0.009241112685198035,0.1629945266858494
Battery,50,batch,14,256,15,15,amp_true,full,0.005390341393649578,0.1183378685815931,0.024868219243578314,0.0511317679988271,4.758598411189065,2.3143707564406464,-0.27924441262853944,-0.2858474436267229
Battery,50,batch,14,256,15,15,dual_base,full,0.005520106293261051,0.0511317679988271,0.024868219243578314,0.0511317679988271,2.0561089436281526,1.0,0.9865075317925508,1.0
Battery,50,batch,15,256,17,17,base,shared,0.0020195171236991882,0.022264680792139807,0.022264680792139807,0.05480258177633263,1.0,0.40627065496675496,1.0,0.9609404664885777
Battery,50,batch,15,256,17,17,tail,shared,0.005730036646127701,0.079561393341446,0.022264680792139807,0.05480258177633263,3.5734351677538485,1.451781846084592,0.3532405952475885,0.5393214637073596
Battery,50,batch,15,256,17,17,body,shared,0.0018289405852556229,0.020790373035621694,0.022264680792139807,0.05480258177633263,0.9337826681513173,0.37936849618643964,0.9815312020269841,0.8963794215799586
Battery,50,batch,15,256,17,17,excess,shared,0.00015411435742862523,0.003126792974944243,0.022264680792139807,0.05480258177633263,0.140437359247841,0.05705557792342182,0.38917380723935596,0.5907698625634734
Battery,50,batch,15,256,17,17,gate,shared,0.001632457715459168,0.031641587113647916,0.022264680792139807,0.05480258177633263,1.4211561085941316,0.5773740230485426,0.4781200684016606,0.7007785001500085
Battery,50,batch,15,256,17,17,amp_true,shared,0.0032616218086332083,0.061719725524795516,0.022264680792139807,0.05480258177633263,2.772091192368888,1.1262193043512807,-0.08610744638203396,-0.10178562615259894
Battery,50,batch,15,256,17,17,dual_base,shared,0.004972915165126324,0.05480258177633263,0.022264680792139807,0.05480258177633263,2.4614133159133282,1.0,0.9609404664885777,1.0000000000000002
Battery,50,batch,15,256,17,17,base,temporal,0.0020195171236991882,0.00020245993773009786,0.00020245993773009786,0.0004791961034752728,1.0,0.4224991319040328,1.0000000000000002,0.9798320124867402
Battery,50,batch,15,256,17,17,tail,temporal,0.005730036646127701,0.00022283048144666932,0.00020245993773009786,0.0004791961034752728,1.10061518315652,0.46500895944402787,0.4437812818526183,0.6118114810719967
Battery,50,batch,15,256,17,17,body,temporal,0.0018289405852556229,0.00019406651756722926,0.00020245993773009786,0.0004791961034752728,0.9585428097184443,0.40498350499889524,0.996521680188098,0.959858332446732
Battery,50,batch,15,256,17,17,excess,temporal,0.00015411435742862523,1.3432162892867546e-05,0.00020245993773009786,0.0004791961034752728,0.06634479415267898,0.02803061793585862,0.31817831840707317,0.499776408006455
Battery,50,batch,15,256,17,17,gate,temporal,0.001632457715459168,0.0002172542299140447,0.00020245993773009786,0.0004791961034752728,1.0730726895889364,0.45337227982125133,0.6024628950293188,0.7497581208821151
Battery,50,batch,15,256,17,17,amp_true,temporal,0.0032616218086332083,0.0002940830767274375,0.00020245993773009786,0.0004791961034752728,1.4525494773167604,0.6137008932139879,-0.3373275016159592,-0.5167389873068661
Battery,50,batch,15,256,17,17,dual_base,temporal,0.004972915165126324,0.0004791961034752728,0.00020245993773009786,0.0004791961034752728,2.366868768447888,1.0,0.9798320124867402,1.0000000000000002
Battery,50,batch,15,256,17,17,base,excess,0.0020195171236991882,0.00019179147527649402,0.00019179147527649402,0.0009995198074974029,1.0,0.19188361635043671,1.0,0.9292664079535071
Battery,50,batch,15,256,17,17,tail,excess,0.005730036646127701,0.0030631579509811384,0.00019179147527649402,0.0009995198074974029,15.971293544539304,3.0646295631205867,0.9211539490690647,0.9173546489737183
Battery,50,batch,15,256,17,17,body,excess,0.0018289405852556229,0.0,0.00019179147527649402,0.0009995198074974029,0.0,0.0,,
Battery,50,batch,15,256,17,17,excess,excess,0.00015411435742862523,0.00041096849587753657,0.00019179147527649402,0.0009995198074974029,2.1427881259324404,0.41116593467669166,0.8941299269799836,0.9963052018274093
Battery,50,batch,15,256,17,17,gate,excess,0.001632457715459168,0.0,0.00019179147527649402,0.0009995198074974029,0.0,0.0,,
Battery,50,batch,15,256,17,17,amp_true,excess,0.0032616218086332083,0.015961857791787208,0.00019179147527649402,0.0009995198074974029,83.22506393350369,15.969526238556991,-0.7349804700656015,-0.911736235885934
Battery,50,batch,15,256,17,17,dual_base,excess,0.004972915165126324,0.0009995198074974029,0.00019179147527649402,0.0009995198074974029,5.211492356771626,1.0,0.9292664079535071,0.9999999999999998
Battery,50,batch,15,256,17,17,base,full,0.0020195171236991882,0.02504559943750841,0.02504559943750841,0.0594711337801822,1.0,0.4211387583442113,1.0,0.9641808175648401
Battery,50,batch,15,256,17,17,tail,full,0.005730036646127701,0.07975227193110046,0.02504559943750841,0.0594711337801822,3.184282817031046,1.341024911781262,0.31431743820270797,0.4968554616525412
Battery,50,batch,15,256,17,17,body,full,0.0018289405852556229,0.023754857225635497,0.02504559943750841,0.0594711337801822,0.9484643114614422,0.399435082462669,0.9850663635092382,0.9096529017906851
Battery,50,batch,15,256,17,17,excess,full,0.00015411435742862523,0.0031536850528809173,0.02504559943750841,0.0594711337801822,0.12591773100698653,0.0530288368898027,0.34390436472779273,0.541933668352028
Battery,50,batch,15,256,17,17,gate,full,0.001632457715459168,0.03195964582037029,0.02504559943750841,0.0594711337801822,1.276058331129714,0.5373976211467542,0.42128351444602996,0.6448555357743783
Battery,50,batch,15,256,17,17,amp_true,full,0.0032616218086332083,0.06375033665025882,0.02504559943750841,0.0594711337801822,2.5453707670013284,1.0719542843405923,-0.07551757557259949,-0.09464439496416996
Battery,50,batch,15,256,17,17,dual_base,full,0.004972915165126324,0.0594711337801822,0.02504559943750841,0.0594711337801822,2.3745142905670664,1.0,0.9641808175648401,1.0
Battery,50,accum4,3,1024,61,61,base,shared,0.002053870528470725,0.021222253278645107,0.021222253278645107,0.045262796449518215,1.0,0.4688674793285115,1.0000000000000002,0.9896983232100589
Battery,50,accum4,3,1024,61,61,tail,shared,0.005105968448333442,0.04383610505748781,0.021222253278645107,0.045262796449518215,2.065572608239385,0.9684798221952194,0.28487043825708724,0.3906365284693504
Battery,50,accum4,3,1024,61,61,body,shared,0.001868419349193573,0.020490362123286955,0.021222253278645107,0.045262796449518215,0.9655130326761948,0.4526976618897142,0.9930186595932113,0.9678275380452009
Battery,50,accum4,3,1024,61,61,excess,shared,0.0001509799240011489,0.0019666087997600493,0.021222253278645107,0.045262796449518215,0.09266729474663982,0.04344868090404923,0.3050266960919079,0.4168978968959817
Battery,50,accum4,3,1024,61,61,gate,shared,0.0013580691593233496,0.0118396032996007,0.021222253278645107,0.045262796449518215,0.5578862500672491,0.2615747198210667,0.3430381327858161,0.47169938536110073
Battery,50,accum4,3,1024,61,61,amp_true,shared,0.00396159797674045,0.08257247852245568,0.021222253278645107,0.045262796449518215,3.8908440794806762,1.8242902560063674,-0.27569681003321345,-0.32548391492916107
Battery,50,accum4,3,1024,61,61,dual_base,shared,0.0049032841343432665,0.045262796449518215,0.021222253278645107,0.045262796449518215,2.132798805820676,1.0,0.9896983232100589,1.0
Battery,50,accum4,3,1024,61,61,base,temporal,0.002053870528470725,0.00019788442773928272,0.00019788442773928272,0.00041467652769105567,1.0,0.477201902024972,1.0000000000000002,0.9971352867353289
Battery,50,accum4,3,1024,61,61,tail,temporal,0.005105968448333442,0.00018153743003598938,0.00019788442773928272,0.00041467652769105567,0.9173911869162799,0.4377808192973953,0.3911304005586963,0.45912591075051007
Battery,50,accum4,3,1024,61,61,body,temporal,0.001868419349193573,0.00019267243127303246,0.00019788442773928272,0.00041467652769105567,0.9736614117351509,0.46463307760833333,0.9979888288790962,0.9903518929860285
Battery,50,accum4,3,1024,61,61,excess,temporal,0.0001509799240011489,1.0940779103424093e-05,0.00019788442773928272,0.00041467652769105567,0.0552887320564649,0.02638388809789409,0.24968171916401943,0.3218505220724982
Battery,50,accum4,3,1024,61,61,gate,temporal,0.0013580691593233496,5.784866960664945e-05,0.00019788442773928272,0.00041467652769105567,0.29233563382191147,0.13950312048949187,0.6226918445806352,0.6799961063517302
Battery,50,accum4,3,1024,61,61,amp_true,temporal,0.00396159797674045,0.000662419545363199,0.00019788442773928272,0.00041467652769105567,3.3475071936228957,1.597436799839122,-0.17129927562371994,-0.24479605321443232
Battery,50,accum4,3,1024,61,61,dual_base,temporal,0.0049032841343432665,0.00041467652769105567,0.00019788442773928272,0.00041467652769105567,2.095549065828472,1.0,0.9971352867353289,1.0
Battery,50,accum4,3,1024,61,61,base,excess,0.002053870528470725,0.0003288235759870732,0.0003288235759870732,0.0013237146585669667,1.0,0.2484097111556146,0.9999999999999999,0.9945177682784113
Battery,50,accum4,3,1024,61,61,tail,excess,0.005105968448333442,0.006321242650614373,0.0003288235759870732,0.0013237146585669667,19.22381213585146,4.77538161997666,0.9906033574478527,0.9847927232324737
Battery,50,accum4,3,1024,61,61,body,excess,0.001868419349193573,0.0,0.0003288235759870732,0.0013237146585669667,0.0,0.0,,
Battery,50,accum4,3,1024,61,61,excess,excess,0.0001509799240011489,0.0004996163158301338,0.0003288235759870732,0.0013237146585669667,1.5194053964359746,0.3774350556569425,0.9902929946485084,0.9993955763257741
Battery,50,accum4,3,1024,61,61,gate,excess,0.0013580691593233496,0.0,0.0003288235759870732,0.0013237146585669667,0.0,0.0,,
Battery,50,accum4,3,1024,61,61,amp_true,excess,0.00396159797674045,0.0467837023830681,0.0003288235759870732,0.0013237146585669667,142.27599782841384,35.34273952493313,-0.9211965681311618,-0.9455515540305462
Battery,50,accum4,3,1024,61,61,dual_base,excess,0.0049032841343432665,0.0013237146585669667,0.0003288235759870732,0.0013237146585669667,4.025607514891222,1.0,0.9945177682784113,0.9999999999999999
Battery,50,accum4,3,1024,61,61,base,full,0.002053870528470725,0.02379691561772286,0.02379691561772286,0.0501362751457157,1.0,0.4746446669314719,1.0,0.991220246930646
Battery,50,accum4,3,1024,61,61,tail,full,0.005105968448333442,0.04444352808749783,0.02379691561772286,0.0501362751457157,1.8676171652429743,0.8864545273522513,0.259341584516831,0.357668401397197
Battery,50,accum4,3,1024,61,61,body,full,0.001868419349193573,0.023139722211601377,0.02379691561772286,0.0501362751457157,0.9723832526585069,0.4615365250878383,0.994240638217502,0.9730453138144433
Battery,50,accum4,3,1024,61,61,excess,full,0.0001509799240011489,0.0020290802434446346,0.02379691561772286,0.0501362751457157,0.08526652260486514,0.04047130022219104,0.2670191183371257,0.37128274027975644
Battery,50,accum4,3,1024,61,61,gate,full,0.0013580691593233496,0.011906154686549542,0.02379691561772286,0.0501362751457157,0.5003234401387034,0.23747585260264314,0.3044459587229276,0.42489711708649214
Battery,50,accum4,3,1024,61,61,amp_true,full,0.00396159797674045,0.09490484191024658,0.02379691561772286,0.0501362751457157,3.9881152429504674,1.8929376311745507,-0.22019388948863602,-0.2679682514357809
Battery,50,accum4,3,1024,61,61,dual_base,full,0.0049032841343432665,0.0501362751457157,0.02379691561772286,0.0501362751457157,2.106839220305361,1.0,0.991220246930646,0.9999999999999997
Boston,50,batch,0,256,13,13,base,shared,0.0011148732155561447,0.013020130701232523,0.013020130701232523,0.026845522193240844,1.0,0.48500195330567,1.0,0.992620954448316
Boston,50,batch,0,256,13,13,tail,shared,0.0024259991478174925,0.08923382189748477,0.013020130701232523,0.026845522193240844,6.853527352765948,3.323974153125322,0.6118148916087689,0.6293275125428405
Boston,50,batch,0,256,13,13,body,shared,0.001048167352564633,0.012354892378760548,0.013020130701232523,0.026845522193240844,0.9489069397430088,0.46022171928066496,0.9919127986792367,0.9853603591041048
Boston,50,batch,0,256,13,13,excess,shared,4.7882625949569046e-05,0.0010507711002716328,0.013020130701232523,0.026845522193240844,0.08070357543892888,0.039141391726631995,0.3787000472091111,0.35876415536143813
Boston,50,batch,0,256,13,13,gate,shared,0.0008151257643476129,0.007109451615320191,0.013020130701232523,0.026845522193240844,0.5460353492954714,0.2648282109822474,0.1587223067336439,0.27577311108478586
Boston,50,batch,0,256,13,13,amp_true,shared,0.0031335141975432634,0.06357608995328633,0.013020130701232523,0.026845522193240844,4.882907200560439,2.368219530082134,0.3654080964488472,0.35329016929236273
Boston,50,batch,0,256,13,13,dual_base,shared,0.0026663686148822308,0.026845522193240844,0.013020130701232523,0.026845522193240844,2.0618473661481422,1.0,0.992620954448316,1.0
Boston,50,batch,0,256,13,13,base,temporal,0.0011148732155561447,0.00022953866520944078,0.00022953866520944078,0.0004593653988773288,1.0,0.4996864495463184,1.0000000000000002,0.9998543861011366
Boston,50,batch,0,256,13,13,tail,temporal,0.0024259991478174925,0.0014072833672512809,0.00022953866520944078,0.0004593653988773288,6.130920757804425,3.063538025917117,0.6780885637537502,0.6895557351748219
Boston,50,batch,0,256,13,13,body,temporal,0.001048167352564633,0.0002196803803819924,0.00022953866520944078,0.0004593653988773288,0.9570517462996778,0.4782257891405899,0.993065364898833,0.9911347206804435
Boston,50,batch,0,256,13,13,excess,temporal,4.7882625949569046e-05,1.67995935159749e-05,0.00022953866520944078,0.0004593653988773288,0.07318851270937834,0.03657130806332487,0.39133939461624256,0.405483691970977
Boston,50,batch,0,256,13,13,gate,temporal,0.0008151257643476129,7.173101090021209e-06,0.00022953866520944078,0.0004593653988773288,0.0312500775565466,0.01561524030227786,-0.5354767928107995,-0.5230794058188897
Boston,50,batch,0,256,13,13,amp_true,temporal,0.0031335141975432634,0.0010040499977724364,0.00022953866520944078,0.0004593653988773288,4.374208575519504,2.1857327526764,0.36035102751424025,0.37475548003868675
Boston,50,batch,0,256,13,13,dual_base,temporal,0.0026663686148822308,0.0004593653988773288,0.00022953866520944078,0.0004593653988773288,2.001254988819354,1.0,0.9998543861011366,1.0
Boston,50,batch,0,256,13,13,base,excess,0.0011148732155561447,0.0004433966479674259,0.0004433966479674259,0.0011323267675748664,1.0,0.391580116857133,1.0,0.9981890614886871
Boston,50,batch,0,256,13,13,tail,excess,0.0024259991478174925,0.00891842554920613,0.0004433966479674259,0.0011323267675748664,20.11387679651859,7.876194226430726,0.9999627860003045,0.9981911642259282
Boston,50,batch,0,256,13,13,body,excess,0.001048167352564633,0.0,0.0004433966479674259,0.0011323267675748664,0.0,0.0,,
Boston,50,batch,0,256,13,13,excess,excess,4.7882625949569046e-05,0.00034469509948798594,0.0004433966479674259,0.0011323267675748664,0.7773967193214075,0.30441309819622864,0.9951713575065282,0.9992708218657103
Boston,50,batch,0,256,13,13,gate,excess,0.0008151257643476129,0.0,0.0004433966479674259,0.0011323267675748664,0.0,0.0,,
Boston,50,batch,0,256,13,13,amp_true,excess,0.0031335141975432634,0.02423058269481013,0.0004433966479674259,0.0011323267675748664,54.647645186055236,21.398931287922654,0.9759990575267186,0.9845990152359883
Boston,50,batch,0,256,13,13,dual_base,excess,0.0026663686148822308,0.0011323267675748664,0.0004433966479674259,0.0011323267675748664,2.5537558138194423,1.0,0.9981890614886871,1.0
Boston,50,batch,0,256,13,13,base,full,0.0011148732155561447,0.014728392782192677,0.014728392782192677,0.030179920903645043,1.0,0.48801959518766747,1.0,0.9940219152168848
Boston,50,batch,0,256,13,13,tail,full,0.0024259991478174925,0.09209603432224664,0.014728392782192677,0.030179920903645043,6.252958872307853,3.051566457588812,0.574655049865882,0.5922281904225616
Boston,50,batch,0,256,13,13,body,full,0.001048167352564633,0.014135952675705095,0.014728392782192677,0.030179920903645043,0.9597756445493584,0.4683893215239605,0.993033681340981,0.9872653868869569
Boston,50,batch,0,256,13,13,excess,full,4.7882625949569046e-05,0.001105863742410018,0.014728392782192677,0.030179920903645043,0.07508380301665091,0.03664236715333654,0.327436977261962,0.31491412332526525
Boston,50,batch,0,256,13,13,gate,full,0.0008151257643476129,0.007138573601631484,0.014728392782192677,0.030179920903645043,0.48468109909876633,0.23653387377729368,0.13965812946592654,0.2452240039490317
Boston,50,batch,0,256,13,13,amp_true,full,0.0031335141975432634,0.06803705131381271,0.014728392782192677,0.030179920903645043,4.6194484571373415,2.2543813660424603,0.3123109064279487,0.3068086894880314
Boston,50,batch,0,256,13,13,dual_base,full,0.0026663686148822308,0.030179920903645043,0.014728392782192677,0.030179920903645043,2.049098048236057,1.0,0.9940219152168848,0.9999999999999999
Boston,50,batch,1,256,16,16,base,shared,0.0011805774411186576,0.016320827552498078,0.016320827552498078,0.038017437008103235,1.0,0.42929847030507007,1.0,0.9873521648699525
Boston,50,batch,1,256,16,16,tail,shared,0.005016829818487167,0.13206626319828035,0.016320827552498078,0.038017437008103235,8.091885216817097,3.47383394546379,0.6048336118428809,0.7093302280008044
Boston,50,batch,1,256,16,16,body,shared,0.000997525523416698,0.014232793971611618,0.016320827552498078,0.038017437008103235,0.872063253277444,0.3743754206412696,0.9579059329246531,0.9095691020713419
Boston,50,batch,1,256,16,16,excess,shared,0.00014347126125358045,0.0030389975526696213,0.016320827552498078,0.038017437008103235,0.18620364334432724,0.07993693925295052,0.5199728882382928,0.6177320738692865
Boston,50,batch,1,256,16,16,gate,shared,0.0011036127107217908,0.013920637723203956,0.016320827552498078,0.038017437008103235,0.8529370020255653,0.3661645502361677,0.6361014995978195,0.7481091772420799
Boston,50,batch,1,256,16,16,amp_true,shared,0.0068062287755310535,0.19269110875304432,0.016320827552498078,0.038017437008103235,11.806454552211164,5.068492878990583,0.49721789914448794,0.5960919307825128
Boston,50,batch,1,256,16,16,dual_base,shared,0.003016851842403412,0.038017437008103235,0.016320827552498078,0.038017437008103235,2.3293816986801175,1.0,0.9873521648699525,1.0
Boston,50,batch,1,256,16,16,base,temporal,0.0011805774411186576,0.0002624741036841226,0.0002624741036841226,0.0006016571106935632,1.0,0.436251976448104,1.0000000000000002,0.9920271551329818
Boston,50,batch,1,256,16,16,tail,temporal,0.005016829818487167,0.0016465795122040897,0.0002624741036841226,0.0006016571106935632,6.273302733841066,2.736740716495459,0.5187507665085223,0.621042233694931
Boston,50,batch,1,256,16,16,body,temporal,0.000997525523416698,0.0002464968797354552,0.0002624741036841226,0.0006016571106935632,0.939128379811917,0.40969661183145445,0.9763810040756296,0.941672308290192
Boston,50,batch,1,256,16,16,excess,temporal,0.00014347126125358045,3.4945166645701455e-05,0.0002624741036841226,0.0006016571106935632,0.13313757873712603,0.05808153186358629,0.3104563672864729,0.42645403512037455
Boston,50,batch,1,256,16,16,gate,temporal,0.0011036127107217908,0.0001914533346530281,0.0002624741036841226,0.0006016571106935632,0.7294179957784893,0.3182100423151807,0.7550523290454183,0.8315963913381581
Boston,50,batch,1,256,16,16,amp_true,temporal,0.0068062287755310535,0.002263898989126196,0.0002624741036841226,0.0006016571106935632,8.625228002876469,3.7627727635703923,0.26329466859636874,0.3813063609933049
Boston,50,batch,1,256,16,16,dual_base,temporal,0.003016851842403412,0.0006016571106935632,0.0002624741036841226,0.0006016571106935632,2.292253225170107,1.0,0.9920271551329818,0.9999999999999999
Boston,50,batch,1,256,16,16,base,excess,0.0011805774411186576,0.0008490517143435911,0.0008490517143435911,0.002212325222879863,1.0,0.3837825042912769,0.9999999999999999,0.9997836046573594
Boston,50,batch,1,256,16,16,tail,excess,0.005016829818487167,0.01696352650841444,0.0008490517143435911,0.002212325222879863,19.979379608848774,7.667736340470055,0.9999903642027235,0.9998348556345411
Boston,50,batch,1,256,16,16,body,excess,0.000997525523416698,0.0,0.0008490517143435911,0.002212325222879863,0.0,0.0,,
Boston,50,batch,1,256,16,16,excess,excess,0.00014347126125358045,0.0006815525764491381,0.0008490517143435911,0.002212325222879863,0.8027221015342416,0.3080706983767679,0.9994271731573897,0.9999120677995492
Boston,50,batch,1,256,16,16,gate,excess,0.0011036127107217908,0.0,0.0008490517143435911,0.002212325222879863,0.0,0.0,,
Boston,50,batch,1,256,16,16,amp_true,excess,0.0068062287755310535,0.05581801895318166,0.0008490517143435911,0.002212325222879863,65.74160090629466,25.230476231935445,0.988939094623486,0.9891873034643489
Boston,50,batch,1,256,16,16,dual_base,excess,0.003016851842403412,0.002212325222879863,0.0008490517143435911,0.002212325222879863,2.605642489739544,1.0,0.9997836046573594,1.0
Boston,50,batch,1,256,16,16,base,full,0.0011805774411186576,0.01842075152630659,0.01842075152630659,0.04169751760891034,1.0,0.44177093943765755,0.9999999999999999,0.9874579617933187
Boston,50,batch,1,256,16,16,tail,full,0.005016829818487167,0.13563238339770592,0.01842075152630659,0.04169751760891034,7.363021166862271,3.252768777984103,0.5612811993627087,0.6650806903713434
Boston,50,batch,1,256,16,16,body,full,0.000997525523416698,0.016539267440702603,0.01842075152630659,0.04169751760891034,0.897860622954658,0.3966487308867597,0.9651887203483125,0.9204099989057865
Boston,50,batch,1,256,16,16,excess,full,0.00014347126125358045,0.0031144855176411406,0.01842075152630659,0.04169751760891034,0.16907483460668574,0.07469234851946213,0.4596116238990111,0.5611716609679621
Boston,50,batch,1,256,16,16,gate,full,0.0011036127107217908,0.014156615695253155,0.01842075152630659,0.04169751760891034,0.768514556804925,0.33950739773122673,0.555004861201682,0.6766835442406556
Boston,50,batch,1,256,16,16,amp_true,full,0.0068062287755310535,0.20061284762530862,0.01842075152630659,0.04169751760891034,10.890589742704815,4.811146061664823,0.4358231346839911,0.5366246986531771
Boston,50,batch,1,256,16,16,dual_base,full,0.003016851842403412,0.04169751760891034,0.01842075152630659,0.04169751760891034,2.263616527770993,1.0,0.9874579617933187,1.0000000000000002
Boston,50,batch,2,256,11,11,base,shared,0.0008956072269938886,0.013798131675144995,0.013798131675144995,0.03195422606385981,1.0,0.4318092901880877,1.0,0.9844347459983703
Boston,50,batch,2,256,11,11,tail,shared,0.0024221641942858696,0.041553664414922246,0.013798131675144995,0.03195422606385981,3.011542822842759,1.3004121687027617,0.6248303681515831,0.7478955849115495
Boston,50,batch,2,256,11,11,body,shared,0.0008424778352491558,0.013609456435273165,0.013798131675144995,0.03195422606385981,0.9863260299065201,0.42590474286796903,0.9990696739603663,0.9805421278284335
Boston,50,batch,2,256,11,11,excess,shared,3.6893001379212365e-05,0.0008855135728396743,0.013798131675144995,0.03195422606385981,0.0641763387745297,0.027711939293099924,-0.09539789713561977,-0.10671424780649227
Boston,50,batch,2,256,11,11,gate,shared,0.0008400132646784186,0.014849552404781755,0.013798131675144995,0.03195422606385981,1.0762002243775306,0.4647132549887222,0.5692578986742114,0.7016300235989613
Boston,50,batch,2,256,11,11,amp_true,shared,0.001670729834586382,0.015720007761762064,0.013798131675144995,0.03195422606385981,1.139285240340111,0.49195395095302824,0.1318335619387835,0.23013473442487528
Boston,50,batch,2,256,11,11,dual_base,shared,0.002231877762824297,0.03195422606385981,0.013798131675144995,0.03195422606385981,2.3158371594191953,1.0,0.9844347459983703,0.9999999999999998
Boston,50,batch,2,256,11,11,base,temporal,0.0008956072269938886,0.0002442909482600836,0.0002442909482600836,0.000556336579482319,1.0,0.4391063921904985,1.0,0.9945353058848054
Boston,50,batch,2,256,11,11,tail,temporal,0.0024221641942858696,0.0005248010382474994,0.0002442909482600836,0.000556336579482319,2.1482623158381275,0.9433157149864856,0.8226107460600743,0.8760547739504599
Boston,50,batch,2,256,11,11,body,temporal,0.0008424778352491558,0.00024140437283825224,0.0002442909482600836,0.000556336579482319,0.9881838625524586,0.4339178507062816,0.9999624772990674,0.9950093077844395
Boston,50,batch,2,256,11,11,excess,temporal,3.6893001379212365e-05,1.0059416949417746e-05,0.0002442909482600836,0.000556336579482319,0.041178017528132146,0.018081530714335218,-0.19553582186735075,-0.2925724752257472
Boston,50,batch,2,256,11,11,gate,temporal,0.0008400132646784186,0.00020855544530698332,0.0002442909482600836,0.000556336579482319,0.8537174495918916,0.3748727892403693,0.6855997613181534,0.7577256975979662
Boston,50,batch,2,256,11,11,amp_true,temporal,0.001670729834586382,0.0001844382851897621,0.0002442909482600836,0.000556336579482319,0.7549943479420304,0.3315228442490429,-0.16433923214664067,-0.06443491650646055
Boston,50,batch,2,256,11,11,dual_base,temporal,0.002231877762824297,0.000556336579482319,0.0002442909482600836,0.000556336579482319,2.277352408858051,1.0,0.9945353058848054,0.9999999999999998
Boston,50,batch,2,256,11,11,base,excess,0.0008956072269938886,0.00018117457903816975,0.00018117457903816975,0.0007312022136160982,1.0,0.24777629999529993,1.0,0.9856069648095105
Boston,50,batch,2,256,11,11,tail,excess,0.0024221641942858696,0.003588568666975915,0.00018117457903816975,0.0007312022136160982,19.80724164519724,4.907765047959789,0.9997887035794536,0.9876625251408124
Boston,50,batch,2,256,11,11,body,excess,0.0008424778352491558,0.0,0.00018117457903816975,0.0007312022136160982,0.0,0.0,,
Boston,50,batch,2,256,11,11,excess,excess,3.6893001379212365e-05,0.0002761323768763507,0.00018117457903816975,0.0007312022136160982,1.5241231873825705,0.3776416041066965,0.974947221694418,0.9985138155682596
Boston,50,batch,2,256,11,11,gate,excess,0.0008400132646784186,0.0,0.00018117457903816975,0.0007312022136160982,0.0,0.0,,
Boston,50,batch,2,256,11,11,amp_true,excess,0.001670729834586382,0.020323127380585476,0.00018117457903816975,0.0007312022136160982,112.17427681343646,27.79412726348185,-0.8670327727528869,-0.9102919352526262
Boston,50,batch,2,256,11,11,dual_base,excess,0.002231877762824297,0.0007312022136160982,0.00018117457903816975,0.0007312022136160982,4.0358985101439036,1.0,0.9856069648095105,1.0000000000000002
Boston,50,batch,2,256,11,11,base,full,0.0008956072269938886,0.015502132009965992,0.015502132009965992,0.0349617521595382,1.0,0.44340260577405666,0.9999999999999999,0.9847795415177598
Boston,50,batch,2,256,11,11,tail,full,0.0024221641942858696,0.04614236347212405,0.015502132009965992,0.0349617521595382,2.976517258559023,1.3197955085765223,0.6293874942415413,0.7300087997917151
Boston,50,batch,2,256,11,11,body,full,0.0008424778352491558,0.015314015404322515,0.015502132009965992,0.0349617521595382,0.9878651139390027,0.43802196567383916,0.9991797078007457,0.9811811290157897
Boston,50,batch,2,256,11,11,excess,full,3.6893001379212365e-05,0.0009275685296745832,0.015502132009965992,0.0349617521595382,0.05983490071419009,0.026530950892903853,-0.07766989859789529,-0.0868953918000149
Boston,50,batch,2,256,11,11,gate,full,0.0008400132646784186,0.015137942396973943,0.015502132009965992,0.0349617521595382,0.9765071273578422,0.43298580482740584,0.4974730781065809,0.6374327148668846
Boston,50,batch,2,256,11,11,amp_true,full,0.001670729834586382,0.02569334837185225,0.015502132009965992,0.0349617521595382,1.6574074040483298,0.7348987617842443,0.06377865057897489,0.11363238888695996
Boston,50,batch,2,256,11,11,dual_base,full,0.002231877762824297,0.0349617521595382,0.015502132009965992,0.0349617521595382,2.255286701020352,1.0,0.9847795415177598,0.9999999999999998
Boston,50,batch,3,256,12,12,base,shared,0.0012375720543786883,0.01741997022606027,0.01741997022606027,0.03747861794169567,1.0,0.46479756145650786,0.9999999999999997,0.9963009408836925
Boston,50,batch,3,256,12,12,tail,shared,0.0036521372385323048,0.10464730836166465,0.01741997022606027,0.03747861794169567,6.007318439908255,2.79218696176207,0.5319717230923373,0.5741118967923833
Boston,50,batch,3,256,12,12,body,shared,0.00111946533434093,0.015965893750369844,0.01741997022606027,0.03747861794169567,0.9165281882333456,0.42600006689701025,0.9822211944262992,0.9686142435135283
Boston,50,batch,3,256,12,12,excess,shared,9.307747677667066e-05,0.002187220904085748,0.01741997022606027,0.03747861794169567,0.12555824583521194,0.05835916648496323,0.47797629809630904,0.5263050859105624
Boston,50,batch,3,256,12,12,gate,shared,0.0008295400184579194,0.007009589384685946,0.01741997022606027,0.03747861794169567,0.40238813808071855,0.18702902533894256,0.6141386394107392,0.6735655701767536
Boston,50,batch,3,256,12,12,amp_true,shared,0.0056671868078410625,0.09962839050768349,0.01741997022606027,0.03747861794169567,5.7192055563125725,2.6582727960425943,0.4497810153045815,0.49367422113856296
Boston,50,batch,3,256,12,12,dual_base,shared,0.002957962453365326,0.03747861794169567,0.01741997022606027,0.03747861794169567,2.1514742824087993,1.0,0.9963009408836925,1.0
Boston,50,batch,3,256,12,12,base,temporal,0.0012375720543786883,0.00023267832181214827,0.00023267832181214827,0.0004967285293402998,1.0,0.468421497998446,1.0000000000000002,0.9986996476608857
Boston,50,batch,3,256,12,12,tail,temporal,0.0036521372385323048,0.0015340049493062396,0.00023267832181214827,0.0004967285293402998,6.592814222481419,3.088215914120206,0.858943627913474,0.8832228839146059
Boston,50,batch,3,256,12,12,body,temporal,0.00111946533434093,0.00020104200573372463,0.00023267832181214827,0.0004967285293402998,0.8640341058331809,0.4047321501761264,0.987269050336255,0.9780590375403886
Boston,50,batch,3,256,12,12,excess,temporal,9.307747677667066e-05,2.9593586252815268e-05,0.00023267832181214827,0.0004967285293402998,0.12718669286564438,0.059576981197593415,0.6364566177164407,0.6742841897527083
Boston,50,batch,3,256,12,12,gate,temporal,0.0008295400184579194,5.994573212158733e-05,0.00023267832181214827,0.0004967285293402998,0.2576335073019146,0.1206810734249564,0.9179864620412165,0.9366522977783927
Boston,50,batch,3,256,12,12,amp_true,temporal,0.0056671868078410625,0.0014451884272571904,0.00023267832181214827,0.0004967285293402998,6.211100441165964,2.90941297286977,0.6636186772891772,0.7002086227888894
Boston,50,batch,3,256,12,12,dual_base,temporal,0.002957962453365326,0.0004967285293402998,0.00023267832181214827,0.0004967285293402998,2.1348294309142006,1.0,0.9986996476608857,0.9999999999999998
Boston,50,batch,3,256,12,12,base,excess,0.0012375720543786883,0.0011998631983399079,0.0011998631983399079,0.0032957653000626713,1.0,0.36406208849795574,0.9999999999999997,0.9995758202408567
Boston,50,batch,3,256,12,12,tail,excess,0.0036521372385323048,0.02397521110526851,0.0011998631983399079,0.0032957653000626713,19.981620520105825,7.274550498123335,0.9999812404881121,0.9996788323086903
Boston,50,batch,3,256,12,12,body,excess,0.00111946533434093,0.0,0.0011998631983399079,0.0032957653000626713,0.0,0.0,,
Boston,50,batch,3,256,12,12,excess,excess,9.307747677667066e-05,0.0010484107549515835,0.0011998631983399079,0.0032957653000626713,0.8737752407125503,0.31810843901161506,0.998954761982245,0.9998594927532047
Boston,50,batch,3,256,12,12,gate,excess,0.0008295400184579194,0.0,0.0011998631983399079,0.0032957653000626713,0.0,0.0,,
Boston,50,batch,3,256,12,12,amp_true,excess,0.0056671868078410625,0.04968705097123917,0.0011998631983399079,0.0032957653000626713,41.41059667467472,15.076028311328582,0.9746635459575039,0.9763381922949668
Boston,50,batch,3,256,12,12,dual_base,excess,0.002957962453365326,0.0032957653000626713,0.0011998631983399079,0.0032957653000626713,2.7467842205866355,1.0,0.9995758202408567,1.0
Boston,50,batch,3,256,12,12,base,full,0.0012375720543786883,0.01887529854668632,0.01887529854668632,0.04024805867880487,1.0,0.4689741360525865,0.9999999999999999,0.996242372139554
Boston,50,batch,3,256,12,12,tail,full,0.0036521372385323048,0.10996072338106612,0.01887529854668632,0.04024805867880487,5.825641544640385,2.7320752103497803,0.5471158135202734,0.5881354342477625
Boston,50,batch,3,256,12,12,body,full,0.00111946533434093,0.017483086250981036,0.01887529854668632,0.04024805867880487,0.9262415748147361,0.43438334232472803,0.9825300893739931,0.9682896092666875
Boston,50,batch,3,256,12,12,excess,full,9.307747677667066e-05,0.0024255103368915633,0.01887529854668632,0.04024805867880487,0.12850182638925078,0.060264033012078354,0.42523405302472617,0.4773322901867901
Boston,50,batch,3,256,12,12,gate,full,0.0008295400184579194,0.00709080929818024,0.01887529854668632,0.04024805867880487,0.3756660738711906,0.17617767243800878,0.5609563237206273,0.6223485258673664
Boston,50,batch,3,256,12,12,amp_true,full,0.0056671868078410625,0.11133112426168164,0.01887529854668632,0.04024805867880487,5.898244416442703,2.7661240794282085,0.39911937421026555,0.4470633982739031
Boston,50,batch,3,256,12,12,dual_base,full,0.002957962453365326,0.04024805867880487,0.01887529854668632,0.04024805867880487,2.1323137527734985,1.0,0.996242372139554,0.9999999999999999
Boston,50,accum4,0,1024,52,52,base,shared,0.0011071574845118448,0.013769726002324312,0.013769726002324312,0.030645759356946137,1.0,0.4493191322799864,0.9999999999999999,0.994586431449758
Boston,50,accum4,0,1024,52,52,tail,shared,0.0033792825997807086,0.08658398839778784,0.013769726002324312,0.030645759356946137,6.287996462905114,2.825317114492149,0.647553609928659,0.7172964782599922
Boston,50,accum4,0,1024,52,52,body,shared,0.0010019090113928542,0.012583730993014616,0.013769726002324312,0.030645759356946137,0.9138693820698028,0.4106189977688512,0.9869040693066078,0.9668879922298341
Boston,50,accum4,0,1024,52,52,excess,shared,8.033109133975813e-05,0.0014271891352761515,0.013769726002324312,0.030645759356946137,0.10364687975891777,0.04657052607680502,0.4973717134430173,0.5703106647420837
Boston,50,accum4,0,1024,52,52,gate,shared,0.0008970729395514354,0.008207176315434845,0.013769726002324312,0.030645759356946137,0.5960304739578322,0.2678078953711622,0.6993932675886108,0.7684583955163937
Boston,50,accum4,0,1024,52,52,amp_true,shared,0.00431941490387544,0.08825954097306313,0.013769726002324312,0.030645759356946137,6.409680262204566,2.8799919736059114,0.4756368333305805,0.5474391618639027
Boston,50,accum4,0,1024,52,52,dual_base,shared,0.0027182651683688164,0.030645759356946137,0.013769726002324312,0.030645759356946137,2.2255896269666637,1.0,0.994586431449758,1.0
Boston,50,accum4,0,1024,52,52,base,temporal,0.0011071574845118448,0.00023719477998931536,0.00023719477998931536,0.0005192627945656012,1.0,0.4567914021025616,1.0,0.9971846023097845
Boston,50,accum4,0,1024,52,52,tail,temporal,0.0033792825997807086,0.0012654781321807661,0.00023719477998931536,0.0005192627945656012,5.335185421187476,2.4370668290213726,0.6841199924992059,0.7360226010548998
Boston,50,accum4,0,1024,52,52,body,temporal,0.0010019090113928542,0.00022294241280175245,0.00023719477998931536,0.0005192627945656012,0.9399128126335456,0.42934409153703956,0.9915844646670957,0.9791899772558194
Boston,50,accum4,0,1024,52,52,excess,temporal,8.033109133975813e-05,1.7827526941047055e-05,0.00023719477998931536,0.0005192627945656012,0.07515986204186327,0.034332378763937826,0.40223919571849714,0.4689361160153092
Boston,50,accum4,0,1024,52,52,gate,temporal,0.0008970729395514354,0.00011461886864200993,0.00023719477998931536,0.0005192627945656012,0.4832267752569135,0.2207338362031049,0.7889577822965372,0.8327828061412444
Boston,50,accum4,0,1024,52,52,amp_true,temporal,0.00431941490387544,0.0012195933408243064,0.00023719477998931536,0.0005192627945656012,5.141737692875214,2.3487015699720595,0.36784668369966445,0.4355637498600347
Boston,50,accum4,0,1024,52,52,dual_base,temporal,0.0027182651683688164,0.0005192627945656012,0.00023719477998931536,0.0005192627945656012,2.1891830612334378,1.0,0.9971846023097845,1.0
Boston,50,accum4,0,1024,52,52,base,excess,0.0011071574845118448,0.0005759919176816947,0.0005759919176816947,0.00146894719835839,1.0,0.39211206388179903,1.0,0.9991549927924636
Boston,50,accum4,0,1024,52,52,tail,excess,0.0033792825997807086,0.011522400446481958,0.0005759919176816947,0.00146894719835839,20.004448140276647,7.843985447100293,0.9999781338263365,0.9993166091433768
Boston,50,accum4,0,1024,52,52,body,excess,0.0010019090113928542,0.0,0.0005759919176816947,0.00146894719835839,0.0,0.0,,
Boston,50,accum4,0,1024,52,52,excess,excess,8.033109133975813e-05,0.00044692719872845666,0.0005759919176816947,0.00146894719835839,0.775926163213002,0.30425000927733586,0.997694264075808,0.9996394961465261
Boston,50,accum4,0,1024,52,52,gate,excess,0.0008970729395514354,0.0,0.0005759919176816947,0.00146894719835839,0.0,0.0,,
Boston,50,accum4,0,1024,52,52,amp_true,excess,0.00431941490387544,0.03655837770076208,0.0005759919176816947,0.00146894719835839,63.47029633315969,24.887468890384625,0.990419069552229,0.9929529071674044
Boston,50,accum4,0,1024,52,52,dual_base,excess,0.0027182651683688164,0.00146894719835839,0.0005759919176816947,0.00146894719835839,2.550291337890198,1.0,0.9991549927924636,1.0000000000000002
Boston,50,accum4,0,1024,52,52,base,full,0.0011071574845118448,0.015448829719791493,0.015448829719791493,0.03369698412178269,1.0,0.4584632756438559,1.0,0.9944397753403085
Boston,50,accum4,0,1024,52,52,tail,full,0.0033792825997807086,0.09015692623677966,0.015448829719791493,0.03369698412178269,5.835841799801809,2.6755191476764733,0.626883059622014,0.6935999506046604
Boston,50,accum4,0,1024,52,52,body,full,0.0010019090113928542,0.01436482917702084,0.015448829719791493,0.03369698412178269,0.9298328376691252,0.4262942085590089,0.9884490059204185,0.9693683151577003
Boston,50,accum4,0,1024,52,52,excess,full,8.033109133975813e-05,0.001495530925395244,0.015448829719791493,0.03369698412178269,0.09680545080248504,0.04438174407508743,0.4341713775769328,0.5079905044421407
Boston,50,accum4,0,1024,52,52,gate,full,0.0008970729395514354,0.008353106308900652,0.015448829719791493,0.03369698412178269,0.5406950856736733,0.2478888401024876,0.6133100417659682,0.6913398324875096
Boston,50,accum4,0,1024,52,52,amp_true,full,0.00431941490387544,0.09553146891410906,0.015448829719791493,0.03369698412178269,6.183734991377613,2.8350153998605117,0.40580132247354,0.47653569789325084
Boston,50,accum4,0,1024,52,52,dual_base,full,0.0027182651683688164,0.03369698412178269,0.015448829719791493,0.03369698412178269,2.1811997887848737,1.0,0.9944397753403085,1.0
Boston,50,batch,4,256,13,13,base,shared,0.0010722775477916002,0.014310132360464765,0.014310132360464765,0.029254678133553716,1.0,0.48915706045836577,0.9999999999999999,0.992040072435132
Boston,50,batch,4,256,13,13,tail,shared,0.0026826155371963978,0.07149399096401461,0.014310132360464765,0.029254678133553716,4.996039810332867,2.4438481475553964,0.5895396959376793,0.6045744648921039
Boston,50,batch,4,256,13,13,body,shared,0.0009935344569385052,0.013612213415463115,0.014310132360464765,0.029254678133553716,0.9512290363623874,0.4653003992496693,0.9957813494138483,0.984561155981918
Boston,50,batch,4,256,13,13,excess,shared,3.1464103813050315e-05,0.0004504033451765525,0.014310132360464765,0.029254678133553716,0.03147443600318483,0.015395942594902843,0.46455708530621925,0.472289832369215
Boston,50,batch,4,256,13,13,gate,shared,0.000949452689383179,0.008092892889920208,0.014310132360464765,0.029254678133553716,0.5655358515256504,0.27663585471610597,0.18299268993664464,0.3044729806450601
Boston,50,batch,4,256,13,13,amp_true,shared,0.0020142788998782635,0.03158975795479178,0.014310132360464765,0.029254678133553716,2.2075098370205297,1.0798190228098885,0.47449923742635447,0.47579630345281804
Boston,50,batch,4,256,13,13,dual_base,shared,0.002603466622531414,0.029254678133553716,0.014310132360464765,0.029254678133553716,2.0443331617516627,1.0,0.992040072435132,1.0000000000000002
Boston,50,batch,4,256,13,13,base,temporal,0.0010722775477916002,0.00025191108616114615,0.00025191108616114615,0.0005035481879223415,1.0,0.5002720538039084,1.0000000000000002,0.999813714518446
Boston,50,batch,4,256,13,13,tail,temporal,0.0026826155371963978,0.0011287639238004052,0.00025191108616114615,0.0005035481879223415,4.480802893598502,2.241620466271018,0.6141582186012228,0.59978575417919
Boston,50,batch,4,256,13,13,body,temporal,0.0009935344569385052,0.0002413345176261556,0.00025191108616114615,0.0005035481879223415,0.9580146761455953,0.4792679696096431,0.9971593506982483,0.9983155162894828
Boston,50,batch,4,256,13,13,excess,temporal,3.1464103813050315e-05,6.700701014229675e-06,0.00025191108616114615,0.0005035481879223415,0.026599468551944845,0.013306970762573919,0.44261206829273736,0.42657203963993395
Boston,50,batch,4,256,13,13,gate,temporal,0.000949452689383179,1.3650529959507606e-05,0.00025191108616114615,0.0005035481879223415,0.05418788893941506,0.02710868649101926,0.7602255096564793,0.7706561462122115
Boston,50,batch,4,256,13,13,amp_true,temporal,0.0020142788998782635,0.000490218603529688,0.00025191108616114615,0.0005035481879223415,1.9459985306724366,0.9735286816388877,0.4497362517608762,0.4337204393822617
Boston,50,batch,4,256,13,13,dual_base,temporal,0.002603466622531414,0.0005035481879223415,0.00025191108616114615,0.0005035481879223415,1.9989123765685501,1.0,0.999813714518446,1.0000000000000004
Boston,50,batch,4,256,13,13,base,excess,0.0010722775477916002,0.00016301111297992163,0.00016301111297992163,0.00035240898977517075,1.0,0.4625623003656041,1.0,0.998562903280171
Boston,50,batch,4,256,13,13,tail,excess,0.0026826155371963978,0.003720992438588755,0.00016301111297992163,0.00035240898977517075,22.826618201466278,10.55873302483761,0.996881489605273,0.9983051679966433
Boston,50,batch,4,256,13,13,body,excess,0.0009935344569385052,0.0,0.00016301111297992163,0.00035240898977517075,0.0,0.0,,
Boston,50,batch,4,256,13,13,excess,excess,3.1464103813050315e-05,9.506339865070679e-05,0.00016301111297992163,0.00035240898977517075,0.5831712753376264,0.2697530466273155,0.9950867686067817,0.9989579898216703
Boston,50,batch,4,256,13,13,gate,excess,0.000949452689383179,0.0,0.00016301111297992163,0.00035240898977517075,0.0,0.0,,
Boston,50,batch,4,256,13,13,amp_true,excess,0.0020142788998782635,0.006743995584720033,0.00016301111297992163,0.00035240898977517075,41.371385431560746,19.136843214534778,0.9911818772708098,0.9943929989438761
Boston,50,batch,4,256,13,13,dual_base,excess,0.002603466622531414,0.00035240898977517075,0.00016301111297992163,0.00035240898977517075,2.161870950593274,1.0,0.998562903280171,1.0
Boston,50,batch,4,256,13,13,base,full,0.0010722775477916002,0.016219311042180853,0.016219311042180853,0.03295594389603317,1.0,0.492151312471834,1.0,0.9936227933712546
Boston,50,batch,4,256,13,13,tail,full,0.0026826155371963978,0.07652555071897597,0.016219311042180853,0.03295594389603317,4.71817517525617,2.3220561049743496,0.5703586510422823,0.5820924988424686
Boston,50,batch,4,256,13,13,body,full,0.0009935344569385052,0.015557177172089024,0.016219311042180853,0.03295594389603317,0.9591762024681662,0.47205982693645754,0.9964855163751831,0.9875124754515996
Boston,50,batch,4,256,13,13,excess,full,3.1464103813050315e-05,0.0004603262137976197,0.016219311042180853,0.03295594389603317,0.028381366668440444,0.013967926855617327,0.4031040054103416,0.41241584545668797
Boston,50,batch,4,256,13,13,gate,full,0.000949452689383179,0.008120094922209341,0.016219311042180853,0.03295594389603317,0.5006436402318055,0.24639242462075978,0.16088899346605726,0.27018557296717743
Boston,50,batch,4,256,13,13,amp_true,full,0.0020142788998782635,0.03230161426444589,0.016219311042180853,0.03295594389603317,1.9915527965670363,0.9801453226874183,0.4114996432931414,0.41527203459988743
Boston,50,batch,4,256,13,13,dual_base,full,0.002603466622531414,0.03295594389603317,0.016219311042180853,0.03295594389603317,2.0318954245544765,1.0,0.9936227933712546,1.0000000000000002
Boston,50,batch,5,256,12,12,base,shared,0.0009818876860663295,0.011736687890112953,0.011736687890112953,0.02279332007627302,1.0,0.5149178729048077,1.0000000000000004,0.9925944238620084
Boston,50,batch,5,256,12,12,tail,shared,0.0017923808190971613,0.07090570379457488,0.011736687890112953,0.02279332007627302,6.0413725284717,3.1108106917861877,0.5378173444277978,0.5127183327236418
Boston,50,batch,5,256,12,12,body,shared,0.0009123578201979399,0.010854356312660924,0.011736687890112953,0.02279332007627302,0.924822779159416,0.4762077782586792,0.9817227715120576,0.969833402604638
Boston,50,batch,5,256,12,12,excess,shared,3.743387424037792e-05,0.001900743157598648,0.011736687890112953,0.02279332007627302,0.16194885434414968,0.08339035959826008,0.3991510500468409,0.3956774828269478
Boston,50,batch,5,256,12,12,gate,shared,0.0007527556736022234,0.007597552082509096,0.011736687890112953,0.02279332007627302,0.6473335709054097,0.33332362539048704,-0.3374030471357273,-0.23276962381601526
Boston,50,batch,5,256,12,12,amp_true,shared,0.0024164412170648575,0.08471131886351971,0.011736687890112953,0.02279332007627302,7.217651151384963,3.716497578240081,0.40701921683921777,0.39862541363462217
Boston,50,batch,5,256,12,12,dual_base,shared,0.002345491200685501,0.02279332007627302,0.011736687890112953,0.02279332007627302,1.9420572728592564,1.0,0.9925944238620084,1.0
Boston,50,batch,5,256,12,12,base,temporal,0.0009818876860663295,0.00020222778478518627,0.00020222778478518627,0.0003701344143453289,1.0,0.5463630966141703,0.9999999999999999,0.9992860232436643
Boston,50,batch,5,256,12,12,tail,temporal,0.0017923808190971613,0.00103460656805334,0.00020222778478518627,0.0003701344143453289,5.116045597553951,2.7952185150988695,0.5239688727977915,0.49470760059924324
Boston,50,batch,5,256,12,12,body,temporal,0.0009123578201979399,0.00019556334855040788,0.00020222778478518627,0.0003701344143453289,0.9670449031429702,0.5283576478461436,0.9918375893322574,0.9954206048870602
Boston,50,batch,5,256,12,12,excess,temporal,3.743387424037792e-05,2.2558664373107337e-05,0.00020222778478518627,0.0003701344143453289,0.11155076636511631,0.06094722214092878,0.2996506448397178,0.26737996839566525
Boston,50,batch,5,256,12,12,gate,temporal,0.0007527556736022234,0.00010121050779866239,0.00020222778478518627,0.0003701344143453289,0.5004777553498491,0.27344257619945267,-0.7871539405066101,-0.7641817163336762
Boston,50,batch,5,256,12,12,amp_true,temporal,0.0024164412170648575,0.0010757213805415024,0.00020222778478518627,0.0003701344143453289,5.3193550118949915,2.906299276289054,0.32047877391599594,0.2883837651297868
Boston,50,batch,5,256,12,12,dual_base,temporal,0.002345491200685501,0.0003701344143453289,0.00020222778478518627,0.0003701344143453289,1.830284670024444,1.0,0.9992860232436643,1.0000000000000002
Boston,50,batch,5,256,12,12,base,excess,0.0009818876860663295,0.0006842230462938653,0.0006842230462938653,0.001922705096792711,1.0,0.35586479041181435,0.9999999999999999,0.9996902637459899
Boston,50,batch,5,256,12,12,tail,excess,0.0017923808190971613,0.014523150701833772,0.0006842230462938653,0.001922705096792711,21.225754935469183,7.553498831443275,0.9987978996422372,0.9983681315687536
Boston,50,batch,5,256,12,12,body,excess,0.0009123578201979399,0.0,0.0006842230462938653,0.001922705096792711,0.0,0.0,,
Boston,50,batch,5,256,12,12,excess,excess,3.743387424037792e-05,0.000620228896831507,0.0006842230462938653,0.001922705096792711,0.9064718006664838,0.3225813973583982,0.99926807465411,0.9999048667441164
Boston,50,batch,5,256,12,12,gate,excess,0.0007527556736022234,0.0,0.0006842230462938653,0.001922705096792711,0.0,0.0,,
Boston,50,batch,5,256,12,12,amp_true,excess,0.0024164412170648575,0.02833007078811897,0.0006842230462938653,0.001922705096792711,41.4047304334025,14.734485717740451,0.9941149640037996,0.9944428421201659
Boston,50,batch,5,256,12,12,dual_base,excess,0.002345491200685501,0.001922705096792711,0.0006842230462938653,0.001922705096792711,2.810056029546443,1.0,0.9996902637459899,1.0
Boston,50,batch,5,256,12,12,base,full,0.0009818876860663295,0.013182756335943171,0.013182756335943171,0.02581045256422797,1.0,0.5107526225330055,0.9999999999999999,0.9934087536648177
Boston,50,batch,5,256,12,12,tail,full,0.0017923808190971613,0.07379628319365678,0.013182756335943171,0.02581045256422797,5.597940317871844,2.85916269813629,0.5183335470130572,0.4983176660585299
Boston,50,batch,5,256,12,12,body,full,0.0009123578201979399,0.012387795925376852,0.013182756335943171,0.02581045256422797,0.93969695029568,0.47995268174978584,0.9838534343556977,0.973286442520844
Boston,50,batch,5,256,12,12,excess,full,3.743387424037792e-05,0.001999377011877176,0.013182756335943171,0.02581045256422797,0.1516660826405337,0.0774638494579601,0.3539246146110513,0.355292992358356
Boston,50,batch,5,256,12,12,gate,full,0.0007527556736022234,0.007739902251225244,0.013182756335943171,0.02581045256422797,0.5871232126260404,0.2998747205987535,-0.2952331515197105,-0.19651303865974606
Boston,50,batch,5,256,12,12,amp_true,full,0.0024164412170648575,0.08932301189758853,0.013182756335943171,0.02581045256422797,6.7757462568011455,3.46073017027938,0.3600275095579804,0.35734812110991987
Boston,50,batch,5,256,12,12,dual_base,full,0.002345491200685501,0.02581045256422797,0.013182756335943171,0.02581045256422797,1.9578949884596604,1.0,0.9934087536648177,0.9999999999999999
Boston,50,batch,6,256,10,10,base,shared,0.0009911460801959038,0.011987868672878581,0.011987868672878581,0.023509041846512237,1.0,0.5099258724003285,1.0000000000000002,0.9973612985941446
Boston,50,batch,6,256,10,10,tail,shared,0.001486486755311489,0.020937375437092866,0.011987868672878581,0.023509041846512237,1.7465469474537787,0.8906094758684987,0.35073062360535057,0.34617453167391155
Boston,50,batch,6,256,10,10,body,shared,0.000933959090616554,0.011749670732211979,0.011987868672878581,0.023509041846512237,0.9801300842404536,0.49979368827212073,0.9972956419762464,0.9946517766355091
Boston,50,batch,6,256,10,10,excess,shared,4.058610647916794e-05,0.0005567742251333432,0.011987868672878581,0.023509041846512237,0.04644480518818096,0.02368340780404648,0.33572406261183285,0.3339185225748231
Boston,50,batch,6,256,10,10,gate,shared,0.0004166578291915357,0.003688318990111456,0.011987868672878581,0.023509041846512237,0.30767095392493987,0.15688937959241622,-0.34287772762431135,-0.27439471796539694
Boston,50,batch,6,256,10,10,amp_true,shared,0.002082677325233817,0.055158187332633474,0.011987868672878581,0.023509041846512237,4.601167133022041,2.346254164365982,0.3070513556150168,0.30583058708520755
Boston,50,batch,6,256,10,10,dual_base,shared,0.002214606385678053,0.023509041846512237,0.011987868672878581,0.023509041846512237,1.9610693516937852,1.0,0.9973612985941446,0.9999999999999996
Boston,50,batch,6,256,10,10,base,temporal,0.0009911460801959038,0.00021614784082019104,0.00021614784082019104,0.00041762004459074966,1.0,0.5175705611353185,1.0,0.9999584773020612
Boston,50,batch,6,256,10,10,tail,temporal,0.001486486755311489,0.0003135536920863812,0.00021614784082019104,0.00041762004459074966,1.4506445722361858,0.7508109252601868,0.3909006977001783,0.3857266174649484
Boston,50,batch,6,256,10,10,body,temporal,0.000933959090616554,0.00021347308604898908,0.00021614784082019104,0.00041762004459074966,0.9876253458695106,0.5111658044531456,0.998663647268477,0.9989212454282272
Boston,50,batch,6,256,10,10,excess,temporal,4.058610647916794e-05,6.737938294503632e-06,0.00021614784082019104,0.00041762004459074966,0.031172822587243815,0.016134135278651512,0.29985285254512567,0.29454526846744333
Boston,50,batch,6,256,10,10,gate,temporal,0.0004166578291915357,3.3178442538962594e-05,0.00021614784082019104,0.00041762004459074966,0.1534988386331514,0.07944648004497987,-0.9562290017222703,-0.9537872454048214
Boston,50,batch,6,256,10,10,amp_true,temporal,0.002082677325233817,0.0008721022845251734,0.00021614784082019104,0.00041762004459074966,4.034748999647225,2.088267303787579,0.3483903315869947,0.3434535465446972
Boston,50,batch,6,256,10,10,dual_base,temporal,0.002214606385678053,0.00041762004459074966,0.00021614784082019104,0.00041762004459074966,1.9321037073794285,1.0,0.9999584773020612,1.0000000000000002
Boston,50,batch,6,256,10,10,base,excess,0.0009911460801959038,0.0002778017229636845,0.0002778017229636845,0.0006590615730463328,1.0,0.42151103072148727,0.9999999999999998,0.9965696666715552
Boston,50,batch,6,256,10,10,tail,excess,0.001486486755311489,0.0055823692747801945,0.0002778017229636845,0.0006590615730463328,20.094797164054835,8.470178664759974,0.9999890180371176,0.9965828858951972
Boston,50,batch,6,256,10,10,body,excess,0.000933959090616554,0.0,0.0002778017229636845,0.0006590615730463328,0.0,0.0,,
Boston,50,batch,6,256,10,10,excess,excess,4.058610647916794e-05,0.00019254528715523855,0.0002778017229636845,0.0006590615730463328,0.6931032864054948,0.29215068064923033,0.9899681612299368,0.9982612204332031
Boston,50,batch,6,256,10,10,gate,excess,0.0004166578291915357,0.0,0.0002778017229636845,0.0006590615730463328,0.0,0.0,,
Boston,50,batch,6,256,10,10,amp_true,excess,0.002082677325233817,0.02158610728669298,0.0002778017229636845,0.0006590615730463328,77.7032880012584,32.752793015859005,0.9886922396383288,0.984435419452066
Boston,50,batch,6,256,10,10,dual_base,excess,0.002214606385678053,0.0006590615730463328,0.0002778017229636845,0.0006590615730463328,2.372417154275491,1.0,0.9965696666715552,1.0
Boston,50,batch,6,256,10,10,base,full,0.0009911460801959038,0.013302392833892746,0.013302392833892746,0.026203508764337014,1.0,0.5076569307388829,1.0000000000000002,0.9977306971291361
Boston,50,batch,6,256,10,10,tail,full,0.001486486755311489,0.021829312092240587,0.013302392833892746,0.026203508764337014,1.6410064237933473,0.8330682844257212,0.3250324890902137,0.32116825016673606
Boston,50,batch,6,256,10,10,body,full,0.000933959090616554,0.013098462377138922,0.013302392833892746,0.026203508764337014,0.9846696410713239,0.4998743677780258,0.9975406802080833,0.9952947435659594
Boston,50,batch,6,256,10,10,excess,full,4.058610647916794e-05,0.0005891275119857568,0.013302392833892746,0.026203508764337014,0.04428733381596862,0.022482771955622965,0.2926900798693839,0.2913360002654841
Boston,50,batch,6,256,10,10,gate,full,0.0004166578291915357,0.003749969247322043,0.013302392833892746,0.026203508764337014,0.2819018573686694,0.14310943168136905,-0.3039457844662874,-0.23981441752771862
Boston,50,batch,6,256,10,10,amp_true,full,0.002082677325233817,0.05923162717344938,0.013302392833892746,0.026203508764337014,4.4527047060687455,2.260446404569439,0.265203971341995,0.2645363227159652
Boston,50,batch,6,256,10,10,dual_base,full,0.002214606385678053,0.026203508764337014,0.013302392833892746,0.026203508764337014,1.9698342314454826,1.0,0.9977306971291361,1.0
Boston,50,batch,7,256,14,14,base,shared,0.0010385594796389341,0.009690663970336483,0.009690663970336483,0.021822355875699525,1.0,0.44407047642035785,1.0,0.9743238391315262
Boston,50,batch,7,256,14,14,tail,shared,0.003975847736001015,0.09351109887172177,0.009690663970336483,0.021822355875699525,9.64960699885612,4.285105577251256,0.830952328373934,0.8655210689633761
Boston,50,batch,7,256,14,14,body,shared,0.000878026126883924,0.007365966588069762,0.009690663970336483,0.021822355875699525,0.760109586981582,0.3375422264225926,0.9386146719576797,0.8631830251302315
Boston,50,batch,7,256,14,14,excess,shared,0.00012927045463584363,0.002960393825097641,0.009690663970336483,0.021822355875699525,0.30548926618026656,0.1356587639739765,0.6591919790912238,0.7698106041741649
Boston,50,batch,7,256,14,14,gate,shared,0.0007803646731190383,0.007272177946461144,0.009690663970336483,0.021822355875699525,0.7504313397638775,0.33324440256971255,0.20771708328355482,0.40193246438568425
Boston,50,batch,7,256,14,14,amp_true,shared,0.004590352065861225,0.0950832117454263,0.009690663970336483,0.021822355875699525,9.811836633328726,4.357146968321008,0.7255045183615326,0.7545706828115241
Boston,50,batch,7,256,14,14,dual_base,shared,0.002565308939665556,0.021822355875699525,0.009690663970336483,0.021822355875699525,2.2518948074660976,1.0,0.9743238391315262,0.9999999999999998
Boston,50,batch,7,256,14,14,base,temporal,0.0010385594796389341,0.00013856540709672233,0.00013856540709672233,0.00024374262980661517,1.0,0.568490654288336,1.0,0.9957486197594633
Boston,50,batch,7,256,14,14,tail,temporal,0.003975847736001015,0.0008283596078131834,0.00013856540709672233,0.00024374262980661517,5.978112612442776,3.3985011504569473,0.9085496074633524,0.8781716535742271
Boston,50,batch,7,256,14,14,body,temporal,0.000878026126883924,0.00012458993473404633,0.00013856540709672233,0.00024374262980661517,0.899141693042328,0.5111536493755553,0.9943106810697367,0.9945652868933671
Boston,50,batch,7,256,14,14,excess,temporal,0.00012927045463584363,9.518830525882262e-06,0.00013856540709672233,0.00024374262980661517,0.06869557651743387,0.039052793241110426,0.46084012445064504,0.4895606961605259
Boston,50,batch,7,256,14,14,gate,temporal,0.0007803646731190383,6.066946978232733e-05,0.00013856540709672233,0.00024374262980661517,0.43783994182601743,0.24890791500223963,-0.9327161371093499,-0.8983698050299683
Boston,50,batch,7,256,14,14,amp_true,temporal,0.004590352065861225,0.0008253577811056942,0.00013856540709672233,0.00024374262980661517,5.9564490041123515,3.386185591582938,0.8187236056237024,0.7720685414125488
Boston,50,batch,7,256,14,14,dual_base,temporal,0.002565308939665556,0.00024374262980661517,0.00013856540709672233,0.00024374262980661517,1.7590438689829444,1.0,0.9957486197594633,1.0000000000000002
Boston,50,batch,7,256,14,14,base,excess,0.0010385594796389341,0.0003667004887304773,0.0003667004887304773,0.0012492336453422603,1.0,0.29354035579950305,1.0,0.9329075740580725
Boston,50,batch,7,256,14,14,tail,excess,0.003975847736001015,0.007482284646787886,0.0003667004887304773,0.0012492336453422603,20.404348717100625,5.989499782274851,0.9991391572567097,0.9278135280248874
Boston,50,batch,7,256,14,14,body,excess,0.000878026126883924,0.0,0.0003667004887304773,0.0012492336453422603,0.0,0.0,,
Boston,50,batch,7,256,14,14,excess,excess,0.00012927045463584363,0.00045803014475745044,0.0003667004887304773,0.0012492336453422603,1.249057906476094,0.366648902281175,0.87123917064879,0.9895484915588243
Boston,50,batch,7,256,14,14,gate,excess,0.0007803646731190383,0.0,0.0003667004887304773,0.0012492336453422603,0.0,0.0,,
Boston,50,batch,7,256,14,14,amp_true,excess,0.004590352065861225,0.012927806627859572,0.0003667004887304773,0.0012492336453422603,35.25440250329591,10.348589854316371,0.5599089645153815,0.2439928576643412
Boston,50,batch,7,256,14,14,dual_base,excess,0.002565308939665556,0.0012492336453422603,0.0003667004887304773,0.0012492336453422603,3.4066866113735665,1.0,0.9329075740580725,1.0
Boston,50,batch,7,256,14,14,base,full,0.0010385594796389341,0.010904091996839402,0.010904091996839402,0.02399379494678039,1.0,0.4544546630087197,1.0000000000000002,0.9775048542165604
Boston,50,batch,7,256,14,14,tail,full,0.003975847736001015,0.09543286514157051,0.010904091996839402,0.02399379494678039,8.7520231092357,3.9773977127522375,0.7975076008258356,0.838966499619138
Boston,50,batch,7,256,14,14,body,full,0.000878026126883924,0.008845792149061468,0.010904091996839402,0.02399379494678039,0.8112360159493756,0.3686699902488098,0.9477376249742235,0.8817895643652929
Boston,50,batch,7,256,14,14,excess,full,0.00012927045463584363,0.002995617334237264,0.010904091996839402,0.02399379494678039,0.27472414347802243,0.12484966804466383,0.5834272721990567,0.6997877234003324
Boston,50,batch,7,256,14,14,gate,full,0.0007803646731190383,0.007338606353878091,0.010904091996839402,0.02399379494678039,0.6730139800732805,0.30585434151435986,0.1830520832363777,0.3650724776052741
Boston,50,batch,7,256,14,14,amp_true,full,0.004590352065861225,0.09595803947576724,0.010904091996839402,0.02399379494678039,8.800186159799559,3.999285635665707,0.6414275677354954,0.6817367927878232
Boston,50,batch,7,256,14,14,dual_base,full,0.002565308939665556,0.02399379494678039,0.010904091996839402,0.02399379494678039,2.2004395188278947,1.0,0.9775048542165604,1.0000000000000002
Boston,50,accum4,1,1024,49,49,base,shared,0.001020967698423192,0.011086574051351186,0.011086574051351186,0.022299400087941647,1.0,0.49716916184423393,1.0,0.9926977249363463
Boston,50,accum4,1,1024,49,49,tail,shared,0.0024843327119015157,0.05842994098286905,0.011086574051351186,0.022299400087941647,5.270333352055485,2.6202472152811374,0.6363999928700266,0.6413079088085941
Boston,50,accum4,1,1024,49,49,body,shared,0.0009294693736592308,0.010230066177651594,0.011086574051351186,0.022299400087941647,0.9227436835101278,0.45875970372779135,0.9876925788021002,0.9722632053698983
Boston,50,accum4,1,1024,49,49,excess,shared,5.968863479210995e-05,0.001181927226338044,0.011086574051351186,0.022299400087941647,0.10660887852852934,0.05300264678318268,0.49227824107025636,0.5405769719822547
Boston,50,accum4,1,1024,49,49,gate,shared,0.0007248077163239941,0.004843166463887307,0.011086574051351186,0.022299400087941647,0.4368496923805819,0.21718819541276535,-0.08854846936428928,0.02988739223772166
Boston,50,accum4,1,1024,49,49,amp_true,shared,0.002775937377009541,0.05947543836476552,0.011086574051351186,0.022299400087941647,5.364636369115029,2.6671317672320134,0.5015143751621411,0.5062417687188151
Boston,50,accum4,1,1024,49,49,dual_base,shared,0.002432218287140131,0.022299400087941647,0.011086574051351186,0.022299400087941647,2.0113878268123675,1.0,0.9926977249363463,1.0
Boston,50,accum4,1,1024,49,49,base,temporal,0.001020967698423192,0.0001986470779886809,0.0001986470779886809,0.00037875126894879274,1.0,0.5244789767702086,1.0000000000000002,0.9993031713323137
Boston,50,accum4,1,1024,49,49,tail,temporal,0.0024843327119015157,0.0008151004104725589,0.0001986470779886809,0.00037875126894879274,4.103258999455326,2.152073081457479,0.6437727165635532,0.6158843744352444
Boston,50,accum4,1,1024,49,49,body,temporal,0.0009294693736592308,0.00019031630028955695,0.0001986470779886809,0.00037875126894879274,0.9580624201298413,0.5024835977916888,0.9961548440398282,0.9985219224657679
Boston,50,accum4,1,1024,49,49,excess,temporal,5.968863479210995e-05,9.790031643212715e-06,0.0001986470779886809,0.00037875126894879274,0.04928354216099046,0.02584818176420771,0.4574258325747376,0.4268957464536914
Boston,50,accum4,1,1024,49,49,gate,temporal,0.0007248077163239941,4.705670120454944e-05,0.0001986470779886809,0.00037875126894879274,0.23688594708264862,0.12424169913714934,-0.7909716129438953,-0.7677138090043127
Boston,50,accum4,1,1024,49,49,amp_true,temporal,0.002775937377009541,0.0008062955207558568,0.0001986470779886809,0.00037875126894879274,4.058934714367156,2.128825925768365,0.44954144526225104,0.4170333027285882
Boston,50,accum4,1,1024,49,49,dual_base,temporal,0.002432218287140131,0.00037875126894879274,0.0001986470779886809,0.00037875126894879274,1.9066541163539006,1.0,0.9993031713323137,1.0
Boston,50,accum4,1,1024,49,49,base,excess,0.001020967698423192,0.0002787374406506526,0.0002787374406506526,0.0006283178843096387,1.0,0.4436248714405353,1.0,0.9944217125897722
Boston,50,accum4,1,1024,49,49,tail,excess,0.0024843327119015157,0.005944368177379483,0.0002787374406506526,0.0006283178843096387,21.32604849748076,9.460765523029524,0.9989467693806482,0.9919587993511081
Boston,50,accum4,1,1024,49,49,body,excess,0.0009294693736592308,0.0,0.0002787374406506526,0.0006283178843096387,0.0,0.0,,
Boston,50,accum4,1,1024,49,49,excess,excess,5.968863479210995e-05,0.0001765805614512491,0.0002787374406506526,0.0006283178843096387,0.6335014092081055,0.2810369812173437,0.9825899957154365,0.9967012687232077
Boston,50,accum4,1,1024,49,49,gate,excess,0.0007248077163239941,0.0,0.0002787374406506526,0.0006283178843096387,0.0,0.0,,
Boston,50,accum4,1,1024,49,49,amp_true,excess,0.002775937377009541,0.01607773461918743,0.0002787374406506526,0.0006283178843096387,57.68057058161048,25.588535708883672,0.9674323894936055,0.9400451203526995
Boston,50,accum4,1,1024,49,49,dual_base,excess,0.002432218287140131,0.0006283178843096387,0.0002787374406506526,0.0006283178843096387,2.2541567535490237,1.0,0.9944217125897722,0.9999999999999999
Boston,50,accum4,1,1024,49,49,base,full,0.001020967698423192,0.012389419470394033,0.012389419470394033,0.02487912291139581,1.0,0.49798457584367234,1.0000000000000002,0.9940079172619443
Boston,50,accum4,1,1024,49,49,tail,full,0.0024843327119015157,0.060683751247766135,0.012389419470394033,0.02487912291139581,4.898030242076883,2.4391435125701366,0.6228076391003498,0.6269589235814974
Boston,50,accum4,1,1024,49,49,body,full,0.0009294693736592308,0.011607471013348617,0.012389419470394033,0.02487912291139581,0.9368857871901122,0.4665546713478331,0.9895729320127785,0.9771150261016537
Boston,50,accum4,1,1024,49,49,excess,full,5.968863479210995e-05,0.001195045046448702,0.012389419470394033,0.02487912291139581,0.09645690415958567,0.04803405050510503,0.4389423136587898,0.4829252134493958
Boston,50,accum4,1,1024,49,49,gate,full,0.0007248077163239941,0.004895195415932836,0.012389419470394033,0.02487912291139581,0.3951109596079524,0.19675916363155252,-0.07868150361206659,0.028443807840523663
Boston,50,accum4,1,1024,49,49,amp_true,full,0.002775937377009541,0.06161023712960404,0.012389419470394033,0.02487912291139581,4.972810653221397,2.4763830038953523,0.4389059003969237,0.44422231699574327
Boston,50,accum4,1,1024,49,49,dual_base,full,0.002432218287140131,0.02487912291139581,0.012389419470394033,0.02487912291139581,2.008094323616,1.0,0.9940079172619443,0.9999999999999998
Boston,50,batch,8,256,15,15,base,shared,0.0010022909846156836,0.014036726558462526,0.014036726558462526,0.03004710986250076,1.0,0.4671572947513521,1.0,0.9871902731415638
Boston,50,batch,8,256,15,15,tail,shared,0.004093936178833246,0.06573790865063323,0.014036726558462526,0.03004710986250076,4.683279137542282,2.187828012459698,0.7159130894629249,0.7715420007138112
Boston,50,batch,8,256,15,15,body,shared,0.0008344207890331745,0.012945641018900176,0.014036726558462526,0.03004710986250076,0.92226923171738,0.43084479932149905,0.9895474818565467,0.9627139739636401
Boston,50,batch,8,256,15,15,excess,shared,0.00012252668966539204,0.002608699447729282,0.014036726558462526,0.03004710986250076,0.1858481346675901,0.08682031182589636,0.15994340808707422,0.24194323723510422
Boston,50,batch,8,256,15,15,gate,shared,0.0008468530722893775,0.010101540074219586,0.014036726558462526,0.03004710986250076,0.719650698625993,0.3361900735360394,0.3917747392933667,0.48772803861913366
Boston,50,batch,8,256,15,15,amp_true,shared,0.003565507708117366,0.04887068585120883,0.014036726558462526,0.03004710986250076,3.4816298264174312,1.6264687710347867,0.5798871664598222,0.5702095539075945
Boston,50,batch,8,256,15,15,dual_base,shared,0.0025051916018128395,0.03004710986250076,0.014036726558462526,0.03004710986250076,2.1406066248676634,1.0,0.9871902731415638,1.0
Boston,50,batch,8,256,15,15,base,temporal,0.0010022909846156836,0.00026598290792836503,0.00026598290792836503,0.000541186296050772,1.0,0.49148123274616606,1.0000000000000002,0.9991176694017547
Boston,50,batch,8,256,15,15,tail,temporal,0.004093936178833246,0.0008182315366295709,0.00026598290792836503,0.000541186296050772,3.076256076010487,1.5119221284805178,0.9255460781867703,0.9122587956152062
Boston,50,batch,8,256,15,15,body,temporal,0.0008344207890331745,0.0002469508333661724,0.00026598290792836503,0.000541186296050772,0.9284462497593328,0.45631390737027167,0.9997456240553518,0.9983140237169406
Boston,50,batch,8,256,15,15,excess,temporal,0.00012252668966539204,2.0609919707982846e-05,0.00026598290792836503,0.000541186296050772,0.07748588008344334,0.03808285586383234,0.2853904704702124,0.3252233033932314
Boston,50,batch,8,256,15,15,gate,temporal,0.0008468530722893775,4.404602705934274e-05,0.00026598290792836503,0.000541186296050772,0.16559720849132642,0.08138792016864098,0.7268314658803927,0.7006317245721264
Boston,50,batch,8,256,15,15,amp_true,temporal,0.003565507708117366,0.0007027004374778414,0.00026598290792836503,0.000541186296050772,2.6419007256928473,1.2984446254565114,0.6857597023058775,0.6571745681346415
Boston,50,batch,8,256,15,15,dual_base,temporal,0.0025051916018128395,0.000541186296050772,0.00026598290792836503,0.000541186296050772,2.0346656868512967,1.0,0.9991176694017547,1.0000000000000004
Boston,50,batch,8,256,15,15,base,excess,0.0010022909846156836,0.0011660662592035348,0.0011660662592035348,0.003695229826519048,1.0,0.3155598742019204,0.9999999999999999,0.998587174753679
Boston,50,batch,8,256,15,15,tail,excess,0.004093936178833246,0.02332320738544218,0.0011660662592035348,0.003695229826519048,20.00161414615733,6.311706843796758,0.9999970349452689,0.9985761368653796
Boston,50,batch,8,256,15,15,body,excess,0.0008344207890331745,0.0,0.0011660662592035348,0.003695229826519048,0.0,0.0,,
Boston,50,batch,8,256,15,15,excess,excess,0.00012252668966539204,0.0012683606263568761,0.0011660662592035348,0.003695229826519048,1.0877260330156642,0.34324269014457687,0.9969846563682202,0.9996967765221604
Boston,50,batch,8,256,15,15,gate,excess,0.0008468530722893775,0.0,0.0011660662592035348,0.003695229826519048,0.0,0.0,,
Boston,50,batch,8,256,15,15,amp_true,excess,0.003565507708117366,0.008960631626630283,0.0011660662592035348,0.003695229826519048,7.684496104664512,2.4249186240930807,0.3852575483429475,0.33714121531343955
Boston,50,batch,8,256,15,15,dual_base,excess,0.0025051916018128395,0.003695229826519048,0.0011660662592035348,0.003695229826519048,3.168970714445526,1.0,0.998587174753679,1.0
Boston,50,batch,8,256,15,15,base,full,0.0010022909846156836,0.01580535169334327,0.01580535169334327,0.03342214666732121,1.0,0.4729005545534598,1.0000000000000002,0.9884823988623674
Boston,50,batch,8,256,15,15,tail,full,0.004093936178833246,0.07333213586769283,0.01580535169334327,0.03342214666732121,4.63970288611661,2.194118067807833,0.6946326142222784,0.7501689263615203
Boston,50,batch,8,256,15,15,body,full,0.0008344207890331745,0.014708261818056387,0.01580535169334327,0.03342214666732121,0.930587443002047,0.44007531785615417,0.988735034638747,0.9627522110934335
Boston,50,batch,8,256,15,15,excess,full,0.00012252668966539204,0.0029006984481458028,0.01580535169334327,0.03342214666732121,0.18352634629240727,0.0867897109368497,0.15990898489885508,0.24394538722338566
Boston,50,batch,8,256,15,15,gate,full,0.0008468530722893775,0.010140281489052246,0.01580535169334327,0.03342214666732121,0.6415726575273248,0.3034000655310089,0.346970421609887,0.4381280552020682
Boston,50,batch,8,256,15,15,amp_true,full,0.003565507708117366,0.049685378681416016,0.01580535169334327,0.03342214666732121,3.1435794435591062,1.486600462141958,0.5116791490607945,0.5109455084253605
Boston,50,batch,8,256,15,15,dual_base,full,0.0025051916018128395,0.03342214666732121,0.01580535169334327,0.03342214666732121,2.114609488974396,1.0,0.9884823988623674,0.9999999999999998
Boston,50,batch,9,256,22,22,base,shared,0.0012794958893209696,0.017547238961216557,0.017547238961216557,0.047789363024009206,1.0,0.36717875800941074,0.9999999999999998,0.9776380414908198
Boston,50,batch,9,256,22,22,tail,shared,0.0070035215467214584,0.15957013601275388,0.017547238961216557,0.047789363024009206,9.093746108173523,3.339030401652067,0.7645099295808055,0.8556606280757132
Boston,50,batch,9,256,22,22,body,shared,0.0010308022610843182,0.014373873964065738,0.017547238961216557,0.047789363024009206,0.8191530300485057,0.3007755921928559,0.9595050892520777,0.9009249042644925
Boston,50,batch,9,256,22,22,excess,shared,0.000183427517185919,0.003702222442901803,0.017547238961216557,0.047789363024009206,0.21098603894804008,0.07746959173826652,0.6332155650046729,0.7125423602019328
Boston,50,batch,9,256,22,22,gate,shared,0.0013601247919723392,0.028507633581095895,0.017547238961216557,0.047789363024009206,1.6246221781161319,0.596526753595225,0.7499656613100267,0.8702985389096123
Boston,50,batch,9,256,22,22,amp_true,shared,0.009567459113895893,0.15146275344700333,0.017547238961216557,0.047789363024009206,8.631714298857554,3.1693821357465883,0.65340137702952,0.7516343855055476
Boston,50,batch,9,256,22,22,dual_base,shared,0.003357215551659465,0.047789363024009206,0.017547238961216557,0.047789363024009206,2.7234690956015766,1.0,0.9776380414908198,0.9999999999999998
Boston,50,batch,9,256,22,22,base,temporal,0.0012794958893209696,0.0002926883794087472,0.0002926883794087472,0.0007471262539011504,1.0,0.39175223448575497,0.9999999999999999,0.9928965565891493
Boston,50,batch,9,256,22,22,tail,temporal,0.0070035215467214584,0.002139136173038174,0.0002926883794087472,0.0007471262539011504,7.30857910163496,2.8631521939813873,0.7851671210256813,0.8513664084651438
Boston,50,batch,9,256,22,22,body,temporal,0.0010308022610843182,0.00024815091869775094,0.0002926883794087472,0.0007471262539011504,0.8478331773848852,0.3321405417116863,0.97890046453817,0.9483252778685116
Boston,50,batch,9,256,22,22,excess,temporal,0.000183427517185919,4.592026983837482e-05,0.0002926883794087472,0.0007471262539011504,0.15689133245104317,0.06146253005914361,0.6491673798993376,0.7323947421378897
Boston,50,batch,9,256,22,22,gate,temporal,0.0013601247919723392,0.000325033406742219,0.0002926883794087472,0.0007471262539011504,1.1105101179582573,0.43504482012918666,0.9008811411375498,0.9459897262494836
Boston,50,batch,9,256,22,22,amp_true,temporal,0.009567459113895893,0.001934326340029459,0.0002926883794087472,0.0007471262539011504,6.608825208356223,2.5890220426993356,0.6513057605342994,0.7345457016083439
Boston,50,batch,9,256,22,22,dual_base,temporal,0.003357215551659465,0.0007471262539011504,0.0002926883794087472,0.0007471262539011504,2.5526338128298853,1.0,0.9928965565891493,1.0
Boston,50,batch,9,256,22,22,base,excess,0.0012794958893209696,0.0010238540824649592,0.0010238540824649592,0.002786168564615318,1.0,0.36747743674522476,0.9999999999999998,0.9994392759848275
Boston,50,batch,9,256,22,22,tail,excess,0.0070035215467214584,0.02047607021559142,0.0010238540824649592,0.002786168564615318,19.999012131000807,7.349185715336832,0.999993594231337,0.9994789310147526
Boston,50,batch,9,256,22,22,body,excess,0.0010308022610843182,0.0,0.0010238540824649592,0.002786168564615318,0.0,0.0,,
Boston,50,batch,9,256,22,22,excess,excess,0.000183427517185919,0.0008822773605888889,0.0010238540824649592,0.002786168564615318,0.8617217782291593,0.3166633102511885,0.998594609163819,0.9998054722531606
Boston,50,batch,9,256,22,22,gate,excess,0.0013601247919723392,0.0,0.0010238540824649592,0.002786168564615318,0.0,0.0,,
Boston,50,batch,9,256,22,22,amp_true,excess,0.009567459113895893,0.037969138215510574,0.0010238540824649592,0.002786168564615318,37.084520993556765,13.627724717636715,0.9939427851789403,0.9947331596416933
Boston,50,batch,9,256,22,22,dual_base,excess,0.003357215551659465,0.002786168564615318,0.0010238540824649592,0.002786168564615318,2.7212555112419285,1.0,0.9994392759848275,1.0
Boston,50,batch,9,256,22,22,base,full,0.0012794958893209696,0.019416217346412478,0.019416217346412478,0.050595188905129755,1.0,0.38375619829821217,1.0000000000000002,0.9737190758321334
Boston,50,batch,9,256,22,22,tail,full,0.0070035215467214584,0.1648496758273348,0.019416217346412478,0.050595188905129755,8.490308533644118,3.258208525250135,0.7468613333263603,0.8426395577625294
Boston,50,batch,9,256,22,22,body,full,0.0010308022610843182,0.01643298830571266,0.019416217346412478,0.050595188905129755,0.8463537471035248,0.3247934964038952,0.96417651897119,0.8995705582030791
Boston,50,batch,9,256,22,22,excess,full,0.000183427517185919,0.0038058986268335484,0.019416217346412478,0.050595188905129755,0.19601648245541306,0.07522254011087752,0.5688811772061684,0.6674567169741699
Boston,50,batch,9,256,22,22,gate,full,0.0013601247919723392,0.0288644259586532,0.019416217346412478,0.050595188905129755,1.4866142793764339,0.5704974441893366,0.6701499042060998,0.819171297966039
Boston,50,batch,9,256,22,22,amp_true,full,0.009567459113895893,0.15614935522946058,0.019416217346412478,0.050595188905129755,8.042212983277723,3.0862490803671823,0.5855272371323823,0.7019630040555311
Boston,50,batch,9,256,22,22,dual_base,full,0.003357215551659465,0.050595188905129755,0.019416217346412478,0.050595188905129755,2.6058211031758045,1.0,0.9737190758321334,0.9999999999999997
Boston,50,batch,10,256,7,7,base,shared,0.0009182326029986143,0.010385631265582269,0.010385631265582269,0.02021599611588915,1.0,0.5137333429451683,1.0000000000000002,0.9875227911797086
Boston,50,batch,10,256,7,7,tail,shared,0.0013807661598548293,0.027208990481991095,0.010385631265582269,0.02021599611588915,2.6198687192141157,1.345913915199344,0.6522996579811786,0.6366579082263115
Boston,50,batch,10,256,7,7,body,shared,0.0008811959996819496,0.010163154278045768,0.010385631265582269,0.02021599611588915,0.978578385670808,0.5027283454045504,0.999177171246422,0.9854582213090224
Boston,50,batch,10,256,7,7,excess,shared,1.8219110643258318e-05,0.00022512099911058345,0.010385631265582269,0.02021599611588915,0.021676197946351995,0.011135785633320601,0.4655172250033249,0.44589404756893214
Boston,50,batch,10,256,7,7,gate,shared,0.0008284153300337493,0.006813285012562954,0.010385631265582269,0.02021599611588915,0.6560299358154584,0.3370244519985796,-0.23202899928244494,-0.07626415017102744
Boston,50,batch,10,256,7,7,amp_true,shared,0.001241064048372209,0.021430932933965943,0.010385631265582269,0.02021599611588915,2.063517602920059,1.060097796374322,0.4435037295887138,0.4347429739379277
Boston,50,batch,10,256,7,7,dual_base,shared,0.0022500744089484215,0.02021599611588915,0.010385631265582269,0.02021599611588915,1.9465351309827907,1.0,0.9875227911797086,1.0
Boston,50,batch,10,256,7,7,base,temporal,0.0009182326029986143,0.00018446600322894588,0.00018446600322894588,0.0003532098415734846,1.0,0.5222561251611334,0.9999999999999996,0.9994977881809008
Boston,50,batch,10,256,7,7,tail,temporal,0.0013807661598548293,0.00035810365363423666,0.00018446600322894588,0.0003532098415734846,1.941298924278119,1.0138552539729668,0.8245818678476654,0.8068444164283735
Boston,50,batch,10,256,7,7,body,temporal,0.0008811959996819496,0.00018148277440796395,0.00018446600322894588,0.0003532098415734846,0.983827758130156,0.5138100727870201,0.9998553352696056,0.9998779730129846
Boston,50,batch,10,256,7,7,excess,temporal,1.8219110643258318e-05,2.597990847641026e-06,0.00018446600322894588,0.0003532098415734846,0.014083846357404879,0.007355375025983015,0.6893274535717867,0.6668364214331283
Boston,50,batch,10,256,7,7,gate,temporal,0.0008284153300337493,4.114582020763914e-05,0.00018446600322894588,0.0003532098415734846,0.2230536764900355,0.11649114878663094,-0.8152996261076897,-0.7966086736080217
Boston,50,batch,10,256,7,7,amp_true,temporal,0.001241064048372209,0.00032204441577526145,0.00018446600322894588,0.0003532098415734846,1.7458198808349699,0.911765126194143,0.7097376770847084,0.6878400027792312
Boston,50,batch,10,256,7,7,dual_base,temporal,0.0022500744089484215,0.0003532098415734846,0.00018446600322894588,0.0003532098415734846,1.9147693091995173,1.0,0.9994977881809008,1.0
Boston,50,batch,10,256,7,7,base,excess,0.0009182326029986143,5.636648177662194e-05,5.636648177662194e-05,0.00013901329178764662,1.0,0.405475484047425,1.0,0.9900899267800424
Boston,50,batch,10,256,7,7,tail,excess,0.0013807661598548293,0.0011238324694066674,5.636648177662194e-05,0.00013901329178764662,19.937956636363598,8.0843526180461,0.9994605109331207,0.9907639058892448
Boston,50,batch,10,256,7,7,body,excess,0.0008811959996819496,0.0,5.636648177662194e-05,0.00013901329178764662,0.0,0.0,,
Boston,50,batch,10,256,7,7,excess,excess,1.8219110643258318e-05,4.1837166247256365e-05,5.636648177662194e-05,0.00013901329178764662,0.7422348340465055,0.300958028611867,0.9722423829913219,0.9954600708500198
Boston,50,batch,10,256,7,7,gate,excess,0.0008284153300337493,0.0,5.636648177662194e-05,0.00013901329178764662,0.0,0.0,,
Boston,50,batch,10,256,7,7,amp_true,excess,0.001241064048372209,0.00472717842929676,5.636648177662194e-05,0.00013901329178764662,83.86506094225243,34.0052261802266,0.9798241886428698,0.9837772129090108
Boston,50,batch,10,256,7,7,dual_base,excess,0.0022500744089484215,0.00013901329178764662,5.636648177662194e-05,0.00013901329178764662,2.466240350755802,1.0,0.9900899267800424,1.0
Boston,50,batch,10,256,7,7,base,full,0.0009182326029986143,0.012091891428554746,0.012091891428554746,0.023730110454152412,1.0,0.509559003187819,1.0000000000000004,0.9905551455665605
Boston,50,batch,10,256,7,7,tail,full,0.0013807661598548293,0.02841211553793615,0.012091891428554746,0.023730110454152412,2.3496833151215317,1.1973022878603776,0.6530644877846129,0.6382192030766827
Boston,50,batch,10,256,7,7,body,full,0.0008811959996819496,0.011920686452888326,0.012091891428554746,0.023730110454152412,0.9858413403165263,0.5023443306730325,0.9993056065676926,0.9892375558512858
Boston,50,batch,10,256,7,7,excess,full,1.8219110643258318e-05,0.0002289755723219136,0.012091891428554746,0.023730110454152412,0.018936290792455564,0.009649157460278333,0.39392647818120025,0.3745339464657422
Boston,50,batch,10,256,7,7,gate,full,0.0008284153300337493,0.0068811194760532175,0.012091891428554746,0.023730110454152412,0.5690689100799896,0.2899741865655381,-0.1976341773974922,-0.061662982892380834
Boston,50,batch,10,256,7,7,amp_true,full,0.001241064048372209,0.02194609537759632,0.012091891428554746,0.023730110454152412,1.8149431383225192,0.9248206164061948,0.3729639670701663,0.3629107666604241
Boston,50,batch,10,256,7,7,dual_base,full,0.0022500744089484215,0.023730110454152412,0.012091891428554746,0.023730110454152412,1.9624812705574133,1.0,0.9905551455665605,1.0
Boston,50,batch,11,256,14,14,base,shared,0.0009582272614352405,0.011856305903271207,0.011856305903271207,0.024317362793457833,1.0,0.48756544876901464,0.9999999999999998,0.9961551490643726
Boston,50,batch,11,256,14,14,tail,shared,0.002691559959203005,0.053705069537849384,0.011856305903271207,0.024317362793457833,4.529662946958202,2.208507147506053,0.5375448634070671,0.5726688819306551
Boston,50,batch,11,256,14,14,body,shared,0.0008709846879355609,0.011196417400407416,0.011856305903271207,0.024317362793457833,0.9443428241268872,0.4604289328372244,0.9904628735085644,0.9792321479228795
Boston,50,batch,11,256,14,14,excess,shared,6.367034802678972e-05,0.0010818440438023296,0.011856305903271207,0.024317362793457833,0.09124629987016816,0.044488543144710624,0.2376710412650996,0.2793143494652232
Boston,50,batch,11,256,14,14,gate,shared,0.000432080210885033,0.004836781617801115,0.011856305903271207,0.024317362793457833,0.4079501370208933,0.19890239163197285,0.31528679257363335,0.38755287019478835
Boston,50,batch,11,256,14,14,amp_true,shared,0.002931470749899745,0.08778478283257982,0.011856305903271207,0.024317362793457833,7.4040585279062014,3.6099631188706365,0.4017243728955123,0.45025877984025625
Boston,50,batch,11,256,14,14,dual_base,shared,0.002172592794522643,0.024317362793457833,0.011856305903271207,0.024317362793457833,2.0510066956646726,1.0,0.9961551490643726,1.0000000000000002
Boston,50,batch,11,256,14,14,base,temporal,0.0009582272614352405,0.00021079650516377013,0.00021079650516377013,0.0004315658849032044,1.0,0.4884457102327482,1.0,0.9991065435012303
Boston,50,batch,11,256,14,14,tail,temporal,0.002691559959203005,0.0006516629319860225,0.00021079650516377013,0.0004315658849032044,3.0914313853530846,1.5099963986545961,0.5786686107838633,0.61237304168797
Boston,50,batch,11,256,14,14,body,temporal,0.0008709846879355609,0.00020315293435608226,0.00021079650516377013,0.0004315658849032044,0.9637395752754558,0.4707344613248271,0.9964294320534897,0.9920023083667687
Boston,50,batch,11,256,14,14,excess,temporal,6.367034802678972e-05,5.708522977772307e-06,0.00021079650516377013,0.0004315658849032044,0.027080728749925398,0.013227465787877713,0.009352459113988375,0.05069642486323093
Boston,50,batch,11,256,14,14,gate,temporal,0.000432080210885033,6.002374859135996e-05,0.00021079650516377013,0.0004315658849032044,0.28474736118004823,0.13908362706848953,0.5945046409427234,0.627855896567523
Boston,50,batch,11,256,14,14,amp_true,temporal,0.002931470749899745,0.0011072020158470627,0.00021079650516377013,0.0004315658849032044,5.2524685596038,2.565545736070858,0.42187705992032426,0.4595378166376307
Boston,50,batch,11,256,14,14,dual_base,temporal,0.002172592794522643,0.0004315658849032044,0.00021079650516377013,0.0004315658849032044,2.0473104360431216,1.0,0.9991065435012303,1.0
Boston,50,batch,11,256,14,14,base,excess,0.0009582272614352405,0.0006063287249624286,0.0006063287249624286,0.0014909065628325464,1.0,0.4066845904886726,1.0,0.9962548550313073
Boston,50,batch,11,256,14,14,tail,excess,0.002691559959203005,0.01212114646304633,0.0006063287249624286,0.0014909065628325464,19.99104770072937,8.130051047610646,0.9999943316396186,0.9961344579499232
Boston,50,batch,11,256,14,14,body,excess,0.0008709846879355609,0.0,0.0006063287249624286,0.0014909065628325464,0.0,0.0,,
Boston,50,batch,11,256,14,14,excess,excess,6.367034802678972e-05,0.0004431350481544599,0.0006063287249624286,0.0014909065628325464,0.7308495044200964,0.29722523141393625,0.9893090820435195,0.9982075207845522
Boston,50,batch,11,256,14,14,gate,excess,0.000432080210885033,0.0,0.0006063287249624286,0.0014909065628325464,0.0,0.0,,
Boston,50,batch,11,256,14,14,amp_true,excess,0.002931470749899745,0.030361153555984025,0.0006063287249624286,0.0014909065628325464,50.073750930842614,20.36422289154152,0.9657048221133041,0.9470312765784319
Boston,50,batch,11,256,14,14,dual_base,excess,0.002172592794522643,0.0014909065628325464,0.0006063287249624286,0.0014909065628325464,2.4589080171402586,1.0,0.9962548550313073,1.0
Boston,50,batch,11,256,14,14,base,full,0.0009582272614352405,0.013133518154700617,0.013133518154700617,0.026818588703191343,1.0,0.48971697579066725,1.0,0.9965416677213497
Boston,50,batch,11,256,14,14,tail,full,0.002691559959203005,0.05629011107737457,0.013133518154700617,0.026818588703191343,4.285988751401526,2.0989214496091733,0.5308150555226535,0.5637898875868143
Boston,50,batch,11,256,14,14,body,full,0.0008709846879355609,0.012507388004207734,0.013133518154700617,0.026818588703191343,0.9523257863492742,0.4663701040584357,0.9910047247564373,0.9808435638045502
Boston,50,batch,11,256,14,14,excess,full,6.367034802678972e-05,0.001169083062067633,0.013133518154700617,0.026818588703191343,0.08901522412326407,0.04359226635697333,0.21585935155237215,0.255399385652584
Boston,50,batch,11,256,14,14,gate,full,0.000432080210885033,0.004974170961363352,0.013133518154700617,0.026818588703191343,0.3787386519569432,0.1854747472513883,0.27772727943485664,0.347220351894771
Boston,50,batch,11,256,14,14,amp_true,full,0.002931470749899745,0.09288685451781237,0.013133518154700617,0.026818588703191343,7.072503606702461,3.463525077542916,0.35730993442974,0.40304891787789593
Boston,50,batch,11,256,14,14,dual_base,full,0.002172592794522643,0.026818588703191343,0.013133518154700617,0.026818588703191343,2.041995784167908,1.0,0.9965416677213497,0.9999999999999999
Boston,50,accum4,2,1024,58,58,base,shared,0.001039561684592627,0.012813591413105745,0.012813591413105745,0.028858892029443358,1.0,0.44400843248010513,1.0,0.9921709883509882
Boston,50,accum4,2,1024,58,58,tail,shared,0.0037924459611531347,0.069356095737884,0.012813591413105745,0.028858892029443358,5.412697619415784,2.4032833854855986,0.7119780741893794,0.7735529891650044
Boston,50,accum4,2,1024,58,58,body,shared,0.0009043509344337508,0.01165321703876568,0.012813591413105745,0.028858892029443358,0.9094419092251347,0.4037998765467661,0.9913361606716603,0.9719204320032486
Boston,50,accum4,2,1024,58,58,excess,shared,9.696091638033977e-05,0.0009326352796152839,0.012813591413105745,0.028858892029443358,0.07278484614870614,0.03231708544679263,0.5686554202207316,0.6345848276117477
Boston,50,accum4,2,1024,58,58,gate,shared,0.0008668683512951247,0.009769536869506738,0.012813591413105745,0.028858892029443358,0.7624354917009804,0.33852778753735047,0.6555868546414934,0.7435057305235991
Boston,50,accum4,2,1024,58,58,amp_true,shared,0.004326375405071303,0.07295015040343121,0.012813591413105745,0.028858892029443358,5.693185310155728,2.527822285381006,0.5535697829993012,0.6116318711268163
Boston,50,accum4,2,1024,58,58,dual_base,shared,0.0025712685892358422,0.028858892029443358,0.012813591413105745,0.028858892029443358,2.2522094781269892,1.0,0.9921709883509882,1.0
Boston,50,accum4,2,1024,58,58,base,temporal,0.001039561684592627,0.00023723708537644285,0.00023723708537644285,0.0005120879913818123,1.0,0.46327406494396606,0.9999999999999999,0.9990682932471894
Boston,50,accum4,2,1024,58,58,tail,temporal,0.0037924459611531347,0.0009656356943787048,0.00023723708537644285,0.0005120879913818123,4.070340405870584,1.885683145533338,0.7785914296890479,0.8041462089865119
Boston,50,accum4,2,1024,58,58,body,temporal,0.0009043509344337508,0.00021920039937273534,0.00023723708537644285,0.0005120879913818123,0.9239718951398881,0.42805221575543595,0.9966507892393695,0.9922796692047021
Boston,50,accum4,2,1024,58,58,excess,temporal,9.696091638033977e-05,1.0287760453562195e-05,0.00023723708537644285,0.0005120879913818123,0.0433648914428273,0.02008982953457241,0.7643869297336441,0.7909375567045563
Boston,50,accum4,2,1024,58,58,gate,temporal,0.0008668683512951247,9.623795901894268e-05,0.00023723708537644285,0.0005120879913818123,0.4056615299679403,0.1879324659796362,0.8321278020909382,0.8551721705634926
Boston,50,accum4,2,1024,58,58,amp_true,temporal,0.004326375405071303,0.0010077885195514899,0.00023723708537644285,0.0005120879913818123,4.248022681413204,1.9679987355924613,0.5904149029376361,0.6234317065503044
Boston,50,accum4,2,1024,58,58,dual_base,temporal,0.0025712685892358422,0.0005120879913818123,0.00023723708537644285,0.0005120879913818123,2.1585494973066366,1.0,0.9990682932471894,0.9999999999999998
Boston,50,accum4,2,1024,58,58,base,excess,0.001039561684592627,0.0002085899219285024,0.0002085899219285024,0.00043706702526570996,1.0,0.47724927727433225,1.0000000000000002,0.9618251951801972
Boston,50,accum4,2,1024,58,58,tail,excess,0.0037924459611531347,0.004172393233790371,0.0002085899219285024,0.00043706702526570996,20.002851505071884,9.546346424221346,0.9999835754082131,0.9619300405463761
Boston,50,accum4,2,1024,58,58,body,excess,0.0009043509344337508,0.0,0.0002085899219285024,0.00043706702526570996,0.0,0.0,,
Boston,50,accum4,2,1024,58,58,excess,excess,9.696091638033977e-05,0.00012171846767513388,0.0002085899219285024,0.00043706702526570996,0.5835299546104383,0.2784892491057556,0.8677126219489707,0.970583731110662
Boston,50,accum4,2,1024,58,58,gate,excess,0.0008668683512951247,0.0,0.0002085899219285024,0.00043706702526570996,0.0,0.0,,
Boston,50,accum4,2,1024,58,58,amp_true,excess,0.004326375405071303,0.01828528105521572,0.0002085899219285024,0.00043706702526570996,87.66138309157286,41.836331725321514,0.8297690499751115,0.6551772701760508
Boston,50,accum4,2,1024,58,58,dual_base,excess,0.0025712685892358422,0.00043706702526570996,0.0002085899219285024,0.00043706702526570996,2.095341046321125,1.0,0.9618251951801972,1.0
Boston,50,accum4,2,1024,58,58,base,full,0.001039561684592627,0.014461298858857266,0.014461298858857266,0.03177712042541192,1.0,0.455085252069998,1.0,0.9922262659476339
Boston,50,accum4,2,1024,58,58,tail,full,0.0037924459611531347,0.0721770769176813,0.014461298858857266,0.03177712042541192,4.9910507778126885,2.271353601315047,0.7025944835372014,0.7615019722636125
Boston,50,accum4,2,1024,58,58,body,full,0.0009043509344337508,0.0133804571775322,0.014461298858857266,0.03177712042541192,0.9252597092505926,0.42107204801451903,0.9926269149713959,0.9740083642553043
Boston,50,accum4,2,1024,58,58,excess,full,9.696091638033977e-05,0.0009405444966381235,0.014461298858857266,0.03177712042541192,0.06503872894252913,0.02959816635512314,0.501245965144449,0.5731895152709009
Boston,50,accum4,2,1024,58,58,gate,full,0.0008668683512951247,0.009859576893581093,0.014461298858857266,0.03177712042541192,0.6817905493697956,0.31027282401889583,0.576201374979814,0.6721630013822198
Boston,50,accum4,2,1024,58,58,amp_true,full,0.004326375405071303,0.07520688763106385,0.014461298858857266,0.03177712042541192,5.200562436686044,2.3666992674050316,0.4786881425475305,0.5409862671512431
Boston,50,accum4,2,1024,58,58,dual_base,full,0.0025712685892358422,0.03177712042541192,0.014461298858857266,0.03177712042541192,2.19739047892984,1.0,0.9922262659476339,1.0
Boston,50,batch,12,256,8,8,base,shared,0.0008678729645907879,0.008655682966319512,0.008655682966319512,0.017402047385678965,1.0,0.4973945176958153,1.0,0.992598079313132
Boston,50,batch,12,256,8,8,tail,shared,0.0010234860237687826,0.04257014281969785,0.008655682966319512,0.017402047385678965,4.918172602363592,2.4462720894974117,0.4598971343310748,0.5136921045270192
Boston,50,batch,12,256,8,8,body,shared,0.0008284552022814751,0.00813841714746057,0.008655682966319512,0.017402047385678965,0.9402397452781374,0.46767009462105535,0.9798506382303225,0.9603431970881019
Boston,50,batch,12,256,8,8,excess,shared,3.537765587680042e-05,0.001342789316184974,0.008655682966319512,0.017402047385678965,0.15513383766595398,0.07716272036415808,0.382249831209553,0.4351715906788203
Boston,50,batch,12,256,8,8,gate,shared,0.00040895064012147486,0.0037876938165528696,0.008655682966319512,0.017402047385678965,0.4375961817561159,0.21765794177011358,-0.20118908293782603,-0.09104327432635416
Boston,50,batch,12,256,8,8,amp_true,shared,0.0013087621191516519,0.052745415535887546,0.008655682966319512,0.017402047385678965,6.093732376882035,3.0309890765666143,0.3963405491791712,0.4478273369943045
Boston,50,batch,12,256,8,8,dual_base,shared,0.001971558667719364,0.017402047385678965,0.008655682966319512,0.017402047385678965,2.0104765220021106,1.0,0.992598079313132,1.0
Boston,50,batch,12,256,8,8,base,temporal,0.0008678729645907879,0.00015395436778248696,0.00015395436778248696,0.0003101698355632426,1.0,0.4963550614227803,1.0,0.9993788619703693
Boston,50,batch,12,256,8,8,tail,temporal,0.0010234860237687826,0.0006864073913856543,0.00015395436778248696,0.0003101698355632426,4.4585119686596935,2.213004982058283,0.5553639494939059,0.5841419685026817
Boston,50,batch,12,256,8,8,body,temporal,0.0008284552022814751,0.00014273914338745451,0.00015395436778248696,0.0003101698355632426,0.9271522818314725,0.46019672779673143,0.985371428186086,0.9787944028670666
Boston,50,batch,12,256,8,8,excess,temporal,3.537765587680042e-05,2.1222062866441576e-05,0.00015395436778248696,0.0003101698355632426,0.137846448737492,0.06842078253000997,0.47528888022348265,0.5058185751751051
Boston,50,batch,12,256,8,8,gate,temporal,0.00040895064012147486,1.0684800532003535e-05,0.00015395436778248696,0.0003101698355632426,0.06940238647272066,0.0344482258005548,-0.9031472915040579,-0.915865448306019
Boston,50,batch,12,256,8,8,amp_true,temporal,0.0013087621191516519,0.0008362397882164247,0.00015395436778248696,0.0003101698355632426,5.431737990038052,2.6960706436777864,0.483199727572442,0.5135621543251494
Boston,50,batch,12,256,8,8,dual_base,temporal,0.001971558667719364,0.0003101698355632426,0.00015395436778248696,0.0003101698355632426,2.0146868194182272,1.0,0.9993788619703693,0.9999999999999998
Boston,50,batch,12,256,8,8,base,excess,0.0008678729645907879,0.00061226014261427,0.00061226014261427,0.00163899486167271,1.0,0.3735583051123268,1.0000000000000002,0.9996063988717065
Boston,50,batch,12,256,8,8,tail,excess,0.0010234860237687826,0.012254168043698535,0.00061226014261427,0.00163899486167271,20.01464278137534,7.476636034839238,0.9999804915716688,0.999721343903357
Boston,50,batch,12,256,8,8,body,excess,0.0008284552022814751,0.0,0.00061226014261427,0.00163899486167271,0.0,0.0,,
Boston,50,batch,12,256,8,8,excess,excess,3.537765587680042e-05,0.0005136695745163863,0.00061226014261427,0.00163899486167271,0.8389727482881459,0.3134052378859506,0.9989888660373104,0.9998533305247009
Boston,50,batch,12,256,8,8,gate,excess,0.00040895064012147486,0.0,0.00061226014261427,0.00163899486167271,0.0,0.0,,
Boston,50,batch,12,256,8,8,amp_true,excess,0.0013087621191516519,0.019781402459195192,0.00061226014261427,0.00163899486167271,32.3088195398956,12.069227867503425,0.9983641785425479,0.998417223434516
Boston,50,batch,12,256,8,8,dual_base,excess,0.001971558667719364,0.00163899486167271,0.00061226014261427,0.00163899486167271,2.676958285532712,1.0,0.9996063988717065,1.0000000000000002
Boston,50,batch,12,256,8,8,base,full,0.0008678729645907879,0.009573933362523152,0.009573933362523152,0.01927184601216782,1.0,0.49678340914920033,1.0,0.9937005136460975
Boston,50,batch,12,256,8,8,tail,full,0.0010234860237687826,0.04464465046103139,0.009573933362523152,0.01927184601216782,4.66314614594994,2.316573639745966,0.4401591499984246,0.49159990614313515
Boston,50,batch,12,256,8,8,body,full,0.0008284552022814751,0.009098110780575167,0.009573933362523152,0.01927184601216782,0.9503001990999251,0.4720933726240246,0.9812998005819125,0.9639537958479364
Boston,50,batch,12,256,8,8,excess,full,3.537765587680042e-05,0.00143768549392569,0.009573933362523152,0.01927184601216782,0.15016664932654145,0.07460029999295173,0.3456025482983032,0.3973946799188052
Boston,50,batch,12,256,8,8,gate,full,0.00040895064012147486,0.0037973186793127485,0.009573933362523152,0.01927184601216782,0.39663099120547757,0.19703969598528365,-0.18147003306769785,-0.08152065328254561
Boston,50,batch,12,256,8,8,amp_true,full,0.0013087621191516519,0.05633278568743162,0.009573933362523152,0.01927184601216782,5.883975118099784,2.9230612185186793,0.35792777715676405,0.40844347921818025
Boston,50,batch,12,256,8,8,dual_base,full,0.001971558667719364,0.01927184601216782,0.009573933362523152,0.01927184601216782,2.012949670989651,1.0,0.9937005136460975,1.0
Boston,50,batch,13,256,17,17,base,shared,0.0010127848945558071,0.012154018664018966,0.012154018664018966,0.027677625308672214,1.0,0.43912794282285317,1.0,0.9958505484849841
Boston,50,batch,13,256,17,17,tail,shared,0.004216425120830536,0.14180239423286378,0.012154018664018966,0.027677625308672214,11.667119999795526,5.123358404177576,0.8342223266427987,0.8774888402648914
Boston,50,batch,13,256,17,17,body,shared,0.0008418434299528599,0.008279619912131147,0.012154018664018966,0.027677625308672214,0.6812248805115235,0.2991448803787693,0.9088835428745757,0.8703908088291497
Boston,50,batch,13,256,17,17,excess,shared,0.0001224549487233162,0.0038253005824932518,0.012154018664018966,0.027677625308672214,0.3147354540286958,0.13820913246103786,0.758721932806195,0.8079126093762821
Boston,50,batch,13,256,17,17,gate,shared,0.00047346489736810327,0.005471456762478659,0.012154018664018966,0.027677625308672214,0.4501767615905087,0.1976851952238941,0.7629811563838492,0.8022378103592402
Boston,50,batch,13,256,17,17,amp_true,shared,0.00614540372043848,0.1840989054383637,0.012154018664018966,0.027677625308672214,15.147163298619436,6.651542658924576,0.7532471270111568,0.803489928096507
Boston,50,batch,13,256,17,17,dual_base,shared,0.0023362706415355206,0.027677625308672214,0.012154018664018966,0.027677625308672214,2.277240645566037,1.0,0.9958505484849841,1.0000000000000002
Boston,50,batch,13,256,17,17,base,temporal,0.0010127848945558071,0.00018736157011316684,0.00018736157011316684,0.00041513350096226205,1.0,0.4513284754876939,1.0000000000000002,0.996961258850037
Boston,50,batch,13,256,17,17,tail,temporal,0.004216425120830536,0.0018365181873926243,0.00018736157011316684,0.00041513350096226205,9.80200041173525,4.423921902558218,0.8075105654596538,0.850728874061873
Boston,50,batch,13,256,17,17,body,temporal,0.0008418434299528599,0.00014317703755861404,0.00018736157011316684,0.00041513350096226205,0.7641750518643432,0.34489396116366344,0.9461253327748723,0.9181614853818767
Boston,50,batch,13,256,17,17,excess,temporal,0.0001224549487233162,3.999709903578998e-05,0.00018736157011316684,0.00041513350096226205,0.21347546891089586,0.09634755793757523,0.6716291623380446,0.7268964029194589
Boston,50,batch,13,256,17,17,gate,temporal,0.00047346489736810327,8.480262739324427e-05,0.00018736157011316684,0.00041513350096226205,0.4526148416776358,0.2042779664774713,0.8846259690991003,0.9179090996732705
Boston,50,batch,13,256,17,17,amp_true,temporal,0.00614540372043848,0.0020115500190316994,0.00018736157011316684,0.00041513350096226205,10.736193221570028,4.845549719232514,0.660577342386245,0.7166408994320067
Boston,50,batch,13,256,17,17,dual_base,temporal,0.0023362706415355206,0.00041513350096226205,0.00018736157011316684,0.00041513350096226205,2.2156811597571497,1.0,0.996961258850037,1.0000000000000002
Boston,50,batch,13,256,17,17,base,excess,0.0010127848945558071,0.0011958545100961835,0.0011958545100961835,0.0031516323843675653,1.0,0.3794397201995227,1.0000000000000002,0.9991731736931798
Boston,50,batch,13,256,17,17,tail,excess,0.004216425120830536,0.023907186286125988,0.0011958545100961835,0.0031516323843675653,19.991718126482724,7.585651932220331,0.9999953062533772,0.9991935588182914
Boston,50,batch,13,256,17,17,body,excess,0.0008418434299528599,0.0,0.0011958545100961835,0.0031516323843675653,0.0,0.0,,
Boston,50,batch,13,256,17,17,excess,excess,0.0001224549487233162,0.0009807621301673656,0.0011958545100961835,0.0031516323843675653,0.8201349929168911,0.31119179223822263,0.9978806566736277,0.9996970581585316
Boston,50,batch,13,256,17,17,gate,excess,0.00047346489736810327,0.0,0.0011958545100961835,0.0031516323843675653,0.0,0.0,,
Boston,50,batch,13,256,17,17,amp_true,excess,0.00614540372043848,0.05271944323628486,0.0011958545100961835,0.0031516323843675653,44.08516486846263,16.727662622639286,0.9889793138115669,0.9917614287334033
Boston,50,batch,13,256,17,17,dual_base,excess,0.0023362706415355206,0.0031516323843675653,0.0011958545100961835,0.0031516323843675653,2.635464730667008,1.0,0.9991731736931798,1.0000000000000002
Boston,50,batch,13,256,17,17,base,full,0.0010127848945558071,0.013074200111356755,0.013074200111356755,0.02930300838096159,1.0,0.446172623007922,1.0000000000000002,0.9946518939574152
Boston,50,batch,13,256,17,17,tail,full,0.004216425120830536,0.14587955296451055,0.013074200111356755,0.02930300838096159,11.157818583317685,4.978313184365388,0.8142813186605333,0.8618189621406311
Boston,50,batch,13,256,17,17,body,full,0.0008418434299528599,0.009370548144803249,0.013074200111356755,0.02930300838096159,0.7167205691355166,0.3197810962949242,0.9133060748334264,0.8709579448116368
Boston,50,batch,13,256,17,17,excess,full,0.0001224549487233162,0.003949027589469797,0.013074200111356755,0.02930300838096159,0.30204735707230906,0.13476526157756255,0.7058916313102939,0.7658938632481096
Boston,50,batch,13,256,17,17,gate,full,0.00047346489736810327,0.005684606871484459,0.013074200111356755,0.02930300838096159,0.43479576747082144,0.19399396804519894,0.6847789171845301,0.737398405095407
Boston,50,batch,13,256,17,17,amp_true,full,0.00614540372043848,0.19149868584078444,0.013074200111356755,0.02930300838096159,14.647067064121291,6.53512033137194,0.6980777271020667,0.7589614063727653
Boston,50,batch,13,256,17,17,dual_base,full,0.0023362706415355206,0.02930300838096159,0.013074200111356755,0.02930300838096159,2.241284983507929,1.0,0.9946518939574152,1.0
Boston,50,batch,14,256,11,11,base,shared,0.0009451271034777164,0.011239551649482793,0.011239551649482793,0.02360166044191574,1.0,0.47621868288223207,1.0000000000000002,0.9955070982766366
Boston,50,batch,14,256,11,11,tail,shared,0.0032215709798038006,0.06933006833006104,0.011239551649482793,0.02360166044191574,6.168401595739042,2.937508083411505,0.6577780857536419,0.6899124304575192
Boston,50,batch,14,256,11,11,body,shared,0.0008010723395273089,0.009553721465575737,0.011239551649482793,0.02360166044191574,0.8500091252319097,0.4047902260558183,0.9686722452537867,0.9525529074776447
Boston,50,batch,14,256,11,11,excess,shared,0.0001209738984471187,0.002197676101207209,0.011239551649482793,0.02360166044191574,0.1955305842923315,0.09311531731488736,0.6336143885040283,0.6716983908371035
Boston,50,batch,14,256,11,11,gate,shared,0.0004640176484826952,0.0035154749601987874,0.011239551649482793,0.02360166044191574,0.3127771524908254,0.1489503235948359,0.1276750779218627,0.20921858658385825
Boston,50,batch,14,256,11,11,amp_true,shared,0.0038625409360975027,0.10595023110617421,0.011239551649482793,0.02360166044191574,9.426553158910899,4.489100729455892,0.574615130279127,0.607638056108637
Boston,50,batch,14,256,11,11,dual_base,shared,0.0022201561369001865,0.02360166044191574,0.011239551649482793,0.02360166044191574,2.0998756158571337,1.0,0.9955070982766366,1.0
Boston,50,batch,14,256,11,11,base,temporal,0.0009451271034777164,0.00018737371426397718,0.00018737371426397718,0.000378499699281819,1.0,0.49504323152569957,1.0,0.9993029616930573
Boston,50,batch,14,256,11,11,tail,temporal,0.0032215709798038006,0.0010266357012864104,0.00018737371426397718,0.000378499699281819,5.479080698800996,2.7123818149245333,0.6811938038301837,0.70759007379116
Boston,50,batch,14,256,11,11,body,temporal,0.0008010723395273089,0.00016171937575089915,0.00018737371426397718,0.000378499699281819,0.8630846454965636,0.4272642119868317,0.9771557662833579,0.968677332941419
Boston,50,batch,14,256,11,11,excess,temporal,0.0001209738984471187,3.007943717153426e-05,0.00018737371426397718,0.000378499699281819,0.1605317869141321,0.07947017455656696,0.6411044427726644,0.66890899146933
Boston,50,batch,14,256,11,11,gate,temporal,0.0004640176484826952,1.243572943128241e-05,0.00018737371426397718,0.000378499699281819,0.06636859113420047,0.0328553218268825,-0.8970408105514546,-0.8818495745716741
Boston,50,batch,14,256,11,11,amp_true,temporal,0.0038625409360975027,0.0016082505130644233,0.00018737371426397718,0.000378499699281819,8.583117004334323,4.249013978388845,0.5540122511870126,0.5838467461745227
Boston,50,batch,14,256,11,11,dual_base,temporal,0.0022201561369001865,0.000378499699281819,0.00018737371426397718,0.000378499699281819,2.0200255984069266,1.0,0.9993029616930573,1.0
Boston,50,batch,14,256,11,11,base,excess,0.0009451271034777164,0.0006104730593946973,0.0006104730593946973,0.0015212842334757387,1.0,0.401287968389658,1.0000000000000002,0.9981387219445433
Boston,50,batch,14,256,11,11,tail,excess,0.0032215709798038006,0.012113581479113235,0.0006104730593946973,0.0015212842334757387,19.842941949189733,7.962733861664269,0.9999360412207219,0.9981432187361474
Boston,50,batch,14,256,11,11,body,excess,0.0008010723395273089,0.0,0.0006104730593946973,0.0015212842334757387,0.0,0.0,,
Boston,50,batch,14,256,11,11,excess,excess,0.0001209738984471187,0.0004562854025590612,0.0006104730593946973,0.0015212842334757387,0.7474292199093635,0.29993435317249545,0.9947299429813566,0.9991258287764514
Boston,50,batch,14,256,11,11,gate,excess,0.0004640176484826952,0.0,0.0006104730593946973,0.0015212842334757387,0.0,0.0,,
Boston,50,batch,14,256,11,11,amp_true,excess,0.0038625409360975027,0.04320913977918467,0.0006104730593946973,0.0015212842334757387,70.77976515790533,28.40306816331293,0.9264065420121137,0.9099330014660832
Boston,50,batch,14,256,11,11,dual_base,excess,0.0022201561369001865,0.0015212842334757387,0.0006104730593946973,0.0015212842334757387,2.491976034100732,1.0,0.9981387219445433,1.0
Boston,50,batch,14,256,11,11,base,full,0.0009451271034777164,0.012301205688059936,0.012301205688059936,0.025610402813989724,1.0,0.4803206641224863,1.0,0.995887526920423
Boston,50,batch,14,256,11,11,tail,full,0.0032215709798038006,0.07106177000665594,0.012301205688059936,0.025610402813989724,5.77681341233335,2.774722854723641,0.6310355228503253,0.6641681320647277
Boston,50,batch,14,256,11,11,body,full,0.0008010723395273089,0.01071972547668822,0.012301205688059936,0.025610402813989724,0.8714369752465185,0.41856918669129844,0.9716204139564184,0.9562946642560659
Boston,50,batch,14,256,11,11,excess,full,0.0001209738984471187,0.0022445437430368346,0.012301205688059936,0.025610402813989724,0.18246534526412175,0.08764187581660172,0.5768772558870657,0.6181534040686166
Boston,50,batch,14,256,11,11,gate,full,0.0004640176484826952,0.0035360007701839623,0.012301205688059936,0.025610402813989724,0.28745156042843445,0.13806892440803065,0.11610740862524005,0.19254915766570949
Boston,50,batch,14,256,11,11,amp_true,full,0.0038625409360975027,0.11442238081734205,0.012301205688059936,0.025610402813989724,9.301720800295632,4.467808712279942,0.503510296768169,0.5389270325928828
Boston,50,batch,14,256,11,11,dual_base,full,0.0022201561369001865,0.025610402813989724,0.012301205688059936,0.025610402813989724,2.0819424911208704,1.0,0.995887526920423,1.0
Boston,50,batch,15,256,16,16,base,shared,0.0009827569592744112,0.01339266984145728,0.01339266984145728,0.02681726745300593,1.0,0.4994047161936368,1.0,0.9967876518425973
Boston,50,batch,15,256,16,16,tail,shared,0.003034413093701005,0.06283745076858835,0.01339266984145728,0.02681726745300593,4.691928608146059,2.3431712749519877,0.5679127927318155,0.5897646222747677
Boston,50,batch,15,256,16,16,body,shared,0.0008728186367079616,0.012478813705867663,0.01339266984145728,0.02681726745300593,0.9317644542568535,0.4653275628374628,0.9911049359386297,0.9844172052378773
Boston,50,batch,15,256,16,16,excess,shared,7.632059714524075e-05,0.0006800960607611953,0.01339266984145728,0.02681726745300593,0.050781216054168986,0.025360378791500018,0.38263512345860806,0.40569535387906513
Boston,50,batch,15,256,16,16,gate,shared,0.00045525497989729047,0.005032184897198111,0.01339266984145728,0.02681726745300593,0.3757417271365028,0.1876471906027121,0.17883151537243175,0.250670972000797
Boston,50,batch,15,256,16,16,amp_true,shared,0.003475719131529331,0.0657207568297171,0.01339266984145728,0.02681726745300593,4.907218471575934,2.4506880480975517,0.35400305928150994,0.36734491538329633
Boston,50,batch,15,256,16,16,dual_base,shared,0.0022358442656695843,0.02681726745300593,0.01339266984145728,0.02681726745300593,2.0023839735071,1.0,0.9967876518425973,1.0
Boston,50,batch,15,256,16,16,base,temporal,0.0009827569592744112,0.0002417564206527092,0.0002417564206527092,0.00047451010058384137,1.0,0.5094863530939594,1.0000000000000004,0.9999928116888586
Boston,50,batch,15,256,16,16,tail,temporal,0.003034413093701005,0.0009445056191899994,0.0002417564206527092,0.00047451010058384137,3.906848126887235,1.9904858042597438,0.5857033128633445,0.5875873899189963
Boston,50,batch,15,256,16,16,body,temporal,0.0008728186367079616,0.00022854273363659574,0.0002417564206527092,0.00047451010058384137,0.9453429738062868,0.4816393441475635,0.9939464755563929,0.993681401780768
Boston,50,batch,15,256,16,16,excess,temporal,7.632059714524075e-05,6.710437656392203e-06,0.0002417564206527092,0.00047451010058384137,0.027757019392804297,0.01414182258319817,0.19344878161802462,0.19597167866524093
Boston,50,batch,15,256,16,16,gate,temporal,0.00045525497989729047,2.743397778233128e-05,0.0002417564206527092,0.00047451010058384137,0.11347776289979518,0.057815371577077654,0.21259611815239676,0.2147995986506467
Boston,50,batch,15,256,16,16,amp_true,temporal,0.003475719131529331,0.0010264516647570429,0.0002417564206527092,0.00047451010058384137,4.245809323226097,2.1631819080227963,0.21034680479164744,0.21261808293425596
Boston,50,batch,15,256,16,16,dual_base,temporal,0.0022358442656695843,0.00047451010058384137,0.0002417564206527092,0.00047451010058384137,1.9627611101402358,1.0,0.9999928116888586,1.0000000000000002
Boston,50,batch,15,256,16,16,base,excess,0.0009827569592744112,0.0006877822454663743,0.0006877822454663743,0.001738076246080642,1.0,0.3957146569474853,0.9999999999999999,0.9946827065344358
Boston,50,batch,15,256,16,16,tail,excess,0.003034413093701005,0.013787806518333228,0.0006877822454663743,0.001738076246080642,20.046761324849168,7.932797280570804,0.9999151706537968,0.9953110743510054
Boston,50,batch,15,256,16,16,body,excess,0.0008728186367079616,0.0,0.0006877822454663743,0.001738076246080642,0.0,0.0,,
Boston,50,batch,15,256,16,16,excess,excess,7.632059714524075e-05,0.0005258905385969363,0.0006877822454663743,0.001738076246080642,0.7646177871898077,0.3025704653537601,0.9855278826161359,0.9977429863198326
Boston,50,batch,15,256,16,16,gate,excess,0.00045525497989729047,0.0,0.0006877822454663743,0.001738076246080642,0.0,0.0,,
Boston,50,batch,15,256,16,16,amp_true,excess,0.003475719131529331,0.04791014393973513,0.0006877822454663743,0.001738076246080642,69.65888441515094,27.56504154968598,0.9647292434632454,0.9554107986457001
Boston,50,batch,15,256,16,16,dual_base,excess,0.0022358442656695843,0.001738076246080642,0.0006877822454663743,0.001738076246080642,2.527073441539742,1.0,0.9946827065344358,1.0000000000000002
Boston,50,batch,15,256,16,16,base,full,0.0009827569592744112,0.015236502073625343,0.015236502073625343,0.03047356236545794,1.0,0.49999084094270696,0.9999999999999999,0.9973519566121031
Boston,50,batch,15,256,16,16,tail,full,0.003034413093701005,0.06659258993038884,0.015236502073625343,0.03047356236545794,4.370595666157642,2.18525780254271,0.5455703051638872,0.5649991716055272
Boston,50,batch,15,256,16,16,body,full,0.0008728186367079616,0.014374577181868424,0.015236502073625343,0.03047356236545794,0.9434302645323741,0.4717064913343422,0.9917939706338552,0.9859582663183033
Boston,50,batch,15,256,16,16,excess,full,7.632059714524075e-05,0.0008597043157089948,0.015236502073625343,0.03047356236545794,0.05642399492710065,0.028211480672948087,0.2932783540095914,0.3172415996075344
Boston,50,batch,15,256,16,16,gate,full,0.00045525497989729047,0.005085545203124608,0.015236502073625343,0.03047356236545794,0.33377380047929617,0.1668838431862866,0.1561563726882407,0.22032992893516937
Boston,50,batch,15,256,16,16,amp_true,full,0.003475719131529331,0.08133018978581659,0.015236502073625343,0.03047356236545794,5.337851784669173,2.668877002644269,0.2770965828446065,0.2933262925977306
Boston,50,batch,15,256,16,16,dual_base,full,0.0022358442656695843,0.03047356236545794,0.015236502073625343,0.03047356236545794,2.000036636900291,1.0,0.9973519566121031,0.9999999999999998
Boston,50,accum4,3,1024,52,52,base,shared,0.0009521354804746807,0.010911743773984302,0.010911743773984302,0.022729198992345937,1.0,0.48007603689240586,0.9999999999999998,0.9973281883045821
Boston,50,accum4,3,1024,52,52,tail,shared,0.002873973804526031,0.07607338432821902,0.010911743773984302,0.022729198992345937,6.9716981908604385,3.346945237878235,0.6713284037840086,0.7152290892233351
Boston,50,accum4,3,1024,52,52,body,shared,0.0008360474021174014,0.009329858651510422,0.010911743773984302,0.022729198992345937,0.8550291176882838,0.41047899024740175,0.9685456362506593,0.9504642098357377
Boston,50,accum4,3,1024,52,52,excess,shared,8.878177504811902e-05,0.0018377386588954237,0.010911743773984302,0.022729198992345937,0.16841842119468994,0.08085364818682271,0.5932806715636874,0.6435063429895777
Boston,50,accum4,3,1024,52,52,gate,shared,0.00045042204146739095,0.00246800852411198,0.010911743773984302,0.022729198992345937,0.22617911263607451,0.10858317202216773,0.4408790439022779,0.5008889963010699
Boston,50,accum4,3,1024,52,52,amp_true,shared,0.0036981064768042415,0.09564578330738463,0.010911743773984302,0.022729198992345937,8.765398573179715,4.208057808794466,0.5644427419543928,0.6129769105554167
Boston,50,accum4,3,1024,52,52,dual_base,shared,0.002190957427956164,0.022729198992345937,0.010911743773984302,0.022729198992345937,2.08300336436938,1.0,0.9973281883045821,1.0000000000000002
Boston,50,accum4,3,1024,52,52,base,temporal,0.0009521354804746807,0.00019018376354616135,0.00019018376354616135,0.0003876590213810861,1.0,0.49059547967852457,0.9999999999999994,0.9990455946645684
Boston,50,accum4,3,1024,52,52,tail,temporal,0.002873973804526031,0.0011215180888144707,0.00019018376354616135,0.0003876590213810861,5.8970233205120905,2.893052984602075,0.658012730811209,0.6901807072517796
Boston,50,accum4,3,1024,52,52,body,temporal,0.0008360474021174014,0.00016851545248968146,0.00019018376354616135,0.0003876590213810861,0.8860664514548816,0.4347001957785558,0.9787285151915381,0.9688483652527424
Boston,50,accum4,3,1024,52,52,excess,temporal,8.878177504811902e-05,2.4393413930860273e-05,0.00019018376354616135,0.0003876590213810861,0.12826233678428342,0.06292492263937399,0.52323504522785,0.5599197322485246
Boston,50,accum4,3,1024,52,52,gate,temporal,0.00045042204146739095,2.411533904444669e-05,0.00019018376354616135,0.0003876590213810861,0.12680019889601893,0.062207604400724724,0.5565761528805285,0.5922246392671127
Boston,50,accum4,3,1024,52,52,amp_true,temporal,0.0036981064768042415,0.0013667301224944235,0.00019018376354616135,0.0003876590213810861,7.186365949492272,3.525598650136577,0.47634721085080584,0.5141661263919184
Boston,50,accum4,3,1024,52,52,dual_base,temporal,0.002190957427956164,0.0003876590213810861,0.00019018376354616135,0.0003876590213810861,2.038339204950025,1.0,0.9990455946645684,0.9999999999999997
Boston,50,accum4,3,1024,52,52,base,excess,0.0009521354804746807,0.0007536921750277233,0.0007536921750277233,0.0019297976151934786,1.0,0.3905550349393292,1.0,0.9992862546716494
Boston,50,accum4,3,1024,52,52,tail,excess,0.002873973804526031,0.015057020454510761,0.0007536921750277233,0.0019297976151934786,19.977679155229275,7.802383180477278,0.999977390783392,0.999451280967071
Boston,50,accum4,3,1024,52,52,body,excess,0.0008360474021174014,0.0,0.0007536921750277233,0.0019297976151934786,0.0,0.0,,
Boston,50,accum4,3,1024,52,52,excess,excess,8.878177504811902e-05,0.0005884875240351694,0.0007536921750277233,0.0019297976151934786,0.7808062011702893,0.30494779317890724,0.9980957044609772,0.9997121978463657
Boston,50,accum4,3,1024,52,52,gate,excess,0.00045042204146739095,0.0,0.0007536921750277233,0.0019297976151934786,0.0,0.0,,
Boston,50,accum4,3,1024,52,52,amp_true,excess,0.0036981064768042415,0.04011528706575382,0.0007536921750277233,0.0019297976151934786,53.225027929045766,20.787302642475243,0.9848813981911879,0.9883079789931851
Boston,50,accum4,3,1024,52,52,dual_base,excess,0.002190957427956164,0.0019297976151934786,0.0007536921750277233,0.0019297976151934786,2.5604586051626375,1.0,0.9992862546716494,1.0000000000000002
Boston,50,accum4,3,1024,52,52,base,full,0.0009521354804746807,0.012086366178248379,0.012086366178248379,0.02498215372395506,1.0,0.4838000082698603,1.0000000000000002,0.9974408618890914
Boston,50,accum4,3,1024,52,52,tail,full,0.002873973804526031,0.07884426664487883,0.012086366178248379,0.02498215372395506,6.523405420793345,3.156023596527472,0.6445020078650369,0.6875439499098912
Boston,50,accum4,3,1024,52,52,body,full,0.0008360474021174014,0.01060375370932521,0.012086366178248379,0.02498215372395506,0.8773318260378872,0.4244531446925415,0.9714249750823546,0.9544888623916415
Boston,50,accum4,3,1024,52,52,excess,full,8.878177504811902e-05,0.001929663427736504,0.012086366178248379,0.02498215372395506,0.15965621091385476,0.0772416761604575,0.529087736753474,0.5811338508651074
Boston,50,accum4,3,1024,52,52,gate,full,0.00045042204146739095,0.002534610520402853,0.012086366178248379,0.02498215372395506,0.20970823513227216,0.10145684589125109,0.3888250730276141,0.44697624827006505
Boston,50,accum4,3,1024,52,52,amp_true,full,0.0036981064768042415,0.10371765578169906,0.012086366178248379,0.02498215372395506,8.581376259173572,4.151669905154957,0.4936822726313556,0.5438218788562603
Boston,50,accum4,3,1024,52,52,dual_base,full,0.002190957427956164,0.02498215372395506,0.012086366178248379,0.02498215372395506,2.0669697869087402,1.0,0.9974408618890914,0.9999999999999998
CBBT,0,batch,0,256,13,13,base,shared,0.024792667478322983,0.11727992582774154,0.11727992582774154,0.22760459688589704,1.0,0.5152792493314027,1.0000000000000002,0.9999877713452603
CBBT,0,batch,0,256,13,13,tail,shared,0.18587149679660797,0.840794675161558,0.11727992582774154,0.22760459688589704,7.169126934787636,3.694102345318913,0.9965130463393548,0.9962428046282783
CBBT,0,batch,0,256,13,13,body,shared,0.02119607850909233,0.11027410830259195,0.11727992582774154,0.22760459688589704,0.9402641374838555,0.48449859893591984,0.9999614743196922,0.9999868380833544
CBBT,0,batch,0,256,13,13,excess,shared,0.0006278094369918108,0.0,0.11727992582774154,0.22760459688589704,0.0,0.0,,
CBBT,0,batch,0,256,13,13,gate,shared,0.0046911961399018764,0.0,0.11727992582774154,0.22760459688589704,0.0,0.0,,
CBBT,0,batch,0,256,13,13,amp_true,shared,0.015401775017380714,0.0,0.11727992582774154,0.22760459688589704,0.0,0.0,,
CBBT,0,batch,0,256,13,13,dual_base,shared,0.049589961767196655,0.22760459688589704,0.11727992582774154,0.22760459688589704,1.940695266299863,1.0,0.9999877713452603,1.0000000000000002
CBBT,0,batch,0,256,13,13,base,temporal,0.024792667478322983,0.004804135427954296,0.004804135427954296,0.009321795916873668,1.0,0.51536586627671,0.9999999999999999,0.9999910659108109
CBBT,0,batch,0,256,13,13,tail,temporal,0.18587149679660797,0.0343957448860663,0.004804135427954296,0.009321795916873668,7.15961183898447,3.6898195576032204,0.9975412398624033,0.9973577693587775
CBBT,0,batch,0,256,13,13,body,temporal,0.02119607850909233,0.004515964882930868,0.004804135427954296,0.009321795916873668,0.9400161487233224,0.4844522368008918,0.9999722041219897,0.9999903446853532
CBBT,0,batch,0,256,13,13,excess,temporal,0.0006278094369918108,0.0,0.004804135427954296,0.009321795916873668,0.0,0.0,,
CBBT,0,batch,0,256,13,13,gate,temporal,0.0046911961399018764,0.0,0.004804135427954296,0.009321795916873668,0.0,0.0,,
CBBT,0,batch,0,256,13,13,amp_true,temporal,0.015401775017380714,0.0,0.004804135427954296,0.009321795916873668,0.0,0.0,,
CBBT,0,batch,0,256,13,13,dual_base,temporal,0.049589961767196655,0.009321795916873668,0.004804135427954296,0.009321795916873668,1.9403690958901816,1.0,0.9999910659108109,1.0
CBBT,0,batch,0,256,13,13,base,excess,0.024792667478322983,0.0005680929750582586,0.0005680929750582586,0.0019248040329234463,1.0,0.29514327970075116,1.0,0.9982717541682179
CBBT,0,batch,0,256,13,13,tail,excess,0.18587149679660797,0.004081936305791199,0.0005680929750582586,0.0019248040329234463,7.18533142461864,2.1207022823988164,0.9983336891232659,0.9992233538278835
CBBT,0,batch,0,256,13,13,body,excess,0.02119607850909233,0.0,0.0005680929750582586,0.0019248040329234463,0.0,0.0,,
CBBT,0,batch,0,256,13,13,excess,excess,0.0006278094369918108,0.0006794271315310099,0.0005680929750582586,0.0019248040329234463,1.1959787593946816,0.35298509350018187,0.9965317795599483,0.9996969845755136
CBBT,0,batch,0,256,13,13,gate,excess,0.0046911961399018764,0.0,0.0005680929750582586,0.0019248040329234463,0.0,0.0,,
CBBT,0,batch,0,256,13,13,amp_true,excess,0.015401775017380714,0.01737586529054351,0.0005680929750582586,0.0019248040329234463,30.586305505294437,9.027342520761742,0.9939233100147682,0.9959756435597543
CBBT,0,batch,0,256,13,13,dual_base,excess,0.049589961767196655,0.0019248040329234463,0.0005680929750582586,0.0019248040329234463,3.388184887739644,1.0,0.9982717541682179,1.0
CBBT,0,batch,0,256,13,13,base,full,0.024792667478322983,0.1795429826466205,0.1795429826466205,0.34826402213770613,1.0,0.5155369812378376,1.0000000000000002,0.9999865621715249
CBBT,0,batch,0,256,13,13,tail,full,0.18587149679660797,1.292704113609256,0.1795429826466205,0.34826402213770613,7.199970138368359,3.7118508701370003,0.9978135300582911,0.9976212418922674
CBBT,0,batch,0,256,13,13,body,full,0.02119607850909233,0.16861656445993778,0.1795429826466205,0.34826402213770613,0.9391431621240899,0.4841630307516105,0.9999620385274586,0.9999733415944628
CBBT,0,batch,0,256,13,13,excess,full,0.0006278094369918108,0.0006794271315310099,0.1795429826466205,0.34826402213770613,0.0037842032114854063,0.001950896700039717,0.0031531318854414038,0.005525178213359937
CBBT,0,batch,0,256,13,13,gate,full,0.0046911961399018764,0.0006040702788754678,0.1795429826466205,0.34826402213770613,0.003364488380280554,0.0017345181829796189,0.0007064761120364577,0.0012249753554281484
CBBT,0,batch,0,256,13,13,amp_true,full,0.015401775017380714,0.01737586529054351,0.1795429826466205,0.34826402213770613,0.09677830363742469,0.04989279450655677,0.0031448784120812847,0.005504610908844674
CBBT,0,batch,0,256,13,13,dual_base,full,0.049589961767196655,0.34826402213770613,0.1795429826466205,0.34826402213770613,1.9397250563847723,1.0,0.9999865621715249,1.0000000000000002
CBBT,0,batch,1,256,8,8,base,shared,0.023613175377249718,0.05612286576540271,0.05612286576540271,0.10918674897921729,1.0,0.5140080301876667,0.9999999999999999,0.9999570011473778
CBBT,0,batch,1,256,8,8,tail,shared,0.11086859554052353,0.5095106861826586,0.05612286576540271,0.10918674897921729,9.078486624550624,4.666415026970346,0.9613384762166626,0.9592992966006914
CBBT,0,batch,1,256,8,8,body,shared,0.021580368280410767,0.05303509870705048,0.05612286576540271,0.10918674897921729,0.944982013725755,0.4857283434379499,0.9998375732896324,0.9999547735031877
CBBT,0,batch,1,256,8,8,excess,shared,0.00039697482134215534,0.0,0.05612286576540271,0.10918674897921729,0.0,0.0,,
CBBT,0,batch,1,256,8,8,gate,shared,0.0033508925698697567,0.0,0.05612286576540271,0.10918674897921729,0.0,0.0,,
CBBT,0,batch,1,256,8,8,amp_true,shared,0.009941966272890568,0.0,0.05612286576540271,0.10918674897921729,0.0,0.0,,
CBBT,0,batch,1,256,8,8,dual_base,shared,0.04766293615102768,0.10918674897921729,0.05612286576540271,0.10918674897921729,1.9454948974919621,1.0,0.9999570011473778,1.0000000000000002
CBBT,0,batch,1,256,8,8,base,temporal,0.023613175377249718,0.002282797213160043,0.002282797213160043,0.004437549741694512,1.0,0.5144274083761232,1.0000000000000002,0.9999668879560751
CBBT,0,batch,1,256,8,8,tail,temporal,0.11086859554052353,0.0209766907832386,0.002282797213160043,0.004437549741694512,9.189029433850093,4.727088597147419,0.9703931929809835,0.9688820802847955
CBBT,0,batch,1,256,8,8,body,temporal,0.021580368280410767,0.0021533254535797118,0.002282797213160043,0.004437549741694512,0.9432837227792541,0.48525100087271317,0.9998774182915969,0.9999664077186978
CBBT,0,batch,1,256,8,8,excess,temporal,0.00039697482134215534,0.0,0.002282797213160043,0.004437549741694512,0.0,0.0,,
CBBT,0,batch,1,256,8,8,gate,temporal,0.0033508925698697567,0.0,0.002282797213160043,0.004437549741694512,0.0,0.0,,
CBBT,0,batch,1,256,8,8,amp_true,temporal,0.009941966272890568,0.0,0.002282797213160043,0.004437549741694512,0.0,0.0,,
CBBT,0,batch,1,256,8,8,dual_base,temporal,0.04766293615102768,0.004437549741694512,0.002282797213160043,0.004437549741694512,1.9439088658916297,1.0,0.9999668879560751,1.0000000000000004
CBBT,0,batch,1,256,8,8,base,excess,0.023613175377249718,0.0002633492731055068,0.0002633492731055068,0.0009857677977534978,1.0,0.2671514262341122,1.0,0.9903446805191427
CBBT,0,batch,1,256,8,8,tail,excess,0.11086859554052353,0.002470598242580008,0.0002633492731055068,0.0009857677977534978,9.381450776172072,2.5062679549994877,0.9792542102767983,0.9959312190329535
CBBT,0,batch,1,256,8,8,body,excess,0.021580368280410767,0.0,0.0002633492731055068,0.0009857677977534978,0.0,0.0,,
CBBT,0,batch,1,256,8,8,excess,excess,0.00039697482134215534,0.00036298970480745185,0.0002633492731055068,0.0009857677977534978,1.3783584838756158,0.3682304348292593,0.9820385993508403,0.9987099521293331
CBBT,0,batch,1,256,8,8,gate,excess,0.0033508925698697567,0.0,0.0002633492731055068,0.0009857677977534978,0.0,0.0,,
CBBT,0,batch,1,256,8,8,amp_true,excess,0.009941966272890568,0.010208820483617776,0.0002633492731055068,0.0009857677977534978,38.76532622714994,10.356212190013743,0.9717703194273074,0.9858267365172096
CBBT,0,batch,1,256,8,8,dual_base,excess,0.04766293615102768,0.0009857677977534978,0.0002633492731055068,0.0009857677977534978,3.743195438244347,1.0,0.9903446805191427,1.0
CBBT,0,batch,1,256,8,8,base,full,0.023613175377249718,0.08531929165080744,0.08531929165080744,0.16587819223308506,1.0,0.5143490563902479,1.0000000000000002,0.9999132684747905
CBBT,0,batch,1,256,8,8,tail,full,0.11086859554052353,0.781611551847583,0.08531929165080744,0.16587819223308506,9.16101782755701,4.711960875178187,0.974674040428851,0.9732948274228357
CBBT,0,batch,1,256,8,8,body,full,0.021580368280410767,0.08047636958523043,0.08531929165080744,0.16587819223308506,0.9432376667471877,0.4851534038431551,0.9998813596845186,0.9999226722663069
CBBT,0,batch,1,256,8,8,excess,full,0.00039697482134215534,0.00036298970480745185,0.08531929165080744,0.16587819223308506,0.004254485682945969,0.002188290696449079,0.00303119196487312,0.005935054493008108
CBBT,0,batch,1,256,8,8,gate,full,0.0033508925698697567,0.0029606882964727894,0.08531929165080744,0.16587819223308506,0.034701276102832836,0.017848568619029528,-0.0027923518315377503,0.007543365313359525
CBBT,0,batch,1,256,8,8,amp_true,full,0.009941966272890568,0.010208820483617776,0.08531929165080744,0.16587819223308506,0.1196543042738818,0.0615440784963027,0.002999497561396663,0.005858493138492613
CBBT,0,batch,1,256,8,8,dual_base,full,0.04766293615102768,0.16587819223308506,0.08531929165080744,0.16587819223308506,1.94420498604216,1.0,0.9999132684747905,1.0
CBBT,0,batch,2,256,10,10,base,shared,0.02331661805510521,0.08789556341305302,0.08789556341305302,0.1742952331512704,1.0,0.504291263873916,1.0,0.9999942979843213
CBBT,0,batch,2,256,10,10,tail,shared,0.10842490941286087,0.5773085013796753,0.08789556341305302,0.1742952331512704,6.56811878736921,3.312244924556431,0.9908994433595155,0.9908311625741302
CBBT,0,batch,2,256,10,10,body,shared,0.022171378135681152,0.08639905344570006,0.08789556341305302,0.1742952331512704,0.9829739988090148,0.4957052002145953,0.9999909700376601,0.9999944086690437
CBBT,0,batch,2,256,10,10,excess,shared,0.0001503101084381342,0.0,0.08789556341305302,0.1742952331512704,0.0,0.0,,
CBBT,0,batch,2,256,10,10,gate,shared,0.0038870139978826046,0.0,0.08789556341305302,0.1742952331512704,0.0,0.0,,
CBBT,0,batch,2,256,10,10,amp_true,shared,0.003834121860563755,0.0,0.08789556341305302,0.1742952331512704,0.0,0.0,,
CBBT,0,batch,2,256,10,10,dual_base,shared,0.047732122242450714,0.1742952331512704,0.08789556341305302,0.1742952331512704,1.9829810104543515,1.0,0.9999942979843213,1.0000000000000002
CBBT,0,batch,2,256,10,10,base,temporal,0.02331661805510521,0.0035928823077640486,0.0035928823077640486,0.0071236144856293,1.0,0.5043622609016936,1.0000000000000002,0.9999957178394882
CBBT,0,batch,2,256,10,10,tail,temporal,0.10842490941286087,0.023675678112513525,0.0035928823077640486,0.0071236144856293,6.589605805164145,3.323548482343513,0.9927080989329661,0.992667414862344
CBBT,0,batch,2,256,10,10,body,temporal,0.022171378135681152,0.0035312199265600144,0.0035928823077640486,0.0071236144856293,0.9828376284213973,0.49570620836987456,0.9999928030395636,0.9999956991209394
CBBT,0,batch,2,256,10,10,excess,temporal,0.0001503101084381342,0.0,0.0035928823077640486,0.0071236144856293,0.0,0.0,,
CBBT,0,batch,2,256,10,10,gate,temporal,0.0038870139978826046,0.0,0.0035928823077640486,0.0071236144856293,0.0,0.0,,
CBBT,0,batch,2,256,10,10,amp_true,temporal,0.003834121860563755,0.0,0.0035928823077640486,0.0071236144856293,0.0,0.0,,
CBBT,0,batch,2,256,10,10,dual_base,temporal,0.047732122242450714,0.0071236144856293,0.0035928823077640486,0.0071236144856293,1.9827018742683296,1.0,0.9999957178394882,1.0
CBBT,0,batch,2,256,10,10,base,excess,0.02331661805510521,0.00042210292546234206,0.00042210292546234206,0.0007859550646155476,1.0,0.5370573261320163,0.9999999999999999,0.9988579589939703
CBBT,0,batch,2,256,10,10,tail,excess,0.10842490941286087,0.0027935877545142243,0.00042210292546234206,0.0007859550646155476,6.618262006723415,3.55438609697199,0.994785358841312,0.9964723638376883
CBBT,0,batch,2,256,10,10,body,excess,0.022171378135681152,0.0,0.00042210292546234206,0.0007859550646155476,0.0,0.0,,
CBBT,0,batch,2,256,10,10,excess,excess,0.0001503101084381342,0.00018216117712334344,0.00042210292546234206,0.0007859550646155476,0.43155630092782893,0.23177047305172357,0.9947059704638571,0.9984755777650699
CBBT,0,batch,2,256,10,10,gate,excess,0.0038870139978826046,0.0,0.00042210292546234206,0.0007859550646155476,0.0,0.0,,
CBBT,0,batch,2,256,10,10,amp_true,excess,0.003834121860563755,0.005673921678351559,0.00042210292546234206,0.0007859550646155476,13.44203353278526,7.219142586894552,0.9832553862486406,0.9872852560196771
CBBT,0,batch,2,256,10,10,dual_base,excess,0.047732122242450714,0.0007859550646155476,0.00042210292546234206,0.0007859550646155476,1.8619986197789729,1.0,0.9988579589939703,1.0
CBBT,0,batch,2,256,10,10,base,full,0.02331661805510521,0.13426274140310368,0.13426274140310368,0.26623284122156016,1.0,0.5043057076920485,0.9999999999999998,0.9999843137015838
CBBT,0,batch,2,256,10,10,tail,full,0.10842490941286087,0.8795685197258979,0.13426274140310368,0.26623284122156016,6.551099065414773,3.303756650344715,0.993856236900699,0.9938069973070988
CBBT,0,batch,2,256,10,10,body,full,0.022171378135681152,0.13197661308064135,0.13426274140310368,0.26623284122156016,0.9829727272170127,0.4957187568411585,0.9999837278921919,0.999989681278545
CBBT,0,batch,2,256,10,10,excess,full,0.0001503101084381342,0.00018216117712334344,0.13426274140310368,0.26623284122156016,0.0013567515099101985,0.000684217530367518,0.0031272138176224235,0.0029476338592890334
CBBT,0,batch,2,256,10,10,gate,full,0.0038870139978826046,0.001738802523977074,0.13426274140310368,0.26623284122156016,0.012950744978136421,0.006531134611338332,-0.002902562759254946,0.0018254785728806225
CBBT,0,batch,2,256,10,10,amp_true,full,0.003834121860563755,0.005673921678351559,0.13426274140310368,0.26623284122156016,0.04225983783033644,0.021311877423979022,0.003091214812649149,0.0029145985282227585
CBBT,0,batch,2,256,10,10,dual_base,full,0.047732122242450714,0.26623284122156016,0.13426274140310368,0.26623284122156016,1.9829242159016858,1.0,0.9999843137015838,0.9999999999999998
CBBT,0,batch,3,256,10,10,base,shared,0.027441656216979027,0.13199917597462404,0.13199917597462404,0.25676277929595726,1.0,0.5140899951954305,1.0000000000000002,0.999992232279311
CBBT,0,batch,3,256,10,10,tail,shared,0.1626930981874466,0.6967780852931122,0.13199917597462404,0.25676277929595726,5.278654810898692,2.7137036263732446,0.9960575962963896,0.995843831497553
CBBT,0,batch,3,256,10,10,body,shared,0.023780565708875656,0.12477743049426916,0.13199917597462404,0.25676277929595726,0.9452894654301235,0.48596385674126324,0.9999798675727263,0.9999915376864387
CBBT,0,batch,3,256,10,10,excess,shared,0.000628798152320087,0.0,0.13199917597462404,0.25676277929595726,0.0,0.0,,
CBBT,0,batch,3,256,10,10,gate,shared,0.0038870139978826046,0.0,0.13199917597462404,0.25676277929595726,0.0,0.0,,
CBBT,0,batch,3,256,10,10,amp_true,shared,0.01621224172413349,0.0,0.13199917597462404,0.25676277929595726,0.0,0.0,,
CBBT,0,batch,3,256,10,10,dual_base,shared,0.05442332476377487,0.25676277929595726,0.13199917597462404,0.25676277929595726,1.9451847134660762,1.0,0.999992232279311,1.0000000000000004
CBBT,0,batch,3,256,10,10,base,temporal,0.027441656216979027,0.005396597841657083,0.005396597841657083,0.010496754059954342,1.0,0.5141206329912389,0.9999999999999999,0.9999939724389488
CBBT,0,batch,3,256,10,10,tail,temporal,0.1626930981874466,0.02856409486015508,0.005396597841657083,0.010496754059954342,5.292981930145858,2.721231220337778,0.996417061484434,0.996235049587494
CBBT,0,batch,3,256,10,10,body,temporal,0.023780565708875656,0.0051006234989528524,0.005396597841657083,0.010496754059954342,0.9451553828192341,0.4859238836901013,0.9999837328884436,0.9999932021674237
CBBT,0,batch,3,256,10,10,excess,temporal,0.000628798152320087,0.0,0.005396597841657083,0.010496754059954342,0.0,0.0,,
CBBT,0,batch,3,256,10,10,gate,temporal,0.0038870139978826046,0.0,0.005396597841657083,0.010496754059954342,0.0,0.0,,
CBBT,0,batch,3,256,10,10,amp_true,temporal,0.01621224172413349,0.0,0.005396597841657083,0.010496754059954342,0.0,0.0,,
CBBT,0,batch,3,256,10,10,dual_base,temporal,0.05442332476377487,0.010496754059954342,0.005396597841657083,0.010496754059954342,1.9450687948115106,1.0,0.9999939724389488,1.0
CBBT,0,batch,3,256,10,10,base,excess,0.027441656216979027,0.0006414413360417999,0.0006414413360417999,0.0021230527574697057,1.0,0.30213160449497345,1.0,0.9988571970647513
CBBT,0,batch,3,256,10,10,tail,excess,0.1626930981874466,0.0033903067396619103,0.0006414413360417999,0.0021230527574697057,5.285450982287457,1.596901785758043,0.9979970890982469,0.9995892435302262
CBBT,0,batch,3,256,10,10,body,excess,0.023780565708875656,0.0,0.0006414413360417999,0.0021230527574697057,0.0,0.0,,
CBBT,0,batch,3,256,10,10,excess,excess,0.000628798152320087,0.0007413046812250306,0.0006414413360417999,0.0021230527574697057,1.1556858586624092,0.34916922276982487,0.9976508010146032,0.9997814983496868
CBBT,0,batch,3,256,10,10,gate,excess,0.0038870139978826046,0.0,0.0006414413360417999,0.0021230527574697057,0.0,0.0,,
CBBT,0,batch,3,256,10,10,amp_true,excess,0.01621224172413349,0.017441254292320622,0.0006414413360417999,0.0021230527574697057,27.190723940472793,8.215177051514932,0.9925230830047557,0.9937188547752775
CBBT,0,batch,3,256,10,10,dual_base,excess,0.05442332476377487,0.0021230527574697057,0.0006414413360417999,0.0021230527574697057,3.309815938228458,1.0,0.9988571970647513,0.9999999999999998
CBBT,0,batch,3,256,10,10,base,full,0.027441656216979027,0.20174786705500256,0.20174786705500256,0.3924303141505614,1.0,0.514098579493528,1.0,0.9999846253517622
CBBT,0,batch,3,256,10,10,tail,full,0.1626930981874466,1.071344771968581,0.20174786705500256,0.3924303141505614,5.3103152345917985,2.730025518766485,0.9974001830730851,0.9972549495125709
CBBT,0,batch,3,256,10,10,body,full,0.023780565708875656,0.19064317128353594,0.20174786705500256,0.3924303141505614,0.9449575555193397,0.48580133697416916,0.9999765185470648,0.999978223105287
CBBT,0,batch,3,256,10,10,excess,full,0.000628798152320087,0.0007413046812250306,0.20174786705500256,0.3924303141505614,0.0036744114921568346,0.0018890097285925232,0.0031719515653244232,0.005408830027652083
CBBT,0,batch,3,256,10,10,gate,full,0.0038870139978826046,0.0018913076814411445,0.20174786705500256,0.3924303141505614,0.009374610542601261,0.0048194739632563596,-0.002888914720875782,0.0009372173406135587
CBBT,0,batch,3,256,10,10,amp_true,full,0.01621224172413349,0.017441254292320622,0.20174786705500256,0.3924303141505614,0.08645074937801256,0.04444420745138725,0.003155648392760099,0.005376031052409648
CBBT,0,batch,3,256,10,10,dual_base,full,0.05442332476377487,0.3924303141505614,0.20174786705500256,0.3924303141505614,1.9451522332257076,1.0,0.9999846253517622,0.9999999999999998
CBBT,0,accum4,0,1024,41,41,base,shared,0.024791029281914234,0.09802651025581684,0.09802651025581684,0.19136458852795638,1.0,0.5122499988627529,1.0,0.9999936633227576
CBBT,0,accum4,0,1024,41,41,tail,shared,0.14196452498435974,0.6553246888864724,0.09802651025581684,0.19136458852795638,6.6851781949218765,3.424482522746032,0.993175083339521,0.992870443859029
CBBT,0,accum4,0,1024,41,41,body,shared,0.022182097658514977,0.09332012377799029,0.09802651025581684,0.19136458852795638,0.9519886358746789,0.487656177644158,0.9999774276532067,0.9999933106355199
CBBT,0,accum4,0,1024,41,41,excess,shared,0.0004509731297730468,0.0,0.09802651025581684,0.19136458852795638,0.0,0.0,,
CBBT,0,accum4,0,1024,41,41,gate,shared,0.003954029176384211,0.0,0.09802651025581684,0.19136458852795638,0.0,0.0,,
CBBT,0,accum4,0,1024,41,41,amp_true,shared,0.011347526218742132,0.0,0.09802651025581684,0.19136458852795638,0.0,0.0,,
CBBT,0,accum4,0,1024,41,41,dual_base,shared,0.04985208623111248,0.19136458852795638,0.09802651025581684,0.19136458852795638,1.9521717954516382,1.0,0.9999936633227576,0.9999999999999997
CBBT,0,accum4,0,1024,41,41,base,temporal,0.024791029281914234,0.0040093086631267,0.0040093086631267,0.007825329836429177,1.0,0.5123501177499519,1.0,0.9999956010885424
CBBT,0,accum4,0,1024,41,41,tail,temporal,0.14196452498435974,0.026877168220973673,0.0040093086631267,0.007825329836429177,6.7036914538810395,3.4346371057552965,0.994709610623666,0.994492984994092
CBBT,0,accum4,0,1024,41,41,body,temporal,0.022182097658514977,0.00381543723118556,0.0040093086631267,0.007825329836429177,0.9516446728773565,0.487575260204828,0.9999845075957582,0.9999953376721855
CBBT,0,accum4,0,1024,41,41,excess,temporal,0.0004509731297730468,0.0,0.0040093086631267,0.007825329836429177,0.0,0.0,,
CBBT,0,accum4,0,1024,41,41,gate,temporal,0.003954029176384211,0.0,0.0040093086631267,0.007825329836429177,0.0,0.0,,
CBBT,0,accum4,0,1024,41,41,amp_true,temporal,0.011347526218742132,0.0,0.0040093086631267,0.007825329836429177,0.0,0.0,,
CBBT,0,accum4,0,1024,41,41,dual_base,temporal,0.04985208623111248,0.007825329836429177,0.0040093086631267,0.007825329836429177,1.9517903194628359,1.0,0.9999956010885424,1.0
CBBT,0,accum4,0,1024,41,41,base,excess,0.024791029281914234,0.0004729664292238925,0.0004729664292238925,0.0014534411094489859,1.0,0.32541148461336616,1.0,0.9984508207637682
CBBT,0,accum4,0,1024,41,41,tail,excess,0.14196452498435974,0.0031822607179238104,0.0004729664292238925,0.0014534411094489859,6.728301463479545,2.189466568157163,0.9965576825130105,0.9989231069014736
CBBT,0,accum4,0,1024,41,41,body,excess,0.022182097658514977,0.0,0.0004729664292238925,0.0014534411094489859,0.0,0.0,,
CBBT,0,accum4,0,1024,41,41,excess,excess,0.0004509731297730468,0.0004908061105666938,0.0004729664292238925,0.0014534411094489859,1.0377187052621792,0.33768558449042585,0.9965923712372128,0.9996370699405566
CBBT,0,accum4,0,1024,41,41,gate,excess,0.003954029176384211,0.0,0.0004729664292238925,0.0014534411094489859,0.0,0.0,,
CBBT,0,accum4,0,1024,41,41,amp_true,excess,0.011347526218742132,0.01259381746261511,0.0004729664292238925,0.0014534411094489859,26.627296747637573,8.664828165889398,0.9959143777192878,0.9978063371211223
CBBT,0,accum4,0,1024,41,41,dual_base,excess,0.04985208623111248,0.0014534411094489859,0.0004729664292238925,0.0014534411094489859,3.0730322907568497,1.0,0.9984508207637682,1.0
CBBT,0,accum4,0,1024,41,41,base,full,0.024791029281914234,0.14990989197968457,0.14990989197968457,0.29258223121920696,1.0,0.5123684078660602,1.0,0.9999850537861599
CBBT,0,accum4,0,1024,41,41,tail,full,0.14196452498435974,1.005415135030738,0.14990989197968457,0.29258223121920696,6.706796474558127,3.4363506315510532,0.995673255856539,0.9954750862734743
CBBT,0,accum4,0,1024,41,41,body,full,0.022182097658514977,0.1426172948517792,0.14990989197968457,0.29258223121920696,0.9513534628595848,0.4874434590832285,0.9999755456830794,0.9999822593135977
CBBT,0,accum4,0,1024,41,41,excess,full,0.0004509731297730468,0.0004908061105666938,0.14990989197968457,0.29258223121920696,0.0032740074993397143,0.0016774980097782309,0.003144253717958207,0.0049658299683010875
CBBT,0,accum4,0,1024,41,41,gate,full,0.003954029176384211,0.0016138330552999888,0.14990989197968457,0.29258223121920696,0.010765354000246306,0.005515827289220722,-0.002930179910772012,0.001281419260274783
CBBT,0,accum4,0,1024,41,41,amp_true,full,0.011347526218742132,0.01259381746261511,0.14990989197968457,0.29258223121920696,0.08400924913161696,0.04304368522358979,0.0031421146451527018,0.004956735559768159
CBBT,0,accum4,0,1024,41,41,dual_base,full,0.04985208623111248,0.29258223121920696,0.14990989197968457,0.29258223121920696,1.9517206460188563,1.0,0.9999850537861599,0.9999999999999999
CBBT,0,batch,4,256,9,9,base,shared,0.024649593979120255,0.09489708956274678,0.09489708956274678,0.1858156572859746,1.0,0.5107055613548107,0.9999999999999998,0.9999947891595736
CBBT,0,batch,4,256,9,9,tail,shared,0.11994882673025131,0.5732124160669018,0.09489708956274678,0.1858156572859746,6.040358231301591,3.08484454130103,0.9977491608533263,0.9976958279829649
CBBT,0,batch,4,256,9,9,body,shared,0.02253466658294201,0.09094067886117181,0.09489708956274678,0.1858156572859746,0.9583084084053077,0.4894134336656679,0.9999907874974642,0.9999947248943931
CBBT,0,batch,4,256,9,9,excess,shared,0.000262924178969115,0.0,0.09489708956274678,0.1858156572859746,0.0,0.0,,
CBBT,0,batch,4,256,9,9,gate,shared,0.0036189532838761806,0.0,0.09489708956274678,0.1858156572859746,0.0,0.0,,
CBBT,0,batch,4,256,9,9,amp_true,shared,0.00741186598315835,0.0,0.09489708956274678,0.1858156572859746,0.0,0.0,,
CBBT,0,batch,4,256,9,9,dual_base,shared,0.04951958358287811,0.1858156572859746,0.09489708956274678,0.1858156572859746,1.9580754071821314,1.0,0.9999947891595736,1.0
CBBT,0,batch,4,256,9,9,base,temporal,0.024649593979120255,0.0038747592335618883,0.0038747592335618883,0.007587122715833677,1.0,0.5107020643643468,1.0,0.9999957398118914
CBBT,0,batch,4,256,9,9,tail,temporal,0.11994882673025131,0.023411512516503204,0.0038747592335618883,0.007587122715833677,6.042056062147138,3.0856905039436593,0.9982514265239605,0.9982024225030269
CBBT,0,batch,4,256,9,9,body,temporal,0.02253466658294201,0.0037129735885257625,0.0038747592335618883,0.007587122715833677,0.9582462715012608,0.4893783490251323,0.9999921778169203,0.9999956743813457
CBBT,0,batch,4,256,9,9,excess,temporal,0.000262924178969115,0.0,0.0038747592335618883,0.007587122715833677,0.0,0.0,,
CBBT,0,batch,4,256,9,9,gate,temporal,0.0036189532838761806,0.0,0.0038747592335618883,0.007587122715833677,0.0,0.0,,
CBBT,0,batch,4,256,9,9,amp_true,temporal,0.00741186598315835,0.0,0.0038747592335618883,0.007587122715833677,0.0,0.0,,
CBBT,0,batch,4,256,9,9,dual_base,temporal,0.04951958358287811,0.007587122715833677,0.0038747592335618883,0.007587122715833677,1.9580888149427502,1.0,0.9999957398118914,1.0
CBBT,0,batch,4,256,9,9,base,excess,0.024649593979120255,0.0004584263009548855,0.0004584263009548855,0.0013091762656463083,1.0,0.3501639259619266,1.0,0.9992809370725679
CBBT,0,batch,4,256,9,9,tail,excess,0.11994882673025131,0.0027677776850303397,0.0004584263009548855,0.0013091762656463083,6.037563026521729,2.1141367726094207,0.9986637582207072,0.9995668410385881
CBBT,0,batch,4,256,9,9,body,excess,0.02253466658294201,0.0,0.0004584263009548855,0.0013091762656463083,0.0,0.0,,
CBBT,0,batch,4,256,9,9,excess,excess,0.000262924178969115,0.00042570653087904204,0.0004584263009548855,0.0013091762656463083,0.928625888157618,0.3251712867471525,0.9982872111536883,0.9997839568746988
CBBT,0,batch,4,256,9,9,gate,excess,0.0036189532838761806,0.0,0.0004584263009548855,0.0013091762656463083,0.0,0.0,,
CBBT,0,batch,4,256,9,9,amp_true,excess,0.00741186598315835,0.01120612513616987,0.0004584263009548855,0.0013091762656463083,24.444769230796563,8.559676363089029,0.9909380564870709,0.9934999830731946
CBBT,0,batch,4,256,9,9,dual_base,excess,0.04951958358287811,0.0013091762656463083,0.0004584263009548855,0.0013091762656463083,2.855805312477363,1.0,0.9992809370725679,0.9999999999999999
CBBT,0,batch,4,256,9,9,base,full,0.024649593979120255,0.1449578618782255,0.1449578618782255,0.2837669545109305,1.0,0.5108341883150522,1.0000000000000002,0.9999775913010409
CBBT,0,batch,4,256,9,9,tail,full,0.11994882673025131,0.8780069100762663,0.1449578618782255,0.2837669545109305,6.05698027481843,3.0941126023271543,0.9984433630028373,0.9983727113360598
CBBT,0,batch,4,256,9,9,body,full,0.02253466658294201,0.13887268848785297,0.1449578618782255,0.2837669545109305,0.9580210875662301,0.4893899246555987,0.9999824992856416,0.9999814037811984
CBBT,0,batch,4,256,9,9,excess,full,0.000262924178969115,0.00042570653087904204,0.1449578618782255,0.2837669545109305,0.0029367605548477568,0.0015001976943113161,0.00315706307729762,0.004612564663740261
CBBT,0,batch,4,256,9,9,gate,full,0.0036189532838761806,0.002438009008085668,0.1449578618782255,0.2837669545109305,0.01681874288497551,0.008591588870126024,-0.0029137448958824123,0.002833293038067245
CBBT,0,batch,4,256,9,9,amp_true,full,0.00741186598315835,0.01120612513616987,0.1449578618782255,0.2837669545109305,0.07730608737581808,0.03949059239643853,0.0031338215245780236,0.00458357316482154
CBBT,0,batch,4,256,9,9,dual_base,full,0.04951958358287811,0.2837669545109305,0.1449578618782255,0.2837669545109305,1.9575823679664512,1.0,0.9999775913010409,1.0
CBBT,0,batch,5,256,12,12,base,shared,0.026207929477095604,0.12856670438886128,0.12856670438886128,0.2507745417667538,1.0,0.5126784540531295,1.0,0.9999879197939299
CBBT,0,batch,5,256,12,12,tail,shared,0.17549854516983032,0.7832846946959151,0.12856670438886128,0.2507745417667538,6.092438150446805,3.1234617723853755,0.9969368112508946,0.9966498556517831
CBBT,0,batch,5,256,12,12,body,shared,0.02280259132385254,0.12224570189183995,0.12856670438886128,0.2507745417667538,0.9508348407383695,0.48747253620960085,0.9999630107847528,0.9999870308864113
CBBT,0,batch,5,256,12,12,excess,shared,0.0007002723286859691,0.0,0.12856670438886128,0.2507745417667538,0.0,0.0,,
CBBT,0,batch,5,256,12,12,gate,shared,0.0044231354258954525,0.0,0.12856670438886128,0.2507745417667538,0.0,0.0,,
CBBT,0,batch,5,256,12,12,amp_true,shared,0.017483191564679146,0.0,0.12856670438886128,0.2507745417667538,0.0,0.0,,
CBBT,0,batch,5,256,12,12,dual_base,shared,0.052622631192207336,0.2507745417667538,0.12856670438886128,0.2507745417667538,1.9505403281417573,1.0,0.9999879197939299,1.0
CBBT,0,batch,5,256,12,12,base,temporal,0.026207929477095604,0.005241266798283118,0.005241266798283118,0.010222926565611056,1.0,0.5126972951086469,1.0,0.9999913075106847
CBBT,0,batch,5,256,12,12,tail,temporal,0.17549854516983032,0.03194548328073424,0.005241266798283118,0.010222926565611056,6.094992777547333,3.1248863107552562,0.9979223315091279,0.9977333561241808
CBBT,0,batch,5,256,12,12,body,temporal,0.02280259132385254,0.0049830502231696045,0.005241266798283118,0.010222926565611056,0.9507339379865002,0.4874387183736707,0.9999739629563936,0.9999909182442229
CBBT,0,batch,5,256,12,12,excess,temporal,0.0007002723286859691,0.0,0.005241266798283118,0.010222926565611056,0.0,0.0,,
CBBT,0,batch,5,256,12,12,gate,temporal,0.0044231354258954525,0.0,0.005241266798283118,0.010222926565611056,0.0,0.0,,
CBBT,0,batch,5,256,12,12,amp_true,temporal,0.017483191564679146,0.0,0.005241266798283118,0.010222926565611056,0.0,0.0,,
CBBT,0,batch,5,256,12,12,dual_base,temporal,0.052622631192207336,0.010222926565611056,0.005241266798283118,0.010222926565611056,1.9504686479535407,1.0,0.9999913075106847,0.9999999999999999
CBBT,0,batch,5,256,12,12,base,excess,0.026207929477095604,0.0006208633059808676,0.0006208633059808676,0.0018737949776353683,1.0,0.33134004167540504,1.0000000000000002,0.9978034255649395
CBBT,0,batch,5,256,12,12,tail,excess,0.17549854516983032,0.0037999657697404556,0.0006208633059808676,0.0018737949776353683,6.1204547492738355,2.0279517316968234,0.9986829657002385,0.9996300500141648
CBBT,0,batch,5,256,12,12,body,excess,0.02280259132385254,0.0,0.0006208633059808676,0.0018737949776353683,0.0,0.0,,
CBBT,0,batch,5,256,12,12,excess,excess,0.0007002723286859691,0.0006276696284710861,0.0006208633059808676,0.0018737949776353683,1.0109626747540919,0.33497241478529977,0.9950657749377575,0.9994486793516172
CBBT,0,batch,5,256,12,12,gate,excess,0.0044231354258954525,0.0,0.0006208633059808676,0.0018737949776353683,0.0,0.0,,
CBBT,0,batch,5,256,12,12,amp_true,excess,0.017483191564679146,0.015451503111318729,0.0006208633059808676,0.0018737949776353683,24.887125656279128,8.246101252132569,0.9873704840904692,0.9912202609405998
CBBT,0,batch,5,256,12,12,dual_base,excess,0.052622631192207336,0.0018737949776353683,0.0006208633059808676,0.0018737949776353683,3.018047546995974,1.0,0.9978034255649395,0.9999999999999999
CBBT,0,batch,5,256,12,12,base,full,0.026207929477095604,0.19669192630861057,0.19669192630861057,0.38348286302221546,1.0,0.5129092986280747,1.0,0.9999858575806373
CBBT,0,batch,5,256,12,12,tail,full,0.17549854516983032,1.2066626156110936,0.19669192630861057,0.38348286302221546,6.134784677017368,3.146588105923238,0.9978641241411226,0.9976502892294535
CBBT,0,batch,5,256,12,12,body,full,0.02280259132385254,0.1868405769105715,0.19669192630861057,0.38348286302221546,0.9499148257738741,0.4872201470440875,0.9999628902932268,0.9999777902672716
CBBT,0,batch,5,256,12,12,excess,full,0.0007002723286859691,0.0006276696284710861,0.19669192630861057,0.38348286302221546,0.0031911306185810062,0.001636760567406958,0.0031409516307595625,0.004883560900255591
CBBT,0,batch,5,256,12,12,gate,full,0.0044231354258954525,0.0009585259683321805,0.19669192630861057,0.38348286302221546,0.004873234943198679,0.00249952751676586,-0.0019166233962534555,0.00027645893906600447
CBBT,0,batch,5,256,12,12,amp_true,full,0.017483191564679146,0.015451503111318729,0.19669192630861057,0.38348286302221546,0.07855687521751781,0.040292551770230244,0.0031166612401695823,0.00484335475135252
CBBT,0,batch,5,256,12,12,dual_base,full,0.052622631192207336,0.38348286302221546,0.19669192630861057,0.38348286302221546,1.9496624504074918,1.0,0.9999858575806373,1.0000000000000002
CBBT,0,batch,6,256,9,9,base,shared,0.02096734568476677,0.09360266458721074,0.09360266458721074,0.18379162997527623,1.0,0.5092868734000685,1.0,0.9999939989334576
CBBT,0,batch,6,256,9,9,tail,shared,0.11613558232784271,0.5627051451151266,0.09360266458721074,0.18379162997527623,6.011635967807812,3.061647286064235,0.9982609519782033,0.9982012916212385
CBBT,0,batch,6,256,9,9,body,shared,0.01910921186208725,0.09018767619360074,0.09360266458721074,0.18379162997527623,0.9635161198810936,0.49070611216480775,0.9999899707372536,0.9999942747455425
CBBT,0,batch,6,256,9,9,excess,shared,0.00021152710542082787,0.0,0.09360266458721074,0.18379162997527623,0.0,0.0,,
CBBT,0,batch,6,256,9,9,gate,shared,0.0036189532838761806,0.0,0.09360266458721074,0.18379162997527623,0.0,0.0,,
CBBT,0,batch,6,256,9,9,amp_true,shared,0.006074208766222,0.0,0.09360266458721074,0.18379162997527623,0.0,0.0,,
CBBT,0,batch,6,256,9,9,dual_base,shared,0.04230909049510956,0.18379162997527623,0.09360266458721074,0.18379162997527623,1.9635298929341412,1.0,0.9999939989334576,0.9999999999999998
CBBT,0,batch,6,256,9,9,base,temporal,0.02096734568476677,0.00383281789599441,0.00383281789599441,0.0075246827185234625,1.0,0.5093660476287175,0.9999999999999999,0.9999954456463187
CBBT,0,batch,6,256,9,9,tail,temporal,0.11613558232784271,0.023029658313104363,0.00383281789599441,0.0075246827185234625,6.008544871691434,3.0605487532932654,0.9986073408449349,0.9985487330822634
CBBT,0,batch,6,256,9,9,body,temporal,0.01910921186208725,0.003692502999500423,0.00383281789599441,0.0075246827185234625,0.9633911914676074,0.4907187635181763,0.9999919513264871,0.9999955135746768
CBBT,0,batch,6,256,9,9,excess,temporal,0.00021152710542082787,0.0,0.00383281789599441,0.0075246827185234625,0.0,0.0,,
CBBT,0,batch,6,256,9,9,gate,temporal,0.0036189532838761806,0.0,0.00383281789599441,0.0075246827185234625,0.0,0.0,,
CBBT,0,batch,6,256,9,9,amp_true,temporal,0.006074208766222,0.0,0.00383281789599441,0.0075246827185234625,0.0,0.0,,
CBBT,0,batch,6,256,9,9,dual_base,temporal,0.04230909049510956,0.0075246827185234625,0.00383281789599441,0.0075246827185234625,1.963224688130197,1.0,0.9999954456463187,1.0000000000000002
CBBT,0,batch,6,256,9,9,base,excess,0.02096734568476677,0.00045483456187370776,0.00045483456187370776,0.0012079633558507558,1.0,0.3765300989228871,1.0000000000000002,0.9990771875303958
CBBT,0,batch,6,256,9,9,tail,excess,0.11613558232784271,0.0027513859828669656,0.00045483456187370776,0.0012079633558507558,6.049201651546729,2.2777064962613816,0.999165237073153,0.9995173894111001
CBBT,0,batch,6,256,9,9,body,excess,0.01910921186208725,0.0,0.00045483456187370776,0.0012079633558507558,0.0,0.0,,
CBBT,0,batch,6,256,9,9,excess,excess,0.00021152710542082787,0.00037698696013993256,0.00045483456187370776,0.0012079633558507558,0.8288441374967656,0.3120847650833122,0.9976519144410737,0.9996679419609189
CBBT,0,batch,6,256,9,9,gate,excess,0.0036189532838761806,0.0,0.00045483456187370776,0.0012079633558507558,0.0,0.0,,
CBBT,0,batch,6,256,9,9,amp_true,excess,0.006074208766222,0.010270526962999606,0.00045483456187370776,0.0012079633558507558,22.580797115966277,8.502349771832426,0.9949139595202193,0.9957728026946135
CBBT,0,batch,6,256,9,9,dual_base,excess,0.04230909049510956,0.0012079633558507558,0.00045483456187370776,0.0012079633558507558,2.65583017894354,1.0,0.9990771875303958,0.9999999999999999
CBBT,0,batch,6,256,9,9,base,full,0.02096734568476677,0.14333458126501028,0.14333458126501028,0.28146621876732153,1.0,0.5092425723155789,1.0000000000000004,0.9999783587903589
CBBT,0,batch,6,256,9,9,tail,full,0.11613558232784271,0.8605975913836064,0.14333458126501028,0.28146621876732153,6.0041169673664,3.0575519689452784,0.9988729670922633,0.9988228872632173
CBBT,0,batch,6,256,9,9,body,full,0.01910921186208725,0.13811005217195144,0.14333458126501028,0.28146621876732153,0.9635501143761026,0.49068073879985674,0.9999828326587636,0.9999824591189692
CBBT,0,batch,6,256,9,9,excess,full,0.00021152710542082787,0.00037698696013993256,0.14333458126501028,0.28146621876732153,0.002630118683243118,0.0013393684037499888,0.003165785725974291,0.0042902563838603325
CBBT,0,batch,6,256,9,9,gate,full,0.0036189532838761806,0.0023941779397197074,0.14333458126501028,0.28146621876732153,0.016703421592958987,0.008506093378470019,-0.0029483300986476247,0.002767748759240241
CBBT,0,batch,6,256,9,9,amp_true,full,0.006074208766222,0.010270526962999606,0.14333458126501028,0.28146621876732153,0.07165421541930975,0.036489376977383914,0.003157097546779388,0.004273539686843409
CBBT,0,batch,6,256,9,9,dual_base,full,0.04230909049510956,0.28146621876732153,0.14333458126501028,0.28146621876732153,1.9637007083930476,1.0,0.9999783587903589,1.0
CBBT,0,batch,7,256,12,12,base,shared,0.025288214907050133,0.132632036707857,0.132632036707857,0.2612399904869347,1.0,0.507701889211676,1.0000000000000002,0.9999945571003614
CBBT,0,batch,7,256,12,12,tail,shared,0.14553309977054596,0.7338622719483866,0.132632036707857,0.2612399904869347,5.533069461677906,2.809149818833304,0.9972152266396908,0.9971225409801352
CBBT,0,batch,7,256,12,12,body,shared,0.02322176657617092,0.12853602869548214,0.132632036707857,0.2612399904869347,0.9691175064935709,0.4920227889148946,0.9999903586571255,0.9999942707237088
CBBT,0,batch,7,256,12,12,excess,shared,0.00022631371393799782,0.0,0.132632036707857,0.2612399904869347,0.0,0.0,,
CBBT,0,batch,7,256,12,12,gate,shared,0.0044231354258954525,0.0,0.132632036707857,0.2612399904869347,0.0,0.0,,
CBBT,0,batch,7,256,12,12,amp_true,shared,0.006139881908893585,0.0,0.132632036707857,0.2612399904869347,0.0,0.0,,
CBBT,0,batch,7,256,12,12,dual_base,shared,0.05117417871952057,0.2612399904869347,0.132632036707857,0.2612399904869347,1.9696597969188772,1.0,0.9999945571003614,0.9999999999999996
CBBT,0,batch,7,256,12,12,base,temporal,0.025288214907050133,0.005434650195425726,0.005434650195425726,0.010702785980959828,1.0,0.5077790217513389,1.0,0.9999959019557454
CBBT,0,batch,7,256,12,12,tail,temporal,0.14553309977054596,0.030172534532446626,0.005434650195425726,0.010702785980959828,5.551881620245302,2.819129018007398,0.9978723759350383,0.997805402361301
CBBT,0,batch,7,256,12,12,body,temporal,0.02322176657617092,0.0052651784725033625,0.005434650195425726,0.010702785980959828,0.9688164432248085,0.4919446657973049,0.9999926181696199,0.9999956398313458
CBBT,0,batch,7,256,12,12,excess,temporal,0.00022631371393799782,0.0,0.005434650195425726,0.010702785980959828,0.0,0.0,,
CBBT,0,batch,7,256,12,12,gate,temporal,0.0044231354258954525,0.0,0.005434650195425726,0.010702785980959828,0.0,0.0,,
CBBT,0,batch,7,256,12,12,amp_true,temporal,0.006139881908893585,0.0,0.005434650195425726,0.010702785980959828,0.0,0.0,,
CBBT,0,batch,7,256,12,12,dual_base,temporal,0.05117417871952057,0.010702785980959828,0.005434650195425726,0.010702785980959828,1.9693606020803738,1.0,0.9999959019557454,1.0000000000000002
CBBT,0,batch,7,256,12,12,base,excess,0.025288214907050133,0.0006381828542039837,0.0006381828542039837,0.0014346730032338748,1.0,0.4448280916734792,0.9999999999999999,0.99936430248886
CBBT,0,batch,7,256,12,12,tail,excess,0.14553309977054596,0.0035123668618429558,0.0006381828542039837,0.0014346730032338748,5.503699823186241,2.4482002894916004,0.9983976760716577,0.9992487144208585
CBBT,0,batch,7,256,12,12,body,excess,0.02322176657617092,0.0,0.0006381828542039837,0.0014346730032338748,0.0,0.0,,
CBBT,0,batch,7,256,12,12,excess,excess,0.00022631371393799782,0.00039836483210515275,0.0006381828542039837,0.0014346730032338748,0.624217384533215,0.2776694279513203,0.9979423872091034,0.9995899704847132
CBBT,0,batch,7,256,12,12,gate,excess,0.0044231354258954525,0.0,0.0006381828542039837,0.0014346730032338748,0.0,0.0,,
CBBT,0,batch,7,256,12,12,amp_true,excess,0.006139881908893585,0.010452895976027695,0.0006381828542039837,0.0014346730032338748,16.379155138954285,7.285908323684895,0.9935820864916041,0.9954635138694063
CBBT,0,batch,7,256,12,12,dual_base,excess,0.05117417871952057,0.0014346730032338748,0.0006381828542039837,0.0014346730032338748,2.2480594609884443,1.0,0.99936430248886,1.0
CBBT,0,batch,7,256,12,12,base,full,0.025288214907050133,0.202190260725651,0.202190260725651,0.3982337414764552,1.0,0.5077175529527679,1.0000000000000002,0.9999933014029112
CBBT,0,batch,7,256,12,12,tail,full,0.14553309977054596,1.1116989190865925,0.202190260725651,0.3982337414764552,5.498281248052004,2.791573900707054,0.9981047629374485,0.9980454414492226
CBBT,0,batch,7,256,12,12,body,full,0.02322176657617092,0.19595908648547394,0.202190260725651,0.3982337414764552,0.9691816301249443,0.4920705256138113,0.9999833387771995,0.9999883943438939
CBBT,0,batch,7,256,12,12,excess,full,0.00022631371393799782,0.00039836483210515275,0.202190260725651,0.3982337414764552,0.001970247383209462,0.0010003291801147023,0.0031498536018230963,0.0036011131041806792
CBBT,0,batch,7,256,12,12,gate,full,0.0044231354258954525,0.0006829831463220303,0.202190260725651,0.3982337414764552,0.003377923070432953,0.0017150308353829189,-0.0022322635779847334,-0.00026646609908703624
CBBT,0,batch,7,256,12,12,amp_true,full,0.006139881908893585,0.010452895976027695,0.202190260725651,0.3982337414764552,0.051698315925370296,0.026248142453408112,0.0031360909747455384,0.0035862471717183833
CBBT,0,batch,7,256,12,12,dual_base,full,0.05117417871952057,0.3982337414764552,0.202190260725651,0.3982337414764552,1.9695990303747257,1.0,0.9999933014029112,0.9999999999999998
CBBT,0,accum4,1,1024,42,42,base,shared,0.02427827101200819,0.11233594723955723,0.11233594723955723,0.2202389234590347,1.0,0.5100640044694559,0.9999999999999999,0.999997640700817
CBBT,0,accum4,1,1024,42,42,tail,shared,0.13927901349961758,0.6620568416612922,0.11233594723955723,0.2202389234590347,5.8935439450156695,3.006084625111407,0.9983397436759193,0.9982648367525182
CBBT,0,accum4,1,1024,42,42,body,shared,0.02191705908626318,0.10789927659875467,0.11233594723955723,0.2202389234590347,0.9605053346695753,0.4899191973158385,0.9999934932477337,0.9999975269868886
CBBT,0,accum4,1,1024,42,42,excess,shared,0.00035025933175347745,0.0,0.11233594723955723,0.2202389234590347,0.0,0.0,,
CBBT,0,accum4,1,1024,42,42,gate,shared,0.004021044354885817,0.0,0.11233594723955723,0.2202389234590347,0.0,0.0,,
CBBT,0,accum4,1,1024,42,42,amp_true,shared,0.00927728705573827,0.0,0.11233594723955723,0.2202389234590347,0.0,0.0,,
CBBT,0,accum4,1,1024,42,42,dual_base,shared,0.048906370997428894,0.2202389234590347,0.11233594723955723,0.2202389234590347,1.9605382682123433,1.0,0.999997640700817,1.0000000000000002
CBBT,0,accum4,1,1024,42,42,base,temporal,0.02427827101200819,0.004592969503509549,0.004592969503509549,0.009003910856468142,1.0,0.5101082825814625,1.0000000000000002,0.9999983399003461
CBBT,0,accum4,1,1024,42,42,tail,temporal,0.13927901349961758,0.027096879347485666,0.004592969503509549,0.009003910856468142,5.899642775067542,3.0094566438338375,0.9989282797266779,0.9988837053451449
CBBT,0,accum4,1,1024,42,42,body,temporal,0.02191705908626318,0.004410848429062872,0.004592969503509549,0.009003910856468142,0.9603478589815335,0.4898813970258546,0.999995702355994,0.9999982701516568
CBBT,0,accum4,1,1024,42,42,excess,temporal,0.00035025933175347745,0.0,0.004592969503509549,0.009003910856468142,0.0,0.0,,
CBBT,0,accum4,1,1024,42,42,gate,temporal,0.004021044354885817,0.0,0.004592969503509549,0.009003910856468142,0.0,0.0,,
CBBT,0,accum4,1,1024,42,42,amp_true,temporal,0.00927728705573827,0.0,0.004592969503509549,0.009003910856468142,0.0,0.0,,
CBBT,0,accum4,1,1024,42,42,dual_base,temporal,0.048906370997428894,0.009003910856468142,0.004592969503509549,0.009003910856468142,1.9603680907500332,1.0,0.9999983399003461,1.0000000000000002
CBBT,0,accum4,1,1024,42,42,base,excess,0.02427827101200819,0.0005429037977635838,0.0005429037977635838,0.00145474436793388,1.0,0.37319532539909406,1.0,0.9993913961356095
CBBT,0,accum4,1,1024,42,42,tail,excess,0.13927901349961758,0.0032053330448730275,0.0005429037977635838,0.00145474436793388,5.904053458599753,2.2033651516557815,0.9991520773053207,0.9998638385397991
CBBT,0,accum4,1,1024,42,42,body,excess,0.02191705908626318,0.0,0.0005429037977635838,0.00145474436793388,0.0,0.0,,
CBBT,0,accum4,1,1024,42,42,excess,excess,0.00035025933175347745,0.0004562154449773554,0.0005429037977635838,0.00145474436793388,0.8403246520961376,0.3136052319798986,0.9984246488470042,0.9997730605174904
CBBT,0,accum4,1,1024,42,42,gate,excess,0.004021044354885817,0.0,0.0005429037977635838,0.00145474436793388,0.0,0.0,,
CBBT,0,accum4,1,1024,42,42,amp_true,excess,0.00927728705573827,0.011777686424797937,0.0005429037977635838,0.00145474436793388,21.69387370895998,8.096052257982173,0.9963100732521306,0.9974525475023279
CBBT,0,accum4,1,1024,42,42,dual_base,excess,0.048906370997428894,0.00145474436793388,0.0005429037977635838,0.00145474436793388,2.6795619664597963,1.0,0.9993913961356095,1.0
CBBT,0,accum4,1,1024,42,42,base,full,0.02427827101200819,0.17170158148807646,0.17170158148807646,0.3365636853420668,1.0,0.5101607480722925,1.0000000000000004,0.99999054079545
CBBT,0,accum4,1,1024,42,42,tail,full,0.13927901349961758,1.0129100221090945,0.17170158148807646,0.3365636853420668,5.899246898779639,3.009564210944572,0.9989228100217182,0.9988631443057426
CBBT,0,accum4,1,1024,42,42,body,full,0.02191705908626318,0.1648641763563256,0.17170158148807646,0.3365636853420668,0.9601785547198023,0.4898454097588269,0.9999854245604209,0.9999883938036198
CBBT,0,accum4,1,1024,42,42,excess,full,0.00035025933175347745,0.0004562154449773554,0.17170158148807646,0.3365636853420668,0.0026570252936723043,0.0013555100114668653,0.0031569221957192797,0.004321364105345002
CBBT,0,accum4,1,1024,42,42,gate,full,0.004021044354885817,0.001522717321033838,0.17170158148807646,0.3365636853420668,0.008868394267757986,0.004524306653839444,-0.002901607184904592,0.0007984553872402169
CBBT,0,accum4,1,1024,42,42,amp_true,full,0.00927728705573827,0.011777686424797937,0.17170158148807646,0.3365636853420668,0.06859393095115912,0.03499393112726251,0.0031502361121598524,0.004311334047479151
CBBT,0,accum4,1,1024,42,42,dual_base,full,0.048906370997428894,0.3365636853420668,0.17170158148807646,0.3365636853420668,1.960166484345626,1.0,0.99999054079545,1.0
CBBT,0,batch,8,256,18,18,base,shared,0.030050184577703476,0.13713064895730434,0.13713064895730434,0.26512315995646324,1.0,0.5172337602638073,1.0,0.9999902793961126
CBBT,0,batch,8,256,18,18,tail,shared,0.2458874136209488,1.135119973573013,0.13713064895730434,0.26512315995646324,8.277653334277103,4.281481760248388,0.9983532394350105,0.9982262529111788
CBBT,0,batch,8,256,18,18,body,shared,0.025503695011138916,0.12797598822425696,0.13713064895730434,0.26512315995646324,0.9332413227629537,0.482703918606252,0.999972745970667,0.9999895585006701
CBBT,0,batch,8,256,18,18,excess,shared,0.0008707247907295823,0.0,0.13713064895730434,0.26512315995646324,0.0,0.0,,
CBBT,0,batch,8,256,18,18,gate,shared,0.006031499709933996,0.0,0.13713064895730434,0.26512315995646324,0.0,0.0,,
CBBT,0,batch,8,256,18,18,amp_true,shared,0.02194000966846943,0.0,0.13713064895730434,0.26512315995646324,0.0,0.0,,
CBBT,0,batch,8,256,18,18,dual_base,shared,0.060311079025268555,0.26512315995646324,0.13713064895730434,0.26512315995646324,1.9333618120556653,1.0,0.9999902793961126,1.0
CBBT,0,batch,8,256,18,18,base,temporal,0.030050184577703476,0.005589225546394165,0.005589225546394165,0.01080802728068274,1.0,0.5171365135600485,1.0,0.999992681275479
CBBT,0,batch,8,256,18,18,tail,temporal,0.2458874136209488,0.04621440009943054,0.005589225546394165,0.01080802728068274,8.268480081152802,4.275932961608068,0.99875343506681,0.9986631452123396
CBBT,0,batch,8,256,18,18,body,temporal,0.025503695011138916,0.005217388175055246,0.005589225546394165,0.01080802728068274,0.9334724697988246,0.4827326985360519,0.9999790233320475,0.9999920236164648
CBBT,0,batch,8,256,18,18,excess,temporal,0.0008707247907295823,0.0,0.005589225546394165,0.01080802728068274,0.0,0.0,,
CBBT,0,batch,8,256,18,18,gate,temporal,0.006031499709933996,0.0,0.005589225546394165,0.01080802728068274,0.0,0.0,,
CBBT,0,batch,8,256,18,18,amp_true,temporal,0.02194000966846943,0.0,0.005589225546394165,0.01080802728068274,0.0,0.0,,
CBBT,0,batch,8,256,18,18,dual_base,temporal,0.060311079025268555,0.01080802728068274,0.005589225546394165,0.01080802728068274,1.9337253776876897,1.0,0.999992681275479,1.0000000000000002
CBBT,0,batch,8,256,18,18,base,excess,0.030050184577703476,0.0006683120228788297,0.0006683120228788297,0.0023042063586542006,1.0,0.29004000460669044,1.0000000000000002,0.9988423886485861
CBBT,0,batch,8,256,18,18,tail,excess,0.2458874136209488,0.005539210026999804,0.0006683120228788297,0.0023042063586542006,8.288359085833934,2.4039557074371785,0.9990212389368252,0.9992914405963264
CBBT,0,batch,8,256,18,18,body,excess,0.025503695011138916,0.0,0.0006683120228788297,0.0023042063586542006,0.0,0.0,,
CBBT,0,batch,8,256,18,18,excess,excess,0.0008707247907295823,0.0008188633267700568,0.0006683120228788297,0.0023042063586542006,1.2252709793289522,0.3553776004890134,0.9976830039721852,0.9997971390656492
CBBT,0,batch,8,256,18,18,gate,excess,0.006031499709933996,0.0,0.0006683120228788297,0.0023042063586542006,0.0,0.0,,
CBBT,0,batch,8,256,18,18,amp_true,excess,0.02194000966846943,0.021608394703906346,0.0006683120228788297,0.0023042063586542006,32.33279361162132,9.377803608061818,0.9948057533385409,0.9964593934406555
CBBT,0,batch,8,256,18,18,dual_base,excess,0.060311079025268555,0.0023042063586542006,0.0006683120228788297,0.0023042063586542006,3.4478002486451924,1.0,0.9988423886485861,1.0
CBBT,0,batch,8,256,18,18,base,full,0.030050184577703476,0.210299478509176,0.210299478509176,0.406628296079229,1.0,0.5171786630121786,1.0000000000000002,0.9999870924926341
CBBT,0,batch,8,256,18,18,tail,full,0.2458874136209488,1.7365213472411651,0.210299478509176,0.406628296079229,8.257373530126921,4.270537402303195,0.9988661128344867,0.9987770590560845
CBBT,0,batch,8,256,18,18,body,full,0.025503695011138916,0.1963055711395262,0.210299478509176,0.406628296079229,0.9334572416971582,0.48276416823997237,0.9999700741796919,0.9999606323923036
CBBT,0,batch,8,256,18,18,excess,full,0.0008707247907295823,0.0008188633267700568,0.210299478509176,0.406628296079229,0.003893796278407449,0.0020137883533085615,0.0031705430336927145,0.005665466342141811
CBBT,0,batch,8,256,18,18,gate,full,0.006031499709933996,0.003222224369268597,0.210299478509176,0.406628296079229,0.0153220749386119,0.007924250231323711,0.0030874879618570696,0.005535845298837036
CBBT,0,batch,8,256,18,18,amp_true,full,0.02194000966846943,0.021608394703906346,0.210299478509176,0.406628296079229,0.10275058624533635,0.05314041081808061,0.0031613994009793487,0.005646552619789389
CBBT,0,batch,8,256,18,18,dual_base,full,0.060311079025268555,0.406628296079229,0.210299478509176,0.406628296079229,1.9335677813460987,1.0,0.9999870924926341,0.9999999999999997
CBBT,0,batch,9,256,19,19,base,shared,0.030129840597510338,0.12275680367356773,0.12275680367356773,0.23556061259660246,1.0,0.5211261862516411,0.9999999999999997,0.999992515309246
CBBT,0,batch,9,256,19,19,tail,shared,0.2550037205219269,1.2099115070847415,0.12275680367356773,0.23556061259660246,9.856166590180308,5.136306506201505,0.9978498709267757,0.9976995264086612
CBBT,0,batch,9,256,19,19,body,shared,0.025595156475901604,0.11283106237561716,0.12275680367356773,0.23556061259660246,0.9191430454287088,0.4789895098839819,0.999981780192826,0.9999921685532481
CBBT,0,batch,9,256,19,19,excess,shared,0.0006385304732248187,0.0,0.12275680367356773,0.23556061259660246,0.0,0.0,,
CBBT,0,batch,9,256,19,19,gate,shared,0.00629956042394042,0.0,0.12275680367356773,0.23556061259660246,0.0,0.0,,
CBBT,0,batch,9,256,19,19,amp_true,shared,0.01827920973300934,0.0,0.12275680367356773,0.23556061259660246,0.0,0.0,,
CBBT,0,batch,9,256,19,19,dual_base,shared,0.0601518377661705,0.23556061259660246,0.12275680367356773,0.23556061259660246,1.9189210336805462,1.0,0.999992515309246,0.9999999999999998
CBBT,0,batch,9,256,19,19,base,temporal,0.030129840597510338,0.005011510661753155,0.005011510661753155,0.009614382571849139,1.0,0.5212514297513844,1.0,0.9999943321352293
CBBT,0,batch,9,256,19,19,tail,temporal,0.2550037205219269,0.049508299028887794,0.005011510661753155,0.009614382571849139,9.878917230831256,5.149399730966379,0.9982773730451999,0.9981649546324974
CBBT,0,batch,9,256,19,19,body,temporal,0.025595156475901604,0.004604593241348471,0.005011510661753155,0.009614382571849139,0.9188034411439656,0.47892760735678397,0.9999865465099864,0.9999941634368597
CBBT,0,batch,9,256,19,19,excess,temporal,0.0006385304732248187,0.0,0.005011510661753155,0.009614382571849139,0.0,0.0,,
CBBT,0,batch,9,256,19,19,gate,temporal,0.00629956042394042,0.0,0.005011510661753155,0.009614382571849139,0.0,0.0,,
CBBT,0,batch,9,256,19,19,amp_true,temporal,0.01827920973300934,0.0,0.005011510661753155,0.009614382571849139,0.0,0.0,,
CBBT,0,batch,9,256,19,19,dual_base,temporal,0.0601518377661705,0.009614382571849139,0.005011510661753155,0.009614382571849139,1.9184599656195844,1.0,0.9999943321352293,0.9999999999999999
CBBT,0,batch,9,256,19,19,base,excess,0.030129840597510338,0.0005985646343978883,0.0005985646343978883,0.0023857321886306183,1.0,0.2508934729767205,1.0,0.9993370121690782
CBBT,0,batch,9,256,19,19,tail,excess,0.2550037205219269,0.005899256375188701,0.0005985646343978883,0.0023857321886306183,9.855671444944146,2.4727236373395303,0.9989674043549817,0.9997564573051304
CBBT,0,batch,9,256,19,19,body,excess,0.025595156475901604,0.0,0.0005985646343978883,0.0023857321886306183,0.0,0.0,,
CBBT,0,batch,9,256,19,19,excess,excess,0.0006385304732248187,0.0008935999192301843,0.0005985646343978883,0.0023857321886306183,1.4929046386595821,0.37456002961635854,0.9988184239067757,0.9999230879992133
CBBT,0,batch,9,256,19,19,gate,excess,0.00629956042394042,0.0,0.0005985646343978883,0.0023857321886306183,0.0,0.0,,
CBBT,0,batch,9,256,19,19,amp_true,excess,0.01827920973300934,0.02447993523702625,0.0005985646343978883,0.0023857321886306183,40.8977307215139,10.260973697587339,0.9962814427069895,0.9972825481879779
CBBT,0,batch,9,256,19,19,dual_base,excess,0.0601518377661705,0.0023857321886306183,0.0005985646343978883,0.0023857321886306183,3.9857553412431197,1.0,0.9993370121690782,1.0000000000000002
CBBT,0,batch,9,256,19,19,base,full,0.030129840597510338,0.18802706895981683,0.18802706895981683,0.360834446913039,1.0,0.5210895760324438,0.9999999999999998,0.9999812355694564
CBBT,0,batch,9,256,19,19,tail,full,0.2550037205219269,1.8453048943680743,0.18802706895981683,0.360834446913039,9.814038502947858,5.113993162667178,0.9986162400689019,0.9985115445384773
CBBT,0,batch,9,256,19,19,body,full,0.025595156475901604,0.1728922186243884,0.18802706895981683,0.360834446913039,0.9195070666199509,0.4791455475038262,0.9999769754172373,0.9999491787402957
CBBT,0,batch,9,256,19,19,excess,full,0.0006385304732248187,0.0008935999192301843,0.18802706895981683,0.360834446913039,0.0047525067756130105,0.0024764817407955,0.0031796346560260527,0.006611200004886356
CBBT,0,batch,9,256,19,19,gate,full,0.00629956042394042,0.003753998015938374,0.18802706895981683,0.360834446913039,0.019965199886940954,0.010403657544489056,0.003062583442997638,0.006771184412945181
CBBT,0,batch,9,256,19,19,amp_true,full,0.01827920973300934,0.02447993523702625,0.18802706895981683,0.360834446913039,0.13019367568963086,0.06784256726721523,0.0031715584400177676,0.006593741525306819
CBBT,0,batch,9,256,19,19,dual_base,full,0.0601518377661705,0.360834446913039,0.18802706895981683,0.360834446913039,1.919055851421865,1.0,0.9999812355694564,1.0
CBBT,0,batch,10,256,9,9,base,shared,0.020591776818037033,0.0903600006143924,0.0903600006143924,0.17807156673618452,1.0,0.5074364328374893,0.9999999999999998,0.9999944585385858
CBBT,0,batch,10,256,9,9,tail,shared,0.10893693566322327,0.5422595650446678,0.0903600006143924,0.17807156673618452,6.001101829987123,3.0451777057031952,0.9975034796855292,0.9974700087659152
CBBT,0,batch,10,256,9,9,body,shared,0.01897033303976059,0.08775979792520693,0.0903600006143924,0.17807156673618452,0.9712239633520839,0.49283442344967,0.9999897101089489,0.9999941941732977
CBBT,0,batch,10,256,9,9,excess,shared,0.00027474522357806563,0.0,0.0903600006143924,0.17807156673618452,0.0,0.0,,
CBBT,0,batch,10,256,9,9,gate,shared,0.0036189532838761806,0.0,0.0903600006143924,0.17807156673618452,0.0,0.0,,
CBBT,0,batch,10,256,9,9,amp_true,shared,0.007483245804905891,0.0,0.0903600006143924,0.17807156673618452,0.0,0.0,,
CBBT,0,batch,10,256,9,9,dual_base,shared,0.04192107543349266,0.17807156673618452,0.0903600006143924,0.17807156673618452,1.9706901895242082,1.0,0.9999944585385858,1.0
CBBT,0,batch,10,256,9,9,base,temporal,0.020591776818037033,0.003693938648221622,0.003693938648221622,0.007278921287724184,1.0,0.5074843513490669,1.0000000000000002,0.9999956484390237
CBBT,0,batch,10,256,9,9,tail,temporal,0.10893693566322327,0.02214244085515791,0.003693938648221622,0.007278921287724184,5.994263295579631,3.041994820372749,0.9979930738278711,0.9979559097716003
CBBT,0,batch,10,256,9,9,body,temporal,0.01897033303976059,0.0035868023280508795,0.003693938648221622,0.007278921287724184,0.9709967245334945,0.4927656429119491,0.999991423080613,0.9999955741880291
CBBT,0,batch,10,256,9,9,excess,temporal,0.00027474522357806563,0.0,0.003693938648221622,0.007278921287724184,0.0,0.0,,
CBBT,0,batch,10,256,9,9,gate,temporal,0.0036189532838761806,0.0,0.003693938648221622,0.007278921287724184,0.0,0.0,,
CBBT,0,batch,10,256,9,9,amp_true,temporal,0.007483245804905891,0.0,0.003693938648221622,0.007278921287724184,0.0,0.0,,
CBBT,0,batch,10,256,9,9,dual_base,temporal,0.04192107543349266,0.007278921287724184,0.003693938648221622,0.007278921287724184,1.9705041098147325,1.0,0.9999956484390237,1.0
CBBT,0,batch,10,256,9,9,base,excess,0.020591776818037033,0.0004363727646782652,0.0004363727646782652,0.0010169231357699624,1.0,0.42911086327863507,0.9999999999999999,0.998647575918174
CBBT,0,batch,10,256,9,9,tail,excess,0.10893693566322327,0.0026044049236286664,0.0004363727646782652,0.0010169231357699624,5.968303098725415,2.5610636950026158,0.9985281055861785,0.9986696710513612
CBBT,0,batch,10,256,9,9,body,excess,0.01897033303976059,0.0,0.0004363727646782652,0.0010169231357699624,0.0,0.0,,
CBBT,0,batch,10,256,9,9,excess,excess,0.00027474522357806563,0.0002912524166433898,0.0004363727646782652,0.0010169231357699624,0.667439492604742,0.286405536857875,0.995799660812488,0.9992091676761833
CBBT,0,batch,10,256,9,9,gate,excess,0.0036189532838761806,0.0,0.0004363727646782652,0.0010169231357699624,0.0,0.0,,
CBBT,0,batch,10,256,9,9,amp_true,excess,0.007483245804905891,0.008577227058537935,0.0004363727646782652,0.0010169231357699624,19.65573416311137,8.43448905510808,0.9875833360023717,0.9897374810925466
CBBT,0,batch,10,256,9,9,dual_base,excess,0.04192107543349266,0.0010169231357699624,0.0004363727646782652,0.0010169231357699624,2.330400103039733,1.0,0.998647575918174,1.0
CBBT,0,batch,10,256,9,9,base,full,0.020591776818037033,0.13827832995030037,0.13827832995030037,0.27266689072605693,1.0,0.5071328226983961,0.9999999999999998,0.9999768617951026
CBBT,0,batch,10,256,9,9,tail,full,0.10893693566322327,0.8268538019529948,0.13827832995030037,0.27266689072605693,5.979633990735789,3.032468664425116,0.9983077704299894,0.9982517370408944
CBBT,0,batch,10,256,9,9,body,full,0.01897033303976059,0.13435366645373747,0.13827832995030037,0.27266689072605693,0.9716176533374862,0.492739203120631,0.9999817387668003,0.999983690991581
CBBT,0,batch,10,256,9,9,excess,full,0.00027474522357806563,0.0002912524166433898,0.13827832995030037,0.27266689072605693,0.0021062766432605236,0.001068162019480412,0.003142501440468693,0.003726594444149925
CBBT,0,batch,10,256,9,9,gate,full,0.0036189532838761806,0.0024818785137571985,0.13827832995030037,0.27266689072605693,0.01794842702142287,0.009102236458370347,-0.0029349642341992303,0.0030825795697536195
CBBT,0,batch,10,256,9,9,amp_true,full,0.007483245804905891,0.008577227058537935,0.13827832995030037,0.27266689072605693,0.062028714561571135,0.03145679710396267,0.0031165727184905368,0.0036912693733427795
CBBT,0,batch,10,256,9,9,dual_base,full,0.04192107543349266,0.27266689072605693,0.13827832995030037,0.27266689072605693,1.9718700017859496,1.0,0.9999768617951026,1.0
CBBT,0,batch,11,256,11,11,base,shared,0.024857884272933006,0.13489346246155862,0.13489346246155862,0.26278856619961605,1.0,0.5133155692896189,1.0000000000000002,0.9999900023723477
CBBT,0,batch,11,256,11,11,tail,shared,0.16306132078170776,0.740645708482105,0.13489346246155862,0.26278856619961605,5.490597505369625,2.8184091842089707,0.9968254725309297,0.9965542514310918
CBBT,0,batch,11,256,11,11,body,shared,0.021517906337976456,0.12791132308927686,0.13489346246155862,0.26278856619961605,0.9482396014983194,0.4867461508660712,0.999970961217234,0.9999892570900083
CBBT,0,batch,11,256,11,11,excess,shared,0.0004525221302174032,0.0,0.13489346246155862,0.26278856619961605,0.0,0.0,,
CBBT,0,batch,11,256,11,11,gate,shared,0.0041550747118890285,0.0,0.13489346246155862,0.26278856619961605,0.0,0.0,,
CBBT,0,batch,11,256,11,11,amp_true,shared,0.011639120988547802,0.0,0.13489346246155862,0.26278856619961605,0.0,0.0,,
CBBT,0,batch,11,256,11,11,dual_base,shared,0.04935837164521217,0.26278856619961605,0.13489346246155862,0.26278856619961605,1.9481193632679157,1.0,0.9999900023723477,0.9999999999999998
CBBT,0,batch,11,256,11,11,base,temporal,0.024857884272933006,0.005518933717116231,0.005518933717116231,0.010749213291057087,1.0,0.5134267567011404,0.9999999999999999,0.9999927369726102
CBBT,0,batch,11,256,11,11,tail,temporal,0.16306132078170776,0.030369434403407662,0.005518933717116231,0.010749213291057087,5.502772086068173,2.8252704250155505,0.9977841667747329,0.9975948018477059
CBBT,0,batch,11,256,11,11,body,temporal,0.021517906337976456,0.005230891067293971,0.005518933717116231,0.010749213291057087,0.94780827881137,0.48663013056461185,0.9999794304892025,0.9999922114484487
CBBT,0,batch,11,256,11,11,excess,temporal,0.0004525221302174032,0.0,0.005518933717116231,0.010749213291057087,0.0,0.0,,
CBBT,0,batch,11,256,11,11,gate,temporal,0.0041550747118890285,0.0,0.005518933717116231,0.010749213291057087,0.0,0.0,,
CBBT,0,batch,11,256,11,11,amp_true,temporal,0.011639120988547802,0.0,0.005518933717116231,0.010749213291057087,0.0,0.0,,
CBBT,0,batch,11,256,11,11,dual_base,temporal,0.04935837164521217,0.010749213291057087,0.005518933717116231,0.010749213291057087,1.9476974796272415,1.0,0.9999927369726102,1.0000000000000002
CBBT,0,batch,11,256,11,11,base,excess,0.024857884272933006,0.0006533236679128456,0.0006533236679128456,0.002042986484703937,1.0,0.31978854133610346,1.0,0.998529058865598
CBBT,0,batch,11,256,11,11,tail,excess,0.16306132078170776,0.0035747892742863706,0.0006533236679128456,0.002042986484703937,5.471697184500674,1.7497860612643348,0.9985637373590667,0.9999146545391121
CBBT,0,batch,11,256,11,11,body,excess,0.021517906337976456,0.0,0.0006533236679128456,0.002042986484703937,0.0,0.0,,
CBBT,0,batch,11,256,11,11,excess,excess,0.0004525221302174032,0.0006955575166346107,0.0006533236679128456,0.002042986484703937,1.0646446023556568,0.3404611444286714,0.9968704674142019,0.9996863856988816
CBBT,0,batch,11,256,11,11,gate,excess,0.0041550747118890285,0.0,0.0006533236679128456,0.002042986484703937,0.0,0.0,,
CBBT,0,batch,11,256,11,11,amp_true,excess,0.011639120988547802,0.016902660527016743,0.0006533236679128456,0.002042986484703937,25.87180192172616,8.273505798285408,0.9926373877613881,0.9961289262161585
CBBT,0,batch,11,256,11,11,dual_base,excess,0.04935837164521217,0.002042986484703937,0.0006533236679128456,0.002042986484703937,3.127066391503322,1.0,0.998529058865598,1.0
CBBT,0,batch,11,256,11,11,base,full,0.024857884272933006,0.20616311525155082,0.20616311525155082,0.40169979392587435,1.0,0.5132268384722998,0.9999999999999999,0.9999867401313216
CBBT,0,batch,11,256,11,11,tail,full,0.16306132078170776,1.127724091234224,0.20616311525155082,0.40169979392587435,5.470057482679317,2.8073803080972524,0.9978963627460296,0.9977076759749053
CBBT,0,batch,11,256,11,11,body,full,0.021517906337976456,0.1955081666098981,0.20616311525155082,0.40169979392587435,0.948317871367766,0.4867021829888596,0.999970126143157,0.9999789755737708
CBBT,0,batch,11,256,11,11,excess,full,0.0004525221302174032,0.0006955575166346107,0.20616311525155082,0.40169979392587435,0.0033738213345579455,0.0017315356571055696,0.003159047482428553,0.005084258956085539
CBBT,0,batch,11,256,11,11,gate,full,0.0041550747118890285,0.0012347330636509747,0.20616311525155082,0.40169979392587435,0.0059891075187936006,0.0030737707171411195,-0.0026691040648805387,0.00018425189376947656
CBBT,0,batch,11,256,11,11,amp_true,full,0.011639120988547802,0.016902660527016743,0.20616311525155082,0.40169979392587435,0.08198683118652378,0.04207784216622175,0.003145633001754019,0.0050661662367140516
CBBT,0,batch,11,256,11,11,dual_base,full,0.04935837164521217,0.40169979392587435,0.20616311525155082,0.40169979392587435,1.9484561699397034,1.0,0.9999867401313216,0.9999999999999998
CBBT,0,accum4,2,1024,57,57,base,shared,0.026407421566545963,0.12120079614343844,0.12120079614343844,0.2352259105114963,1.0,0.5152527452434494,1.0,0.9999966575906779
CBBT,0,accum4,2,1024,57,57,tail,shared,0.19322234764695168,0.9058915115090557,0.12120079614343844,0.2352259105114963,7.474303307685811,3.851155298067309,0.9984183461295557,0.9983184987821037
CBBT,0,accum4,2,1024,57,57,body,shared,0.02289677271619439,0.11404341121742252,0.12120079614343844,0.2352259105114963,0.9409460568431802,0.48482503891444745,0.9999896665245108,0.9999964971951126
CBBT,0,accum4,2,1024,57,57,excess,shared,0.0005591306544374675,0.0,0.12120079614343844,0.2352259105114963,0.0,0.0,,
CBBT,0,accum4,2,1024,57,57,gate,shared,0.005026272032409906,0.0,0.12120079614343844,0.2352259105114963,0.0,0.0,,
CBBT,0,accum4,2,1024,57,57,amp_true,shared,0.014835396548733115,0.0,0.12120079614343844,0.2352259105114963,0.0,0.0,,
CBBT,0,accum4,2,1024,57,57,dual_base,shared,0.05293559096753597,0.2352259105114963,0.12120079614343844,0.2352259105114963,1.940795093731164,1.0,0.9999966575906779,0.9999999999999999
CBBT,0,accum4,2,1024,57,57,base,temporal,0.026407421566545963,0.004950464813814545,0.004950464813814545,0.009607029872747736,1.0,0.5152960779124388,1.0000000000000002,0.9999976956004913
CBBT,0,accum4,2,1024,57,57,tail,temporal,0.19322234764695168,0.03701989125744148,0.004950464813814545,0.009607029872747736,7.478063707095832,3.8534168986458353,0.9989044605982782,0.9988407677489508
CBBT,0,accum4,2,1024,57,57,body,temporal,0.02289677271619439,0.004657238897229336,0.004950464813814545,0.009607029872747736,0.940768003083883,0.4847740622146421,0.9999930005071507,0.9999975841456653
CBBT,0,accum4,2,1024,57,57,excess,temporal,0.0005591306544374675,0.0,0.004950464813814545,0.009607029872747736,0.0,0.0,,
CBBT,0,accum4,2,1024,57,57,gate,temporal,0.005026272032409906,0.0,0.004950464813814545,0.009607029872747736,0.0,0.0,,
CBBT,0,accum4,2,1024,57,57,amp_true,temporal,0.014835396548733115,0.0,0.004950464813814545,0.009607029872747736,0.0,0.0,,
CBBT,0,accum4,2,1024,57,57,dual_base,temporal,0.05293559096753597,0.009607029872747736,0.004950464813814545,0.009607029872747736,1.9406318869167174,1.0,0.9999976956004913,0.9999999999999999
CBBT,0,accum4,2,1024,57,57,base,excess,0.026407421566545963,0.0005889482404796199,0.0005889482404796199,0.001935828782530991,1.0,0.3042357081340644,0.9999999999999999,0.9993755682742367
CBBT,0,accum4,2,1024,57,57,tail,excess,0.19322234764695168,0.004401959756196722,0.0005889482404796199,0.001935828782530991,7.474272701132297,2.2739406480160906,0.99916321334292,0.9998253329961234
CBBT,0,accum4,2,1024,57,57,body,excess,0.02289677271619439,0.0,0.0005889482404796199,0.001935828782530991,0.0,0.0,,
CBBT,0,accum4,2,1024,57,57,excess,excess,0.0005591306544374675,0.0006738546207531822,0.0005889482404796199,0.001935828782530991,1.1441661158617562,0.3480961884822034,0.9987071766191213,0.9998788963963537
CBBT,0,accum4,2,1024,57,57,gate,excess,0.005026272032409906,0.0,0.0005889482404796199,0.001935828782530991,0.0,0.0,,
CBBT,0,accum4,2,1024,57,57,amp_true,excess,0.014835396548733115,0.017824634371502217,0.0005889482404796199,0.001935828782530991,30.265196746298837,9.20775356392701,0.9974255867800539,0.9986335309364938
CBBT,0,accum4,2,1024,57,57,dual_base,excess,0.05293559096753597,0.001935828782530991,0.0005889482404796199,0.001935828782530991,3.2869251480478425,1.0,0.9993755682742367,1.0
CBBT,0,accum4,2,1024,57,57,base,full,0.026407421566545963,0.18560429546750612,0.18560429546750612,0.36028753657102264,1.0,0.515156025750889,0.9999999999999998,0.9999950833869227
CBBT,0,accum4,2,1024,57,57,tail,full,0.19322234764695168,1.3829486454016808,0.18560429546750612,0.36028753657102264,7.451059480699328,3.838458189710549,0.9989815206842523,0.9989159820133164
CBBT,0,accum4,2,1024,57,57,body,full,0.02289677271619439,0.17468541056980266,0.18560429546750612,0.36028753657102264,0.9411711627136613,0.48484999573491305,0.9999832224605717,0.9999790077224271
CBBT,0,accum4,2,1024,57,57,excess,full,0.0005591306544374675,0.0006738546207531822,0.18560429546750612,0.36028753657102264,0.0036305981984730224,0.0018703245390236996,0.0031690367560872255,0.00537235999088696
CBBT,0,accum4,2,1024,57,57,gate,full,0.005026272032409906,0.0009520742354601761,0.18560429546750612,0.36028753657102264,0.005129591602726977,0.002642540023785963,0.0027741066996967655,0.00273032893154247
CBBT,0,accum4,2,1024,57,57,amp_true,full,0.014835396548733115,0.017824634371502217,0.18560429546750612,0.36028753657102264,0.09603567808926484,0.04947335825475741,0.0031649700933042645,0.005365668628968334
CBBT,0,accum4,2,1024,57,57,dual_base,full,0.05293559096753597,0.36028753657102264,0.18560429546750612,0.36028753657102264,1.9411594740494487,1.0,0.9999950833869227,1.0
CBBT,0,batch,12,256,9,9,base,shared,0.023326560854911804,0.07718630621728541,0.07718630621728541,0.15031933078115395,1.0,0.5134822368898048,1.0,0.9999857707575318
CBBT,0,batch,12,256,9,9,tail,shared,0.12556582689285278,0.5684165549480631,0.07718630621728541,0.15031933078115395,7.3642150117655145,3.781393597178836,0.9905210431619387,0.990035940099926
CBBT,0,batch,12,256,9,9,body,shared,0.02101362869143486,0.07312305074571686,0.07718630621728541,0.15031933078115395,0.9473578194021856,0.48645141224168187,0.9999538580643536,0.9999847937422673
CBBT,0,batch,12,256,9,9,excess,shared,0.00034701841650530696,0.0,0.07718630621728541,0.15031933078115395,0.0,0.0,,
CBBT,0,batch,12,256,9,9,gate,shared,0.0036189532838761806,0.0,0.07718630621728541,0.15031933078115395,0.0,0.0,,
CBBT,0,batch,12,256,9,9,amp_true,shared,0.00851023755967617,0.0,0.07718630621728541,0.15031933078115395,0.0,0.0,,
CBBT,0,batch,12,256,9,9,dual_base,shared,0.04684370011091232,0.15031933078115395,0.07718630621728541,0.15031933078115395,1.9474870368584996,1.0,0.9999857707575318,1.0
CBBT,0,batch,12,256,9,9,base,temporal,0.023326560854911804,0.0031507899951886765,0.0031507899951886765,0.006137190306735967,1.0,0.513392910715263,0.9999999999999998,0.9999892972444001
CBBT,0,batch,12,256,9,9,tail,temporal,0.12556582689285278,0.023151607977083193,0.0031507899951886765,0.006137190306735967,7.347874029191471,3.772346435415697,0.9934162134346142,0.993088829457297
CBBT,0,batch,12,256,9,9,body,temporal,0.02101362869143486,0.002985739975882577,0.0031507899951886765,0.006137190306735967,0.9476163058921304,0.48649949352320593,0.9999660401796259,0.9999887478900354
CBBT,0,batch,12,256,9,9,excess,temporal,0.00034701841650530696,0.0,0.0031507899951886765,0.006137190306735967,0.0,0.0,,
CBBT,0,batch,12,256,9,9,gate,temporal,0.0036189532838761806,0.0,0.0031507899951886765,0.006137190306735967,0.0,0.0,,
CBBT,0,batch,12,256,9,9,amp_true,temporal,0.00851023755967617,0.0,0.0031507899951886765,0.006137190306735967,0.0,0.0,,
CBBT,0,batch,12,256,9,9,dual_base,temporal,0.04684370011091232,0.006137190306735967,0.0031507899951886765,0.006137190306735967,1.947825883701417,1.0,0.9999892972444001,0.9999999999999998
CBBT,0,batch,12,256,9,9,base,excess,0.023326560854911804,0.0003770003915279824,0.0003770003915279824,0.0012859596571277822,1.0,0.29316657753480435,0.9999999999999998,0.998365258642307
CBBT,0,batch,12,256,9,9,tail,excess,0.12556582689285278,0.002835811345455687,0.0003770003915279824,0.0012859596571277822,7.522038197260605,2.2052101943769613,0.9968161451084273,0.9987965813036654
CBBT,0,batch,12,256,9,9,body,excess,0.02101362869143486,0.0,0.0003770003915279824,0.0012859596571277822,0.0,0.0,,
CBBT,0,batch,12,256,9,9,excess,excess,0.00034701841650530696,0.00045432263383924954,0.0003770003915279824,0.0012859596571277822,1.205098572969328,0.3532946242294946,0.9967159313196049,0.9997117028956167
CBBT,0,batch,12,256,9,9,gate,excess,0.0036189532838761806,0.0,0.0003770003915279824,0.0012859596571277822,0.0,0.0,,
CBBT,0,batch,12,256,9,9,amp_true,excess,0.00851023755967617,0.011219688334999147,0.0003770003915279824,0.0012859596571277822,29.76041560467817,8.724759188836885,0.9886530243728201,0.9922144411593208
CBBT,0,batch,12,256,9,9,dual_base,excess,0.04684370011091232,0.0012859596571277822,0.0003770003915279824,0.0012859596571277822,3.4110300308065686,1.0,0.998365258642307,0.9999999999999999
CBBT,0,batch,12,256,9,9,base,full,0.023326560854911804,0.11854156692863509,0.11854156692863509,0.23065970182819412,1.0,0.5139240447684713,1.0000000000000002,0.9999643993697159
CBBT,0,batch,12,256,9,9,tail,full,0.12556582689285278,0.8816506483871918,0.11854156692863509,0.23065970182819412,7.437480971699715,3.8223003038644583,0.9943430981302983,0.9940165305957954
CBBT,0,batch,12,256,9,9,body,full,0.02101362869143486,0.11207636445883086,0.11854156692863509,0.23065970182819412,0.9454604605176475,0.485894864037891,0.9999575395207059,0.9999657744220296
CBBT,0,batch,12,256,9,9,excess,full,0.00034701841650530696,0.00045432263383924954,0.11854156692863509,0.23065970182819412,0.003832601893247816,0.0019696662669652187,0.003169877926245793,0.00557353065356793
CBBT,0,batch,12,256,9,9,gate,full,0.0036189532838761806,0.0024485156305683225,0.11854156692863509,0.23065970182819412,0.020655333770325378,0.010615272677288418,-0.002858535380053676,0.0038752264360958906
CBBT,0,batch,12,256,9,9,amp_true,full,0.00851023755967617,0.011219688334999147,0.11854156692863509,0.23065970182819412,0.09464771409469956,0.04864173605563785,0.003144235283293203,0.005531732385143107
CBBT,0,batch,12,256,9,9,dual_base,full,0.04684370011091232,0.23065970182819412,0.11854156692863509,0.23065970182819412,1.9458128300856432,1.0,0.9999643993697159,1.0
CBBT,0,batch,13,256,14,14,base,shared,0.028387710452079773,0.12812016136251395,0.12812016136251395,0.24701632102502588,1.0,0.5186708345054404,0.9999999999999998,0.9999916906239024
CBBT,0,batch,13,256,14,14,tail,shared,0.2129700481891632,0.9302285305095911,0.12812016136251395,0.24701632102502588,7.260594434294571,3.7658585742411215,0.9965229389820388,0.9963017615451341
CBBT,0,batch,13,256,14,14,body,shared,0.023923978209495544,0.11898516307981713,0.12812016136251395,0.24701632102502588,0.9286997597759069,0.4816894794079717,0.9999772492570363,0.999990950928023
CBBT,0,batch,13,256,14,14,excess,shared,0.0007851961418054998,0.0,0.12812016136251395,0.24701632102502588,0.0,0.0,,
CBBT,0,batch,13,256,14,14,gate,shared,0.0049592568539083,0.0,0.12812016136251395,0.24701632102502588,0.0,0.0,,
CBBT,0,batch,13,256,14,14,amp_true,shared,0.019923575222492218,0.0,0.12812016136251395,0.24701632102502588,0.0,0.0,,
CBBT,0,batch,13,256,14,14,dual_base,shared,0.05636170879006386,0.24701632102502588,0.12812016136251395,0.24701632102502588,1.9280050727230755,1.0,0.9999916906239024,1.0000000000000002
CBBT,0,batch,13,256,14,14,base,temporal,0.028387710452079773,0.005228343721221995,0.005228343721221995,0.010078908768422956,1.0,0.5187410503806031,0.9999999999999999,0.9999931293629636
CBBT,0,batch,13,256,14,14,tail,temporal,0.2129700481891632,0.03800899190052133,0.005228343721221995,0.010078908768422956,7.269795929108822,3.7711415763185427,0.9968065005087708,0.9966077040635131
CBBT,0,batch,13,256,14,14,body,temporal,0.023923978209495544,0.004854432078001464,0.005228343721221995,0.010078908768422956,0.928483729617314,0.48164262516298534,0.9999802432855277,0.9999923027201315
CBBT,0,batch,13,256,14,14,excess,temporal,0.0007851961418054998,0.0,0.005228343721221995,0.010078908768422956,0.0,0.0,,
CBBT,0,batch,13,256,14,14,gate,temporal,0.0049592568539083,0.0,0.005228343721221995,0.010078908768422956,0.0,0.0,,
CBBT,0,batch,13,256,14,14,amp_true,temporal,0.019923575222492218,0.0,0.005228343721221995,0.010078908768422956,0.0,0.0,,
CBBT,0,batch,13,256,14,14,dual_base,temporal,0.05636170879006386,0.010078908768422956,0.005228343721221995,0.010078908768422956,1.9277441013513286,1.0,0.9999931293629636,1.0
CBBT,0,batch,13,256,14,14,base,excess,0.028387710452079773,0.0006237809716615906,0.0006237809716615906,0.0023910110934753375,1.0,0.26088585425796756,1.0,0.9991685634311372
CBBT,0,batch,13,256,14,14,tail,excess,0.2129700481891632,0.004620450856326199,0.0006237809716615906,0.0023910110934753375,7.407168647704205,1.932425520289146,0.9984965190283421,0.9996688215428094
CBBT,0,batch,13,256,14,14,body,excess,0.023923978209495544,0.0,0.0006237809716615906,0.0023910110934753375,0.0,0.0,,
CBBT,0,batch,13,256,14,14,excess,excess,0.0007851961418054998,0.0008843147859713852,0.0006237809716615906,0.0023910110934753375,1.4176687429496289,0.36984972105923297,0.9984974992834006,0.9998986272177885
CBBT,0,batch,13,256,14,14,gate,excess,0.0049592568539083,0.0,0.0006237809716615906,0.0023910110934753375,0.0,0.0,,
CBBT,0,batch,13,256,14,14,amp_true,excess,0.019923575222492218,0.021810991717329756,0.0006237809716615906,0.0023910110934753375,34.965785601364104,9.122078846412817,0.9944375082246053,0.9956155029740918
CBBT,0,batch,13,256,14,14,dual_base,excess,0.05636170879006386,0.0023910110934753375,0.0006237809716615906,0.0023910110934753375,3.833093989876454,1.0,0.9991685634311372,1.0000000000000002
CBBT,0,batch,13,256,14,14,base,full,0.028387710452079773,0.19622170091914534,0.19622170091914534,0.3783169223175786,1.0,0.5186701660530713,1.0000000000000002,0.9999884183911472
CBBT,0,batch,13,256,14,14,tail,full,0.2129700481891632,1.433687634169177,0.19622170091914534,0.3783169223175786,7.306468282832484,3.789647117518223,0.9976390460921186,0.9974875763550302
CBBT,0,batch,13,256,14,14,body,full,0.023923978209495544,0.18217639561935678,0.19622170091914534,0.3783169223175786,0.9284212437564383,0.48154440066635085,0.9999745235092627,0.9999694918038701
CBBT,0,batch,13,256,14,14,excess,full,0.0007851961418054998,0.0008843147859713852,0.19622170091914534,0.3783169223175786,0.004506712467729417,0.0023374973039906634,0.003174183779811977,0.006319486570631277
CBBT,0,batch,13,256,14,14,gate,full,0.0049592568539083,0.0009355390879737287,0.19622170091914534,0.3783169223175786,0.004767765662979472,0.002472897808119694,0.0023872361071239794,0.0024610858427882797
CBBT,0,batch,13,256,14,14,amp_true,full,0.019923575222492218,0.021810991717329756,0.19622170091914534,0.3783169223175786,0.11115483973058181,0.05765269918066339,0.003161277229946546,0.006292416680342796
CBBT,0,batch,13,256,14,14,dual_base,full,0.05636170879006386,0.3783169223175786,0.19622170091914534,0.3783169223175786,1.9280075574998046,1.0,0.9999884183911472,1.0
CBBT,0,batch,14,256,16,16,base,shared,0.030821433290839195,0.12151978716287667,0.12151978716287667,0.23524017575617392,1.0,0.5165775224077019,1.0,0.9999912752600874
CBBT,0,batch,14,256,16,16,tail,shared,0.213337242603302,1.0101818632824902,0.12151978716287667,0.23524017575617392,8.312900202240419,4.29425739049584,0.9965214024209578,0.9962972882894521
CBBT,0,batch,14,256,16,16,body,shared,0.027045821771025658,0.11376557017229696,0.12151978716287667,0.23524017575617392,0.936189676005715,0.4836145433347015,0.9999765909408529,0.9999906488337883
CBBT,0,batch,14,256,16,16,excess,shared,0.0006350822513923049,0.0,0.12151978716287667,0.23524017575617392,0.0,0.0,,
CBBT,0,batch,14,256,16,16,gate,shared,0.005495378281921148,0.0,0.12151978716287667,0.23524017575617392,0.0,0.0,,
CBBT,0,batch,14,256,16,16,amp_true,shared,0.016062581911683083,0.0,0.12151978716287667,0.23524017575617392,0.0,0.0,,
CBBT,0,batch,14,256,16,16,dual_base,shared,0.061885107308626175,0.23524017575617392,0.12151978716287667,0.23524017575617392,1.9358178717090275,1.0,0.9999912752600874,0.9999999999999999
CBBT,0,batch,14,256,16,16,base,temporal,0.030821433290839195,0.004954189042992089,0.004954189042992089,0.009589448253811967,1.0,0.5166292065888897,0.9999999999999999,0.9999933403302199
CBBT,0,batch,14,256,16,16,tail,temporal,0.213337242603302,0.041237124732649316,0.004954189042992089,0.009589448253811967,8.323688170717057,4.30026041553088,0.997504646261558,0.9973451904447485
CBBT,0,batch,14,256,16,16,body,temporal,0.027045821771025658,0.00463683407095024,0.004954189042992089,0.009589448253811967,0.9359420948034347,0.4835350218514418,0.9999820627861118,0.9999928108538871
CBBT,0,batch,14,256,16,16,excess,temporal,0.0006350822513923049,0.0,0.004954189042992089,0.009589448253811967,0.0,0.0,,
CBBT,0,batch,14,256,16,16,gate,temporal,0.005495378281921148,0.0,0.004954189042992089,0.009589448253811967,0.0,0.0,,
CBBT,0,batch,14,256,16,16,amp_true,temporal,0.016062581911683083,0.0,0.004954189042992089,0.009589448253811967,0.0,0.0,,
CBBT,0,batch,14,256,16,16,dual_base,temporal,0.061885107308626175,0.009589448253811967,0.004954189042992089,0.009589448253811967,1.9356242102583163,1.0,0.9999933403302199,1.0
CBBT,0,batch,14,256,16,16,base,excess,0.030821433290839195,0.0005883563245045854,0.0005883563245045854,0.002027627326175157,1.0,0.2901698536557206,1.0000000000000002,0.9988126631597638
CBBT,0,batch,14,256,16,16,tail,excess,0.213337242603302,0.004907719322609078,0.0005883563245045854,0.002027627326175157,8.341406590201155,2.4204247295615327,0.9981059921898389,0.9995446855105032
CBBT,0,batch,14,256,16,16,body,excess,0.027045821771025658,0.0,0.0005883563245045854,0.002027627326175157,0.0,0.0,,
CBBT,0,batch,14,256,16,16,excess,excess,0.0006350822513923049,0.0007198155268369158,0.0005883563245045854,0.002027627326175157,1.2234346719108073,0.3550038597056935,0.9977065743981326,0.9998167825952401
CBBT,0,batch,14,256,16,16,gate,excess,0.005495378281921148,0.0,0.0005883563245045854,0.002027627326175157,0.0,0.0,,
CBBT,0,batch,14,256,16,16,amp_true,excess,0.016062581911683083,0.019604229332804105,0.0005883563245045854,0.002027627326175157,33.32033415177696,9.668556484580831,0.9920190061102521,0.9952419138715906
CBBT,0,batch,14,256,16,16,dual_base,excess,0.061885107308626175,0.002027627326175157,0.0005883563245045854,0.002027627326175157,3.44625738132837,1.0,0.9988126631597638,1.0000000000000002
CBBT,0,batch,14,256,16,16,base,full,0.030821433290839195,0.18597912623367052,0.18597912623367052,0.3599903477539846,1.0,0.5166225355596691,0.9999999999999998,0.9999895175470769
CBBT,0,batch,14,256,16,16,tail,full,0.213337242603302,1.544098181559239,0.18597912623367052,0.3599903477539846,8.302534874904087,4.289276618645529,0.9976804154981261,0.9975253233451061
CBBT,0,batch,14,256,16,16,body,full,0.027045821771025658,0.17411784085631615,0.18597912623367052,0.3599903477539846,0.9362224911066017,0.4836736372034823,0.999973574718647,0.9999689201508816
CBBT,0,batch,14,256,16,16,excess,full,0.0006350822513923049,0.0007198155268369158,0.18597912623367052,0.3599903477539846,0.003870410305791603,0.001999541185834332,0.003156305682979768,0.005631417181618575
CBBT,0,batch,14,256,16,16,gate,full,0.005495378281921148,0.001826529369147026,0.18597912623367052,0.3599903477539846,0.009821152546184738,0.005073828730528258,0.002857002965051811,0.003993294929716001
CBBT,0,batch,14,256,16,16,amp_true,full,0.016062581911683083,0.019604229332804105,0.18597912623367052,0.3599903477539846,0.10541091212662587,0.05445765269851492,0.0031383127133331546,0.005605649466190619
CBBT,0,batch,14,256,16,16,dual_base,full,0.061885107308626175,0.3599903477539846,0.18597912623367052,0.3599903477539846,1.9356492045332034,1.0,0.9999895175470769,1.0
CBBT,0,batch,15,256,15,15,base,shared,0.029566645622253418,0.12419687296068067,0.12419687296068067,0.24052109521071982,1.0,0.5163658216834252,1.0000000000000002,0.9999892375315876
CBBT,0,batch,15,256,15,15,tail,shared,0.2086595892906189,0.9608974088029438,0.12419687296068067,0.24052109521071982,7.73688890788058,3.9950649981911335,0.9969005360431269,0.9966428072484895
CBBT,0,batch,15,256,15,15,body,shared,0.02571721188724041,0.11631279371022775,0.12419687296068067,0.24052109521071982,0.936519502765992,0.48358666256831423,0.9999669253850783,0.9999879813623543
CBBT,0,batch,15,256,15,15,excess,shared,0.000628154375590384,0.0,0.12419687296068067,0.24052109521071982,0.0,0.0,,
CBBT,0,batch,15,256,15,15,gate,shared,0.005227317567914724,0.0,0.12419687296068067,0.24052109521071982,0.0,0.0,,
CBBT,0,batch,15,256,15,15,amp_true,shared,0.01651248149573803,0.0,0.12419687296068067,0.24052109521071982,0.0,0.0,,
CBBT,0,batch,15,256,15,15,dual_base,shared,0.05915382504463196,0.24052109521071982,0.12419687296068067,0.24052109521071982,1.9366115223115647,1.0,0.9999892375315876,1.0000000000000002
CBBT,0,batch,15,256,15,15,base,temporal,0.029566645622253418,0.0050739047948769175,0.0050739047948769175,0.00982332825402113,1.0,0.5165158552855994,1.0000000000000002,0.9999916597439785
CBBT,0,batch,15,256,15,15,tail,temporal,0.2086595892906189,0.03936643508751643,0.0050739047948769175,0.00982332825402113,7.75860736040306,4.007443716583733,0.9978227941957335,0.997634233875151
CBBT,0,batch,15,256,15,15,body,temporal,0.02571721188724041,0.0047494366559724735,0.0050739047948769175,0.00982332825402113,0.9360515910286576,0.4834854881316132,0.9999743411714864,0.9999906692548464
CBBT,0,batch,15,256,15,15,excess,temporal,0.000628154375590384,0.0,0.0050739047948769175,0.00982332825402113,0.0,0.0,,
CBBT,0,batch,15,256,15,15,gate,temporal,0.005227317567914724,0.0,0.0050739047948769175,0.00982332825402113,0.0,0.0,,
CBBT,0,batch,15,256,15,15,amp_true,temporal,0.01651248149573803,0.0,0.0050739047948769175,0.00982332825402113,0.0,0.0,,
CBBT,0,batch,15,256,15,15,dual_base,temporal,0.05915382504463196,0.00982332825402113,0.0050739047948769175,0.00982332825402113,1.93604899010712,1.0,0.9999916597439785,0.9999999999999999
CBBT,0,batch,15,256,15,15,base,excess,0.029566645622253418,0.0006057380377457503,0.0006057380377457503,0.0020914074793944473,1.0,0.28963176411759683,1.0,0.9978730144858206
CBBT,0,batch,15,256,15,15,tail,excess,0.2086595892906189,0.004684602748823958,0.0006057380377457503,0.0020914074793944473,7.733710708110181,2.2399282755651004,0.9983628672735784,0.999695210100871
CBBT,0,batch,15,256,15,15,body,excess,0.02571721188724041,0.0,0.0006057380377457503,0.0020914074793944473,0.0,0.0,,
CBBT,0,batch,15,256,15,15,excess,excess,0.000628154375590384,0.000743268047222949,0.0006057380377457503,0.0020914074793944473,1.2270453577408076,0.3553913116147778,0.9957647970233167,0.9996363952875575
CBBT,0,batch,15,256,15,15,gate,excess,0.005227317567914724,0.0,0.0006057380377457503,0.0020914074793944473,0.0,0.0,,
CBBT,0,batch,15,256,15,15,amp_true,excess,0.01651248149573803,0.01930109466622368,0.0006057380377457503,0.0020914074793944473,31.86376529704584,9.228758554412448,0.9933070489104775,0.9971947895818806
CBBT,0,batch,15,256,15,15,dual_base,excess,0.05915382504463196,0.0020914074793944473,0.0006057380377457503,0.0020914074793944473,3.4526599768731794,1.0,0.9978730144858206,0.9999999999999998
CBBT,0,batch,15,256,15,15,base,full,0.029566645622253418,0.19093305717316886,0.19093305717316886,0.36977490250773676,1.0,0.5163494219815905,1.0000000000000002,0.9999885996934272
CBBT,0,batch,15,256,15,15,tail,full,0.2086595892906189,1.4750720479280999,0.19093305717316886,0.36977490250773676,7.72559801726878,3.989108070678856,0.9980398057912235,0.9978675077284892
CBBT,0,batch,15,256,15,15,body,full,0.02571721188724041,0.17883526732544036,0.19093305717316886,0.36977490250773676,0.9366385788462169,0.4836327887929025,0.9999675617514429,0.9999695509853346
CBBT,0,batch,15,256,15,15,excess,full,0.000628154375590384,0.000743268047222949,0.19093305717316886,0.36977490250773676,0.0038928201235935472,0.0020100554206958316,0.003159079015102896,0.005653837022472232
CBBT,0,batch,15,256,15,15,gate,full,0.005227317567914724,0.0014326858501442774,0.19093305717316886,0.36977490250773676,0.007503602945219104,0.0038744810435432445,0.0027924269489056712,0.0033550194079350177
CBBT,0,batch,15,256,15,15,amp_true,full,0.01651248149573803,0.01930109466622368,0.19093305717316886,0.36977490250773676,0.1010882816835554,0.052196875816416036,0.0031512817717067754,0.0056400275605537654
CBBT,0,batch,15,256,15,15,dual_base,full,0.05915382504463196,0.36977490250773676,0.19093305717316886,0.36977490250773676,1.9366730307594944,1.0,0.9999885996934272,1.0
CBBT,0,accum4,3,1024,54,54,base,shared,0.028025587555021048,0.11269513982372006,0.11269513982372006,0.2181598778629438,1.0,0.5165713371664031,1.0,0.9999954537758772
CBBT,0,accum4,3,1024,54,54,tail,shared,0.19013317674398422,0.8660828078393816,0.11269513982372006,0.2181598778629438,7.6851833113133825,3.9699454194940795,0.9967932862563618,0.9965917421364292
CBBT,0,accum4,3,1024,54,54,body,shared,0.024425160139799118,0.1054924725136313,0.11269513982372006,0.2181598778629438,0.9360871522822074,0.4835557919587103,0.9999840918654704,0.9999949798693604
CBBT,0,accum4,3,1024,54,54,excess,shared,0.0005988627963233739,0.0,0.11269513982372006,0.2181598778629438,0.0,0.0,,
CBBT,0,accum4,3,1024,54,54,gate,shared,0.004825226496905088,0.0,0.11269513982372006,0.2181598778629438,0.0,0.0,,
CBBT,0,accum4,3,1024,54,54,amp_true,shared,0.015252219047397375,0.0,0.11269513982372006,0.2181598778629438,0.0,0.0,,
CBBT,0,accum4,3,1024,54,54,dual_base,shared,0.05606108531355858,0.2181598778629438,0.11269513982372006,0.2181598778629438,1.9358410505030983,1.0,0.9999954537758772,1.0
CBBT,0,accum4,3,1024,54,54,base,temporal,0.028025587555021048,0.0045997509112383865,0.0045997509112383865,0.008903372180483721,1.0,0.5166301956152171,0.9999999999999997,0.999996725507698
CBBT,0,accum4,3,1024,54,54,tail,temporal,0.19013317674398422,0.035392673055848124,0.0045997509112383865,0.008903372180483721,7.6944760137716655,3.975198648151451,0.99766221610283,0.9975196517764694
CBBT,0,accum4,3,1024,54,54,body,temporal,0.024425160139799118,0.004304803014338601,0.0045997509112383865,0.008903372180483721,0.9358774197578501,0.4835025344413627,0.9999887133591197,0.9999963541594511
CBBT,0,accum4,3,1024,54,54,excess,temporal,0.0005988627963233739,0.0,0.0045997509112383865,0.008903372180483721,0.0,0.0,,
CBBT,0,accum4,3,1024,54,54,gate,temporal,0.004825226496905088,0.0,0.0045997509112383865,0.008903372180483721,0.0,0.0,,
CBBT,0,accum4,3,1024,54,54,amp_true,temporal,0.015252219047397375,0.0,0.0045997509112383865,0.008903372180483721,0.0,0.0,,
CBBT,0,accum4,3,1024,54,54,dual_base,temporal,0.05606108531355858,0.008903372180483721,0.0045997509112383865,0.008903372180483721,1.9356205047387391,1.0,0.999996725507698,1.0
CBBT,0,accum4,3,1024,54,54,base,excess,0.028025587555021048,0.0005485649615629183,0.0005485649615629183,0.0019474328193502628,1.0,0.28168620560987584,1.0,0.9990194668123432
CBBT,0,accum4,3,1024,54,54,tail,excess,0.19013317674398422,0.004259709578364653,0.0005485649615629183,0.0019474328193502628,7.765187127935221,2.187346097918722,0.9984419970550342,0.9998397145312493
CBBT,0,accum4,3,1024,54,54,body,excess,0.024425160139799118,0.0,0.0005485649615629183,0.0019474328193502628,0.0,0.0,,
CBBT,0,accum4,3,1024,54,54,excess,excess,0.0005988627963233739,0.0006995606678983831,0.0005485649615629183,0.0019474328193502628,1.275255834614851,0.35922197723451277,0.9981057568572744,0.9998499764343448
CBBT,0,accum4,3,1024,54,54,gate,excess,0.004825226496905088,0.0,0.0005485649615629183,0.0019474328193502628,0.0,0.0,,
CBBT,0,accum4,3,1024,54,54,amp_true,excess,0.015252219047397375,0.017917534754575536,0.0005485649615629183,0.0019474328193502628,32.662557782630934,9.200591967302627,0.995907249738042,0.9979670436334303
CBBT,0,accum4,3,1024,54,54,dual_base,excess,0.05606108531355858,0.0019474328193502628,0.0005485649615629183,0.0019474328193502628,3.5500495944943786,1.0,0.9990194668123432,1.0
CBBT,0,accum4,3,1024,54,54,base,full,0.028025587555021048,0.17285260459170396,0.17285260459170396,0.33456027481350603,1.0,0.5166560933991855,0.9999999999999999,0.9999925907259817
CBBT,0,accum4,3,1024,54,54,tail,full,0.19013317674398422,1.3321849084182986,0.17285260459170396,0.33456027481350603,7.70705718646855,3.981898057564959,0.9979752444217606,0.9978427401267356
CBBT,0,accum4,3,1024,54,54,body,full,0.024425160139799118,0.16174266923424865,0.17285260459170396,0.33456027481350603,0.9357259592142211,0.48344851857982507,0.9999800729269751,0.9999773158154612
CBBT,0,accum4,3,1024,54,54,excess,full,0.0005988627963233739,0.0006995606678983831,0.17285260459170396,0.33456027481350603,0.004047151441835771,0.0020909854533337504,0.003167588058273417,0.0058199995789106305
CBBT,0,accum4,3,1024,54,54,gate,full,0.004825226496905088,0.000566551231204826,0.17285260459170396,0.33456027481350603,0.003277655159105526,0.001693420510013147,0.0018393614681040816,0.0017833377641093516
CBBT,0,accum4,3,1024,54,54,amp_true,full,0.015252219047397375,0.017917534754575536,0.17285260459170396,0.33456027481350603,0.10365788121560933,0.05355547595889353,0.0031606108768985324,0.005809039266497042
CBBT,0,accum4,3,1024,54,54,dual_base,full,0.05606108531355858,0.33456027481350603,0.17285260459170396,0.33456027481350603,1.9355234802725283,1.0,0.9999925907259817,1.0000000000000004
CBBT,5,batch,0,256,13,13,base,shared,0.017991332337260246,0.1569796497475613,0.1569796497475613,0.31411808005756847,1.0,0.49974725975273887,1.0,0.9999882295629651
CBBT,5,batch,0,256,13,13,tail,shared,0.04773741587996483,0.11352970423731629,0.1569796497475613,0.31411808005756847,0.7232128777193937,0.36142365385815955,-0.5920278487074624,-0.5942880804012869
CBBT,5,batch,0,256,13,13,body,shared,0.01625591330230236,0.1577277269429363,0.1569796497475613,0.31411808005756847,1.00476544059423,0.5021287756312197,0.9999264798202159,0.9999523705791404
CBBT,5,batch,0,256,13,13,excess,shared,0.0006062167813070118,2.9023706199805688e-05,0.1569796497475613,0.31411808005756847,0.00018488833582237354,9.239743918747532e-05,-0.23974161752567008,-0.2408034963695413
CBBT,5,batch,0,256,13,13,gate,shared,0.005023648962378502,0.002901394739219793,0.1569796497475613,0.31411808005756847,0.018482616975420196,0.009236637186525697,-0.39456958935441033,-0.39412299601610246
CBBT,5,batch,0,256,13,13,amp_true,shared,0.014840183779597282,0.000725931022568202,0.1569796497475613,0.31411808005756847,0.004624363882424063,0.002311013178340962,-0.26492608480954577,-0.2660090455750017
CBBT,5,batch,0,256,13,13,dual_base,shared,0.03797150403261185,0.31411808005756847,0.1569796497475613,0.31411808005756847,2.001011472268547,1.0,0.9999882295629651,1.0000000000000002
CBBT,5,batch,0,256,13,13,base,temporal,0.017991332337260246,0.003144695440320287,0.003144695440320287,0.006296540809821795,1.0,0.4994322335551238,1.0000000000000002,0.9999806184634201
CBBT,5,batch,0,256,13,13,tail,temporal,0.04773741587996483,0.0032301565406644217,0.003144695440320287,0.006296540809821795,1.027176272540857,0.5130049400499068,-0.5430525889022075,-0.5464451992344519
CBBT,5,batch,0,256,13,13,body,temporal,0.01625591330230236,0.003168862457268984,0.003144695440320287,0.006296540809821795,1.007685010331632,0.5032703754299449,0.9998388540533479,0.9998972111267999
CBBT,5,batch,0,256,13,13,excess,temporal,0.0006062167813070118,6.966576835017689e-07,0.003144695440320287,0.006296540809821795,0.00022153423017359493,0.00011064133538451341,-0.305629658201973,-0.30778199053219174
CBBT,5,batch,0,256,13,13,gate,temporal,0.005023648962378502,8.269452982515973e-05,0.003144695440320287,0.006296540809821795,0.026296514684658077,0.013133327063673894,-0.3905717370112437,-0.39118371488462345
CBBT,5,batch,0,256,13,13,amp_true,temporal,0.014840183779597282,1.7245381959504104e-05,0.003144695440320287,0.006296540809821795,0.005483959348937035,0.0027388660663651256,-0.3267847042511448,-0.32891224101725425
CBBT,5,batch,0,256,13,13,dual_base,temporal,0.03797150403261185,0.006296540809821795,0.003144695440320287,0.006296540809821795,2.002273647581113,1.0,0.9999806184634201,1.0
CBBT,5,batch,0,256,13,13,base,excess,0.017991332337260246,9.415212561771696e-05,9.415212561771696e-05,0.0008001706015315969,1.0,0.11766506472182496,1.0000000000000002,-0.8045602771080537
CBBT,5,batch,0,256,13,13,tail,excess,0.04773741587996483,0.0004975327597246476,9.415212561771696e-05,0.0008001706015315969,5.284349731462941,0.6217833531653452,-0.865592486281964,0.9934487980188642
CBBT,5,batch,0,256,13,13,body,excess,0.01625591330230236,0.0,9.415212561771696e-05,0.0008001706015315969,0.0,0.0,,
CBBT,5,batch,0,256,13,13,excess,excess,0.0006062167813070118,0.0004388168216045662,9.415212561771696e-05,0.0008001706015315969,4.660721345647373,0.5484040787859892,-0.8409314816921788,0.9979465135346186
CBBT,5,batch,0,256,13,13,gate,excess,0.005023648962378502,0.0,9.415212561771696e-05,0.0008001706015315969,0.0,0.0,,
CBBT,5,batch,0,256,13,13,amp_true,excess,0.014840183779597282,0.011289419102066971,9.415212561771696e-05,0.0008001706015315969,119.90615217658559,14.108765156402935,-0.8477317085133187,0.9945967870859002
CBBT,5,batch,0,256,13,13,dual_base,excess,0.03797150403261185,0.0008001706015315969,9.415212561771696e-05,0.0008001706015315969,8.498699272924602,1.0,-0.8045602771080537,0.9999999999999997
CBBT,5,batch,0,256,13,13,base,full,0.017991332337260246,0.19578663175691424,0.19578663175691424,0.3942016931001733,1.0,0.4966661361019613,1.0,0.9998603433309944
CBBT,5,batch,0,256,13,13,tail,full,0.04773741587996483,0.28762788360346203,0.19578663175691424,0.3942016931001733,1.4690884715794923,0.7296464947713225,-0.6409770253306183,-0.6495935228300161
CBBT,5,batch,0,256,13,13,body,full,0.01625591330230236,0.19891566595268725,0.19578663175691424,0.3942016931001733,1.0159818582489226,0.504603783886183,0.9997115183784335,0.9998709882856818
CBBT,5,batch,0,256,13,13,excess,full,0.0006062167813070118,0.00043977560010158165,0.19578663175691424,0.3942016931001733,0.0022461983035062397,0.0011156106323212246,-0.01308953805218166,-0.010642386091182126
CBBT,5,batch,0,256,13,13,gate,full,0.005023648962378502,0.008520540877405437,0.19578663175691424,0.3942016931001733,0.04351952327360334,0.02161467346929995,-0.10946745982387765,-0.09825977870832218
CBBT,5,batch,0,256,13,13,amp_true,full,0.014840183779597282,0.011312734395876248,0.19578663175691424,0.3942016931001733,0.05778093373566981,0.02869783309885859,-0.014037358805209302,-0.01158714783629771
CBBT,5,batch,0,256,13,13,dual_base,full,0.03797150403261185,0.3942016931001733,0.19578663175691424,0.3942016931001733,2.013424969635354,1.0,0.9998603433309944,1.0
CBBT,5,batch,1,256,8,8,base,shared,0.02205599844455719,0.1996195348875798,0.1996195348875798,0.39935626120439377,1.0,0.4998532745813466,1.0,0.9999969044832938
CBBT,5,batch,1,256,8,8,tail,shared,0.028711047023534775,0.0711713918072818,0.1996195348875798,0.39935626120439377,0.3565352050708041,0.17821528975817336,-0.6204012746336577,-0.6212958096109646
CBBT,5,batch,1,256,8,8,body,shared,0.02101164124906063,0.19999002386229864,0.1996195348875798,0.39935626120439377,1.001855975543313,0.5007809900342144,0.9999841109291353,0.9999890454258182
CBBT,5,batch,1,256,8,8,excess,shared,0.00038549856981262565,1.5416747485942588e-05,0.1996195348875798,0.39935626120439377,7.723065527942881e-05,3.860399593948565e-05,-0.30717043017886264,-0.3076176732763477
CBBT,5,batch,1,256,8,8,gate,shared,0.0031869332306087017,0.0015111855418186747,0.1996195348875798,0.39935626120439377,0.007570328939348209,0.0037840537099911344,-0.3108270685145244,-0.31066317333217947
CBBT,5,batch,1,256,8,8,amp_true,shared,0.009605408646166325,0.00043117132500051483,0.1996195348875798,0.39935626120439377,0.0021599655827438864,0.001079665869517538,-0.33016979258091955,-0.3306387978173145
CBBT,5,batch,1,256,8,8,dual_base,shared,0.04543210566043854,0.39935626120439377,0.1996195348875798,0.39935626120439377,2.0005870739519565,1.0,0.9999969044832938,0.9999999999999998
CBBT,5,batch,1,256,8,8,base,temporal,0.02205599844455719,0.004055339171116852,0.004055339171116852,0.008114262787470405,1.0,0.49977912687014303,0.9999999999999996,0.9999950525161704
CBBT,5,batch,1,256,8,8,tail,temporal,0.028711047023534775,0.0019285848879015354,0.004055339171116852,0.008114262787470405,0.4755668531099453,0.23767838661567003,-0.5491553831894426,-0.5504633900997236
CBBT,5,batch,1,256,8,8,body,temporal,0.02101164124906063,0.004065824878133226,0.004055339171116852,0.008114262787470405,1.0025856547563408,0.5010713831466547,0.9999703991637647,0.999979986721804
CBBT,5,batch,1,256,8,8,excess,temporal,0.00038549856981262565,3.6392207901947754e-07,0.004055339171116852,0.008114262787470405,8.973899929540353e-05,4.4849678714057155e-05,-0.3496600681676192,-0.3505251248717895
CBBT,5,batch,1,256,8,8,gate,temporal,0.0031869332306087017,4.226691634183408e-05,0.004055339171116852,0.008114262787470405,0.01042253546703805,0.005208965675489376,-0.3086892409460042,-0.3089394028756528
CBBT,5,batch,1,256,8,8,amp_true,temporal,0.009605408646166325,9.950319686197124e-06,0.004055339171116852,0.008114262787470405,0.002453634398095678,0.001226275257138807,-0.36223449763703813,-0.3631375168710991
CBBT,5,batch,1,256,8,8,dual_base,temporal,0.04543210566043854,0.008114262787470405,0.004055339171116852,0.008114262787470405,2.0008838829714244,1.0,0.9999950525161704,1.0
CBBT,5,batch,1,256,8,8,base,excess,0.02205599844455719,0.00011907208290293033,0.00011907208290293033,0.000359066803915075,1.0,0.3316154030521094,1.0000000000000002,-0.7634335329906254
CBBT,5,batch,1,256,8,8,tail,excess,0.028711047023534775,0.000290775055408308,0.00011907208290293033,0.000359066803915075,2.442008641482764,0.809807679902041,-0.8824833423459979,0.976591483242527
CBBT,5,batch,1,256,8,8,body,excess,0.02101164124906063,0.0,0.00011907208290293033,0.000359066803915075,0.0,0.0,,
CBBT,5,batch,1,256,8,8,excess,excess,0.00038549856981262565,0.00022820849516080272,0.00011907208290293033,0.000359066803915075,1.916557513710769,0.6355599923817454,-0.861345942117845,0.9857006997584679
CBBT,5,batch,1,256,8,8,gate,excess,0.0031869332306087017,0.0,0.00011907208290293033,0.000359066803915075,0.0,0.0,,
CBBT,5,batch,1,256,8,8,amp_true,excess,0.009605408646166325,0.006787699876187932,0.00011907208290293033,0.000359066803915075,57.00496464583881,18.903724327001086,-0.8762366353030754,0.9749294795755753
CBBT,5,batch,1,256,8,8,dual_base,excess,0.04543210566043854,0.000359066803915075,0.00011907208290293033,0.000359066803915075,3.015541470016885,1.0,-0.7634335329906254,1.0
CBBT,5,batch,1,256,8,8,base,full,0.02205599844455719,0.24598427950825313,0.24598427950825313,0.4932935247694375,1.0,0.49865702093540504,1.0,0.9999746175640002
CBBT,5,batch,1,256,8,8,tail,full,0.028711047023534775,0.1728343004878696,0.24598427950825313,0.4932935247694375,0.7026233580185792,0.35036807054917524,-0.6435244213261391,-0.6470084149676586
CBBT,5,batch,1,256,8,8,body,full,0.02101164124906063,0.2476005102938494,0.24598427950825313,0.4932935247694375,1.0065704637256792,0.5019334288030163,0.9999410624710809,0.9999750896538991
CBBT,5,batch,1,256,8,8,excess,full,0.00038549856981262565,0.00022872864570622418,0.24598427950825313,0.4932935247694375,0.0009298506642923496,0.00046367656217083045,-0.017217468674855956,-0.016069808784926094
CBBT,5,batch,1,256,8,8,gate,full,0.0031869332306087017,0.004036563814928589,0.24598427950825313,0.4932935247694375,0.0164098446575451,0.008182884250944213,-0.09607226989262804,-0.09145478355709481
CBBT,5,batch,1,256,8,8,amp_true,full,0.009605408646166325,0.006801380618720317,0.24598427950825313,0.4932935247694375,0.02764965562968881,0.013787694906190473,-0.017409093751982584,-0.01626099179349049
CBBT,5,batch,1,256,8,8,dual_base,full,0.04543210566043854,0.4932935247694375,0.24598427950825313,0.4932935247694375,2.005386383859895,1.0,0.9999746175640002,1.0
CBBT,5,batch,2,256,10,10,base,shared,0.0187932550907135,0.17481553400833164,0.17481553400833164,0.34942392991190496,1.0,0.5002963994263508,0.9999999999999999,0.9999956988677572
CBBT,5,batch,2,256,10,10,tail,shared,0.022720225155353546,0.08062244865187668,0.17481553400833164,0.34942392991190496,0.4611858385996421,0.23072961451782312,-0.7102367760439711,-0.7102754489931256
CBBT,5,batch,2,256,10,10,body,shared,0.018191460520029068,0.1751024080829427,0.17481553400833164,0.34942392991190496,1.001641010201058,0.5011173909213621,0.999988704622202,0.9999875510585251
CBBT,5,batch,2,256,10,10,excess,shared,0.00014507438754662871,7.940240913508893e-06,0.17481553400833164,0.34942392991190496,4.5420682770276374e-05,2.2723804049455762e-05,-0.44851411806738534,-0.4484759079345803
CBBT,5,batch,2,256,10,10,gate,shared,0.003983454313129187,0.002076347453408743,0.17481553400833164,0.34942392991190496,0.011877362416258643,0.005942201651536062,-0.4680764951350095,-0.46677321866728366
CBBT,5,batch,2,256,10,10,amp_true,shared,0.0036678598262369633,0.00023744339616239013,0.17481553400833164,0.34942392991190496,0.0013582511274488553,0.0006795281485794439,-0.47473298107827433,-0.4746379201875135
CBBT,5,batch,2,256,10,10,dual_base,shared,0.039266590029001236,0.34942392991190496,0.17481553400833164,0.34942392991190496,1.9988151046991713,1.0,0.9999956988677572,1.0000000000000002
CBBT,5,batch,2,256,10,10,base,temporal,0.0187932550907135,0.0035347164302809513,0.0035347164302809513,0.007063548769371077,1.0,0.5004165109764896,1.0,0.9999941909173987
CBBT,5,batch,2,256,10,10,tail,temporal,0.022720225155353546,0.0020834181370955342,0.0035347164302809513,0.007063548769371077,0.5894159201138341,0.29495345825736224,-0.6307392324329973,-0.6306006280448029
CBBT,5,batch,2,256,10,10,body,temporal,0.018191460520029068,0.0035411476176681663,0.0035347164302809513,0.007063548769371077,1.0018194351694298,0.5013269863759237,0.9999828949759464,0.9999802450354682
CBBT,5,batch,2,256,10,10,excess,temporal,0.00014507438754662871,1.7525361854100323e-07,0.0035347164302809513,0.007063548769371077,4.958067273506109e-05,2.481098726194644e-05,-0.43396124040129025,-0.43384065420929735
CBBT,5,batch,2,256,10,10,gate,temporal,0.003983454313129187,5.6361655620442794e-05,0.0035347164302809513,0.007063548769371077,0.015945170350189303,0.007979226513567502,-0.4363529604444101,-0.43477195687727704
CBBT,5,batch,2,256,10,10,amp_true,temporal,0.0036678598262369633,5.360199595365592e-06,0.0035347164302809513,0.007063548769371077,0.0015164440206422854,0.0007588536259009723,-0.4799156065396367,-0.4797685270566219
CBBT,5,batch,2,256,10,10,dual_base,temporal,0.039266590029001236,0.007063548769371077,0.0035347164302809513,0.007063548769371077,1.9983353427900414,1.0,0.9999941909173987,1.0
CBBT,5,batch,2,256,10,10,base,excess,0.0187932550907135,0.00010347157569323039,0.00010347157569323039,0.00012177661409830734,1.0,0.8496834672189216,1.0,-0.6462259663686533
CBBT,5,batch,2,256,10,10,tail,excess,0.022720225155353546,0.0002630276434327588,0.00010347157569323039,0.00012177661409830734,2.5420280078905506,2.159919171512051,-0.9065078550961688,0.9051387078353076
CBBT,5,batch,2,256,10,10,body,excess,0.018191460520029068,0.0,0.00010347157569323039,0.00012177661409830734,0.0,0.0,,
CBBT,5,batch,2,256,10,10,excess,excess,0.00014507438754662871,0.00010226323274103497,0.00010347157569323039,0.00012177661409830734,0.9883219817220347,0.839760848158254,-0.8906565086481507,0.9225478732352712
CBBT,5,batch,2,256,10,10,gate,excess,0.003983454313129187,0.0,0.00010347157569323039,0.00012177661409830734,0.0,0.0,,
CBBT,5,batch,2,256,10,10,amp_true,excess,0.0036678598262369633,0.003264066030548309,0.00010347157569323039,0.00012177661409830734,31.545533241182294,26.803718059637514,-0.9071784582714981,0.898596293183812
CBBT,5,batch,2,256,10,10,dual_base,excess,0.039266590029001236,0.00012177661409830734,0.00010347157569323039,0.00012177661409830734,1.1769088590991135,1.0,-0.6462259663686533,1.0000000000000002
CBBT,5,batch,2,256,10,10,base,full,0.0187932550907135,0.21590726892313472,0.21590726892313472,0.4324434528052195,1.0,0.49927283561021635,1.0,0.9999606016153317
CBBT,5,batch,2,256,10,10,tail,full,0.022720225155353546,0.18377248979304936,0.21590726892313472,0.4324434528052195,0.8511639775244173,0.4249630526278863,-0.6992849942242849,-0.7016101662430743
CBBT,5,batch,2,256,10,10,body,full,0.018191460520029068,0.21693112767870254,0.21590726892313472,0.4324434528052195,1.0047421226745836,0.5016404486447672,0.9999691859333143,0.9999707714382192
CBBT,5,batch,2,256,10,10,excess,full,0.00014507438754662871,0.00010257103000560953,0.21590726892313472,0.4324434528052195,0.00047506983214226986,0.0002371894622065406,-0.02853795255243564,-0.02779347778897595
CBBT,5,batch,2,256,10,10,gate,full,0.003983454313129187,0.0060963769830280155,0.21590726892313472,0.4324434528052195,0.028236089564906638,0.014097512503614977,-0.13081174938640405,-0.12308861273299017
CBBT,5,batch,2,256,10,10,amp_true,full,0.0036678598262369633,0.003272691005603879,0.21590726892313472,0.4324434528052195,0.015157854674957663,0.007567905085333687,-0.028321603748169465,-0.027572984286965765
CBBT,5,batch,2,256,10,10,dual_base,full,0.039266590029001236,0.4324434528052195,0.21590726892313472,0.4324434528052195,2.0029128938645133,1.0,0.9999606016153317,1.0
CBBT,5,batch,3,256,10,10,base,shared,0.01870923489332199,0.1479816419229441,0.1479816419229441,0.2967547787782545,1.0,0.4986664158608921,1.0,0.9999839278706926
CBBT,5,batch,3,256,10,10,tail,shared,0.04593931511044502,0.10123149944144441,0.1479816419229441,0.2967547787782545,0.6840814720393285,0.34112845581869505,-0.6112704873300071,-0.6145958031311822
CBBT,5,batch,3,256,10,10,body,shared,0.016902446746826172,0.14911736831960168,0.1479816419229441,0.2967547787782545,1.0076747789921736,0.5024935703934438,0.9999094821836293,0.9999541911044602
CBBT,5,batch,3,256,10,10,excess,shared,0.0006056058336980641,3.0634467134968076e-05,0.1479816419229441,0.2967547787782545,0.00020701532120396277,0.00010323158825307145,-0.33715938014656094,-0.33902759286834677
CBBT,5,batch,3,256,10,10,gate,shared,0.0039020029362291098,0.0020021343220670484,0.1479816419229441,0.2967547787782545,0.013529612836094796,0.006746763540960912,-0.3192479227306154,-0.32037936238795695
CBBT,5,batch,3,256,10,10,amp_true,shared,0.01565627194941044,0.0007341372563709408,0.1479816419229441,0.2967547787782545,0.004961002235353053,0.002473885203781381,-0.34072492082184086,-0.3425794401667371
CBBT,5,batch,3,256,10,10,dual_base,shared,0.03877389430999756,0.2967547787782545,0.1479816419229441,0.2967547787782545,2.0053486021784948,1.0,0.9999839278706926,1.0
CBBT,5,batch,3,256,10,10,base,temporal,0.01870923489332199,0.002998499485890359,0.002998499485890359,0.006017320924302576,1.0,0.49831137870345404,1.0,0.9999764511363657
CBBT,5,batch,3,256,10,10,tail,temporal,0.04593931511044502,0.002827448761353099,0.002998499485890359,0.006017320924302576,0.9429545593247053,0.4698849865118018,-0.5594436103226197,-0.5641610319974456
CBBT,5,batch,3,256,10,10,body,temporal,0.016902446746826172,0.0030293788240314725,0.002998499485890359,0.006017320924302576,1.0102982636103217,0.5034431206413651,0.9998202814451307,0.9999084740489954
CBBT,5,batch,3,256,10,10,excess,temporal,0.0006056058336980641,7.212429970796184e-07,0.002998499485890359,0.006017320924302576,0.00024053464090071578,0.00011986114853317591,-0.38661548110537447,-0.3897860656284447
CBBT,5,batch,3,256,10,10,gate,temporal,0.0039020029362291098,5.767269004218994e-05,0.002998499485890359,0.006017320924302576,0.019233850235283567,0.009584446428519909,-0.3449732800507824,-0.3476252484171457
CBBT,5,batch,3,256,10,10,amp_true,temporal,0.01565627194941044,1.6950270500622737e-05,0.002998499485890359,0.006017320924302576,0.005652917594411263,0.002816913160168089,-0.39726158502484155,-0.4003991195494453
CBBT,5,batch,3,256,10,10,dual_base,temporal,0.03877389430999756,0.006017320924302576,0.002998499485890359,0.006017320924302576,2.0067773740224015,1.0,0.9999764511363657,1.0000000000000002
CBBT,5,batch,3,256,10,10,base,excess,0.01870923489332199,9.140720368029647e-05,9.140720368029647e-05,0.0008572011649410688,1.0,0.10663448373472587,0.9999999999999998,-0.8404507872992736
CBBT,5,batch,3,256,10,10,tail,excess,0.04593931511044502,0.0004439526795100045,9.140720368029647e-05,0.0008572011649410688,4.8568675294210095,0.5179095615677628,-0.8725111532944504,0.9979703253304482
CBBT,5,batch,3,256,10,10,body,excess,0.016902446746826172,0.0,9.140720368029647e-05,0.0008572011649410688,0.0,0.0,,
CBBT,5,batch,3,256,10,10,excess,excess,0.0006056058336980641,0.00046763473097495713,9.140720368029647e-05,0.0008572011649410688,5.115950517538471,0.5455367422501185,-0.8679032006796575,0.9986012537306069
CBBT,5,batch,3,256,10,10,gate,excess,0.0039020029362291098,0.0,9.140720368029647e-05,0.0008572011649410688,0.0,0.0,,
CBBT,5,batch,3,256,10,10,amp_true,excess,0.01565627194941044,0.011264859737875452,9.140720368029647e-05,0.0008572011649410688,123.23820535277659,13.141442404187462,-0.8675657635695875,0.9956672380881301
CBBT,5,batch,3,256,10,10,dual_base,excess,0.03877389430999756,0.0008572011649410688,9.140720368029647e-05,0.0008572011649410688,9.377829431684553,1.0,-0.8404507872992736,1.0
CBBT,5,batch,3,256,10,10,base,full,0.01870923489332199,0.18592608305026803,0.18592608305026803,0.3751993374974192,1.0,0.49553947587006847,0.9999999999999998,0.9998841662415417
CBBT,5,batch,3,256,10,10,tail,full,0.04593931511044502,0.25259843433184365,0.18592608305026803,0.3751993374974192,1.3585960086275237,0.6732379540344502,-0.6537223653709985,-0.6628004997696283
CBBT,5,batch,3,256,10,10,body,full,0.016902446746826172,0.1895271455226872,0.18592608305026803,0.3751993374974192,1.0193682479259545,0.5051372072958175,0.9996881192594881,0.9998934731192968
CBBT,5,batch,3,256,10,10,excess,full,0.0006056058336980641,0.0004686370794022427,0.18592608305026803,0.3751993374974192,0.0025205558666856836,0.0012490349330786497,-0.017967669058343648,-0.015251905287234071
CBBT,5,batch,3,256,10,10,gate,full,0.0039020029362291098,0.00554079100826218,0.18592608305026803,0.3751993374974192,0.02980104199131727,0.014767592728759263,-0.09353728808137808,-0.08600521250984952
CBBT,5,batch,3,256,10,10,amp_true,full,0.01565627194941044,0.011288756460531835,0.18592608305026803,0.3751993374974192,0.060716367899170676,0.030087357125489288,-0.01806172133570841,-0.015350960012711157
CBBT,5,batch,3,256,10,10,dual_base,full,0.03877389430999756,0.3751993374974192,0.18592608305026803,0.3751993374974192,2.0180026994705105,1.0,0.9998841662415417,0.9999999999999998
CBBT,5,accum4,0,1024,41,41,base,shared,0.019387455191463232,0.16975094614367714,0.16975094614367714,0.33971279206438315,1.0,0.4996895910575706,1.0,0.9999949848737412
CBBT,5,accum4,0,1024,41,41,tail,shared,0.03627700079232454,0.09113335146268713,0.16975094614367714,0.33971279206438315,0.5368650575034315,0.2682658810369888,-0.6309687090856652,-0.6324572979046226
CBBT,5,accum4,0,1024,41,41,body,shared,0.018090365454554558,0.17038013207300332,0.16975094614367714,0.33971279206438315,1.003706523843429,0.5015417024411388,0.9999667927005869,0.9999789367081509
CBBT,5,accum4,0,1024,41,41,excess,shared,0.0004355988930910826,2.0584288352350042e-05,0.16975094614367714,0.33971279206438315,0.0001212617002731019,6.0593209420411995e-05,-0.3088526512657346,-0.30958885668518005
CBBT,5,accum4,0,1024,41,41,gate,shared,0.004024009860586375,0.002104306687740481,0.16975094614367714,0.33971279206438315,0.012396435693262037,0.00619436988213758,-0.3823470580927605,-0.38210395073346043
CBBT,5,accum4,0,1024,41,41,amp_true,shared,0.010942431050352752,0.000526368832847394,0.16975094614367714,0.33971279206438315,0.003100830038389745,0.0015494524938220028,-0.3297426530927935,-0.3304941969939209
CBBT,5,accum4,0,1024,41,41,dual_base,shared,0.040361023508012295,0.33971279206438315,0.16975094614367714,0.33971279206438315,2.001242407078252,1.0,0.9999949848737412,0.9999999999999999
CBBT,5,accum4,0,1024,41,41,base,temporal,0.019387455191463232,0.0034309302463163016,0.0034309302463163016,0.006867998456575067,1.0,0.49955314754500363,1.0,0.9999922544158877
CBBT,5,accum4,0,1024,41,41,tail,temporal,0.03627700079232454,0.002510023983040337,0.0034309302463163016,0.006867998456575067,0.7315870049340942,0.36546659101784884,-0.5662532677547619,-0.5683976954247449
CBBT,5,accum4,0,1024,41,41,body,temporal,0.018090365454554558,0.0034486705270960435,0.0034309302463163016,0.006867998456575067,1.0051706911846399,0.5021361826012737,0.9999304891150027,0.9999554238487192
CBBT,5,accum4,0,1024,41,41,excess,temporal,0.0004355988930910826,4.872002795963298e-07,0.0034309302463163016,0.006867998456575067,0.00014200238553943896,7.093773865512584e-05,-0.35399555484227735,-0.3553944737238194
CBBT,5,accum4,0,1024,41,41,gate,temporal,0.004024009860586375,5.945009082026493e-05,0.0034309302463163016,0.006867998456575067,0.0173276885719536,0.00865610136579901,-0.3760539606148205,-0.3764359313172042
CBBT,5,accum4,0,1024,41,41,amp_true,temporal,0.010942431050352752,1.2290822418401793e-05,0.0034309302463163016,0.006867998456575067,0.0035823585838266813,0.0017895785061854805,-0.3749708329905936,-0.3763729444456692
CBBT,5,accum4,0,1024,41,41,dual_base,temporal,0.040361023508012295,0.006867998456575067,0.0034309302463163016,0.006867998456575067,2.0017890086658143,1.0,0.9999922544158877,0.9999999999999999
CBBT,5,accum4,0,1024,41,41,base,excess,0.019387455191463232,0.00010200610446005017,0.00010200610446005017,0.0005322108636414125,1.0,0.19166482954165848,1.0,-0.8109587856932893
CBBT,5,accum4,0,1024,41,41,tail,excess,0.03627700079232454,0.0003735761941720927,0.00010200610446005017,0.0005322108636414125,3.6622925279770944,0.7019326731064194,-0.8812975511651093,0.9909687024871529
CBBT,5,accum4,0,1024,41,41,body,excess,0.018090365454554558,0.0,0.00010200610446005017,0.0005322108636414125,0.0,0.0,,
CBBT,5,accum4,0,1024,41,41,excess,excess,0.0004355988930910826,0.00030888912130807764,0.00010200610446005017,0.0005322108636414125,3.0281434914422345,0.5803886061149585,-0.8637103017513639,0.9953181967109128
CBBT,5,accum4,0,1024,41,41,gate,excess,0.004024009860586375,0.0,0.00010200610446005017,0.0005322108636414125,0.0,0.0,,
CBBT,5,accum4,0,1024,41,41,amp_true,excess,0.010942431050352752,0.008126900707384904,0.00010200610446005017,0.0005322108636414125,79.67072902551372,15.27007669813475,-0.8724762189106102,0.992578731386618
CBBT,5,accum4,0,1024,41,41,dual_base,excess,0.040361023508012295,0.0005322108636414125,0.00010200610446005017,0.0005322108636414125,5.217441313523039,1.0,-0.8109587856932893,1.0000000000000002
CBBT,5,accum4,0,1024,41,41,base,full,0.019387455191463232,0.2107900732640245,0.2107900732640245,0.4235388049361115,1.0,0.4976877462168337,0.9999999999999999,0.999937356935616
CBBT,5,accum4,0,1024,41,41,tail,full,0.03627700079232454,0.22373243096411013,0.2107900732640245,0.4235388049361115,1.0613992751161234,0.5282454130687244,-0.655841522910304,-0.6614710104688183
CBBT,5,accum4,0,1024,41,41,body,full,0.018090365454554558,0.21310739179155622,0.2107900732640245,0.4235388049361115,1.010993489833979,0.5031590713953643,0.9998709499398509,0.9999450648412791
CBBT,5,accum4,0,1024,41,41,excess,full,0.0004355988930910826,0.00030957422726940464,0.2107900732640245,0.4235388049361115,0.0014686375998439374,0.0007309229370756293,-0.01695509942903159,-0.015263134308454804
CBBT,5,accum4,0,1024,41,41,gate,full,0.004024009860586375,0.00600742199840895,0.2107900732640245,0.4235388049361115,0.02849954888949809,0.01418387625501077,-0.10958770464756681,-0.10199802283634969
CBBT,5,accum4,0,1024,41,41,amp_true,full,0.010942431050352752,0.008143928981510484,0.2107900732640245,0.4235388049361115,0.03863525855560489,0.01922829475504364,-0.017584334676118432,-0.015888561527464512
CBBT,5,accum4,0,1024,41,41,dual_base,full,0.040361023508012295,0.4235388049361115,0.2107900732640245,0.4235388049361115,2.0092919859921925,1.0,0.999937356935616,0.9999999999999999
CBBT,5,batch,4,256,9,9,base,shared,0.018048344179987907,0.1731032753663752,0.1731032753663752,0.34634589331558957,1.0,0.4997988389850603,1.0,0.99999545366238
CBBT,5,batch,4,256,9,9,tail,shared,0.02742224931716919,0.07052610492688441,0.1731032753663752,0.34634589331558957,0.4074221286547874,0.2036291068784846,-0.5076387851376529,-0.5089589524814443
CBBT,5,batch,4,256,9,9,body,shared,0.01706044003367424,0.17347555601974055,0.1731032753663752,0.34634589331558957,1.0021506274365832,0.500873720080954,0.9999728620931945,0.9999813296633788
CBBT,5,batch,4,256,9,9,excess,shared,0.00024950917577371,1.7689500015099847e-05,0.1731032753663752,0.34634589331558957,0.00010219044080858552,5.107466367150257e-05,-0.2841174400815818,-0.2847165959297455
CBBT,5,batch,4,256,9,9,gate,shared,0.003552017267793417,0.0018129940877061597,0.1731032753663752,0.34634589331558957,0.010473482283156893,0.005234634285252413,-0.21609750553993878,-0.21586315581436755
CBBT,5,batch,4,256,9,9,amp_true,shared,0.007063096854835749,0.0004567336320498276,0.1731032753663752,0.34634589331558957,0.002638503697189699,0.0013187210845132006,-0.2766281218719953,-0.27718649321198746
CBBT,5,batch,4,256,9,9,dual_base,shared,0.03738380968570709,0.34634589331558957,0.1731032753663752,0.34634589331558957,2.000804967916085,1.0,0.99999545366238,1.0000000000000002
CBBT,5,batch,4,256,9,9,base,temporal,0.018048344179987907,0.003507560278119593,0.003507560278119593,0.007019435968586777,1.0,0.4996926097504912,1.0000000000000002,0.9999927897275863
CBBT,5,batch,4,256,9,9,tail,temporal,0.02742224931716919,0.0020778374079631285,0.003507560278119593,0.007019435968586777,0.5923882252073681,0.2960120182393315,-0.46903632984847193,-0.4708062246194149
CBBT,5,batch,4,256,9,9,body,temporal,0.01706044003367424,0.0035200371309974895,0.003507560278119593,0.007019435968586777,1.0035571314214407,0.5014700820336964,0.9999440016783144,0.9999607944265895
CBBT,5,batch,4,256,9,9,excess,temporal,0.00024950917577371,4.285248266763352e-07,0.003507560278119593,0.007019435968586777,0.00012217176404622412,6.104832761407896e-05,-0.33878283631849876,-0.3398978283746503
CBBT,5,batch,4,256,9,9,gate,temporal,0.003552017267793417,5.445322845163147e-05,0.003507560278119593,0.007019435968586777,0.01552453105120232,0.007757493436127823,-0.2678304974395051,-0.26814647006751435
CBBT,5,batch,4,256,9,9,amp_true,temporal,0.007063096854835749,1.098498490053524e-05,0.003507560278119593,0.007019435968586777,0.0031318021728836266,0.0015649384009904783,-0.336650000172971,-0.3376858085205175
CBBT,5,batch,4,256,9,9,dual_base,temporal,0.03738380968570709,0.007019435968586777,0.003507560278119593,0.007019435968586777,2.001230317373164,1.0,0.9999927897275863,1.0
CBBT,5,batch,4,256,9,9,base,excess,0.018048344179987907,9.156808206698757e-05,9.156808206698757e-05,0.000464106385192533,1.0,0.19729976787326647,0.9999999999999998,-0.7663185298506917
CBBT,5,batch,4,256,9,9,tail,excess,0.02742224931716919,0.0003181288654203336,9.156808206698757e-05,0.000464106385192533,3.47423314149578,0.6854653923547267,-0.8366259819232937,0.9928457228838596
CBBT,5,batch,4,256,9,9,body,excess,0.01706044003367424,0.0,9.156808206698757e-05,0.000464106385192533,0.0,0.0,,
CBBT,5,batch,4,256,9,9,excess,excess,0.00024950917577371,0.0002686645258427922,9.156808206698757e-05,0.000464106385192533,2.9340412049500824,0.5788856486672503,-0.8320272392515525,0.9939910479002152
CBBT,5,batch,4,256,9,9,gate,excess,0.003552017267793417,0.0,9.156808206698757e-05,0.000464106385192533,0.0,0.0,,
CBBT,5,batch,4,256,9,9,amp_true,excess,0.007063096854835749,0.00714134009318584,9.156808206698757e-05,0.000464106385192533,77.98940342510963,15.387291192348664,-0.8320805113237499,0.990738076393452
CBBT,5,batch,4,256,9,9,dual_base,excess,0.03738380968570709,0.000464106385192533,9.156808206698757e-05,0.000464106385192533,5.068429683314883,1.0,-0.7663185298506917,0.9999999999999999
CBBT,5,batch,4,256,9,9,base,full,0.018048344179987907,0.2102046952661715,0.2102046952661715,0.42192964938471306,1.0,0.49819844510265276,0.9999999999999999,0.9999508784469817
CBBT,5,batch,4,256,9,9,tail,full,0.02742224931716919,0.18370942647251484,0.2102046952661715,0.42192964938471306,0.8739549144698835,0.43540297947871787,-0.5679691506889667,-0.5735999909404869
CBBT,5,batch,4,256,9,9,body,full,0.01706044003367424,0.21195241135252862,0.2102046952661715,0.42192964938471306,1.0083143532267158,0.5023406429522369,0.9998891341059462,0.9999546406500746
CBBT,5,batch,4,256,9,9,excess,full,0.00024950917577371,0.00026924625504752444,0.2102046952661715,0.42192964938471306,0.0012808765032892896,0.000638130682307247,-0.01573352773691156,-0.014263969563838361
CBBT,5,batch,4,256,9,9,gate,full,0.003552017267793417,0.004973837351347677,0.2102046952661715,0.42192964938471306,0.02366187560677253,0.011788309635506464,-0.06640372316953522,-0.06025380486070772
CBBT,5,batch,4,256,9,9,amp_true,full,0.007063096854835749,0.007155930682810515,0.2102046952661715,0.42192964938471306,0.03404267765641165,0.016960009075555102,-0.014901447618863892,-0.013434866097592485
CBBT,5,batch,4,256,9,9,dual_base,full,0.03738380968570709,0.42192964938471306,0.2102046952661715,0.42192964938471306,2.007232278282105,1.0,0.9999508784469817,0.9999999999999999
CBBT,5,batch,5,256,12,12,base,shared,0.017306935042142868,0.14874332255576714,0.14874332255576714,0.2980717217409525,1.0,0.49901856401204225,1.0,0.9999861797707467
CBBT,5,batch,5,256,12,12,tail,shared,0.04796364903450012,0.11752527343662753,0.14874332255576714,0.2980717217409525,0.790121340691208,0.3942852168269962,-0.6440865201018504,-0.6466043223178785
CBBT,5,batch,5,256,12,12,body,shared,0.015536880120635033,0.14988948453447543,0.14874332255576714,0.2980717217409525,1.0077056365221273,0.502863819684113,0.999918616184809,0.9999510024668342
CBBT,5,batch,5,256,12,12,excess,shared,0.0006806814926676452,2.791257816634949e-05,0.14874332255576714,0.2980717217409525,0.00018765600826137557,9.364383177082357e-05,-0.3839850865519745,-0.38544650079905557
CBBT,5,batch,5,256,12,12,gate,shared,0.004660839680582285,0.002608514812800539,0.14874332255576714,0.2980717217409525,0.01753702127920767,0.008751299175798841,-0.40259909555277346,-0.4026301594263317
CBBT,5,batch,5,256,12,12,amp_true,shared,0.01701989769935608,0.0006991209876692792,0.14874332255576714,0.2980717217409525,0.004700184019401364,0.0023454790799540175,-0.36656304068657536,-0.3679762934614805
CBBT,5,batch,5,256,12,12,dual_base,shared,0.0365355983376503,0.2980717217409525,0.14874332255576714,0.2980717217409525,2.0039334648397333,1.0,0.9999861797707467,0.9999999999999999
CBBT,5,batch,5,256,12,12,base,temporal,0.017306935042142868,0.00300901616596178,0.00300901616596178,0.0060301375945742775,1.0,0.49899626978150474,1.0,0.999981368431917
CBBT,5,batch,5,256,12,12,tail,temporal,0.04796364903450012,0.0030979705378374922,0.00300901616596178,0.0060301375945742775,1.0295626101587525,0.5137479019757271,-0.5472163156332811,-0.5506842223338874
CBBT,5,batch,5,256,12,12,body,temporal,0.015536880120635033,0.0030349934280762946,0.00300901616596178,0.0060301375945742775,1.0086331414262149,0.5033041751496821,0.9998463377692283,0.9999050451593857
CBBT,5,batch,5,256,12,12,excess,temporal,0.0006806814926676452,6.467656124423273e-07,0.00300901616596178,0.0060301375945742775,0.0002149425515750261,0.00010725553145325672,-0.385943077614344,-0.3883259289563205
CBBT,5,batch,5,256,12,12,gate,temporal,0.004660839680582285,7.268377743165507e-05,0.00300901616596178,0.0060301375945742775,0.024155329656869076,0.012053419394120224,-0.3624886614186659,-0.36335492950979814
CBBT,5,batch,5,256,12,12,amp_true,temporal,0.01701989769935608,1.616047344362599e-05,0.00300901616596178,0.0060301375945742775,0.005370683489984034,0.002679951027679146,-0.36922701718415885,-0.3715742785586892
CBBT,5,batch,5,256,12,12,dual_base,temporal,0.0365355983376503,0.0060301375945742775,0.00300901616596178,0.0060301375945742775,2.004022996881058,1.0,0.999981368431917,1.0
CBBT,5,batch,5,256,12,12,base,excess,0.017306935042142868,8.800915323844924e-05,8.800915323844924e-05,0.0007066420491121859,1.0,0.12454559327317496,1.0,-0.8288182925206861
CBBT,5,batch,5,256,12,12,tail,excess,0.04796364903450012,0.0004493065122465727,8.800915323844924e-05,0.0007066420491121859,5.10522480575669,0.6358332522258963,-0.8701675418622273,0.9965913636202273
CBBT,5,batch,5,256,12,12,body,excess,0.015536880120635033,0.0,8.800915323844924e-05,0.0007066420491121859,0.0,0.0,,
CBBT,5,batch,5,256,12,12,excess,excess,0.0006806814926676452,0.00039068868030384807,8.800915323844924e-05,0.0007066420491121859,4.439182356922903,0.5528806002907741,-0.8625638699023545,0.9979931564208205
CBBT,5,batch,5,256,12,12,gate,excess,0.004660839680582285,0.0,8.800915323844924e-05,0.0007066420491121859,0.0,0.0,,
CBBT,5,batch,5,256,12,12,amp_true,excess,0.01701989769935608,0.009597633615531372,8.800915323844924e-05,0.0007066420491121859,109.05267534534555,13.582030148913002,-0.8327918890058955,0.9878969711813945
CBBT,5,batch,5,256,12,12,dual_base,excess,0.0365355983376503,0.0007066420491121859,8.800915323844924e-05,0.0007066420491121859,8.029188136802455,1.0,-0.8288182925206861,0.9999999999999998
CBBT,5,batch,5,256,12,12,base,full,0.017306935042142868,0.18499690741182084,0.18499690741182084,0.37278330986564434,1.0,0.4962585569576492,1.0,0.9998756458077003
CBBT,5,batch,5,256,12,12,tail,full,0.04796364903450012,0.27369380189587156,0.18499690741182084,0.37278330986564434,1.479450687716649,0.7341900633762658,-0.6650109726699507,-0.6729724608862003
CBBT,5,batch,5,256,12,12,body,full,0.015536880120635033,0.18825883014352537,0.18499690741182084,0.37278330986564434,1.0176323095198732,0.505008741435812,0.999742483454845,0.9998851793799285
CBBT,5,batch,5,256,12,12,excess,full,0.0006806814926676452,0.00039168451199588547,0.18499690741182084,0.37278330986564434,0.002117248971756907,0.0010507029194441494,-0.022410737481906983,-0.020076045882646425
CBBT,5,batch,5,256,12,12,gate,full,0.004660839680582285,0.00752360086772703,0.18499690741182084,0.37278330986564434,0.040668792646240154,0.020182236351832993,-0.11395498585761289,-0.10359315030129379
CBBT,5,batch,5,256,12,12,amp_true,full,0.01701989769935608,0.009623062982926874,0.18499690741182084,0.37278330986564434,0.05201742622380715,0.025814092874477515,-0.021807310380771366,-0.01950814585089635
CBBT,5,batch,5,256,12,12,dual_base,full,0.0365355983376503,0.37278330986564434,0.18499690741182084,0.37278330986564434,2.015078603642779,1.0,0.9998756458077003,0.9999999999999998
CBBT,5,batch,6,256,9,9,base,shared,0.018033597618341446,0.17174875176139165,0.17174875176139165,0.3435153018450077,1.0,0.4999740938436675,1.0000000000000002,0.9999961732043686
CBBT,5,batch,6,256,9,9,tail,shared,0.024528563022613525,0.06616945931384463,0.17174875176139165,0.3435153018450077,0.38526893869815726,0.19262448851172265,-0.5066853050428202,-0.5076289420112011
CBBT,5,batch,6,256,9,9,body,shared,0.01718251407146454,0.1719880669156595,0.17174875176139165,0.3435153018450077,1.0013934025826303,0.5006707590372774,0.9999784752656307,0.9999835462896148
CBBT,5,batch,6,256,9,9,excess,shared,0.00019980692013632506,1.606378084934962e-05,0.17174875176139165,0.3435153018450077,9.353069926043378e-05,4.6762926609299954e-05,-0.2661518605016385,-0.2664388932541091
CBBT,5,batch,6,256,9,9,gate,shared,0.0034998233895748854,0.0018091712372793798,0.17174875176139165,0.3435153018450077,0.010533824663790502,0.0052666394409867315,-0.18488998330269008,-0.18432613478592577
CBBT,5,batch,6,256,9,9,amp_true,shared,0.005757189821451902,0.00045659907688604947,0.17174875176139165,0.3435153018450077,0.0026585292306543036,0.0013291957430532878,-0.27237429287799886,-0.2726609574742519
CBBT,5,batch,6,256,9,9,dual_base,shared,0.037365637719631195,0.3435153018450077,0.17174875176139165,0.3435153018450077,2.0001036299946398,1.0,0.9999961732043686,0.9999999999999999
CBBT,5,batch,6,256,9,9,base,temporal,0.018033597618341446,0.0034526387247229263,0.0034526387247229263,0.006907437287992919,1.0,0.4998436584758561,1.0,0.9999939566968622
CBBT,5,batch,6,256,9,9,tail,temporal,0.024528563022613525,0.0019943714734449148,0.0034526387247229263,0.006907437287992919,0.5776368836866831,0.2887281332125442,-0.49077965213192787,-0.4919675724636359
CBBT,5,batch,6,256,9,9,body,temporal,0.01718251407146454,0.003463307383281695,0.0034526387247229263,0.006907437287992919,1.0030900014190234,0.5013881760898363,0.9999538484559958,0.9999637834334445
CBBT,5,batch,6,256,9,9,excess,temporal,0.00019980692013632506,3.9545848258427673e-07,0.0034526387247229263,0.006907437287992919,0.00011453804296191233,5.725111442874704e-05,-0.342384665826124,-0.3430148794277484
CBBT,5,batch,6,256,9,9,gate,temporal,0.0034998233895748854,5.4873048937564106e-05,0.0034526387247229263,0.006907437287992919,0.015893075792911885,0.007944053148763144,-0.27107928012892013,-0.2708651190139094
CBBT,5,batch,6,256,9,9,amp_true,temporal,0.005757189821451902,1.1225115011940908e-05,0.0034526387247229263,0.006907437287992919,0.0032511698752500442,0.0016250766447714747,-0.3424556204867518,-0.34308619932410256
CBBT,5,batch,6,256,9,9,dual_base,temporal,0.037365637719631195,0.006907437287992919,0.0034526387247229263,0.006907437287992919,2.0006255616991147,1.0,0.9999939566968622,1.0000000000000002
CBBT,5,batch,6,256,9,9,base,excess,0.018033597618341446,0.00010763673987341656,0.00010763673987341656,0.0003800068376745787,1.0,0.2832494818569343,1.0,-0.7764065391470386
CBBT,5,batch,6,256,9,9,tail,excess,0.024528563022613525,0.0003274185615814645,0.00010763673987341656,0.0003800068376745787,3.0418847873552908,0.861612289886877,-0.8650308618414891,0.9874959395562277
CBBT,5,batch,6,256,9,9,body,excess,0.01718251407146454,0.0,0.00010763673987341656,0.0003800068376745787,0.0,0.0,,
CBBT,5,batch,6,256,9,9,excess,excess,0.00019980692013632506,0.00023413543773303816,0.00010763673987341656,0.0003800068376745787,2.175237172812807,0.6161348021151702,-0.8595389937934947,0.98944229205396
CBBT,5,batch,6,256,9,9,gate,excess,0.0034998233895748854,0.0,0.00010763673987341656,0.0003800068376745787,0.0,0.0,,
CBBT,5,batch,6,256,9,9,amp_true,excess,0.005757189821451902,0.006363870439815523,0.00010763673987341656,0.0003800068376745787,59.123589652562785,16.746726134610412,-0.8494932359321239,0.9882612140801879
CBBT,5,batch,6,256,9,9,dual_base,excess,0.037365637719631195,0.0003800068376745787,0.00010763673987341656,0.0003800068376745787,3.530456590579351,1.0,-0.7764065391470386,0.9999999999999998
CBBT,5,batch,6,256,9,9,base,full,0.018033597618341446,0.2148336122961021,0.2148336122961021,0.4310369567908201,1.0,0.4984111197693883,1.0,0.9999608725513496
CBBT,5,batch,6,256,9,9,tail,full,0.024528563022613525,0.1749627832042519,0.2148336122961021,0.4310369567908201,0.8144106563878989,0.40591132720241524,-0.6059535267903519,-0.6104113005617109
CBBT,5,batch,6,256,9,9,body,full,0.01718251407146454,0.21639498158865955,0.2148336122961021,0.4310369567908201,1.007267807285228,0.5020334757366869,0.9999201662412845,0.9999649344286203
CBBT,5,batch,6,256,9,9,excess,full,0.00019980692013632506,0.00023468585014358513,0.2148336122961021,0.4310369567908201,0.0010924075038133277,0.0005444680472200831,-0.014993674967769393,-0.013663907122120764
CBBT,5,batch,6,256,9,9,gate,full,0.0034998233895748854,0.004750786515244542,0.2148336122961021,0.4310369567908201,0.022113795250515086,0.011021761453160205,-0.05795824898162022,-0.052063143820085825
CBBT,5,batch,6,256,9,9,amp_true,full,0.005757189821451902,0.006380229595537375,0.2148336122961021,0.4310369567908201,0.029698470026857788,0.014802047701523807,-0.016007708888158587,-0.01468179083974197
CBBT,5,batch,6,256,9,9,dual_base,full,0.037365637719631195,0.4310369567908201,0.2148336122961021,0.4310369567908201,2.0063757816292176,1.0,0.9999608725513496,1.0000000000000002
CBBT,5,batch,7,256,12,12,base,shared,0.016856854781508446,0.15009716075419224,0.15009716075419224,0.3002932000099839,1.0,0.49983536340217477,1.0000000000000002,0.9999930234579909
CBBT,5,batch,7,256,12,12,tail,shared,0.03130758926272392,0.09499007415483156,0.15009716075419224,0.3002932000099839,0.6328572351238061,0.31632442609980316,-0.6117038433859223,-0.6126221963104956
CBBT,5,batch,7,256,12,12,body,shared,0.01587442122399807,0.15072415502249537,0.15009716075419224,0.3002932000099839,1.0041772560197186,0.5019233036828147,0.9999627140170362,0.9999682113095726
CBBT,5,batch,7,256,12,12,excess,shared,0.00021418013784568757,1.662343618186998e-05,0.15009716075419224,0.3002932000099839,0.0001107511700977041,5.5357351353001996e-05,-0.3825083061762972,-0.38281059921563504
CBBT,5,batch,7,256,12,12,gate,shared,0.00466057239100337,0.00257843760782353,0.15009716075419224,0.3002932000099839,0.01717845690663082,0.008586400250614414,-0.3689770880296832,-0.3677097531474279
CBBT,5,batch,7,256,12,12,amp_true,shared,0.005810848902910948,0.00044716132599215814,0.15009716075419224,0.3002932000099839,0.0029791457995961383,0.0014890824233691983,-0.37163365616113947,-0.37190046594858495
CBBT,5,batch,7,256,12,12,dual_base,shared,0.035489924252033234,0.3002932000099839,0.15009716075419224,0.3002932000099839,2.0006587633043993,1.0,0.9999930234579909,0.9999999999999997
CBBT,5,batch,7,256,12,12,base,temporal,0.016856854781508446,0.0030354079509472068,0.0030354079509472068,0.006073272705601354,1.0,0.49979773642432734,1.0,0.9999898202903782
CBBT,5,batch,7,256,12,12,tail,temporal,0.03130758926272392,0.002665326809924698,0.0030354079509472068,0.006073272705601354,0.8780786151307853,0.4388617042449746,-0.56040924099682,-0.5614009956593757
CBBT,5,batch,7,256,12,12,body,temporal,0.01587442122399807,0.0030531645507193097,0.0030354079509472068,0.006073272705601354,1.0058498231733768,0.5027214648048636,0.9999296446404526,0.999937724353169
CBBT,5,batch,7,256,12,12,excess,temporal,0.00021418013784568757,3.936303875159867e-07,0.0030354079509472068,0.006073272705601354,0.0001296795665943859,6.481355384436188e-05,-0.4276139005538105,-0.4281709417732712
CBBT,5,batch,7,256,12,12,gate,temporal,0.00466057239100337,7.429636087409018e-05,0.0030354079509472068,0.006073272705601354,0.024476565283722676,0.012233331924246867,-0.3756223120947812,-0.37440319664408533
CBBT,5,batch,7,256,12,12,amp_true,temporal,0.005810848902910948,1.0633259624437893e-05,0.0030354079509472068,0.006073272705601354,0.0035030743136584843,0.0017508286124927146,-0.41276964426201,-0.4132788019243604
CBBT,5,batch,7,256,12,12,dual_base,temporal,0.035489924252033234,0.006073272705601354,0.0030354079509472068,0.006073272705601354,2.000809381719572,1.0,0.9999898202903782,1.0000000000000004
CBBT,5,batch,7,256,12,12,base,excess,0.016856854781508446,9.291605155043695e-05,9.291605155043695e-05,0.00039817462151150464,1.0,0.23335503201514887,1.0,-0.8246315951410552
CBBT,5,batch,7,256,12,12,tail,excess,0.03130758926272392,0.0003731128132495291,9.291605155043695e-05,0.00039817462151150464,4.0155904929622945,0.9370582480449438,-0.8811012571766188,0.9937987602107826
CBBT,5,batch,7,256,12,12,body,excess,0.01587442122399807,0.0,9.291605155043695e-05,0.00039817462151150464,0.0,0.0,,
CBBT,5,batch,7,256,12,12,excess,excess,0.00021418013784568757,0.0002389541286353727,9.291605155043695e-05,0.00039817462151150464,2.5717206515783007,0.6001239549830739,-0.8819044381431396,0.9939156126679602
CBBT,5,batch,7,256,12,12,gate,excess,0.00466057239100337,0.0,9.291605155043695e-05,0.00039817462151150464,0.0,0.0,,
CBBT,5,batch,7,256,12,12,amp_true,excess,0.005810848902910948,0.006514432953823358,9.291605155043695e-05,0.00039817462151150464,70.11095332959962,16.360743758841327,-0.8806509613971067,0.9922160010166684
CBBT,5,batch,7,256,12,12,dual_base,excess,0.035489924252033234,0.00039817462151150464,9.291605155043695e-05,0.00039817462151150464,4.285315775556459,1.0,-0.8246315951410552,1.0
CBBT,5,batch,7,256,12,12,base,full,0.016856854781508446,0.18746267532337652,0.18746267532337652,0.3765977721401809,1.0,0.4977795653384729,1.0000000000000002,0.9999115530725406
CBBT,5,batch,7,256,12,12,tail,full,0.03130758926272392,0.23239506229061954,0.18746267532337652,0.3765977721401809,1.2396871104593692,0.6170909110001723,-0.6551480738334113,-0.6604592246373844
CBBT,5,batch,7,256,12,12,body,full,0.01587442122399807,0.18960310373941808,0.18746267532337652,0.3765977721401809,1.011417891120722,0.5034631582176279,0.9998754872823487,0.9999207621432105
CBBT,5,batch,7,256,12,12,excess,full,0.00021418013784568757,0.00023953165599223614,0.18746267532337652,0.3765977721401809,0.0012777565218198218,0.00063604108603987,-0.02169083336277013,-0.02013575161072601
CBBT,5,batch,7,256,12,12,gate,full,0.00466057239100337,0.007561309301696885,0.18746267532337652,0.3765977721401809,0.040335012229253044,0.02007794485539957,-0.10250876514428378,-0.09199104716852796
CBBT,5,batch,7,256,12,12,amp_true,full,0.005810848902910948,0.00652976186099637,0.18746267532337652,0.3765977721401809,0.03483233048782864,0.017338822329957378,-0.020812440356379927,-0.019261127879828772
CBBT,5,batch,7,256,12,12,dual_base,full,0.035489924252033234,0.3765977721401809,0.18746267532337652,0.3765977721401809,2.008921357227741,1.0,0.9999115530725406,1.0000000000000002
CBBT,5,accum4,1,1024,42,42,base,shared,0.017561432905495167,0.16085233943138502,0.16085233943138502,0.32191568575213914,1.0,0.499672263734406,0.9999999999999999,0.9999950104024735
CBBT,5,accum4,1,1024,42,42,tail,shared,0.03280551265925169,0.08649030996896792,0.16085233943138502,0.32191568575213914,0.5377000438707464,0.26867379813098524,-0.5872018448617415,-0.5885764065998929
CBBT,5,accum4,1,1024,42,42,body,shared,0.01641356386244297,0.16144899060921541,0.16085233943138502,0.32191568575213914,1.0037093099170304,0.5015257030175411,0.9999662809309857,0.9999765815445939
CBBT,5,accum4,1,1024,42,42,excess,shared,0.00033604443160584196,1.940645765455908e-05,0.16085233943138502,0.32191568575213914,0.0001206476556272737,6.02842872015289e-05,-0.3401963221446405,-0.3408088246848278
CBBT,5,accum4,1,1024,42,42,gate,shared,0.004093313182238489,0.002176547638674492,0.16085233943138502,0.32191568575213914,0.013531339652059859,0.006761235115303879,-0.31334787974263584,-0.3128300267002445
CBBT,5,accum4,1,1024,42,42,amp_true,shared,0.00891275831963867,0.0005090845486342251,0.16085233943138502,0.32191568575213914,0.003164918523621386,0.0015814220032328518,-0.3306966770611508,-0.3312864343489271
CBBT,5,accum4,1,1024,42,42,dual_base,shared,0.036693742498755455,0.32191568575213914,0.16085233943138502,0.32191568575213914,2.001311804914464,1.0,0.9999950104024735,0.9999999999999999
CBBT,5,accum4,1,1024,42,42,base,temporal,0.017561432905495167,0.0032490012371777155,0.0032490012371777155,0.006503306212017957,1.0,0.49959222759242633,0.9999999999999999,0.9999926640857231
CBBT,5,accum4,1,1024,42,42,tail,temporal,0.03280551265925169,0.0024517330875874228,0.0032490012371777155,0.006503306212017957,0.7546113124035467,0.37699794653013224,-0.5242189250300479,-0.5260221687904277
CBBT,5,accum4,1,1024,42,42,body,temporal,0.01641356386244297,0.0032657369386323654,0.0032490012371777155,0.006503306212017957,1.0051510295727641,0.502165641931078,0.9999282617326843,0.9999481623401817
CBBT,5,accum4,1,1024,42,42,excess,temporal,0.00033604443160584196,4.6342816177221576e-07,0.0032490012371777155,0.006503306212017957,0.00014263711459056825,7.126039381565816e-05,-0.3775650435310167,-0.3786902740808215
CBBT,5,accum4,1,1024,42,42,gate,temporal,0.004093313182238489,6.382171489322532e-05,0.0032490012371777155,0.006503306212017957,0.019643487408661262,0.00981373363217686,-0.3274392433851611,-0.3273799389039497
CBBT,5,accum4,1,1024,42,42,amp_true,temporal,0.00891275831963867,1.216090277217162e-05,0.0032490012371777155,0.006503306212017957,0.00374296649475435,0.0018699569689181413,-0.368004403596848,-0.3690973128621647
CBBT,5,accum4,1,1024,42,42,dual_base,temporal,0.036693742498755455,0.006503306212017957,0.0032490012371777155,0.006503306212017957,2.0016324209427308,1.0,0.9999926640857231,1.0000000000000002
CBBT,5,accum4,1,1024,42,42,base,excess,0.017561432905495167,9.498743936611752e-05,9.498743936611752e-05,0.00048628728414075255,1.0,0.19533194155787148,1.0,-0.8064672321203478
CBBT,5,accum4,1,1024,42,42,tail,excess,0.03280551265925169,0.0003668043346215912,9.498743936611752e-05,0.00048628728414075255,3.861608830276902,0.7542955503550083,-0.8656346362380635,0.994017075761809
CBBT,5,accum4,1,1024,42,42,body,excess,0.01641356386244297,0.0,9.498743936611752e-05,0.00048628728414075255,0.0,0.0,,
CBBT,5,accum4,1,1024,42,42,excess,excess,0.00033604443160584196,0.00028285056676499953,9.498743936611752e-05,0.00048628728414075255,2.977768099156631,0.5816532243173571,-0.8612419703562665,0.9950478999909997
CBBT,5,accum4,1,1024,42,42,gate,excess,0.004093313182238489,0.0,9.498743936611752e-05,0.00048628728414075255,0.0,0.0,,
CBBT,5,accum4,1,1024,42,42,amp_true,excess,0.00891275831963867,0.007359238578244068,9.498743936611752e-05,0.00048628728414075255,77.4759128928487,15.133520489328662,-0.8533551237473064,0.9946361108484205
CBBT,5,accum4,1,1024,42,42,dual_base,excess,0.036693742498755455,0.00048628728414075255,9.498743936611752e-05,0.00048628728414075255,5.119490401951119,1.0,-0.8064672321203478,1.0000000000000002
CBBT,5,accum4,1,1024,42,42,base,full,0.017561432905495167,0.19924984643383015,0.19924984643383015,0.4003372060025817,1.0,0.4977050432643156,1.0,0.9999328792697256
CBBT,5,accum4,1,1024,42,42,tail,full,0.03280551265925169,0.21565050830689908,0.19924984643383015,0.4003372060025817,1.0823120427272976,0.5386721620510795,-0.6308438804594079,-0.6366147576225272
CBBT,5,accum4,1,1024,42,42,body,full,0.01641356386244297,0.20142779592455498,0.19924984643383015,0.4003372060025817,1.0109307461446306,0.5031453307471402,0.9998705940932378,0.9999405275554996
CBBT,5,accum4,1,1024,42,42,excess,full,0.00033604443160584196,0.00028351552641430356,0.19924984643383015,0.4003372060025817,0.0014229146545839753,0.0007081917997211461,-0.019208339026440275,-0.01755258380753155
CBBT,5,accum4,1,1024,42,42,gate,full,0.004093313182238489,0.006163479385831133,0.19924984643383015,0.4003372060025817,0.030933421009576502,0.015395719641884562,-0.09102655955247926,-0.0829400285566987
CBBT,5,accum4,1,1024,42,42,amp_true,full,0.00891275831963867,0.007376825843760572,0.19924984643383015,0.4003372060025817,0.03702299387322428,0.01842653076744758,-0.018829662699472772,-0.017178710679117526
CBBT,5,accum4,1,1024,42,42,dual_base,full,0.036693742498755455,0.4003372060025817,0.19924984643383015,0.4003372060025817,2.009222155840063,1.0,0.9999328792697256,1.0000000000000002
CBBT,5,batch,8,256,18,18,base,shared,0.019188757985830307,0.14767005220684107,0.14767005220684107,0.2962063833497585,1.0,0.4985377105545806,1.0,0.999975030993574
CBBT,5,batch,8,256,18,18,tail,shared,0.06880133599042892,0.18712084259843995,0.14767005220684107,0.2962063833497585,1.2671549837088176,0.6317245444960209,-0.6968530893720255,-0.6998244754019767
CBBT,5,batch,8,256,18,18,body,shared,0.016788918524980545,0.14972240562397357,0.14767005220684107,0.2962063833497585,1.013898237228614,0.5054665059232784,0.9998484914449963,0.999901063785244
CBBT,5,batch,8,256,18,18,excess,shared,0.0008454063790850341,3.514202146723399e-05,0.14767005220684107,0.2962063833497585,0.00023797663061709122,0.00011864032459333778,-0.4543184529012218,-0.45605540997601374
CBBT,5,batch,8,256,18,18,gate,shared,0.0069255223497748375,0.004457707877270844,0.14767005220684107,0.2962063833497585,0.030186945901711632,0.015049330898474298,-0.5219313089074684,-0.5212804542152477
CBBT,5,batch,8,256,18,18,amp_true,shared,0.02128864824771881,0.0008923815880424125,0.14767005220684107,0.2962063833497585,0.006043077622756278,0.0030127020827525326,-0.4580731400069616,-0.45984248698694724
CBBT,5,batch,8,256,18,18,dual_base,shared,0.04113125056028366,0.2962063833497585,0.14767005220684107,0.2962063833497585,2.0058663142805893,1.0,0.999975030993574,1.0000000000000004
CBBT,5,batch,8,256,18,18,base,temporal,0.019188757985830307,0.002983044770349397,0.002983044770349397,0.00598498879903139,1.0,0.4984211116371968,0.9999999999999998,0.9999643711552115
CBBT,5,batch,8,256,18,18,tail,temporal,0.06880133599042892,0.004732790263334259,0.002983044770349397,0.00598498879903139,1.5865636045348117,0.7907767954553587,-0.6045775237868696,-0.6089181176018
CBBT,5,batch,8,256,18,18,body,temporal,0.016788918524980545,0.003029167072979161,0.002983044770349397,0.00598498879903139,1.0154614852208075,0.5061274422885138,0.9997127835171414,0.9998134350944371
CBBT,5,batch,8,256,18,18,excess,temporal,0.0008454063790850341,8.168657503767749e-07,0.002983044770349397,0.00598498879903139,0.00027383623554570296,0.00013648576092723454,-0.4554567016707716,-0.4584250673257293
CBBT,5,batch,8,256,18,18,gate,temporal,0.0069255223497748375,0.00011526309896328491,0.002983044770349397,0.00598498879903139,0.038639413028247784,0.01925869919454805,-0.4521497825763745,-0.45228355401987425
CBBT,5,batch,8,256,18,18,amp_true,temporal,0.02128864824771881,2.0677771006934084e-05,0.002983044770349397,0.00598498879903139,0.006931766902215197,0.0034549389650120267,-0.47314119859090964,-0.4761181714871925
CBBT,5,batch,8,256,18,18,dual_base,temporal,0.04113125056028366,0.00598498879903139,0.002983044770349397,0.00598498879903139,2.006335559734285,1.0,0.9999643711552115,1.0000000000000002
CBBT,5,batch,8,256,18,18,base,excess,0.019188757985830307,7.764935668529697e-05,7.764935668529697e-05,0.000928773383115643,1.0,0.08360420108597011,1.0,-0.8383470223398143
CBBT,5,batch,8,256,18,18,tail,excess,0.06880133599042892,0.0005917341701434427,7.764935668529697e-05,0.000928773383115643,7.620593336550959,0.6371136177034102,-0.8697502155846114,0.9979365303622351
CBBT,5,batch,8,256,18,18,body,excess,0.016788918524980545,0.0,7.764935668529697e-05,0.000928773383115643,0.0,0.0,,
CBBT,5,batch,8,256,18,18,excess,excess,0.0008454063790850341,0.0004970588795067992,7.764935668529697e-05,0.000928773383115643,6.401326433666617,0.5351777823771998,-0.8606772746360427,0.9990986847503969
CBBT,5,batch,8,256,18,18,gate,excess,0.0069255223497748375,0.0,7.764935668529697e-05,0.000928773383115643,0.0,0.0,,
CBBT,5,batch,8,256,18,18,amp_true,excess,0.02128864824771881,0.013199982693298256,7.764935668529697e-05,0.000928773383115643,169.99474634150695,14.212274956693829,-0.8654735058138369,0.9964928412329448
CBBT,5,batch,8,256,18,18,dual_base,excess,0.04113125056028366,0.000928773383115643,7.764935668529697e-05,0.000928773383115643,11.961121415079383,1.0,-0.8383470223398143,0.9999999999999999
CBBT,5,batch,8,256,18,18,base,full,0.019188757985830307,0.18094531155710894,0.18094531155710894,0.365829285802781,1.0,0.4946168023700999,1.0,0.9996948056879391
CBBT,5,batch,8,256,18,18,tail,full,0.06880133599042892,0.4134150143572387,0.18094531155710894,0.365829285802781,2.284751181446108,1.1300763235781819,-0.6795686076677849,-0.6905480164850608
CBBT,5,batch,8,256,18,18,body,full,0.016788918524980545,0.185809699586494,0.18094531155710894,0.365829285802781,1.0268831946377885,0.507913682139336,0.9995096528096669,0.9997190114017853
CBBT,5,batch,8,256,18,18,excess,full,0.0008454063790850341,0.0004982996000092296,0.18094531155710894,0.365829285802781,0.002753868534758686,0.0013621096488099739,-0.026516616598604766,-0.02351151315202444
CBBT,5,batch,8,256,18,18,gate,full,0.0069255223497748375,0.013351419473892233,0.18094531155710894,0.365829285802781,0.07378704294130513,0.0364963112359736,-0.14384627845476627,-0.12550659120398697
CBBT,5,batch,8,256,18,18,amp_true,full,0.02128864824771881,0.013230112924765629,0.18094531155710894,0.365829285802781,0.07311663845233157,0.03616471791134294,-0.02558602060298818,-0.02258962951124171
CBBT,5,batch,8,256,18,18,dual_base,full,0.04113125056028366,0.365829285802781,0.18094531155710894,0.365829285802781,2.02176714419771,1.0,0.9996948056879391,1.0
CBBT,5,batch,9,256,19,19,base,shared,0.020287347957491875,0.16220431408422517,0.16220431408422517,0.32490090865743165,1.0,0.4992424144164208,1.0,0.9999794102577743
CBBT,5,batch,9,256,19,19,tail,shared,0.06106071174144745,0.16134829463635422,0.16220431408422517,0.32490090865743165,0.9947225851993896,0.4966077051094871,-0.5950128739264716,-0.5976710734907047
CBBT,5,batch,9,256,19,19,body,shared,0.018154792487621307,0.16365653498053653,0.16220431408422517,0.32490090865743165,1.0089530349701876,0.5037121492112919,0.9998708546254963,0.9999074883938325
CBBT,5,batch,9,256,19,19,excess,shared,0.000610971066635102,3.764978795524978e-05,0.16220431408422517,0.32490090865743165,0.0002321133575750642,0.00011588083305407706,-0.3336632659239215,-0.3348444496551017
CBBT,5,batch,9,256,19,19,gate,shared,0.007144229952245951,0.004579048295416054,0.16220431408422517,0.32490090865743165,0.02823012643818072,0.014093676482278175,-0.3970043429102629,-0.3958380786076005
CBBT,5,batch,9,256,19,19,amp_true,shared,0.01753617823123932,0.0010480661747091415,0.16220431408422517,0.32490090865743165,0.006461395189310004,0.003225802534809773,-0.3431105736111665,-0.3442357638560997
CBBT,5,batch,9,256,19,19,dual_base,shared,0.04323619604110718,0.32490090865743165,0.16220431408422517,0.32490090865743165,2.0030349407890946,1.0,0.9999794102577743,0.9999999999999999
CBBT,5,batch,9,256,19,19,base,temporal,0.020287347957491875,0.0032551976780285517,0.0032551976780285517,0.0065225795308878,1.0,0.49906600028616,1.0,0.9999697473253925
CBBT,5,batch,9,256,19,19,tail,temporal,0.06106071174144745,0.004491356094086105,0.0032551976780285517,0.0065225795308878,1.3797491084492937,0.6885858689521842,-0.5207547407996589,-0.5244507407354185
CBBT,5,batch,9,256,19,19,body,temporal,0.018154792487621307,0.003293374561300608,0.0032551976780285517,0.0065225795308878,1.0117279769304754,0.5049190348243007,0.9997261390553085,0.9998022610521358
CBBT,5,batch,9,256,19,19,excess,temporal,0.000610971066635102,9.05111040243707e-07,0.0032551976780285517,0.0065225795308878,0.00027805102170995347,0.0001387658112802667,-0.36820666467828683,-0.3705238874358502
CBBT,5,batch,9,256,19,19,gate,temporal,0.007144229952245951,0.00012997703615487446,0.0032551976780285517,0.0065225795308878,0.03992907620700705,0.019927244357752286,-0.37400184185157775,-0.3736820051197098
CBBT,5,batch,9,256,19,19,amp_true,temporal,0.01753617823123932,2.5172577542131197e-05,0.0032551976780285517,0.0065225795308878,0.007733041133580707,0.003859297908584476,-0.3752683005733805,-0.37752183691577723
CBBT,5,batch,9,256,19,19,dual_base,temporal,0.04323619604110718,0.0065225795308878,0.0032551976780285517,0.0065225795308878,2.0037429907599575,1.0,0.9999697473253925,0.9999999999999999
CBBT,5,batch,9,256,19,19,base,excess,0.020287347957491875,8.144599855308769e-05,8.144599855308769e-05,0.0010317668489132166,1.0,0.07893837511728218,1.0,-0.7751968770618579
CBBT,5,batch,9,256,19,19,tail,excess,0.06106071174144745,0.0006729000445833535,8.144599855308769e-05,0.0010317668489132166,8.261916564811315,0.6521822689807629,-0.811744665047333,0.9980438243544032
CBBT,5,batch,9,256,19,19,body,excess,0.018154792487621307,0.0,8.144599855308769e-05,0.0010317668489132166,0.0,0.0,,
CBBT,5,batch,9,256,19,19,excess,excess,0.000610971066635102,0.0005489458752378267,8.144599855308769e-05,0.0010317668489132166,6.7399980967759365,0.5320444980530668,-0.8041694484027893,0.9988809010127124
CBBT,5,batch,9,256,19,19,gate,excess,0.007144229952245951,0.0,8.144599855308769e-05,0.0010317668489132166,0.0,0.0,,
CBBT,5,batch,9,256,19,19,amp_true,excess,0.01753617823123932,0.014984265469187567,8.144599855308769e-05,0.0010317668489132166,183.97792077434724,14.522918123383043,-0.7993143178058906,0.9973553764191457
CBBT,5,batch,9,256,19,19,dual_base,excess,0.04323619604110718,0.0010317668489132166,8.144599855308769e-05,0.0010317668489132166,12.6681097566837,1.0,-0.7751968770618579,1.0000000000000002
CBBT,5,batch,9,256,19,19,base,full,0.020287347957491875,0.19783116430926287,0.19783116430926287,0.3993788336942706,1.0,0.49534714316058387,1.0,0.9997118506881092
CBBT,5,batch,9,256,19,19,tail,full,0.06106071174144745,0.398031258743728,0.19783116430926287,0.3993788336942706,2.0119745042873984,0.9966258228106947,-0.6119177932406769,-0.6238899226580941
CBBT,5,batch,9,256,19,19,body,full,0.018154792487621307,0.20229986569054717,0.19783116430926287,0.3993788336942706,1.0225884601998223,0.5065362723889625,0.9994863912435449,0.9997255638314074
CBBT,5,batch,9,256,19,19,excess,full,0.000610971066635102,0.000550235477294675,0.19783116430926287,0.3993788336942706,0.0027813387198920296,0.0013777281890604324,-0.019049614782014824,-0.01606452410720237
CBBT,5,batch,9,256,19,19,gate,full,0.007144229952245951,0.01371791368632494,0.19783116430926287,0.3993788336942706,0.06934152025148162,0.03434812395898319,-0.11021844043802724,-0.09299238058765814
CBBT,5,batch,9,256,19,19,amp_true,full,0.01753617823123932,0.015020873954522632,0.19783116430926287,0.3993788336942706,0.07592774377570259,0.037610590965923084,-0.01995714128073118,-0.01696926953950832
CBBT,5,batch,9,256,19,19,dual_base,full,0.04323619604110718,0.3993788336942706,0.19783116430926287,0.3993788336942706,2.018786246791405,1.0,0.9997118506881092,1.0
CBBT,5,batch,10,256,9,9,base,shared,0.018248528242111206,0.16959298921375152,0.16959298921375152,0.3391667136353482,1.0,0.5000284001810619,1.0,0.9999964571404983
CBBT,5,batch,10,256,9,9,tail,shared,0.023777790367603302,0.06398854594861567,0.16959298921375152,0.3391667136353482,0.3773065516757053,0.18866399141223605,-0.5779435199083409,-0.5785301876511478
CBBT,5,batch,10,256,9,9,body,shared,0.01743173971772194,0.16984480690028073,0.16959298921375152,0.3391667136353482,1.0014848354740173,0.5007708600876668,0.9999837171796926,0.9999860847609608
CBBT,5,batch,10,256,9,9,excess,shared,0.00026586774038150907,1.165972779292068e-05,0.16959298921375152,0.3391667136353482,6.875123698789812e-05,3.4377571041527743e-05,-0.2900838435980133,-0.29020485877618285
CBBT,5,batch,10,256,9,9,gate,shared,0.003564402461051941,0.0017698192345060296,0.16959298921375152,0.3391667136353482,0.010435686302311623,0.0052181395265363025,-0.27076087715651537,-0.26992991401294625
CBBT,5,batch,10,256,9,9,amp_true,shared,0.007206918206065893,0.00035876028610519527,0.16959298921375152,0.3391667136353482,0.0021154193210959986,0.0010577697388397403,-0.29248954491559603,-0.29261694756489
CBBT,5,batch,10,256,9,9,dual_base,shared,0.037994205951690674,0.3391667136353482,0.16959298921375152,0.3391667136353482,1.9998864057279484,1.0,0.9999964571404983,1.0000000000000002
CBBT,5,batch,10,256,9,9,base,temporal,0.018248528242111206,0.003415468676964866,0.003415468676964866,0.006831322626592557,1.0,0.4999718010198109,0.9999999999999999,0.9999945670803966
CBBT,5,batch,10,256,9,9,tail,temporal,0.023777790367603302,0.0018532592307529535,0.003415468676964866,0.006831322626592557,0.5426075909441044,0.27128849449134473,-0.539407555454317,-0.5400883403277229
CBBT,5,batch,10,256,9,9,body,temporal,0.01743173971772194,0.00342470984161701,0.003415468676964866,0.006831322626592557,1.0027056798132772,0.501324564629038,0.9999681247082486,0.999972305120164
CBBT,5,batch,10,256,9,9,excess,temporal,0.00026586774038150907,2.8440005289613445e-07,0.003415468676964866,0.006831322626592557,8.326823630801518e-05,4.1631770074661565e-05,-0.3514330989896141,-0.35175655122802785
CBBT,5,batch,10,256,9,9,gate,temporal,0.003564402461051941,5.2298888834959464e-05,0.003415468676964866,0.006831322626592557,0.015312360844554583,0.007655748629317188,-0.3214981724886984,-0.32080302455825704
CBBT,5,batch,10,256,9,9,amp_true,temporal,0.007206918206065893,8.594969994821804e-06,0.003415468676964866,0.006831322626592557,0.002516483331493957,0.0012581707034833676,-0.3377079207998495,-0.3380424550963515
CBBT,5,batch,10,256,9,9,dual_base,temporal,0.037994205951690674,0.006831322626592557,0.003415468676964866,0.006831322626592557,2.000112802282575,1.0,0.9999945670803966,1.0
CBBT,5,batch,10,256,9,9,base,excess,0.018248528242111206,0.00011160369097536049,0.00011160369097536049,0.0002607895574691204,1.0,0.42794539803832166,1.0,-0.7572313896785376
CBBT,5,batch,10,256,9,9,tail,excess,0.023777790367603302,0.0002736460853710647,0.00011160369097536049,0.0002607895574691204,2.4519447607828617,1.0492984766211992,-0.8868612232449808,0.9722031901641208
CBBT,5,batch,10,256,9,9,body,excess,0.01743173971772194,0.0,0.00011160369097536049,0.0002607895574691204,0.0,0.0,,
CBBT,5,batch,10,256,9,9,excess,excess,0.00026586774038150907,0.00017645682472052835,0.00011160369097536049,0.0002607895574691204,1.5811020511811382,0.6766253466319191,-0.8759971095165909,0.9783515420976524
CBBT,5,batch,10,256,9,9,gate,excess,0.003564402461051941,0.0,0.00011160369097536049,0.0002607895574691204,0.0,0.0,,
CBBT,5,batch,10,256,9,9,amp_true,excess,0.007206918206065893,0.005411905136209579,0.00011160369097536049,0.0002607895574691204,48.49216982800687,20.752000918788294,-0.8789364862252318,0.9630927617299495
CBBT,5,batch,10,256,9,9,dual_base,excess,0.037994205951690674,0.0002607895574691204,0.00011160369097536049,0.0002607895574691204,2.3367467078369,1.0,-0.7572313896785376,1.0
CBBT,5,batch,10,256,9,9,base,full,0.018248528242111206,0.21470420758026548,0.21470420758026548,0.43065891394829076,1.0,0.4985481563863439,0.9999999999999999,0.9999628250050902
CBBT,5,batch,10,256,9,9,tail,full,0.023777790367603302,0.16400481427901664,0.21470420758026548,0.43065891394829076,0.7638639974845614,0.3808229876758309,-0.6484900688215253,-0.6521535300116272
CBBT,5,batch,10,256,9,9,body,full,0.01743173971772194,0.2160840373190579,0.21470420758026548,0.43065891394829076,1.0064266543927722,0.5017521530855927,0.9999442463623721,0.9999724732134421
CBBT,5,batch,10,256,9,9,excess,full,0.00026586774038150907,0.00017684162474557923,0.21470420758026548,0.43065891394829076,0.0008236523482171087,0.00041063035970692255,-0.015561930584104981,-0.014477976017750135
CBBT,5,batch,10,256,9,9,gate,full,0.003564402461051941,0.004941071696785138,0.21470420758026548,0.43065891394829076,0.02301339015416341,0.011473283233557806,-0.0783890026206137,-0.07203190693839569
CBBT,5,batch,10,256,9,9,amp_true,full,0.007206918206065893,0.005423783379359642,0.21470420758026548,0.43065891394829076,0.02526165388413268,0.01259415097120427,-0.015737855434972962,-0.014661447632440509
CBBT,5,batch,10,256,9,9,dual_base,full,0.037994205951690674,0.43065891394829076,0.21470420758026548,0.43065891394829076,2.0058242863605376,1.0,0.9999628250050902,1.0
CBBT,5,batch,11,256,11,11,base,shared,0.017953572794795036,0.14182754158022542,0.14182754158022542,0.2845660616072111,1.0,0.49839935507134075,0.9999999999999998,0.9999834682450872
CBBT,5,batch,11,256,11,11,tail,shared,0.0439629852771759,0.11660575685095402,0.14182754158022542,0.2845660616072111,0.8221658187947608,0.4097669138490096,-0.6746339222037439,-0.6775731814668683
CBBT,5,batch,11,256,11,11,body,shared,0.016319742426276207,0.14327713158145014,0.14182754158022542,0.2845660616072111,1.0102207934021388,0.5034933919112841,0.999904979190234,0.999947923605535
CBBT,5,batch,11,256,11,11,excess,shared,0.00043144560186192393,2.9662337750749035e-05,0.14182754158022542,0.2845660616072111,0.0002091437066472057,0.000104237088510197,-0.4414290145108003,-0.4432441775623233
CBBT,5,batch,11,256,11,11,gate,shared,0.0042914352379739285,0.0023334599682269743,0.14182754158022542,0.2845660616072111,0.0164527985342469,0.008200064178587355,-0.41705849892551644,-0.4177012434722587
CBBT,5,batch,11,256,11,11,amp_true,shared,0.011125853285193443,0.0007092748850180538,0.14182754158022542,0.2845660616072111,0.005000967210708148,0.0024924788325498626,-0.4278973656773159,-0.4296448953721374
CBBT,5,batch,11,256,11,11,dual_base,shared,0.03728192299604416,0.2845660616072111,0.14182754158022542,0.2845660616072111,2.006423142054147,1.0,0.9999834682450872,1.0
CBBT,5,batch,11,256,11,11,base,temporal,0.017953572794795036,0.0028909715168924503,0.0028909715168924503,0.005803368943198404,1.0,0.4981540110905223,0.9999999999999998,0.9999777975554572
CBBT,5,batch,11,256,11,11,tail,temporal,0.0439629852771759,0.003048987766013514,0.0028909715168924503,0.005803368943198404,1.054658528525012,0.5253823763155628,-0.6155753847053664,-0.6196021302412834
CBBT,5,batch,11,256,11,11,body,temporal,0.016319742426276207,0.00292671892056318,0.0028909715168924503,0.005803368943198404,1.0123651870874035,0.504313778635997,0.9998320292173273,0.9999075673168997
CBBT,5,batch,11,256,11,11,excess,temporal,0.00043144560186192393,6.932965631581013e-07,0.0028909715168924503,0.005803368943198404,0.0002398143873459315,0.00011946449897359198,-0.4730355632635599,-0.4758054181955065
CBBT,5,batch,11,256,11,11,gate,temporal,0.0042914352379739285,6.43924656188026e-05,0.0028909715168924503,0.005803368943198404,0.022273642352595383,0.01109570427954113,-0.4023038901045859,-0.40390114723488996
CBBT,5,batch,11,256,11,11,amp_true,temporal,0.011125853285193443,1.649266596981691e-05,0.0028909715168924503,0.005803368943198404,0.005704887050407584,0.0028419123669789163,-0.4569172096904658,-0.45963511705626536
CBBT,5,batch,11,256,11,11,dual_base,temporal,0.03728192299604416,0.005803368943198404,0.0028909715168924503,0.005803368943198404,2.0074113180597966,1.0,0.9999777975554572,1.0000000000000002
CBBT,5,batch,11,256,11,11,base,excess,0.017953572794795036,9.52907433515489e-05,9.52907433515489e-05,0.0007601859301508275,1.0,0.1253518903364107,1.0,-0.8711274004495236
CBBT,5,batch,11,256,11,11,tail,excess,0.0439629852771759,0.0004327850689669112,9.52907433515489e-05,0.0007601859301508275,4.541732530832194,0.5693147581421862,-0.8983391637147022,0.9982107437640707
CBBT,5,batch,11,256,11,11,body,excess,0.016319742426276207,0.0,9.52907433515489e-05,0.0007601859301508275,0.0,0.0,,
CBBT,5,batch,11,256,11,11,excess,excess,0.00043144560186192393,0.00042231400993263156,9.52907433515489e-05,0.0007601859301508275,4.4318471561778106,0.5555404187089346,-0.8971515804545215,0.9984421785288179
CBBT,5,batch,11,256,11,11,gate,excess,0.0042914352379739285,0.0,9.52907433515489e-05,0.0007601859301508275,0.0,0.0,,
CBBT,5,batch,11,256,11,11,amp_true,excess,0.011125853285193443,0.010417590669650067,9.52907433515489e-05,0.0007601859301508275,109.32426700899207,13.704003529219657,-0.8933604878176921,0.9953749606738647
CBBT,5,batch,11,256,11,11,dual_base,excess,0.03728192299604416,0.0007601859301508275,9.52907433515489e-05,0.0007601859301508275,7.977542239819993,1.0,-0.8711274004495236,1.0
CBBT,5,batch,11,256,11,11,base,full,0.017953572794795036,0.1821992984410528,0.1821992984410528,0.3680285288142529,1.0,0.4950684095824819,0.9999999999999998,0.9998809034919645
CBBT,5,batch,11,256,11,11,tail,full,0.0439629852771759,0.2698248640304072,0.1821992984410528,0.3680285288142529,1.480932508188027,0.7331629015276423,-0.7150819214230499,-0.7228194500595413
CBBT,5,batch,11,256,11,11,body,full,0.016319742426276207,0.18620006377974296,0.1821992984410528,0.3680285288142529,1.0219581819080634,0.5059392117770296,0.9997294779825292,0.9998936367973612
CBBT,5,batch,11,256,11,11,excess,full,0.00043144560186192393,0.00042335443456543396,0.1821992984410528,0.3680285288142529,0.0023235788402467556,0.001150330480980469,-0.024543598302337575,-0.02195569591567467
CBBT,5,batch,11,256,11,11,gate,full,0.0042914352379739285,0.006545605153103585,0.1821992984410528,0.3680285288142529,0.0359255233643026,0.017785591715383582,-0.11758036240434952,-0.1082780257258997
CBBT,5,batch,11,256,11,11,amp_true,full,0.011125853285193443,0.010441708012719831,0.1821992984410528,0.3680285288142529,0.05730926574395155,0.0283720070461979,-0.023091564353171702,-0.020514725436684644
CBBT,5,batch,11,256,11,11,dual_base,full,0.03728192299604416,0.3680285288142529,0.1821992984410528,0.3680285288142529,2.0199228644852423,1.0,0.9998809034919645,1.0000000000000002
CBBT,5,accum4,2,1024,57,57,base,shared,0.018919551745057106,0.1552115720300556,0.1552115720300556,0.31098969275777694,1.0,0.49908911981512677,0.9999999999999997,0.9999883865031364
CBBT,5,accum4,2,1024,57,57,tail,shared,0.049400705844163895,0.1313095188909844,0.1552115720300556,0.31098969275777694,0.8460034079518071,0.422231096235265,-0.6566012315084617,-0.6587946088966297
CBBT,5,accum4,2,1024,57,57,body,shared,0.01717379828915,0.15652377966013492,0.1552115720300556,0.31098969275777694,1.0084543156989947,0.5033085767959772,0.9999215646914839,0.9999484498145982
CBBT,5,accum4,2,1024,57,57,excess,shared,0.0005384226969908923,2.830632936572547e-05,0.1552115720300556,0.31098969275777694,0.0001823725447497185,9.102015283758182e-05,-0.400836202918354,-0.40197471460400785
CBBT,5,accum4,2,1024,57,57,gate,shared,0.005481397500261664,0.003248542672869027,0.1552115720300556,0.31098969275777694,0.020929771088459632,0.010445821030471404,-0.4358228196593024,-0.4352618904923652
CBBT,5,accum4,2,1024,57,57,amp_true,shared,0.014289399492554367,0.0007432781153193958,0.1552115720300556,0.31098969275777694,0.004788806050978373,0.0023900409969481494,-0.3994997267805436,-0.40061609243563173
CBBT,5,accum4,2,1024,57,57,dual_base,shared,0.03991089388728142,0.31098969275777694,0.1552115720300556,0.31098969275777694,2.003650170475408,1.0,0.9999883865031364,1.0000000000000002
CBBT,5,accum4,2,1024,57,57,base,temporal,0.018919551745057106,0.003132657199742965,0.003132657199742965,0.006278640431156835,1.0,0.49893878047190143,1.0000000000000002,0.9999823394603689
CBBT,5,accum4,2,1024,57,57,tail,temporal,0.049400705844163895,0.0035201734071874232,0.003132657199742965,0.006278640431156835,1.1237020786941687,0.5606585447574092,-0.5808394569303968,-0.5839332066950639
CBBT,5,accum4,2,1024,57,57,body,temporal,0.01717379828915,0.0031653566401625946,0.003132657199742965,0.006278640431156835,1.0104382440639572,0.5041468252354403,0.999839909829226,0.9998929617382579
CBBT,5,accum4,2,1024,57,57,excess,temporal,0.0005384226969908923,6.718258297004972e-07,0.003132657199742965,0.006278640431156835,0.00021445877632433598,0.00010700180032076047,-0.4262849676865616,-0.4283127420455913
CBBT,5,accum4,2,1024,57,57,gate,temporal,0.005481397500261664,9.000856638266048e-05,0.003132657199742965,0.006278640431156835,0.02873233828139437,0.014335677822225036,-0.4056744372483609,-0.40580854403959044
CBBT,5,accum4,2,1024,57,57,amp_true,temporal,0.014289399492554367,1.7591493201773656e-05,0.003132657199742965,0.006278640431156835,0.005615518098570454,0.002801799751818633,-0.42681342517685733,-0.42881486809925806
CBBT,5,accum4,2,1024,57,57,dual_base,temporal,0.03991089388728142,0.006278640431156835,0.003132657199742965,0.006278640431156835,2.004253906770265,1.0,0.9999823394603689,0.9999999999999998
CBBT,5,accum4,2,1024,57,57,base,excess,0.018919551745057106,9.127953157596409e-05,9.127953157596409e-05,0.0007430698235428744,1.0,0.12284112297920191,0.9999999999999998,-0.838574231787093
CBBT,5,accum4,2,1024,57,57,tail,excess,0.049400705844163895,0.0004923681439312598,9.127953157596409e-05,0.0007430698235428744,5.394069573215373,0.6626135638017208,-0.8753934948350587,0.99738979561059
CBBT,5,accum4,2,1024,57,57,body,excess,0.01717379828915,0.0,9.127953157596409e-05,0.0007430698235428744,0.0,0.0,,
CBBT,5,accum4,2,1024,57,57,excess,excess,0.0005384226969908923,0.0004107297269904427,9.127953157596409e-05,0.0007430698235428744,4.499691441214591,0.552747149698704,-0.8700813959254284,0.998157134301741
CBBT,5,accum4,2,1024,57,57,gate,excess,0.005481397500261664,0.0,9.127953157596409e-05,0.0007430698235428744,0.0,0.0,,
CBBT,5,accum4,2,1024,57,57,amp_true,excess,0.014289399492554367,0.01096059632821706,9.127953157596409e-05,0.0007430698235428744,120.07726309479908,14.750425842834197,-0.8713446665015793,0.9971069502949571
CBBT,5,accum4,2,1024,57,57,dual_base,excess,0.03991089388728142,0.0007430698235428744,9.127953157596409e-05,0.0007430698235428744,8.140596371536825,1.0,-0.838574231787093,1.0000000000000002
CBBT,5,accum4,2,1024,57,57,base,full,0.018919551745057106,0.19365730929909153,0.19365730929909153,0.3904950785488046,1.0,0.49592765680627643,1.0000000000000002,0.999844339096556
CBBT,5,accum4,2,1024,57,57,tail,full,0.049400705844163895,0.31052535928503056,0.19365730929909153,0.3904950785488046,1.6034786417766638,0.7952094055552116,-0.6735811159731555,-0.6818735510054463
CBBT,5,accum4,2,1024,57,57,body,full,0.01717379828915,0.1973853785101848,0.19365730929909153,0.3904950785488046,1.0192508572208627,0.5054746893193311,0.9997251704243261,0.9998624212299924
CBBT,5,accum4,2,1024,57,57,excess,full,0.0005384226969908923,0.00041170396757355223,0.19365730929909153,0.3904950785488046,0.0021259407613564503,0.0010543128202884556,-0.022497100649700962,-0.020115496291755814
CBBT,5,accum4,2,1024,57,57,gate,full,0.005481397500261664,0.009598252090139366,0.19365730929909153,0.3904950785488046,0.04956307678175715,0.024579700532486388,-0.11995661408817496,-0.1072924821732164
CBBT,5,accum4,2,1024,57,57,amp_true,full,0.014289399492554367,0.010985769623783219,0.19365730929909153,0.3904950785488046,0.05672788527086468,0.0281329272179552,-0.022073209831612907,-0.019693334387157733
CBBT,5,accum4,2,1024,57,57,dual_base,full,0.03991089388728142,0.3904950785488046,0.19365730929909153,0.3904950785488046,2.016423134051241,1.0,0.999844339096556,0.9999999999999998
CBBT,5,batch,12,256,9,9,base,shared,0.02040577493607998,0.1850740450189675,0.1850740450189675,0.37030144682539456,1.0,0.49979292980249695,1.0000000000000002,0.9999954296041026
CBBT,5,batch,12,256,9,9,tail,shared,0.030123144388198853,0.07438414698121719,0.1850740450189675,0.37030144682539456,0.4019156061218301,0.20087457831697586,-0.5363153947726497,-0.5376718613972385
CBBT,5,batch,12,256,9,9,body,shared,0.01929537206888199,0.1854683554687876,0.1850740450189675,0.37030144682539456,1.0021305550963653,0.500857766176215,0.999973050771373,0.9999820688035052
CBBT,5,batch,12,256,9,9,excess,shared,0.00033264083322137594,1.9706868548152532e-05,0.1850740450189675,0.37030144682539456,0.00010648099546391205,5.3218448691194995e-05,-0.2891957049556166,-0.28982802210187814
CBBT,5,batch,12,256,9,9,gate,shared,0.0035167618189007044,0.0018422586481437015,0.1850740450189675,0.37030144682539456,0.00995417076421978,0.004975024170003764,-0.24681888018617065,-0.24673744250619922
CBBT,5,batch,12,256,9,9,amp_true,shared,0.008168785832822323,0.0004702201632329675,0.1850740450189675,0.37030144682539456,0.0025407137083148343,0.0012698307480680379,-0.27854793950347667,-0.27915857710147574
CBBT,5,batch,12,256,9,9,dual_base,shared,0.042124807834625244,0.37030144682539456,0.1850740450189675,0.37030144682539456,2.000828623956665,1.0,0.9999954296041026,1.0
CBBT,5,batch,12,256,9,9,base,temporal,0.02040577493607998,0.003753811034268863,0.003753811034268863,0.007512792348309847,1.0,0.4996559015920835,0.9999999999999999,0.9999929286342293
CBBT,5,batch,12,256,9,9,tail,temporal,0.030123144388198853,0.002142446239295976,0.003753811034268863,0.007512792348309847,0.5707389689404715,0.28517309409968744,-0.4873835988762227,-0.48923457253614755
CBBT,5,batch,12,256,9,9,body,temporal,0.01929537206888199,0.003766680758051416,0.003753811034268863,0.007512792348309847,1.0034284420992596,0.5013689429202454,0.9999463534829753,0.9999640550703676
CBBT,5,batch,12,256,9,9,excess,temporal,0.00033264083322137594,4.6927420270325404e-07,0.003753811034268863,0.007512792348309847,0.00012501273996458787,6.246335329750285e-05,-0.33975484175290965,-0.3409054337453168
CBBT,5,batch,12,256,9,9,gate,temporal,0.0035167618189007044,5.390717772315482e-05,0.003753811034268863,0.007512792348309847,0.014360653008644166,0.0071753850264851685,-0.27349545439744855,-0.273984092665229
CBBT,5,batch,12,256,9,9,amp_true,temporal,0.008168785832822323,1.1080796187749682e-05,0.003753811034268863,0.007512792348309847,0.0029518790601317283,0.0014749237931809109,-0.3281465518469858,-0.3292544355244629
CBBT,5,batch,12,256,9,9,dual_base,temporal,0.042124807834625244,0.007512792348309847,0.003753811034268863,0.007512792348309847,2.00137734151371,1.0,0.9999929286342293,0.9999999999999999
CBBT,5,batch,12,256,9,9,base,excess,0.02040577493607998,0.00010792855226863562,0.00010792855226863562,0.00048774395762076964,1.0,0.22128116726471506,1.0000000000000002,-0.7799128219087551
CBBT,5,batch,12,256,9,9,tail,excess,0.030123144388198853,0.0003441398049920578,0.00010792855226863562,0.00048774395762076964,3.1885890967525365,0.7055747172569448,-0.8546897601457878,0.9912590693989103
CBBT,5,batch,12,256,9,9,body,excess,0.01929537206888199,0.0,0.00010792855226863562,0.00048774395762076964,0.0,0.0,,
CBBT,5,batch,12,256,9,9,excess,excess,0.00033264083322137594,0.00028820858215965157,0.00010792855226863562,0.00048774395762076964,2.6703645708347548,0.5909013892566545,-0.8480025529919606,0.9930813398938901
CBBT,5,batch,12,256,9,9,gate,excess,0.0035167618189007044,0.0,0.00010792855226863562,0.00048774395762076964,0.0,0.0,,
CBBT,5,batch,12,256,9,9,amp_true,excess,0.008168785832822323,0.006964319598414756,0.00010792855226863562,0.00048774395762076964,64.52712884613213,14.278638391312782,-0.8522083747981709,0.9861997089066034
CBBT,5,batch,12,256,9,9,dual_base,excess,0.042124807834625244,0.00048774395762076964,0.00010792855226863562,0.00048774395762076964,4.519137404963687,1.0,-0.7799128219087551,1.0
CBBT,5,batch,12,256,9,9,base,full,0.02040577493607998,0.22926775975842453,0.22926775975842453,0.46027620066725927,1.0,0.49810909064178555,1.0,0.9999569662152744
CBBT,5,batch,12,256,9,9,tail,full,0.030123144388198853,0.1907724552580467,0.22926775975842453,0.46027620066725927,0.8320945581666621,0.4144738636963744,-0.6055858680809602,-0.6106924100122018
CBBT,5,batch,12,256,9,9,body,full,0.01929537206888199,0.23118808139558916,0.22926775975842453,0.46027620066725927,1.0083758904400166,0.5022811978121775,0.9998997642849599,0.9999601162874274
CBBT,5,batch,12,256,9,9,excess,full,0.00033264083322137594,0.0002888815457907459,0.22926775975842453,0.46027620066725927,0.0012600181817763447,0.0006276265107167311,-0.016323737486607454,-0.014856622939182723
CBBT,5,batch,12,256,9,9,gate,full,0.0035167618189007044,0.0048328886227764975,0.22926775975842453,0.46027620066725927,0.02107966958751125,0.010499975049264532,-0.07756494785060118,-0.07198493650379997
CBBT,5,batch,12,256,9,9,amp_true,full,0.008168785832822323,0.006980175819474372,0.22926775975842453,0.46027620066725927,0.030445518492566343,0.015165189530449888,-0.01554764317647952,-0.014086757558590039
CBBT,5,batch,12,256,9,9,dual_base,full,0.042124807834625244,0.46027620066725927,0.22926775975842453,0.46027620066725927,2.00759235032542,1.0,0.9999569662152744,1.0000000000000004
CBBT,5,batch,13,256,14,14,base,shared,0.018387457355856895,0.1608976972190056,0.1608976972190056,0.3223594860799141,1.0,0.4991250581008758,1.0,0.9999824908605905
CBBT,5,batch,13,256,14,14,tail,shared,0.05547085776925087,0.12030234205218256,0.1608976972190056,0.3223594860799141,0.747694616713086,0.3731931190086311,-0.478378569913868,-0.48189774954700704
CBBT,5,batch,13,256,14,14,body,shared,0.01624053530395031,0.16193028674290957,0.1608976972190056,0.3223594860799141,1.0064176774543794,0.5023282817331656,0.9998819373567598,0.999929606454752
CBBT,5,batch,13,256,14,14,excess,shared,0.0007569526205770671,3.828013175235074e-05,0.1608976972190056,0.3223594860799141,0.00023791597029661533,0.00011874982249742437,-0.27481640120820006,-0.2765612168735853
CBBT,5,batch,13,256,14,14,gate,shared,0.005300962366163731,0.0031961409236447953,0.1608976972190056,0.3223594860799141,0.019864429254660955,0.009914834405873386,-0.25852720593026574,-0.25884080671274823
CBBT,5,batch,13,256,14,14,amp_true,shared,0.019246166571974754,0.0009477309307564641,0.1608976972190056,0.3223594860799141,0.005890270321684356,0.0029399815165405685,-0.2702614273123544,-0.27195618512602016
CBBT,5,batch,13,256,14,14,dual_base,shared,0.03879237920045853,0.3223594860799141,0.1608976972190056,0.3223594860799141,2.003505902518512,1.0,0.9999824908605905,1.0
CBBT,5,batch,13,256,14,14,base,temporal,0.018387457355856895,0.0032492958805338096,0.0032492958805338096,0.006513696699951875,1.0,0.4988405248524722,0.9999999999999999,0.9999727255628766
CBBT,5,batch,13,256,14,14,tail,temporal,0.05547085776925087,0.003602354117700012,0.0032492958805338096,0.006513696699951875,1.1086568444817035,0.5530429621825387,-0.4456470892074012,-0.4505565207916199
CBBT,5,batch,13,256,14,14,body,temporal,0.01624053530395031,0.003280342772070013,0.0032492958805338096,0.006513696699951875,1.0095549598059697,0.5036069260170264,0.9997411366108735,0.9998425163844926
CBBT,5,batch,13,256,14,14,excess,temporal,0.0007569526205770671,9.310851096520583e-07,0.0032492958805338096,0.006513696699951875,0.00028654980767682357,0.00014294265645788164,-0.32533119053683424,-0.32851591394029445
CBBT,5,batch,13,256,14,14,gate,temporal,0.005300962366163731,9.601745461033714e-05,0.0032492958805338096,0.006513696699951875,0.02955023430939842,0.01474085439241384,-0.2936533430539424,-0.29549946669324867
CBBT,5,batch,13,256,14,14,amp_true,temporal,0.019246166571974754,2.279932461817674e-05,0.0032492958805338096,0.006513696699951875,0.007016696988035192,0.003500212808242236,-0.32859553935850355,-0.3316804176263841
CBBT,5,batch,13,256,14,14,dual_base,temporal,0.03879237920045853,0.006513696699951875,0.0032492958805338096,0.006513696699951875,2.004648680649475,1.0,0.9999727255628766,1.0
CBBT,5,batch,13,256,14,14,base,excess,0.018387457355856895,7.949043868760238e-05,7.949043868760238e-05,0.0010693583729314564,1.0,0.07433470452912193,0.9999999999999998,-0.7571187374463474
CBBT,5,batch,13,256,14,14,tail,excess,0.05547085776925087,0.0005774475657576115,7.949043868760238e-05,0.0010693583729314564,7.264365064419657,0.5399944306553109,-0.79124018535561,0.9984489140744511
CBBT,5,batch,13,256,14,14,body,excess,0.01624053530395031,0.0,7.949043868760238e-05,0.0010693583729314564,0.0,0.0,,
CBBT,5,batch,13,256,14,14,excess,excess,0.0007569526205770671,0.000564998530636671,7.949043868760238e-05,0.0010693583729314564,7.107754592437421,0.528352837494345,-0.7863939703559407,0.9989370331226646
CBBT,5,batch,13,256,14,14,gate,excess,0.005300962366163731,0.0,7.949043868760238e-05,0.0010693583729314564,0.0,0.0,,
CBBT,5,batch,13,256,14,14,amp_true,excess,0.019246166571974754,0.013677350371569847,7.949043868760238e-05,0.0010693583729314564,172.0628367057058,12.790240126961194,-0.7860826620021295,0.9969644510242639
CBBT,5,batch,13,256,14,14,dual_base,excess,0.03879237920045853,0.0010693583729314564,7.949043868760238e-05,0.0010693583729314564,13.45266664251329,1.0,-0.7571187374463474,1.0
CBBT,5,batch,13,256,14,14,base,full,0.018387457355856895,0.19582469113281772,0.19582469113281772,0.39505285387234096,1.0,0.4956923844830579,1.0,0.9998056256553983
CBBT,5,batch,13,256,14,14,tail,full,0.05547085776925087,0.3166215106464847,0.19582469113281772,0.39505285387234096,1.6168620454084452,0.8014662026686664,-0.5515511293697468,-0.5637015547763112
CBBT,5,batch,13,256,14,14,body,full,0.01624053530395031,0.1996046652372751,0.19582469113281772,0.39505285387234096,1.0193028472691097,0.5052606588731953,0.9995225079631117,0.9998059170226432
CBBT,5,batch,13,256,14,14,excess,full,0.0007569526205770671,0.0005662938354852316,0.19582469113281772,0.39505285387234096,0.002891840820528316,0.0014334634718731235,-0.015582075364359642,-0.0125570442949128
CBBT,5,batch,13,256,14,14,gate,full,0.005300962366163731,0.00924517419881122,0.19582469113281772,0.39505285387234096,0.04721148362512007,0.02340237289311861,-0.07493690752939526,-0.063462274892689
CBBT,5,batch,13,256,14,14,amp_true,full,0.019246166571974754,0.013710146137215109,0.19582469113281772,0.39505285387234096,0.07001234654273616,0.034704587001023066,-0.0156683651113238,-0.012647861746010694
CBBT,5,batch,13,256,14,14,dual_base,full,0.03879237920045853,0.39505285387234096,0.19582469113281772,0.39505285387234096,2.017380196475822,1.0,0.9998056256553983,1.0
CBBT,5,batch,14,256,16,16,base,shared,0.020460937172174454,0.16579127218130532,0.16579127218130532,0.3322651058285811,1.0,0.4989728661631977,0.9999999999999999,0.9999846050094396
CBBT,5,batch,14,256,16,16,tail,shared,0.05455808341503143,0.14509920099311213,0.16579127218130532,0.3322651058285811,0.875192035648506,0.4366970784707386,-0.6221121382894363,-0.6243192752216584
CBBT,5,batch,14,256,16,16,body,shared,0.01854591630399227,0.16729352097225647,0.16579127218130532,0.3322651058285811,1.0090610848881618,0.5034941016603919,0.9999100633970018,0.9999370143127788
CBBT,5,batch,14,256,16,16,excess,shared,0.0006137372693046927,3.1779264679496075e-05,0.16579127218130532,0.3322651058285811,0.00019168237423706504,9.564430366603503e-05,-0.43353842030387285,-0.4346837169469678
CBBT,5,batch,14,256,16,16,gate,shared,0.006113394629210234,0.003783975659268224,0.16579127218130532,0.3322651058285811,0.02282373257338999,0.01138842325868674,-0.40866174223273793,-0.4078579287171728
CBBT,5,batch,14,256,16,16,amp_true,shared,0.015498640947043896,0.0008210142779431671,0.16579127218130532,0.3322651058285811,0.004952095892269442,0.0024709614808806814,-0.4005658742068784,-0.40161363890822077
CBBT,5,batch,14,256,16,16,dual_base,shared,0.04329102486371994,0.3322651058285811,0.16579127218130532,0.3322651058285811,2.0041169927523326,1.0,0.9999846050094396,1.0000000000000002
CBBT,5,batch,14,256,16,16,base,temporal,0.020460937172174454,0.0033530469578893804,0.0033530469578893804,0.006720194192304873,1.0,0.49895090259874797,1.0,0.9999797922634126
CBBT,5,batch,14,256,16,16,tail,temporal,0.05455808341503143,0.003871575484732354,0.0033530469578893804,0.006720194192304873,1.154643980044159,0.5761106560232439,-0.5404736181808546,-0.5434199105659044
CBBT,5,batch,14,256,16,16,body,temporal,0.01854591630399227,0.003387892413423084,0.0033530469578893804,0.006720194192304873,1.010392176420827,0.504136088403885,0.9998299459333514,0.9998787602663047
CBBT,5,batch,14,256,16,16,excess,temporal,0.0006137372693046927,7.411422880095304e-07,0.0033530469578893804,0.006720194192304873,0.0002210354633613757,0.00011028584395049088,-0.4332644219008633,-0.43517513011704834
CBBT,5,batch,14,256,16,16,gate,temporal,0.006113394629210234,0.00010357413092176632,0.0033530469578893804,0.006720194192304873,0.030889555745131116,0.01541237171990751,-0.37459358141525356,-0.37436984908312976
CBBT,5,batch,14,256,16,16,amp_true,temporal,0.015498640947043896,1.8778172412857976e-05,0.0033530469578893804,0.006720194192304873,0.005600330877763234,0.002794290146311604,-0.42062598950288477,-0.4224024811345527
CBBT,5,batch,14,256,16,16,dual_base,temporal,0.04329102486371994,0.006720194192304873,0.0033530469578893804,0.006720194192304873,2.0042052129609864,1.0,0.9999797922634126,0.9999999999999999
CBBT,5,batch,14,256,16,16,base,excess,0.020460937172174454,8.802992351490899e-05,8.802992351490899e-05,0.0007800674548407916,1.0,0.11284911704575025,1.0,-0.8304700141771738
CBBT,5,batch,14,256,16,16,tail,excess,0.05455808341503143,0.0005385659971148094,8.802992351490899e-05,0.0007800674548407916,6.117987788818156,0.6904095200648108,-0.8632308210034204,0.9977289187741739
CBBT,5,batch,14,256,16,16,body,excess,0.01854591630399227,0.0,8.802992351490899e-05,0.0007800674548407916,0.0,0.0,,
CBBT,5,batch,14,256,16,16,excess,excess,0.0006137372693046927,0.0004274880781767755,8.802992351490899e-05,0.0007800674548407916,4.856167779179939,0.548014246106478,-0.8611041266309234,0.9983460526076444
CBBT,5,batch,14,256,16,16,gate,excess,0.006113394629210234,0.0,8.802992351490899e-05,0.0007800674548407916,0.0,0.0,,
CBBT,5,batch,14,256,16,16,amp_true,excess,0.015498640947043896,0.011396255143792623,8.802992351490899e-05,0.0007800674548407916,129.45887817183575,14.609320095425016,-0.8623959333808127,0.9927848690457497
CBBT,5,batch,14,256,16,16,dual_base,excess,0.04329102486371994,0.0007800674548407916,8.802992351490899e-05,0.0007800674548407916,8.861389669487526,1.0,-0.8304700141771738,1.0
CBBT,5,batch,14,256,16,16,base,full,0.020460937172174454,0.20100817643743615,0.20100817643743615,0.4051780688369186,1.0,0.4960983624173908,1.0,0.9998196306846874
CBBT,5,batch,14,256,16,16,tail,full,0.05455808341503143,0.3427601367875495,0.20100817643743615,0.4051780688369186,1.705204946696453,0.8459493816421444,-0.6279667819361421,-0.6369527682561528
CBBT,5,batch,14,256,16,16,body,full,0.01854591630399227,0.20486744247635644,0.20100817643743615,0.4051780688369186,1.019199547537418,0.5056232265098588,0.9996857683530855,0.9998261145579896
CBBT,5,batch,14,256,16,16,excess,full,0.0006137372693046927,0.0004286676785656255,0.20100817643743615,0.4051780688369186,0.00213258826662232,0.001057973546781875,-0.026885398903782436,-0.024509461667129778
CBBT,5,batch,14,256,16,16,gate,full,0.006113394629210234,0.011147507442768483,0.20100817643743615,0.4051780688369186,0.05545798006997067,0.027512613095688747,-0.11604490802069217,-0.10217058516554342
CBBT,5,batch,14,256,16,16,amp_true,full,0.015498640947043896,0.011425790814950461,0.20100817643743615,0.4051780688369186,0.056842418141665706,0.02819943055592494,-0.024117009997166143,-0.021758868556593786
CBBT,5,batch,14,256,16,16,dual_base,full,0.04329102486371994,0.4051780688369186,0.20100817643743615,0.4051780688369186,2.0157292903108863,1.0,0.9998196306846874,0.9999999999999998
CBBT,5,batch,15,256,15,15,base,shared,0.018397632986307144,0.15140155694917112,0.15140155694917112,0.30333472107969,1.0,0.49912372843528174,1.0000000000000002,0.9999829502151456
CBBT,5,batch,15,256,15,15,tail,shared,0.052955739200115204,0.1348131881380815,0.15140155694917112,0.30333472107969,0.8904346220385387,0.44443704847973636,-0.5849060252126176,-0.5876334538209846
CBBT,5,batch,15,256,15,15,body,shared,0.016499239951372147,0.15264813259980192,0.15140155694917112,0.30333472107969,1.0082335722019642,0.5032332996910672,0.9998909162981066,0.9999275611759123
CBBT,5,batch,15,256,15,15,excess,shared,0.0006054205587133765,3.150054966360201e-05,0.15140155694917112,0.30333472107969,0.00020805961509482658,0.00010384749082293946,-0.3678185160338807,-0.36922665071438815
CBBT,5,batch,15,256,15,15,gate,shared,0.00572652742266655,0.0035060535924539755,0.15140155694917112,0.30333472107969,0.023157315308395644,0.01155836555727786,-0.37089544552034814,-0.37040546670421837
CBBT,5,batch,15,256,15,15,amp_true,shared,0.01592761091887951,0.0008372016769792218,0.15140155694917112,0.30333472107969,0.005529676800221341,0.0027599929015685544,-0.3659314394833167,-0.36731130204914386
CBBT,5,batch,15,256,15,15,dual_base,shared,0.03897097706794739,0.30333472107969,0.15140155694917112,0.30333472107969,2.0035112398581623,1.0,0.9999829502151456,1.0000000000000002
CBBT,5,batch,15,256,15,15,base,temporal,0.018397632986307144,0.0030641113523438308,0.0030641113523438308,0.006141155824075195,1.0,0.49894701260169694,1.0000000000000002,0.9999764317010079
CBBT,5,batch,15,256,15,15,tail,temporal,0.052955739200115204,0.0036984567588043095,0.0030641113523438308,0.006141155824075195,1.2070242669135536,0.6022411521142708,-0.5164178167734033,-0.5200434400981908
CBBT,5,batch,15,256,15,15,body,temporal,0.016499239951372147,0.0030959554876125376,0.0030641113523438308,0.006141155824075195,1.0103926168493675,0.504132377731803,0.9997860809529617,0.9998547045437619
CBBT,5,batch,15,256,15,15,excess,temporal,0.0006054205587133765,7.429774503161554e-07,0.0030641113523438308,0.006141155824075195,0.00024247730088132393,0.00012098332489845939,-0.3960611244079604,-0.3984006109839371
CBBT,5,batch,15,256,15,15,gate,temporal,0.00572652742266655,9.871180182297145e-05,0.0030641113523438308,0.006141155824075195,0.03221547472400565,0.016073814873088094,-0.35292682762579336,-0.35330591453475846
CBBT,5,batch,15,256,15,15,amp_true,temporal,0.01592761091887951,1.964500682943e-05,0.0030641113523438308,0.006141155824075195,0.0064113227524851355,0.003198910334177747,-0.4007011233135849,-0.4029796395816391
CBBT,5,batch,15,256,15,15,dual_base,temporal,0.03897097706794739,0.006141155824075195,0.0030641113523438308,0.006141155824075195,2.0042208385728673,1.0,0.9999764317010079,1.0
CBBT,5,batch,15,256,15,15,base,excess,0.018397632986307144,8.11803597150673e-05,8.11803597150673e-05,0.000840658542110419,1.0,0.09656757845018649,1.0000000000000002,-0.8072587238560092
CBBT,5,batch,15,256,15,15,tail,excess,0.052955739200115204,0.0005380773027561635,8.11803597150673e-05,0.000840658542110419,6.628170959635387,0.6400664191258382,-0.8384961956225278,0.9982642590645517
CBBT,5,batch,15,256,15,15,body,excess,0.016499239951372147,0.0,8.11803597150673e-05,0.000840658542110419,0.0,0.0,,
CBBT,5,batch,15,256,15,15,excess,excess,0.0006054205587133765,0.0004538149696428108,8.11803597150673e-05,0.000840658542110419,5.590206439533446,0.5398326989023838,-0.8372855755481904,0.9986030350432462
CBBT,5,batch,15,256,15,15,gate,excess,0.00572652742266655,0.0,8.11803597150673e-05,0.000840658542110419,0.0,0.0,,
CBBT,5,batch,15,256,15,15,amp_true,excess,0.01592761091887951,0.0117080142007075,8.11803597150673e-05,0.000840658542110419,144.22225082274994,13.927193520588379,-0.8411653018498088,0.9961142520034836
CBBT,5,batch,15,256,15,15,dual_base,excess,0.03897097706794739,0.000840658542110419,8.11803597150673e-05,0.000840658542110419,10.355442437814062,1.0,-0.8072587238560092,1.0
CBBT,5,batch,15,256,15,15,base,full,0.018397632986307144,0.18495484777002763,0.18495484777002763,0.37301057511685304,1.0,0.49584344280879117,1.0,0.9997984437177345
CBBT,5,batch,15,256,15,15,tail,full,0.052955739200115204,0.3275581449348277,0.18495484777002763,0.37301057511685304,1.7710168123958159,0.8781470735305924,-0.6124300496421424,-0.6227746931921936
CBBT,5,batch,15,256,15,15,body,full,0.016499239951372147,0.18860662403452902,0.18495484777002763,0.37301057511685304,1.0197441500373214,0.50563345013863,0.9996159366370594,0.9998089939924704
CBBT,5,batch,15,256,15,15,excess,full,0.0006054205587133765,0.0004549069259760883,0.18495484777002763,0.37301057511685304,0.0024595566510466293,0.0012195550376382215,-0.02121603026513378,-0.01854651926284584
CBBT,5,batch,15,256,15,15,gate,full,0.00572652742266655,0.01028603258136943,0.18495484777002763,0.37301057511685304,0.05561374954691134,0.02757571304284637,-0.10511053263686454,-0.09127813881050839
CBBT,5,batch,15,256,15,15,amp_true,full,0.01592761091887951,0.01173790880744544,0.18495484777002763,0.37301057511685304,0.06346364504076328,0.03146803225020713,-0.021733303606995043,-0.019065423645771996
CBBT,5,batch,15,256,15,15,dual_base,full,0.03897097706794739,0.37301057511685304,0.18495484777002763,0.37301057511685304,2.0167656031414403,1.0,0.9997984437177345,1.0
CBBT,5,accum4,3,1024,54,54,base,shared,0.019412950612604618,0.16566977591224225,0.16566977591224225,0.3318267440117087,1.0,0.4992658937291579,1.0,0.9999899189995377
CBBT,5,accum4,3,1024,54,54,tail,shared,0.04827695619314909,0.1176856921307833,0.16566977591224225,0.3318267440117087,0.7103630790997337,0.35466005755892505,-0.5699335582603711,-0.5722712437082654
CBBT,5,accum4,3,1024,54,54,body,shared,0.01764526590704918,0.16672154631976874,0.16566977591224225,0.3318267440117087,1.0063485955825981,0.5024355309766287,0.9999275887689596,0.9999534178747547
CBBT,5,accum4,3,1024,54,54,excess,shared,0.0005771878204541281,3.0060540782031955e-05,0.16566977591224225,0.3318267440117087,0.0001814485509895026,9.059107297563469e-05,-0.34830197228476895,-0.3494641410355387
CBBT,5,accum4,3,1024,54,54,gate,shared,0.005164411559235305,0.0030534117478269287,0.16566977591224225,0.3318267440117087,0.018430710918836316,0.009201825358956563,-0.3409807268138213,-0.34068405430608495
CBBT,5,accum4,3,1024,54,54,amp_true,shared,0.01471030106768012,0.0007626151141548079,0.16566977591224225,0.3318267440117087,0.004603224154530012,0.002298232821547074,-0.3376378547922646,-0.3387580525255318
CBBT,5,accum4,3,1024,54,54,dual_base,shared,0.040794797241687775,0.3318267440117087,0.16566977591224225,0.3318267440117087,2.00294074271871,1.0,0.9999899189995377,1.0
CBBT,5,accum4,3,1024,54,54,base,temporal,0.019412950612604618,0.003352452795834666,0.003352452795834666,0.006716846632709449,1.0,0.4991111125731257,0.9999999999999999,0.9999846710944588
CBBT,5,accum4,3,1024,54,54,tail,temporal,0.04827695619314909,0.00331783891263156,0.003352452795834666,0.006716846632709449,0.9896750572458134,0.49395781890782975,-0.5051944925444568,-0.5084179594342069
CBBT,5,accum4,3,1024,54,54,body,temporal,0.01764526590704918,0.003380331271308033,0.003352452795834666,0.006716846632709449,1.0083158443000317,0.5032616428736993,0.9998468787211107,0.9998990795899152
CBBT,5,accum4,3,1024,54,54,excess,temporal,0.0005771878204541281,7.175991133208107e-07,0.003352452795834666,0.006716846632709449,0.00021405196643257995,0.00010683571511463033,-0.37851598687343085,-0.38059344044656657
CBBT,5,accum4,3,1024,54,54,gate,temporal,0.005164411559235305,8.767123152274483e-05,0.003352452795834666,0.006716846632709449,0.026151369418735446,0.013052439085895862,-0.3357728582803462,-0.33636432540807965
CBBT,5,accum4,3,1024,54,54,amp_true,temporal,0.01471030106768012,1.7977567115562628e-05,0.003352452795834666,0.006716846632709449,0.005362511632646783,0.0026764891471566647,-0.3771455542854087,-0.37914155790954535
CBBT,5,accum4,3,1024,54,54,dual_base,temporal,0.040794797241687775,0.006716846632709449,0.003352452795834666,0.006716846632709449,2.003561881931627,1.0,0.9999846710944588,1.0
CBBT,5,accum4,3,1024,54,54,base,excess,0.019412950612604618,8.907351905173269e-05,8.907351905173269e-05,0.0007931747566665998,1.0,0.11229999228174319,1.0,-0.802604673914811
CBBT,5,accum4,3,1024,54,54,tail,excess,0.04827695619314909,0.000499238172194979,8.907351905173269e-05,0.0007931747566665998,5.604787792262123,0.6294176258118449,-0.8418119502543786,0.997575220198888
CBBT,5,accum4,3,1024,54,54,body,excess,0.01764526590704918,0.0,8.907351905173269e-05,0.0007931747566665998,0.0,0.0,,
CBBT,5,accum4,3,1024,54,54,excess,excess,0.0005771878204541281,0.0004331910428895549,8.907351905173269e-05,0.0007931747566665998,4.863297728676954,0.546148297394241,-0.8377259071582023,0.9981114314455539
CBBT,5,accum4,3,1024,54,54,gate,excess,0.005164411559235305,0.0,8.907351905173269e-05,0.0007931747566665998,0.0,0.0,,
CBBT,5,accum4,3,1024,54,54,amp_true,excess,0.01471030106768012,0.010896056664384047,8.907351905173269e-05,0.0007931747566665998,122.32655429337832,13.737271102998625,-0.8425775225227256,0.9965037619932497
CBBT,5,accum4,3,1024,54,54,dual_base,excess,0.040794797241687775,0.0007931747566665998,8.907351905173269e-05,0.0007931747566665998,8.904720113347434,1.0,-0.802604673914811,1.0000000000000002
CBBT,5,accum4,3,1024,54,54,base,full,0.019412950612604618,0.20261509524986965,0.20261509524986965,0.4081035722866024,1.0,0.49647959245889034,1.0000000000000002,0.9998649609401447
CBBT,5,accum4,3,1024,54,54,tail,full,0.04827695619314909,0.2937070263342786,0.20261509524986965,0.4081035722866024,1.4495811675436732,0.7196874672981654,-0.6057944304880905,-0.6146520499782853
CBBT,5,accum4,3,1024,54,54,body,full,0.01764526590704918,0.20594204085376236,0.20261509524986965,0.4081035722866024,1.0164200283290337,0.5046318014318524,0.9997192040835475,0.9998722532598727
CBBT,5,accum4,3,1024,54,54,excess,full,0.0005771878204541281,0.00043423278981653195,0.20261509524986965,0.4081035722866024,0.002143141355193827,0.001064025946608425,-0.0200826155111292,-0.01773536999861836
CBBT,5,accum4,3,1024,54,54,gate,full,0.005164411559235305,0.00883752047802615,0.20261509524986965,0.4081035722866024,0.043617285608100985,0.021655092182873002,-0.09794823311015133,-0.08697465740908297
CBBT,5,accum4,3,1024,54,54,amp_true,full,0.01471030106768012,0.01092271178077154,0.20261509524986965,0.4081035722866024,0.05390867727452092,0.02676455812325199,-0.019644649997433233,-0.017299122223751958
CBBT,5,accum4,3,1024,54,54,dual_base,full,0.040794797241687775,0.4081035722866024,0.20261509524986965,0.4081035722866024,2.01418147933805,1.0,0.9998649609401447,1.0
CBBT,20,batch,0,256,13,13,base,shared,0.0015081027522683144,0.013116821769292197,0.013116821769292197,0.032678679518391054,1.0,0.4013877538078077,1.0000000000000002,0.9563978800603417
CBBT,20,batch,0,256,13,13,tail,shared,0.003052514512091875,0.10581919325753777,0.013116821769292197,0.032678679518391054,8.067441573786661,3.2381722522779532,0.45695201030453975,0.6655924529073775
CBBT,20,batch,0,256,13,13,body,shared,0.0014267370570451021,0.012585497308844456,0.013116821769292197,0.032678679518391054,0.9594928962371339,0.38512869841517106,0.98164317018914,0.898514252253341
CBBT,20,batch,0,256,13,13,excess,shared,4.9736474466044456e-05,0.0010323418933350101,0.013116821769292197,0.032678679518391054,0.07870366095480741,0.031590685687101404,0.07935945021171668,0.11160466252682415
CBBT,20,batch,0,256,13,13,gate,shared,0.0011518836254253983,0.024817555494812515,0.013116821769292197,0.032678679518391054,1.8920403075776266,0.7594418091724171,0.45331089900007926,0.6934186681214726
CBBT,20,batch,0,256,13,13,amp_true,shared,0.0010157051729038358,0.04886270152260455,0.013116821769292197,0.032678679518391054,3.725193677404161,1.4952471226723032,0.27196985598386764,0.45592613321283404
CBBT,20,batch,0,256,13,13,dual_base,shared,0.0036102544981986284,0.032678679518391054,0.013116821769292197,0.032678679518391054,2.491356526235276,1.0,0.9563978800603417,1.0
CBBT,20,batch,0,256,13,13,base,temporal,0.0015081027522683144,0.0001106744941345498,0.0001106744941345498,0.0002619762680692228,1.0,0.4224599997176306,1.0000000000000002,0.9849772492361417
CBBT,20,batch,0,256,13,13,tail,temporal,0.003052514512091875,0.000771774488360287,0.0001106744941345498,0.0002619762680692228,6.973372631114276,2.94597099977147,0.5477214165167913,0.6818549299157589
CBBT,20,batch,0,256,13,13,body,temporal,0.0014267370570451021,0.00010474051713112738,0.0001106744941345498,0.0002619762680692228,0.9463835181734978,0.3998091808203461,0.9843371019813922,0.9402771214512737
CBBT,20,batch,0,256,13,13,excess,temporal,4.9736474466044456e-05,7.376844414343684e-06,0.0001106744941345498,0.0002619762680692228,0.06665351824762322,0.028158445300069994,0.19579400633594612,0.3461264311239577
CBBT,20,batch,0,256,13,13,gate,temporal,0.0011518836254253983,0.00012978349921113818,0.0001106744941345498,0.0002619762680692228,1.1726595203891972,0.4954017406524971,0.6377017644072989,0.761075303424418
CBBT,20,batch,0,256,13,13,amp_true,temporal,0.0010157051729038358,0.0003656451285505822,0.0001106744941345498,0.0002619762680692228,3.30378856853918,1.3957185177321734,0.3197283522428603,0.47010689484977475
CBBT,20,batch,0,256,13,13,dual_base,temporal,0.0036102544981986284,0.0002619762680692228,0.0001106744941345498,0.0002619762680692228,2.3670880099142955,1.0,0.9849772492361417,0.9999999999999998
CBBT,20,batch,0,256,13,13,base,excess,0.0015081027522683144,0.0011793914175662877,0.0011793914175662877,0.002852343679628167,1.0,0.41348152608315203,0.9999999999999999,0.9992276799521147
CBBT,20,batch,0,256,13,13,tail,excess,0.003052514512091875,0.023627287394544328,0.0011793914175662877,0.002852343679628167,20.03345712257259,8.283464423762705,0.9999908642423642,0.9991068825074841
CBBT,20,batch,0,256,13,13,body,excess,0.0014267370570451021,0.0,0.0011793914175662877,0.002852343679628167,0.0,0.0,,
CBBT,20,batch,0,256,13,13,excess,excess,4.9736474466044456e-05,0.0008355728573339804,0.0011793914175662877,0.002852343679628167,0.7084779869419535,0.2929425592370784,0.9977573133577659,0.9996141753136725
CBBT,20,batch,0,256,13,13,gate,excess,0.0011518836254253983,0.0,0.0011793914175662877,0.002852343679628167,0.0,0.0,,
CBBT,20,batch,0,256,13,13,amp_true,excess,0.0010157051729038358,0.02987580252728495,0.0011793914175662877,0.002852343679628167,25.3315414054264,10.474124398354261,0.9953307554557881,0.9934469431235653
CBBT,20,batch,0,256,13,13,dual_base,excess,0.0036102544981986284,0.002852343679628167,0.0011793914175662877,0.002852343679628167,2.418487736254746,1.0,0.9992276799521147,1.0
CBBT,20,batch,0,256,13,13,base,full,0.0015081027522683144,0.01491157816535825,0.01491157816535825,0.03571299772925998,1.0,0.41753924659035435,1.0,0.9600108851701662
CBBT,20,batch,0,256,13,13,tail,full,0.003052514512091875,0.11151994004462673,0.01491157816535825,0.03571299772925998,7.4787483127509375,3.1226709359449103,0.43150026735612623,0.6232183541939037
CBBT,20,batch,0,256,13,13,body,full,0.0014267370570451021,0.014388436864486726,0.01491157816535825,0.03571299772925998,0.9649171070244693,0.40289076188914125,0.9824965192741586,0.9086314566011011
CBBT,20,batch,0,256,13,13,excess,full,4.9736474466044456e-05,0.0013281234071605642,0.01491157816535825,0.03571299772925998,0.0890665892256788,0.0371887965616625,0.10390951282809271,0.12960792593414003
CBBT,20,batch,0,256,13,13,gate,full,0.0011518836254253983,0.025125655019694552,0.01491157816535825,0.03571299772925998,1.6849762473877565,0.7035437128569265,0.3953713004060374,0.6359160721991561
CBBT,20,batch,0,256,13,13,amp_true,full,0.0010157051729038358,0.05727239454341391,0.01491157816535825,0.03571299772925998,3.8408003437534166,1.6036848818347758,0.2451724023542914,0.3973200869047493
CBBT,20,batch,0,256,13,13,dual_base,full,0.0036102544981986284,0.03571299772925998,0.01491157816535825,0.03571299772925998,2.3949844431776133,1.0,0.9600108851701662,0.9999999999999998
CBBT,20,batch,1,256,8,8,base,shared,0.0015854081138968468,0.008497562008851428,0.008497562008851428,0.01671602632156543,1.0,0.5083482070071091,1.0000000000000002,0.9800710256350966
CBBT,20,batch,1,256,8,8,tail,shared,0.0012392887147143483,0.05618143964109641,0.008497562008851428,0.01671602632156543,6.611477454659982,3.3609327097443282,0.07464737974974975,0.24935392142665253
CBBT,20,batch,1,256,8,8,body,shared,0.0015382387209683657,0.00857031924147594,0.008497562008851428,0.01671602632156543,1.008562130237911,0.5127007505617126,0.9767304651575737,0.9214741171801368
CBBT,20,batch,1,256,8,8,excess,shared,2.7908245101571083e-05,0.0008419427894176225,0.008497562008851428,0.01671602632156543,0.09908051139145774,0.050367400315194995,0.10976680440860133,0.23457945855830015
CBBT,20,batch,1,256,8,8,gate,shared,0.0004023575456812978,0.007747402323745473,0.008497562008851428,0.01671602632156543,0.9117205988818256,0.4634715317330238,-0.17204200021557334,0.026092985669587523
CBBT,20,batch,1,256,8,8,amp_true,shared,0.000708041712641716,0.03962789787249644,0.008497562008851428,0.01671602632156543,4.663443212443558,2.370652995525156,0.11165198244675226,0.26629257004349793
CBBT,20,batch,1,256,8,8,dual_base,shared,0.0033806420397013426,0.01671602632156543,0.008497562008851428,0.01671602632156543,1.9671555563999759,1.0,0.9800710256350966,0.9999999999999998
CBBT,20,batch,1,256,8,8,base,temporal,0.0015854081138968468,3.9032081788094596e-05,3.9032081788094596e-05,9.934502399139508e-05,1.0,0.39289418050244185,1.0000000000000002,0.9938438657324437
CBBT,20,batch,1,256,8,8,tail,temporal,0.0012392887147143483,0.00040009742236096714,3.9032081788094596e-05,9.934502399139508e-05,10.250476122003905,4.027352415714573,0.8846667674384779,0.9288647923409947
CBBT,20,batch,1,256,8,8,body,temporal,0.0015382387209683657,2.9519690552466422e-05,3.9032081788094596e-05,9.934502399139508e-05,0.7562930082163949,0.29714312168290696,0.9826765849170214,0.9572759259193341
CBBT,20,batch,1,256,8,8,excess,temporal,2.7908245101571083e-05,3.3850658453466767e-06,3.9032081788094596e-05,9.934502399139508e-05,0.08672521910884025,0.0340738338906625,0.8254959688126884,0.8720966533376354
CBBT,20,batch,1,256,8,8,gate,temporal,0.0004023575456812978,5.67958117092681e-05,3.9032081788094596e-05,9.934502399139508e-05,1.4551058797635468,0.5717026321739834,0.8875461906020448,0.9329732745437684
CBBT,20,batch,1,256,8,8,amp_true,temporal,0.000708041712641716,0.00026345906141613586,3.9032081788094596e-05,9.934502399139508e-05,6.7498080898286865,2.6519603180019944,0.8784138867506457,0.922536128661735
CBBT,20,batch,1,256,8,8,dual_base,temporal,0.0033806420397013426,9.934502399139508e-05,3.9032081788094596e-05,9.934502399139508e-05,2.545214588623272,1.0,0.9938438657324437,1.0
CBBT,20,batch,1,256,8,8,base,excess,0.0015854081138968468,0.00033981705715788895,0.00033981705715788895,0.0006575892822038538,1.0,0.5167618547842224,0.9999999999999999,0.9950768784830927
CBBT,20,batch,1,256,8,8,tail,excess,0.0012392887147143483,0.006908490817075265,0.00033981705715788895,0.0006575892822038538,20.330029560185903,10.505783783339737,0.9998429822494738,0.9935088004434386
CBBT,20,batch,1,256,8,8,body,excess,0.0015382387209683657,0.0,0.00033981705715788895,0.0006575892822038538,0.0,0.0,,
CBBT,20,batch,1,256,8,8,excess,excess,2.7908245101571083e-05,0.00016059592837119337,0.00033981705715788895,0.0006575892822038538,0.47259525379438444,0.24421919991300642,0.9792081397175844,0.9944834836689935
CBBT,20,batch,1,256,8,8,gate,excess,0.0004023575456812978,0.0,0.00033981705715788895,0.0006575892822038538,0.0,0.0,,
CBBT,20,batch,1,256,8,8,amp_true,excess,0.000708041712641716,0.013652972412682464,0.00033981705715788895,0.0006575892822038538,40.17741936461681,20.762157751302915,0.9887134576218127,0.9853121590724655
CBBT,20,batch,1,256,8,8,dual_base,excess,0.0033806420397013426,0.0006575892822038538,0.00033981705715788895,0.0006575892822038538,1.9351273526517492,1.0,0.9950768784830927,0.9999999999999999
CBBT,20,batch,1,256,8,8,base,full,0.0015854081138968468,0.009099425868635625,0.009099425868635625,0.017962530571252074,1.0,0.5065781701826967,0.9999999999999999,0.9814967410411588
CBBT,20,batch,1,256,8,8,tail,full,0.0012392887147143483,0.057439014388637154,0.009099425868635625,0.017962530571252074,6.312377859642875,3.197712825639655,0.10093369165420495,0.26166238273373804
CBBT,20,batch,1,256,8,8,body,full,0.0015382387209683657,0.009156076305685015,0.009099425868635625,0.017962530571252074,1.0062257155415328,0.5097319817698043,0.9788890813134381,0.9291903383004707
CBBT,20,batch,1,256,8,8,excess,full,2.7908245101571083e-05,0.0008571223441619829,0.009099425868635625,0.017962530571252074,0.09419521149310714,0.04771723787815033,0.10754280529791653,0.22125624851909956
CBBT,20,batch,1,256,8,8,gate,full,0.0004023575456812978,0.007979397540450846,0.009099425868635625,0.017962530571252074,0.8769121981590783,0.4442245767543122,-0.15360023779952275,0.037496877737135614
CBBT,20,batch,1,256,8,8,amp_true,full,0.000708041712641716,0.04191388726298811,0.009099425868635625,0.017962530571252074,4.606212289443346,2.33340659305926,0.11060761925929048,0.24604730376337172
CBBT,20,batch,1,256,8,8,dual_base,full,0.0033806420397013426,0.017962530571252074,0.009099425868635625,0.017962530571252074,1.9740290025512774,1.0,0.9814967410411588,0.9999999999999998
CBBT,20,batch,2,256,10,10,base,shared,0.0013387007638812065,0.01135560616502942,0.01135560616502942,0.03304651505752906,1.0,0.34362492218199103,0.9999999999999996,0.9736949820241964
CBBT,20,batch,2,256,10,10,tail,shared,0.0022073350846767426,0.11566154158319879,0.01135560616502942,0.03304651505752906,10.185413257760612,3.49996183808941,0.8071841492475286,0.9080250818217918
CBBT,20,batch,2,256,10,10,body,shared,0.0012888072524219751,0.009661698042035219,0.01135560616502942,0.03304651505752906,0.8508306735565787,0.2923666239909304,0.96999307434646,0.9119068458278201
CBBT,20,batch,2,256,10,10,excess,shared,3.421357541810721e-05,0.00166202345220113,0.01135560616502942,0.03304651505752906,0.14636149123588632,0.050293456036371594,0.48854257159005576,0.5390425669030953
CBBT,20,batch,2,256,10,10,gate,shared,0.001204123953357339,0.025431691617368555,0.01135560616502942,0.03304651505752906,2.239571472255499,0.7695725728748029,0.7738715121575068,0.8968151611975184
CBBT,20,batch,2,256,10,10,amp_true,shared,0.000917386612854898,0.05016404774806339,0.01135560616502942,0.03304651505752906,4.417557902153031,1.517982990361775,0.5417928947509769,0.6024954013760858
CBBT,20,batch,2,256,10,10,dual_base,shared,0.003297997172921896,0.03304651505752906,0.01135560616502942,0.03304651505752906,2.910149804182069,1.0,0.9736949820241964,1.0
CBBT,20,batch,2,256,10,10,base,temporal,0.0013387007638812065,8.928511201483771e-05,8.928511201483771e-05,0.0002449219327648569,1.0,0.3645451879581483,0.9999999999999998,0.9965902181276987
CBBT,20,batch,2,256,10,10,tail,temporal,0.0022073350846767426,0.0007246298379780243,8.928511201483771e-05,0.0002449219327648569,8.115908930680433,2.9586155465861133,0.9335916250223988,0.9582851154684722
CBBT,20,batch,2,256,10,10,body,temporal,0.0012888072524219751,7.536691080852819e-05,8.928511201483771e-05,0.0002449219327648569,0.8441150949780234,0.3077180959570737,0.9928400795466303,0.9808936618188101
CBBT,20,batch,2,256,10,10,excess,temporal,3.421357541810721e-05,7.601188301795407e-06,8.928511201483771e-05,0.0002449219327648569,0.08513388324508363,0.031035147469186064,0.748401616756278,0.7882338002874248
CBBT,20,batch,2,256,10,10,gate,temporal,0.001204123953357339,0.0001432108381826831,8.928511201483771e-05,0.0002449219327648569,1.6039722071344193,0.5847203497294629,0.958833321381109,0.9788650735142749
CBBT,20,batch,2,256,10,10,amp_true,temporal,0.000917386612854898,0.00024708398323114916,8.928511201483771e-05,0.0002449219327648569,2.767359279227738,1.0088275085938017,0.7936064392823007,0.8306634042961663
CBBT,20,batch,2,256,10,10,dual_base,temporal,0.003297997172921896,0.0002449219327648569,8.928511201483771e-05,0.0002449219327648569,2.7431441506637175,1.0,0.9965902181276987,0.9999999999999998
CBBT,20,batch,2,256,10,10,base,excess,0.0013387007638812065,0.0006504587914586159,0.0006504587914586159,0.0016401357469958849,1.0,0.3965883876685287,1.0,0.9970410050183993
CBBT,20,batch,2,256,10,10,tail,excess,0.0022073350846767426,0.013121751034085296,0.0006504587914586159,0.0016401357469958849,20.173070464095865,8.000405489679396,0.9999567293164427,0.9963520673303767
CBBT,20,batch,2,256,10,10,body,excess,0.0012888072524219751,0.0,0.0006504587914586159,0.0016401357469958849,0.0,0.0,,
CBBT,20,batch,2,256,10,10,excess,excess,3.421357541810721e-05,0.0004953018637917811,0.0006504587914586159,0.0016401357469958849,0.7614653999542317,0.3019883352332201,0.9918397457144323,0.9987013813649277
CBBT,20,batch,2,256,10,10,gate,excess,0.001204123953357339,0.0,0.0006504587914586159,0.0016401357469958849,0.0,0.0,,
CBBT,20,batch,2,256,10,10,amp_true,excess,0.000917386612854898,0.014039742517912644,0.0006504587914586159,0.0016401357469958849,21.584368913562287,8.560110066272381,0.9970373242427587,0.9985009005454958
CBBT,20,batch,2,256,10,10,dual_base,excess,0.003297997172921896,0.0016401357469958849,0.0006504587914586159,0.0016401357469958849,2.5215060024294176,1.0,0.9970410050183993,1.0000000000000002
CBBT,20,batch,2,256,10,10,base,full,0.0013387007638812065,0.012632932749703122,0.012632932749703122,0.03493496895234121,1.0,0.36161282315542204,1.0000000000000002,0.9676267777535437
CBBT,20,batch,2,256,10,10,tail,full,0.0022073350846767426,0.11900257195267486,0.012632932749703122,0.03493496895234121,9.42002734523157,3.4064026825104636,0.7828131272136345,0.8934479674224174
CBBT,20,batch,2,256,10,10,body,full,0.0012888072524219751,0.01110088970213329,0.012632932749703122,0.03493496895234121,0.878726256371005,0.3177586823471143,0.9730563510447634,0.9053025428568551
CBBT,20,batch,2,256,10,10,excess,full,3.421357541810721e-05,0.0017342565819226906,0.012632932749703122,0.03493496895234121,0.1372805995475157,0.0496424251668461,0.4354401060497292,0.502057005186777
CBBT,20,batch,2,256,10,10,gate,full,0.001204123953357339,0.02581047391058638,0.012632932749703122,0.03493496895234121,2.043110212170878,0.7388148518407847,0.6874152367558337,0.8473503601262002
CBBT,20,batch,2,256,10,10,amp_true,full,0.000917386612854898,0.05209170813516551,0.012632932749703122,0.03493496895234121,4.123484955335465,1.4911050359377669,0.4828260444597029,0.5614710490446497
CBBT,20,batch,2,256,10,10,dual_base,full,0.003297997172921896,0.03493496895234121,0.012632932749703122,0.03493496895234121,2.765388658715229,1.0,0.9676267777535437,1.0
CBBT,20,batch,3,256,10,10,base,shared,0.0015763365663588047,0.014022613844878698,0.014022613844878698,0.029225461841712947,1.0,0.47980811803167084,1.0,0.9963935786899784
CBBT,20,batch,3,256,10,10,tail,shared,0.004327422007918358,0.12669399703841144,0.014022613844878698,0.029225461841712947,9.034977247461057,4.335055429563255,0.5813680963668021,0.627189261353383
CBBT,20,batch,3,256,10,10,body,shared,0.0013820366002619267,0.012061820305993533,0.014022613844878698,0.029225461841712947,0.8601691838215113,0.4127161572782376,0.9322292722006618,0.9074598580242628
CBBT,20,batch,3,256,10,10,excess,shared,9.771376790013164e-05,0.0022973851060644436,0.014022613844878698,0.029225461841712947,0.16383429876046174,0.07860902655729564,0.28683896267325243,0.3374980002164973
CBBT,20,batch,3,256,10,10,gate,shared,0.00047698430716991425,0.00796555059549295,0.014022613844878698,0.029225461841712947,0.5680503423690946,0.27255516571936156,0.634969840721293,0.6907380073970778
CBBT,20,batch,3,256,10,10,amp_true,shared,0.0024139699526131153,0.07044218639517491,0.014022613844878698,0.029225461841712947,5.023470458105899,2.410301906491487,0.3970832560999357,0.44649035699347833
CBBT,20,batch,3,256,10,10,dual_base,shared,0.0033922928851097822,0.029225461841712947,0.014022613844878698,0.029225461841712947,2.0841664874331967,1.0,0.9963935786899784,0.9999999999999998
CBBT,20,batch,3,256,10,10,base,temporal,0.0015763365663588047,0.0001039034227101551,0.0001039034227101551,0.0002133262462964212,1.0,0.4870634744389547,1.0,0.9992465659402144
CBBT,20,batch,3,256,10,10,tail,temporal,0.004327422007918358,0.0008814500077352257,0.0001039034227101551,0.0002133262462964212,8.48335872624797,4.131934176118361,0.8063843696828554,0.8258635516383633
CBBT,20,batch,3,256,10,10,body,temporal,0.0013820366002619267,7.939555108585632e-05,0.0001039034227101551,0.0002133262462964212,0.7641283512607185,0.37217900968235557,0.962946612270211,0.9529524254945128
CBBT,20,batch,3,256,10,10,excess,temporal,9.771376790013164e-05,1.2171134059338962e-05,0.0001039034227101551,0.0002133262462964212,0.11713891363608953,0.05705408626759841,0.7578342772092825,0.7799267704560329
CBBT,20,batch,3,256,10,10,gate,temporal,0.00047698430716991425,3.992730797206724e-05,0.0001039034227101551,0.0002133262462964212,0.38427326964432046,0.18716547384698,0.7180500610396913,0.7427828687956047
CBBT,20,batch,3,256,10,10,amp_true,temporal,0.0024139699526131153,0.0004648634795686955,0.0001039034227101551,0.0002133262462964212,4.473995826542311,2.1791199519010807,0.6841031265934386,0.7086856689066776
CBBT,20,batch,3,256,10,10,dual_base,temporal,0.0033922928851097822,0.0002133262462964212,0.0001039034227101551,0.0002133262462964212,2.053120491434702,1.0,0.9992465659402144,0.9999999999999999
CBBT,20,batch,3,256,10,10,base,excess,0.0015763365663588047,0.0005022191748657584,0.0005022191748657584,0.0010768704132422223,1.0,0.4663691830418907,1.0,0.9897993207775243
CBBT,20,batch,3,256,10,10,tail,excess,0.004327422007918358,0.010053419574589446,0.0005022191748657584,0.0010768704132422223,20.017992298435626,9.335774714360282,0.9999826212555558,0.9902257581810313
CBBT,20,batch,3,256,10,10,body,excess,0.0013820366002619267,0.0,0.0005022191748657584,0.0010768704132422223,0.0,0.0,,
CBBT,20,batch,3,256,10,10,excess,excess,9.771376790013164e-05,0.0002930640243554204,0.0005022191748657584,0.0010768704132422223,0.5835381025301463,0.2721441881507994,0.9658643582665952,0.9929131818133325
CBBT,20,batch,3,256,10,10,gate,excess,0.00047698430716991425,0.0,0.0005022191748657584,0.0010768704132422223,0.0,0.0,,
CBBT,20,batch,3,256,10,10,amp_true,excess,0.0024139699526131153,0.026999661539853195,0.0005022191748657584,0.0010768704132422223,53.760714228145744,25.072340374328878,0.9391951922449792,0.8858021131603605
CBBT,20,batch,3,256,10,10,dual_base,excess,0.0033922928851097822,0.0010768704132422223,0.0005022191748657584,0.0010768704132422223,2.1442240104234696,1.0,0.9897993207775243,0.9999999999999998
CBBT,20,batch,3,256,10,10,base,full,0.0015763365663588047,0.014976435422094555,0.014976435422094555,0.030974643363288104,1.0,0.48350630696348834,0.9999999999999998,0.9963361772615839
CBBT,20,batch,3,256,10,10,tail,full,0.004327422007918358,0.12916618071998376,0.014976435422094555,0.030974643363288104,8.624627762186083,4.170061918229369,0.5720023410807876,0.6148700260931966
CBBT,20,batch,3,256,10,10,body,full,0.0013820366002619267,0.01303242629476339,0.014976435422094555,0.030974643363288104,0.8701954722508141,0.42074499912433977,0.9393542793443775,0.9164229284910298
CBBT,20,batch,3,256,10,10,excess,full,9.771376790013164e-05,0.002316001910175838,0.014976435422094555,0.030974643363288104,0.15464306725210916,0.07477089834457366,0.27051035218361674,0.3202473892575896
CBBT,20,batch,3,256,10,10,gate,full,0.00047698430716991425,0.008094087055412999,0.014976435422094555,0.030974643363288104,0.5404548430444196,0.26131332524093903,0.5886566815510412,0.6472229674149247
CBBT,20,batch,3,256,10,10,amp_true,full,0.0024139699526131153,0.07543926926607383,0.014976435422094555,0.030974643363288104,5.0371979139160965,2.4355169608017593,0.3584382219481669,0.40439300556257
CBBT,20,batch,3,256,10,10,dual_base,full,0.0033922928851097822,0.030974643363288104,0.014976435422094555,0.030974643363288104,2.06822534804187,1.0,0.9963361772615839,1.0
CBBT,20,accum4,0,1024,41,41,base,shared,0.001502137049101293,0.010120524885601953,0.010120524885601953,0.024933144005460872,1.0,0.40590648669840235,0.9999999999999999,0.9770500199079108
CBBT,20,accum4,0,1024,41,41,tail,shared,0.002706640079850331,0.09897321514964569,0.010120524885601953,0.024933144005460872,9.779454748483523,3.9695441187829545,0.6007895525586201,0.7438503246858711
CBBT,20,accum4,0,1024,41,41,body,shared,0.0014089549076743424,0.009025907144908502,0.010120524885601953,0.024933144005460872,0.8918418013821874,0.362004372289818,0.9565560138722947,0.8807275474305778
CBBT,20,accum4,0,1024,41,41,excess,shared,5.23930157214636e-05,0.0012632230125795426,0.010120524885601953,0.024933144005460872,0.12481793452992512,0.05066440928199311,0.29595216764858795,0.4358045991411732
CBBT,20,accum4,0,1024,41,41,gate,shared,0.0008088373579084873,0.01527680217954734,0.010120524885601953,0.024933144005460872,1.5094871414506381,0.6127106223026428,0.6369457603503043,0.7858156524571506
CBBT,20,accum4,0,1024,41,41,amp_true,shared,0.0012637758627533913,0.04976164369869413,0.010120524885601953,0.024933144005460872,4.916903447319016,1.9958030037365246,0.3997167997520875,0.5492599900115658
CBBT,20,accum4,0,1024,41,41,dual_base,shared,0.0034202966489829123,0.024933144005460872,0.010120524885601953,0.024933144005460872,2.463621629045368,1.0,0.9770500199079108,1.0000000000000004
CBBT,20,accum4,0,1024,41,41,base,temporal,0.001502137049101293,7.916875687177555e-05,7.916875687177555e-05,0.0001930674574872804,1.0,0.4100574892430606,1.0000000000000002,0.9943617485492787
CBBT,20,accum4,0,1024,41,41,tail,temporal,0.002706640079850331,0.0006936644107674994,7.916875687177555e-05,0.0001930674574872804,8.761845432169437,3.5928603390511795,0.8275295014250257,0.8815049898745978
CBBT,20,accum4,0,1024,41,41,body,temporal,0.0014089549076743424,6.487439557122324e-05,7.916875687177555e-05,0.0001930674574872804,0.8194444138651318,0.3360193189237874,0.9781453017379081,0.9511478452989742
CBBT,20,accum4,0,1024,41,41,excess,temporal,5.23930157214636e-05,7.488683585596238e-06,7.916875687177555e-05,0.0001930674574872804,0.09459140046527659,0.038787912178776196,0.6718440441110283,0.7415464962118687
CBBT,20,accum4,0,1024,41,41,gate,temporal,0.0008088373579084873,9.143038568286871e-05,7.916875687177555e-05,0.0001930674574872804,1.154879643126802,0.4735670468384984,0.8603266540206751,0.9094472594179909
CBBT,20,accum4,0,1024,41,41,amp_true,temporal,0.0012637758627533913,0.00033380747284832927,7.916875687177555e-05,0.0001930674574872804,4.21640412251231,1.7289680881114884,0.6851834127726042,0.7553647832496488
CBBT,20,accum4,0,1024,41,41,dual_base,temporal,0.0034202966489829123,0.0001930674574872804,7.916875687177555e-05,0.0001930674574872804,2.438682443883502,1.0,0.9943617485492787,1.0000000000000004
CBBT,20,accum4,0,1024,41,41,base,excess,0.001502137049101293,0.0006573665015171644,0.0006573665015171644,0.001513070009542558,1.0,0.43445874769264914,1.0000000000000002,0.9993744623758116
CBBT,20,accum4,0,1024,41,41,tail,excess,0.002706640079850331,0.01321351599409158,0.0006573665015171644,0.001513070009542558,20.100683505465426,8.732917783550798,0.9999743504340584,0.9991358796115773
CBBT,20,accum4,0,1024,41,41,body,excess,0.0014089549076743424,0.0,0.0006573665015171644,0.001513070009542558,0.0,0.0,,
CBBT,20,accum4,0,1024,41,41,excess,excess,5.23930157214636e-05,0.0004278698583855806,0.0006573665015171644,0.001513070009542558,0.6508847916620049,0.2827825914776655,0.9980354701655373,0.9996259233660444
CBBT,20,accum4,0,1024,41,41,gate,excess,0.0008088373579084873,0.0,0.0006573665015171644,0.001513070009542558,0.0,0.0,,
CBBT,20,accum4,0,1024,41,41,amp_true,excess,0.0012637758627533913,0.02101438041123108,0.0006573665015171644,0.001513070009542558,31.967525516939315,13.88857110292226,0.9963806499762523,0.9975633268841807
CBBT,20,accum4,0,1024,41,41,dual_base,excess,0.0034202966489829123,0.001513070009542558,0.0006573665015171644,0.001513070009542558,2.301714501804516,1.0,0.9993744623758116,1.0
CBBT,20,accum4,0,1024,41,41,base,full,0.001502137049101293,0.011026843398725556,0.011026843398725556,0.026448760416101464,1.0,0.41691342903210843,1.0,0.9764452942645221
CBBT,20,accum4,0,1024,41,41,tail,full,0.002706640079850331,0.10197763423228272,0.011026843398725556,0.026448760416101464,9.24812573687851,3.855667813082114,0.5934324227282536,0.7304411598802008
CBBT,20,accum4,0,1024,41,41,body,full,0.0014089549076743424,0.009965022718406527,0.011026843398725556,0.026448760416101464,0.9037058347594064,0.37676709840586803,0.9612543131377734,0.8889405101320947
CBBT,20,accum4,0,1024,41,41,excess,full,5.23930157214636e-05,0.0013337184842482435,0.011026843398725556,0.026448760416101464,0.12095197474214515,0.05042650253795271,0.2763575757122199,0.40746215809678404
CBBT,20,accum4,0,1024,41,41,gate,full,0.0008088373579084873,0.015536703895379153,0.011026843398725556,0.026448760416101464,1.4089892577212833,0.5874265429059854,0.5777242847586495,0.7393363137326435
CBBT,20,accum4,0,1024,41,41,amp_true,full,0.0012637758627533913,0.05401689890824646,0.011026843398725556,0.026448760416101464,4.898672898038032,2.0423225156276916,0.36107144417696724,0.4991974603003162
CBBT,20,accum4,0,1024,41,41,dual_base,full,0.0034202966489829123,0.026448760416101464,0.011026843398725556,0.026448760416101464,2.3985794900432085,1.0,0.9764452942645221,0.9999999999999999
CBBT,20,batch,4,256,9,9,base,shared,0.0013893141876906157,0.019600535784261772,0.019600535784261772,0.03888374780379308,1.0,0.5040804164034249,0.9999999999999997,0.9994281462794702
CBBT,20,batch,4,256,9,9,tail,shared,0.0016781709855422378,0.06498771989151,0.019600535784261772,0.03888374780379308,3.315609359193733,1.6713337464134697,0.5885991998575185,0.5868285184807474
CBBT,20,batch,4,256,9,9,body,shared,0.0013136158231645823,0.018206721449195485,0.019600535784261772,0.03888374780379308,0.928888967607434,0.4682347375841028,0.9923747349238611,0.9919220827207095
CBBT,20,batch,4,256,9,9,excess,shared,5.4779055062681437e-05,0.0012658275505554484,0.019600535784261772,0.03888374780379308,0.06458127290437862,0.0325541549375024,0.5164261110056408,0.5131383430949849
CBBT,20,batch,4,256,9,9,gate,shared,0.0004085863474756479,0.0030727960395566557,0.019600535784261772,0.03888374780379308,0.15677102265867415,0.07902520238177523,-0.07350735280126322,-0.041125649187133316
CBBT,20,batch,4,256,9,9,amp_true,shared,0.0015386585146188736,0.050698974445993486,0.019600535784261772,0.03888374780379308,2.586611662253752,1.3038602837828261,0.5429141037392441,0.541303995833987
CBBT,20,batch,4,256,9,9,dual_base,shared,0.0030167812947183847,0.03888374780379308,0.019600535784261772,0.03888374780379308,1.9838104545598563,1.0,0.9994281462794702,1.0000000000000002
CBBT,20,batch,4,256,9,9,base,temporal,0.0013893141876906157,0.00016660708328584354,0.00016660708328584354,0.00033293688632967706,1.0,0.5004164156231933,0.9999999999999999,0.9998876810212587
CBBT,20,batch,4,256,9,9,tail,temporal,0.0016781709855422378,0.00046894356801542125,0.00016660708328584354,0.00033293688632967706,2.814667652580333,1.4085058978747977,0.6439022272769671,0.6538107743513158
CBBT,20,batch,4,256,9,9,body,temporal,0.0013136158231645823,0.0001551508120003383,0.00016660708328584354,0.00033293688632967706,0.9312377897772209,0.4660066768531817,0.9950258766148656,0.9936220786682238
CBBT,20,batch,4,256,9,9,excess,temporal,5.4779055062681437e-05,8.888437398856287e-06,0.00016660708328584354,0.00033293688632967706,0.0533496969249898,0.026697064109787096,0.5879514021662898,0.5983494593339472
CBBT,20,batch,4,256,9,9,gate,temporal,0.0004085863474756479,1.2311169333584021e-05,0.00016660708328584354,0.00033293688632967706,0.07389343292482986,0.03697748684233621,0.22900204099804172,0.24322773683044474
CBBT,20,batch,4,256,9,9,amp_true,temporal,0.0015386585146188736,0.00037514430622842846,0.00016660708328584354,0.00033293688632967706,2.251670810326851,1.126773036067134,0.5966390871572403,0.6072559771321301
CBBT,20,batch,4,256,9,9,dual_base,temporal,0.0030167812947183847,0.00033293688632967706,0.00016660708328584354,0.00033293688632967706,1.9983357235686414,1.0,0.9998876810212587,1.0
CBBT,20,batch,4,256,9,9,base,excess,0.0013893141876906157,0.0007879604604178834,0.0007879604604178834,0.0017895326968110855,1.0,0.4403163249389153,1.0,0.9993443554337501
CBBT,20,batch,4,256,9,9,tail,excess,0.0016781709855422378,0.015834776740590795,0.0007879604604178834,0.0017895326968110855,20.095902695667053,8.848554021286159,0.9999940809341833,0.9993150054495866
CBBT,20,batch,4,256,9,9,body,excess,0.0013136158231645823,0.0,0.0007879604604178834,0.0017895326968110855,0.0,0.0,,
CBBT,20,batch,4,256,9,9,excess,excess,5.4779055062681437e-05,0.0005006565107388285,0.0007879604604178834,0.0017895326968110855,0.6353827836403272,0.27976941222196683,0.997934220898081,0.9996009706568766
CBBT,20,batch,4,256,9,9,gate,excess,0.0004085863474756479,0.0,0.0007879604604178834,0.0017895326968110855,0.0,0.0,,
CBBT,20,batch,4,256,9,9,amp_true,excess,0.0015386585146188736,0.021735338953796278,0.0007879604604178834,0.0017895326968110855,27.58430155526999,12.145818286823289,0.9928232588929664,0.9940009296947093
CBBT,20,batch,4,256,9,9,dual_base,excess,0.0030167812947183847,0.0017895326968110855,0.0007879604604178834,0.0017895326968110855,2.2710945367259074,1.0,0.9993443554337501,1.0000000000000002
CBBT,20,batch,4,256,9,9,base,full,0.0013893141876906157,0.02205252847035785,0.02205252847035785,0.0438303369294815,1.0,0.5031339025715932,1.0,0.9994979042064748
CBBT,20,batch,4,256,9,9,tail,full,0.0016781709855422378,0.06732298363589502,0.02205252847035785,0.0438303369294815,3.0528464673059124,1.5359905570475254,0.5351925509347172,0.5340192583749919
CBBT,20,batch,4,256,9,9,body,full,0.0013136158231645823,0.020801756122831378,0.02205252847035785,0.0438303369294815,0.94328213432724,0.47459722147012606,0.9929371205092201,0.9924449707068224
CBBT,20,batch,4,256,9,9,excess,full,5.4779055062681437e-05,0.0013612407316453564,0.02205252847035785,0.0438303369294815,0.06172719529531877,0.031057044663732623,0.4399469087107151,0.4383291760539211
CBBT,20,batch,4,256,9,9,gate,full,0.0004085863474756479,0.003192859802712422,0.02205252847035785,0.0438303369294815,0.14478429568764142,0.07284588772040253,-0.06140082792174431,-0.031678977469436535
CBBT,20,batch,4,256,9,9,amp_true,full,0.0015386585146188736,0.05516168026186217,0.02205252847035785,0.0438303369294815,2.501376671432863,1.2585274064995582,0.4574869846014933,0.4573544927905101
CBBT,20,batch,4,256,9,9,dual_base,full,0.0030167812947183847,0.0438303369294815,0.02205252847035785,0.0438303369294815,1.987542471077479,1.0,0.9994979042064748,0.9999999999999999
CBBT,20,batch,5,256,12,12,base,shared,0.0012680809013545513,0.015244438078485177,0.015244438078485177,0.03611333494442732,1.0,0.4221276739449277,1.0000000000000002,0.9870160176756994
CBBT,20,batch,5,256,12,12,tail,shared,0.0024680818896740675,0.09276856106504264,0.015244438078485177,0.03611333494442732,6.085403777261493,2.5688173415110707,0.613854257904871,0.7271942922480833
CBBT,20,batch,5,256,12,12,body,shared,0.0011771776480600238,0.013791742858193087,0.015244438078485177,0.03611333494442732,0.9047065419654718,0.3819016681626437,0.9829795489323628,0.9428982534714503
CBBT,20,batch,5,256,12,12,excess,shared,5.32916710653808e-05,0.0010691279079074738,0.015244438078485177,0.03611333494442732,0.07013232645264625,0.02960479583380188,0.4291144726852118,0.5436008236333061
CBBT,20,batch,5,256,12,12,gate,shared,0.0007869622204452753,0.01769112471922326,0.015244438078485177,0.03611333494442732,1.1604970040969333,0.4898779009594957,0.6689337830499311,0.7790270444168208
CBBT,20,batch,5,256,12,12,amp_true,shared,0.0009716113563627005,0.037622390602855514,0.015244438078485177,0.03611333494442732,2.4679421051244157,1.041786660266918,0.4109571823332113,0.531426111402966
CBBT,20,batch,5,256,12,12,dual_base,shared,0.002945323009043932,0.03611333494442732,0.015244438078485177,0.03611333494442732,2.3689515322571904,1.0,0.9870160176756994,0.9999999999999997
CBBT,20,batch,5,256,12,12,base,temporal,0.0012680809013545513,0.00012504883908764239,0.00012504883908764239,0.00029486997749579634,1.0,0.4240812854181639,1.0000000000000002,0.9904951582146687
CBBT,20,batch,5,256,12,12,tail,temporal,0.0024680818896740675,0.0007379057609472303,0.00012504883908764239,0.00029486997749579634,5.9009405151699,2.5024784388493737,0.6666361811998894,0.7620116359211371
CBBT,20,batch,5,256,12,12,body,temporal,0.0011771776480600238,0.00011196527614206007,0.00012504883908764239,0.00029486997749579634,0.8953723757770153,0.379710668047432,0.9844364008328025,0.9512863755766315
CBBT,20,batch,5,256,12,12,excess,temporal,5.32916710653808e-05,9.097184167149463e-06,0.00012504883908764239,0.00029486997749579634,0.07274904935961511,0.03085151036537503,0.4404715701265009,0.5543340800742798
CBBT,20,batch,5,256,12,12,gate,temporal,0.0007869622204452753,0.00013153384139141322,0.00012504883908764239,0.00029486997749579634,1.0518597561647551,0.4460740374739859,0.7398336232806348,0.8252560849353898
CBBT,20,batch,5,256,12,12,amp_true,temporal,0.0009716113563627005,0.00029000947430462935,0.00012504883908764239,0.00029486997749579634,2.3191696653926694,0.9835164528025364,0.43147700206244916,0.5457229294307532
CBBT,20,batch,5,256,12,12,dual_base,temporal,0.002945323009043932,0.00029486997749579634,0.00012504883908764239,0.00029486997749579634,2.3580385043729373,1.0,0.9904951582146687,1.0
CBBT,20,batch,5,256,12,12,base,excess,0.0012680809013545513,0.0010601929119688897,0.0010601929119688897,0.002651778501931727,1.0,0.39980447507081623,0.9999999999999998,0.9985391973001714
CBBT,20,batch,5,256,12,12,tail,excess,0.0024680818896740675,0.02125128997170032,0.0010601929119688897,0.002651778501931727,20.044738775167286,8.013976263937394,0.9999919138380888,0.9983757532662868
CBBT,20,batch,5,256,12,12,body,excess,0.0011771776480600238,0.0,0.0010601929119688897,0.002651778501931727,0.0,0.0,,
CBBT,20,batch,5,256,12,12,excess,excess,5.32916710653808e-05,0.0007940178699856323,0.0010601929119688897,0.002651778501931727,0.7489371613615655,0.2994284286591879,0.9960297739579853,0.9993810395852069
CBBT,20,batch,5,256,12,12,gate,excess,0.0007869622204452753,0.0,0.0010601929119688897,0.002651778501931727,0.0,0.0,,
CBBT,20,batch,5,256,12,12,amp_true,excess,0.0009716113563627005,0.02976124521990948,0.0010601929119688897,0.002651778501931727,28.07153762671335,11.223126365278798,0.96069429804573,0.9674375447274434
CBBT,20,batch,5,256,12,12,dual_base,excess,0.002945323009043932,0.002651778501931727,0.0010601929119688897,0.002651778501931727,2.501222628443248,1.0,0.9985391973001714,1.0000000000000002
CBBT,20,batch,5,256,12,12,base,full,0.0012680809013545513,0.016902203600946453,0.016902203600946453,0.03902122822608671,1.0,0.4331540643215041,1.0,0.9858779166071729
CBBT,20,batch,5,256,12,12,tail,full,0.0024680818896740675,0.09718973045133744,0.016902203600946453,0.03902122822608671,5.750121862565614,2.4906886551142327,0.5854059912029875,0.6958832197923561
CBBT,20,batch,5,256,12,12,body,full,0.0011771776480600238,0.015519863047668055,0.016902203600946453,0.03902122822608671,0.918215364936144,0.3977287172445439,0.9836296030670221,0.9440098991790137
CBBT,20,batch,5,256,12,12,excess,full,5.32916710653808e-05,0.001331727772978822,0.016902203600946453,0.03902122822608671,0.07879018644079348,0.03412828948547876,0.3479603746528959,0.4443812372223286
CBBT,20,batch,5,256,12,12,gate,full,0.0007869622204452753,0.018219967753868818,0.016902203600946453,0.03902122822608671,1.0779640444544507,0.4669245070478918,0.5887840957996648,0.7147010081357961
CBBT,20,batch,5,256,12,12,amp_true,full,0.0009716113563627005,0.04797057422747216,0.016902203600946453,0.03902122822608671,2.8381254515704692,1.2293455744020527,0.3280795267386465,0.4265161553619731
CBBT,20,batch,5,256,12,12,dual_base,full,0.002945323009043932,0.03902122822608671,0.016902203600946453,0.03902122822608671,2.308647389852864,1.0,0.9858779166071729,1.0
CBBT,20,batch,6,256,9,9,base,shared,0.0016657140804454684,0.014793647824117713,0.014793647824117713,0.029633661507997774,1.0,0.49921768257105464,1.0,0.9974747742697319
CBBT,20,batch,6,256,9,9,tail,shared,0.0027789799496531487,0.06114405171221639,0.014793647824117713,0.029633661507997774,4.133128788731524,2.0633309756782614,0.21162016535960676,0.25799096317536835
CBBT,20,batch,6,256,9,9,body,shared,0.001527779153548181,0.014625291041255591,0.014793647824117713,0.029633661507997774,0.9886196572431815,0.49353641423313144,0.990899363027829,0.980610936261395
CBBT,20,batch,6,256,9,9,excess,shared,9.906147897709161e-05,0.0012392829457580504,0.014793647824117713,0.029633661507997774,0.08377128889993436,0.04182010871061555,0.08316599576913561,0.14030145038083322
CBBT,20,batch,6,256,9,9,gate,shared,0.0003704867558553815,0.004479665977771439,0.014793647824117713,0.029633661507997774,0.302810100053102,0.15116815640761877,0.03021461053814795,0.08417873459492695
CBBT,20,batch,6,256,9,9,amp_true,shared,0.00224476121366024,0.04380765721122952,0.014793647824117713,0.029633661507997774,2.961247809334152,1.4783072688944074,0.15668627066901575,0.20441266389381837
CBBT,20,batch,6,256,9,9,dual_base,shared,0.0035768593661487103,0.029633661507997774,0.014793647824117713,0.029633661507997774,2.003134173552973,1.0,0.9974747742697319,0.9999999999999999
CBBT,20,batch,6,256,9,9,base,temporal,0.0016657140804454684,0.00010763204355228542,0.00010763204355228542,0.00021621865781114798,1.0,0.49779258016805633,1.0000000000000002,0.9995087932194043
CBBT,20,batch,6,256,9,9,tail,temporal,0.0027789799496531487,0.0003985264709963916,0.00010763204355228542,0.00021621865781114798,3.702674945522108,1.8431641146550677,0.5462793383914598,0.557057860754545
CBBT,20,batch,6,256,9,9,body,temporal,0.001527779153548181,0.00010421469917586221,0.00010763204355228542,0.00021621865781114798,0.9682497492044445,0.4819875409035539,0.9963693383718087,0.9937911566659798
CBBT,20,batch,6,256,9,9,excess,temporal,9.906147897709161e-05,4.574141733679723e-06,0.00010763204355228542,0.00021621865781114798,0.04249795490928963,0.021155166626161,0.28407177859249494,0.31080757901135875
CBBT,20,batch,6,256,9,9,gate,temporal,0.0003704867558553815,2.002463848773689e-05,0.00010763204355228542,0.00021621865781114798,0.1860471828541408,0.09261290718596091,0.210749515548575,0.22890798837553075
CBBT,20,batch,6,256,9,9,amp_true,temporal,0.00224476121366024,0.0002628647239923876,0.00010763204355228542,0.00021621865781114798,2.4422533970071223,1.215735619920376,0.4567107190855493,0.4696119604668698
CBBT,20,batch,6,256,9,9,dual_base,temporal,0.0035768593661487103,0.00021621865781114798,0.00010763204355228542,0.00021621865781114798,2.008868833807038,1.0,0.9995087932194043,1.0
CBBT,20,batch,6,256,9,9,base,excess,0.0016657140804454684,0.00017623524227895868,0.00017623524227895868,0.0003866090852394983,1.0,0.45584868283626523,0.9999999999999998,0.4134738885818919
CBBT,20,batch,6,256,9,9,tail,excess,0.0027789799496531487,0.003995278588055722,0.00017623524227895868,0.0003866090852394983,22.670145519087992,10.334155974582721,0.9955881832313561,0.38577499249020736
CBBT,20,batch,6,256,9,9,body,excess,0.001527779153548181,0.0,0.00017623524227895868,0.0003866090852394983,0.0,0.0,,
CBBT,20,batch,6,256,9,9,excess,excess,9.906147897709161e-05,0.00017534698562902205,0.00017623524227895868,0.0003866090852394983,0.9949598239350412,0.4535511252157909,-0.0422149674597392,0.8922445654924493
CBBT,20,batch,6,256,9,9,gate,excess,0.0003704867558553815,0.0,0.00017623524227895868,0.0003866090852394983,0.0,0.0,,
CBBT,20,batch,6,256,9,9,amp_true,excess,0.00224476121366024,0.011088028531617314,0.00017623524227895868,0.0003866090852394983,62.91606825192393,28.680206841876085,0.8484568333044006,-0.07442242397637426
CBBT,20,batch,6,256,9,9,dual_base,excess,0.0035768593661487103,0.0003866090852394983,0.00017623524227895868,0.0003866090852394983,2.193710407975856,1.0,0.4134738885818919,0.9999999999999998
CBBT,20,batch,6,256,9,9,base,full,0.0016657140804454684,0.016649875669356714,0.016649875669356714,0.03333345031256311,1.0,0.4994945171661846,1.0,0.9978258323166356
CBBT,20,batch,6,256,9,9,tail,full,0.0027789799496531487,0.0621716621214544,0.016649875669356714,0.03333345031256311,3.734061644428872,1.8651433181527686,0.20650904787123128,0.24695315425236997
CBBT,20,batch,6,256,9,9,body,full,0.001527779153548181,0.01648813462695951,0.016649875669356714,0.03333345031256311,0.9902857507401763,0.494642302922517,0.9927255012361553,0.9844468283312733
CBBT,20,batch,6,256,9,9,excess,full,9.906147897709161e-05,0.0012516264558629045,0.016649875669356714,0.03333345031256311,0.07517332145407321,0.03754866190348068,0.07310281053708632,0.12494862975305546
CBBT,20,batch,6,256,9,9,gate,full,0.0003704867558553815,0.004611431352231366,0.016649875669356714,0.03333345031256311,0.2769649121595833,0.13834245507112578,0.02721951743814064,0.07716600447061882
CBBT,20,batch,6,256,9,9,amp_true,full,0.00224476121366024,0.045189104959653156,0.016649875669356714,0.03333345031256311,2.7140806248073974,1.3556683912382677,0.13716559918836502,0.17595706031514866
CBBT,20,batch,6,256,9,9,dual_base,full,0.0035768593661487103,0.03333345031256311,0.016649875669356714,0.03333345031256311,2.0020239775070334,1.0,0.9978258323166356,1.0
CBBT,20,batch,7,256,12,12,base,shared,0.0014181432779878378,0.010476031740329792,0.010476031740329792,0.024400878104373663,1.0,0.4293301124459143,1.0,0.9851274744805263
CBBT,20,batch,7,256,12,12,tail,shared,0.0025232043117284775,0.10475322370862106,0.010476031740329792,0.024400878104373663,9.999322864339026,4.293010409729676,0.6208507124923087,0.7347469139285288
CBBT,20,batch,7,256,12,12,body,shared,0.0013479308690875769,0.009360307455295076,0.010476031740329792,0.024400878104373663,0.8934974317861705,0.3836053528588922,0.9710654582234758,0.9227251103998922
CBBT,20,batch,7,256,12,12,excess,shared,4.4472282752394676e-05,0.0013053832724664945,0.010476031740329792,0.024400878104373663,0.12460665496469756,0.053497389187502846,0.4632883863759201,0.570366038596317
CBBT,20,batch,7,256,12,12,gate,shared,0.0010679973056539893,0.01094424782171697,0.010476031740329792,0.024400878104373663,1.0446940304299266,0.44851860555605577,0.5967926358735454,0.7233636604531287
CBBT,20,batch,7,256,12,12,amp_true,shared,0.0009059978765435517,0.043319696528290624,0.010476031740329792,0.024400878104373663,4.1351245969904715,1.7753335082037853,0.49280065091074254,0.6047430175452402
CBBT,20,batch,7,256,12,12,dual_base,shared,0.0033890174236148596,0.024400878104373663,0.010476031740329792,0.024400878104373663,2.329210020473411,1.0,0.9851274744805263,1.0000000000000002
CBBT,20,batch,7,256,12,12,base,temporal,0.0014181432779878378,8.67935949229593e-05,8.67935949229593e-05,0.00020652013573365467,1.0,0.42026698566039805,1.0,0.9953989754028828
CBBT,20,batch,7,256,12,12,tail,temporal,0.0025232043117284775,0.0007621344342825289,8.67935949229593e-05,0.00020652013573365467,8.780998585886703,3.690363806778822,0.8285725099004027,0.8758945748116558
CBBT,20,batch,7,256,12,12,body,temporal,0.0013479308690875769,7.521580033808018e-05,8.67935949229593e-05,0.00020652013573365467,0.8666054264124451,0.3642056503153022,0.9863150217384999,0.9674908095073476
CBBT,20,batch,7,256,12,12,excess,temporal,4.4472282752394676e-05,7.395171767871175e-06,8.67935949229593e-05,0.00020652013573365467,0.0852041187421187,0.03580847814960085,0.6626394079536999,0.7204414530742036
CBBT,20,batch,7,256,12,12,gate,temporal,0.0010679973056539893,8.203963743301608e-05,8.67935949229593e-05,0.00020652013573365467,0.9452268627176581,0.39724764435958504,0.8491265468643295,0.8957324772305626
CBBT,20,batch,7,256,12,12,amp_true,temporal,0.0009059978765435517,0.0002807420909678288,8.67935949229593e-05,0.00020652013573365467,3.2345945713738926,1.359393310344793,0.688839501875674,0.746932872323141
CBBT,20,batch,7,256,12,12,dual_base,temporal,0.0033890174236148596,0.00020652013573365467,8.67935949229593e-05,0.00020652013573365467,2.379439818306505,1.0,0.9953989754028828,1.0
CBBT,20,batch,7,256,12,12,base,excess,0.0014181432779878378,0.0007327495029285211,0.0007327495029285211,0.001604796051804394,1.0,0.45659976674583364,1.0,0.9989586246699931
CBBT,20,batch,7,256,12,12,tail,excess,0.0025232043117284775,0.014975478619788644,0.0007327495029285211,0.001604796051804394,20.437378067043856,9.331702058308641,0.9999001408919873,0.998291214828979
CBBT,20,batch,7,256,12,12,body,excess,0.0013479308690875769,0.0,0.0007327495029285211,0.001604796051804394,0.0,0.0,,
CBBT,20,batch,7,256,12,12,excess,excess,4.4472282752394676e-05,0.00043714059478435705,0.0007327495029285211,0.001604796051804394,0.5965757643468502,0.27239635484698926,0.9964184573536714,0.9992353242842769
CBBT,20,batch,7,256,12,12,gate,excess,0.0010679973056539893,0.0,0.0007327495029285211,0.001604796051804394,0.0,0.0,,
CBBT,20,batch,7,256,12,12,amp_true,excess,0.0009059978765435517,0.015726735955582313,0.0007327495029285211,0.001604796051804394,21.462636129712173,9.799834650577282,0.9954561259414446,0.9951882251041041
CBBT,20,batch,7,256,12,12,dual_base,excess,0.0033890174236148596,0.001604796051804394,0.0007327495029285211,0.001604796051804394,2.1901018634480605,1.0,0.9989586246699931,1.0
CBBT,20,batch,7,256,12,12,base,full,0.0014181432779878378,0.011704682834183128,0.011704682834183128,0.026573741207334314,1.0,0.44046048100117163,1.0,0.985408834525212
CBBT,20,batch,7,256,12,12,tail,full,0.0025232043117284775,0.10809357875952977,0.011704682834183128,0.026573741207334314,9.2350711498005,4.067683880721172,0.6050521208331827,0.7139565693998795
CBBT,20,batch,7,256,12,12,body,full,0.0013479308690875769,0.010688434605747733,0.011704682834183128,0.026573741207334314,0.9131759277177954,0.40221790836127136,0.974243596589979,0.9295679383880934
CBBT,20,batch,7,256,12,12,excess,full,4.4472282752394676e-05,0.001376632626245563,0.011704682834183128,0.026573741207334314,0.11761383420191056,0.05180424598496558,0.41300351849965994,0.51578438169571
CBBT,20,batch,7,256,12,12,gate,full,0.0010679973056539893,0.01117860827310314,0.011704682834183128,0.026573741207334314,0.955054351447815,0.4206636990209666,0.5250422716226919,0.6599305676534818
CBBT,20,batch,7,256,12,12,amp_true,full,0.0009059978765435517,0.046086075241007454,0.011704682834183128,0.026573741207334314,3.9374048740914738,1.7342712447386883,0.43586109924678884,0.5424713413070168
CBBT,20,batch,7,256,12,12,dual_base,full,0.0033890174236148596,0.026573741207334314,0.011704682834183128,0.026573741207334314,2.270351241789022,1.0,0.985408834525212,0.9999999999999999
CBBT,20,accum4,1,1024,42,42,base,shared,0.0014353131118696183,0.014180035219838698,0.014180035219838698,0.03039820741402182,1.0,0.4664760334945887,1.0000000000000002,0.9960275355368741
CBBT,20,accum4,1,1024,42,42,tail,shared,0.002362109284149483,0.0786711069765616,0.014180035219838698,0.03039820741402182,5.548019152060788,2.5880179678053277,0.5638639169985762,0.6319165088816264
CBBT,20,accum4,1,1024,42,42,body,shared,0.001341625873465091,0.013234458800336123,0.014180035219838698,0.03039820741402182,0.9333163560708468,0.43536971177555184,0.9873235360669972,0.9700227534795015
CBBT,20,accum4,1,1024,42,42,excess,shared,6.290112196438713e-05,0.000999142766475,0.014180035219838698,0.03039820741402182,0.07046123306359217,0.032868476514642246,0.41327692412468847,0.4837115045958352
CBBT,20,accum4,1,1024,42,42,gate,shared,0.0006585081573575735,0.007635648112957714,0.014180035219838698,0.03039820741402182,0.5384787833442751,0.2511874469754295,0.5775002877162692,0.6469887810185951
CBBT,20,accum4,1,1024,42,42,amp_true,shared,0.0014152572402963415,0.04144268714754304,0.014180035219838698,0.03039820741402182,2.922608195610283,1.363326678547062,0.4413530337455233,0.5128423637455302
CBBT,20,accum4,1,1024,42,42,dual_base,shared,0.0032319952733814716,0.03039820741402182,0.014180035219838698,0.03039820741402182,2.1437328569884615,1.0,0.9960275355368741,1.0
CBBT,20,accum4,1,1024,42,42,base,temporal,0.0014353131118696183,0.00012021859617683788,0.00012021859617683788,0.0002586958897847393,1.0,0.4647101130090304,1.0,0.9976369371783731
CBBT,20,accum4,1,1024,42,42,tail,temporal,0.002362109284149483,0.0005884688776474921,0.00012021859617683788,0.0002586958897847393,4.894990428784182,2.2747515553384194,0.6817197167446876,0.7297593355541685
CBBT,20,accum4,1,1024,42,42,body,temporal,0.001341625873465091,0.00011080218061199517,0.00012021859617683788,0.0002586958897847393,0.9216725542944166,0.42831055686348013,0.9919539646122663,0.9810362011156506
CBBT,20,accum4,1,1024,42,42,excess,temporal,6.290112196438713e-05,6.371310815037625e-06,0.00012021859617683788,0.0002586958897847393,0.05299771431090096,0.024628573806639097,0.5337822011594738,0.5892612824381641
CBBT,20,accum4,1,1024,42,42,gate,temporal,0.0006585081573575735,5.971483017994692e-05,0.00012021859617683788,0.0002586958897847393,0.4967187446783044,0.23083022397315858,0.7079194636628181,0.7547111183723539
CBBT,20,accum4,1,1024,42,42,amp_true,temporal,0.0014152572402963415,0.00029744748708403185,0.00012021859617683788,0.0002586958897847393,2.474221930245265,1.1497959528136985,0.5458901805278138,0.6005228404393514
CBBT,20,accum4,1,1024,42,42,dual_base,temporal,0.0032319952733814716,0.0002586958897847393,0.00012021859617683788,0.0002586958897847393,2.1518791435911093,1.0,0.9976369371783731,1.0000000000000004
CBBT,20,accum4,1,1024,42,42,base,excess,0.0014353131118696183,0.000672622086377241,0.000672622086377241,0.0014641815288629209,1.0,0.4593843544110253,1.0000000000000002,0.9989592425970131
CBBT,20,accum4,1,1024,42,42,tail,excess,0.002362109284149483,0.013664017486569011,0.000672622086377241,0.0014641815288629209,20.314553689671037,9.332188131877642,0.9999149121150821,0.9983509166858741
CBBT,20,accum4,1,1024,42,42,body,excess,0.001341625873465091,0.0,0.000672622086377241,0.0014641815288629209,0.0,0.0,,
CBBT,20,accum4,1,1024,42,42,excess,excess,6.290112196438713e-05,0.00039594821195312386,0.000672622086377241,0.0014641815288629209,0.588663708748713,0.27042289780872736,0.9964757107414016,0.9992619152691224
CBBT,20,accum4,1,1024,42,42,gate,excess,0.0006585081573575735,0.0,0.000672622086377241,0.0014641815288629209,0.0,0.0,,
CBBT,20,accum4,1,1024,42,42,amp_true,excess,0.0014152572402963415,0.018877705484270587,0.000672622086377241,0.0014641815288629209,28.065842419695688,12.893008900973474,0.9934828032631197,0.9955131933195811
CBBT,20,accum4,1,1024,42,42,dual_base,excess,0.0032319952733814716,0.0014641815288629209,0.000672622086377241,0.0014641815288629209,2.176826420834675,1.0,0.9989592425970131,1.0
CBBT,20,accum4,1,1024,42,42,base,full,0.0014353131118696183,0.016018174568443254,0.016018174568443254,0.0338609012084515,1.0,0.4730581288972074,1.0000000000000004,0.9960960090869481
CBBT,20,accum4,1,1024,42,42,tail,full,0.002362109284149483,0.08120801758532628,0.016018174568443254,0.0338609012084515,5.069742325402724,2.3982828184459897,0.5328093303336723,0.5973019893961459
CBBT,20,accum4,1,1024,42,42,body,full,0.001341625873465091,0.015152998167835913,0.016018174568443254,0.0338609012084515,0.9459878279568891,0.44750723185281926,0.9888887073650958,0.9734252896330596
CBBT,20,accum4,1,1024,42,42,excess,full,6.290112196438713e-05,0.001074737760734307,0.016018174568443254,0.0338609012084515,0.06709489624689217,0.03173978607710708,0.3555342888497157,0.41962086396690584
CBBT,20,accum4,1,1024,42,42,gate,full,0.0006585081573575735,0.007900222512542127,0.016018174568443254,0.0338609012084515,0.49320367179079383,0.2333140061425853,0.49639077722355,0.5701389125828018
CBBT,20,accum4,1,1024,42,42,amp_true,full,0.0014152572402963415,0.04553969787295463,0.016018174568443254,0.0338609012084515,2.8430017214739634,1.3449050748120126,0.372849411718116,0.4368223234262854
CBBT,20,accum4,1,1024,42,42,dual_base,full,0.0032319952733814716,0.0338609012084515,0.016018174568443254,0.0338609012084515,2.1139051184496056,1.0,0.9960960090869481,1.0
CBBT,20,batch,8,256,18,18,base,shared,0.0013518601190298796,0.017120780076253093,0.017120780076253093,0.04931509453399432,1.0,0.3471711904445655,0.9999999999999998,0.9792658673649594
CBBT,20,batch,8,256,18,18,tail,shared,0.004824387840926647,0.19708328919724935,0.017120780076253093,0.04931509453399432,11.51134985202037,3.996409031749785,0.8650803430720555,0.9127895965480138
CBBT,20,batch,8,256,18,18,body,shared,0.0011739449109882116,0.01204846654480105,0.017120780076253093,0.04931509453399432,0.7037335034466417,0.24431599814729535,0.9420613271810561,0.8784369310950543
CBBT,20,batch,8,256,18,18,excess,shared,0.00011365010868757963,0.004186881992787486,0.017120780076253093,0.04931509453399432,0.24454972110732182,0.0849006177997154,0.7532583970151339,0.805625965702554
CBBT,20,batch,8,256,18,18,gate,shared,0.0015524785267189145,0.03355210067756019,0.017120780076253093,0.04931509453399432,1.9597296693330994,0.6803616822519069,0.8045431889269828,0.9061264378517987
CBBT,20,batch,8,256,18,18,amp_true,shared,0.002877011662349105,0.11327524722745505,0.017120780076253093,0.04931509453399432,6.616243344225324,2.2969690780856387,0.7786247267874078,0.8308566638635355
CBBT,20,batch,8,256,18,18,dual_base,shared,0.003529344452545047,0.04931509453399432,0.017120780076253093,0.04931509453399432,2.8804233401955477,1.0,0.9792658673649594,1.0
CBBT,20,batch,8,256,18,18,base,temporal,0.0013518601190298796,0.00013291563542498652,0.00013291563542498652,0.0003683852235155645,1.0,0.3608060989975369,1.0000000000000002,0.9955116952606933
CBBT,20,batch,8,256,18,18,tail,temporal,0.004824387840926647,0.0012998694497938974,0.00013291563542498652,0.0003683852235155645,9.779657943459206,3.5285602321097906,0.8932151545342161,0.9300428657750681
CBBT,20,batch,8,256,18,18,body,temporal,0.0011739449109882116,9.821548277227027e-05,0.00013291563542498652,0.0003683852235155645,0.7389309952755713,0.26661080983374624,0.9679713188197627,0.9411831113061556
CBBT,20,batch,8,256,18,18,excess,temporal,0.00011365010868757963,2.6460808262148804e-05,0.00013291563542498652,0.0003683852235155645,0.19907972585424283,0.07182917927496844,0.7457538144737575,0.7999591426666608
CBBT,20,batch,8,256,18,18,gate,temporal,0.0015524785267189145,0.00020556899608179224,0.00013291563542498652,0.0003683852235155645,1.5466125969642528,0.5580272577711218,0.9653840785977098,0.9849926590629996
CBBT,20,batch,8,256,18,18,amp_true,temporal,0.002877011662349105,0.0007071648756904783,0.00013291563542498652,0.0003683852235155645,5.320403979782952,1.9196342050364572,0.7801113286708591,0.8311355820656559
CBBT,20,batch,8,256,18,18,dual_base,temporal,0.003529344452545047,0.0003683852235155645,0.00013291563542498652,0.0003683852235155645,2.771571774364121,1.0,0.9955116952606933,1.0000000000000002
CBBT,20,batch,8,256,18,18,base,excess,0.0013518601190298796,0.0027161139871672187,0.0027161139871672187,0.007509498967172533,1.0,0.3616904402065437,1.0000000000000002,0.9996184354501318
CBBT,20,batch,8,256,18,18,tail,excess,0.004824387840926647,0.056358990968812944,0.0027161139871672187,0.007509498967172533,20.749862205743717,7.5050267954205685,0.9999111371524269,0.9992072510048091
CBBT,20,batch,8,256,18,18,body,excess,0.0011739449109882116,0.0,0.0027161139871672187,0.007509498967172533,0.0,0.0,,
CBBT,20,batch,8,256,18,18,excess,excess,0.00011365010868757963,0.002398737776048191,0.0027161139871672187,0.007509498967172533,0.8831506289432145,0.31942713975115716,0.9990597725241124,0.9998740931548606
CBBT,20,batch,8,256,18,18,gate,excess,0.0015524785267189145,0.0,0.0027161139871672187,0.007509498967172533,0.0,0.0,,
CBBT,20,batch,8,256,18,18,amp_true,excess,0.002877011662349105,0.058838466481981676,0.0027161139871672187,0.007509498967172533,21.662738294480594,7.835205349809837,0.9970759884182225,0.9962618082638451
CBBT,20,batch,8,256,18,18,dual_base,excess,0.003529344452545047,0.007509498967172533,0.0027161139871672187,0.007509498967172533,2.764795219439444,1.0,0.9996184354501318,0.9999999999999999
CBBT,20,batch,8,256,18,18,base,full,0.0013518601190298796,0.018618431658636896,0.018618431658636896,0.05173375497381011,1.0,0.35988943134056983,0.9999999999999999,0.9745688233570637
CBBT,20,batch,8,256,18,18,tail,full,0.004824387840926647,0.20713959907742208,0.018618431658636896,0.05173375497381011,11.125512764730223,4.003954462271011,0.8404415394915299,0.8995864733210641
CBBT,20,batch,8,256,18,18,body,full,0.0011739449109882116,0.01372318471138301,0.018618431658636896,0.05173375497381011,0.7370752253999314,0.2652655837244037,0.9350029216076995,0.8587239388118809
CBBT,20,batch,8,256,18,18,excess,full,0.00011365010868757963,0.0048253418262096965,0.018618431658636896,0.05173375497381011,0.259170155396589,0.09327259984612553,0.673469550092002,0.7384994263312264
CBBT,20,batch,8,256,18,18,gate,full,0.0015524785267189145,0.03402490134939061,0.018618431658636896,0.05173375497381011,1.8274848265002392,0.657692474992691,0.7321089864204933,0.8617737740037867
CBBT,20,batch,8,256,18,18,amp_true,full,0.002877011662349105,0.12764500292762088,0.018618431658636896,0.05173375497381011,6.8558407747737276,2.4673446377948087,0.7024379751661186,0.7695112621002704
CBBT,20,batch,8,256,18,18,dual_base,full,0.003529344452545047,0.05173375497381011,0.018618431658636896,0.05173375497381011,2.7786311931279863,1.0,0.9745688233570637,1.0
CBBT,20,batch,9,256,19,19,base,shared,0.0015162080526351929,0.012451567455234723,0.012451567455234723,0.0319001540259308,1.0,0.3903293835231382,1.0,0.9895238678066798
CBBT,20,batch,9,256,19,19,tail,shared,0.003911267966032028,0.16094028863911042,0.012451567455234723,0.0319001540259308,12.925303518429724,5.045125754198123,0.7574550788206279,0.8197155806088108
CBBT,20,batch,9,256,19,19,body,shared,0.0013394858688116074,0.009146670176600475,0.012451567455234723,0.0319001540259308,0.7345798197282506,0.286728088183066,0.9090260066843885,0.8509836846814227
CBBT,20,batch,9,256,19,19,excess,shared,0.00013107599806971848,0.003502393730168056,0.012451567455234723,0.0319001540259308,0.28128135214780736,0.1097923767804084,0.6185346982263873,0.6953828160869977
CBBT,20,batch,9,256,19,19,gate,shared,0.0010747862979769707,0.015368952203650426,0.012451567455234723,0.0319001540259308,1.2342985940448177,0.48178300929698986,0.8438715609413453,0.9034905514730572
CBBT,20,batch,9,256,19,19,amp_true,shared,0.003744207788258791,0.1496425122918434,0.012451567455234723,0.0319001540259308,12.01796583681781,4.690965196287231,0.7196130545855088,0.7846741209113243
CBBT,20,batch,9,256,19,19,dual_base,shared,0.0036552390083670616,0.0319001540259308,0.012451567455234723,0.0319001540259308,2.5619388193989794,1.0,0.9895238678066798,1.0
CBBT,20,batch,9,256,19,19,base,temporal,0.0015162080526351929,9.598930772382276e-05,9.598930772382276e-05,0.0002354588203260079,1.0,0.40766919493998727,1.0000000000000002,0.9985989076600197
CBBT,20,batch,9,256,19,19,tail,temporal,0.003911267966032028,0.0010519891006664115,9.598930772382276e-05,0.0002354588203260079,10.959440437815841,4.467826260277126,0.9267491300288058,0.9437292917227097
CBBT,20,batch,9,256,19,19,body,temporal,0.0013394858688116074,6.826231089408255e-05,9.598930772382276e-05,0.0002354588203260079,0.711144944294052,0.2899118869259983,0.9733052422687728,0.9607657650427958
CBBT,20,batch,9,256,19,19,excess,temporal,0.00013107599806971848,1.7204409357197747e-05,9.598930772382276e-05,0.0002354588203260079,0.1792325600128058,0.0730675934474535,0.8566504836121196,0.8804023244813005
CBBT,20,batch,9,256,19,19,gate,temporal,0.0010747862979769707,8.942017184889459e-05,9.598930772382276e-05,0.0002354588203260079,0.9315638790329787,0.3797698966005461,0.9695176051531175,0.9808324958366487
CBBT,20,batch,9,256,19,19,amp_true,temporal,0.003744207788258791,0.0009669237420987098,9.598930772382276e-05,0.0002354588203260079,10.073244250085756,4.106551373866316,0.867902684699692,0.8899816926922978
CBBT,20,batch,9,256,19,19,dual_base,temporal,0.0036552390083670616,0.0002354588203260079,9.598930772382276e-05,0.0002354588203260079,2.452969251569791,1.0,0.9985989076600197,0.9999999999999999
CBBT,20,batch,9,256,19,19,base,excess,0.0015162080526351929,0.0014483906664109292,0.0014483906664109292,0.0032593440045243687,1.0,0.4443810363068107,0.9999999999999998,0.9994342811965884
CBBT,20,batch,9,256,19,19,tail,excess,0.003911267966032028,0.030044333069600034,0.0014483906664109292,0.0032593440045243687,20.74325233263829,9.21790796795147,0.9998202456357804,0.9988299160641742
CBBT,20,batch,9,256,19,19,body,excess,0.0013394858688116074,0.0,0.0014483906664109292,0.0032593440045243687,0.0,0.0,,
CBBT,20,batch,9,256,19,19,excess,excess,0.00013107599806971848,0.0009088453486136861,0.0014483906664109292,0.0032593440045243687,0.6274863334115367,0.2788430271097796,0.9982024240796636,0.9996502381684085
CBBT,20,batch,9,256,19,19,gate,excess,0.0010747862979769707,0.0,0.0014483906664109292,0.0032593440045243687,0.0,0.0,,
CBBT,20,batch,9,256,19,19,amp_true,excess,0.003744207788258791,0.057612948825326644,0.0014483906664109292,0.0032593440045243687,39.77721630041285,17.676240600977625,0.9934548194545197,0.9942014580315394
CBBT,20,batch,9,256,19,19,dual_base,excess,0.0036552390083670616,0.0032593440045243687,0.0014483906664109292,0.0032593440045243687,2.2503210495003603,1.0,0.9994342811965884,1.0000000000000002
CBBT,20,batch,9,256,19,19,base,full,0.0015162080526351929,0.013665204362383982,0.013665204362383982,0.03388989721237615,1.0,0.40322354112639885,0.9999999999999999,0.9867703300923415
CBBT,20,batch,9,256,19,19,tail,full,0.003911267966032028,0.16491948004284945,0.013665204362383982,0.03388989721237615,12.068570338898187,4.866331668383551,0.7271212360451245,0.7992608218706005
CBBT,20,batch,9,256,19,19,body,full,0.0013394858688116074,0.010616031708900199,0.013665204362383982,0.03388989721237615,0.7768659309715705,0.31325063166681316,0.9155132006735216,0.8522204745077537
CBBT,20,batch,9,256,19,19,excess,full,0.00013107599806971848,0.003618392144145966,0.013665204362383982,0.03388989721237615,0.26478873262270874,0.10676905041849984,0.5721076843208864,0.6577198367208001
CBBT,20,batch,9,256,19,19,gate,full,0.0010747862979769707,0.015682094903733557,0.013665204362383982,0.03388989721237615,1.1475931488373083,0.46273657324657397,0.7568726716938076,0.8439342106881087
CBBT,20,batch,9,256,19,19,amp_true,full,0.003744207788258791,0.1603500338552013,0.013665204362383982,0.03388989721237615,11.734184839313096,4.73149956313953,0.649750308594089,0.7236379967436283
CBBT,20,batch,9,256,19,19,dual_base,full,0.0036552390083670616,0.03388989721237615,0.013665204362383982,0.03388989721237615,2.4800139327344706,1.0,0.9867703300923415,1.0000000000000002
CBBT,20,batch,10,256,9,9,base,shared,0.0012164136860519648,0.01032062463550568,0.01032062463550568,0.027633169967319307,1.0,0.3734868148573431,1.0000000000000002,0.9695367441388361
CBBT,20,batch,10,256,9,9,tail,shared,0.0016100970096886158,0.08846843265323871,0.01032062463550568,0.027633169967319307,8.572003708853424,3.2015303621649975,0.6363268848977339,0.7898833014317416
CBBT,20,batch,10,256,9,9,body,shared,0.0011644361075013876,0.008974620240062379,0.01032062463550568,0.027633169967319307,0.8695811113202694,0.3247770795271161,0.9646701621892306,0.8808850939976639
CBBT,20,batch,10,256,9,9,excess,shared,3.4144883102271706e-05,0.001626591214847355,0.01032062463550568,0.027633169967319307,0.15760588843154422,0.05886372127305923,0.49112737281262003,0.653286294210809
CBBT,20,batch,10,256,9,9,gate,shared,0.0009309398010373116,0.01788600766342804,0.01032062463550568,0.027633169967319307,1.7330353825577032,0.6472658650665536,0.6948023053829189,0.8489575613297032
CBBT,20,batch,10,256,9,9,amp_true,shared,0.0008610297227278352,0.05301751099136294,0.01032062463550568,0.027633169967319307,5.137044787867652,1.9186184956002053,0.5268386428852925,0.6839930012178354
CBBT,20,batch,10,256,9,9,dual_base,shared,0.0029146093875169754,0.027633169967319307,0.01032062463550568,0.027633169967319307,2.6774706903159613,1.0,0.9695367441388361,1.0000000000000002
CBBT,20,batch,10,256,9,9,base,temporal,0.0012164136860519648,8.13413840334674e-05,8.13413840334674e-05,0.00022450257768678053,1.0,0.3623182632092204,1.0000000000000002,0.9744286698742681
CBBT,20,batch,10,256,9,9,tail,temporal,0.0016100970096886158,0.0006684378517426824,8.13413840334674e-05,0.00022450257768678053,8.21768475770781,2.9774172690135763,0.6655506407835851,0.8145801554725084
CBBT,20,batch,10,256,9,9,body,temporal,0.0011644361075013876,7.219609233111115e-05,8.13413840334674e-05,0.00022450257768678053,0.8875690177758289,0.321582464998852,0.9736997077116386,0.8988803930683799
CBBT,20,batch,10,256,9,9,excess,temporal,3.4144883102271706e-05,1.1426636480681496e-05,8.13413840334674e-05,0.00022450257768678053,0.14047752710944872,0.05089757364222164,0.4650655550618616,0.6443507539505167
CBBT,20,batch,10,256,9,9,gate,temporal,0.0009309398010373116,0.0001470759021499405,8.13413840334674e-05,0.00022450257768678053,1.8081312962344858,0.6551189909059153,0.7682755870510477,0.8923094878525928
CBBT,20,batch,10,256,9,9,amp_true,temporal,0.0008610297227278352,0.0003744052486249301,8.13413840334674e-05,0.00022450257768678053,4.602887608488238,1.6677102440547005,0.5130848071568151,0.6867715031397241
CBBT,20,batch,10,256,9,9,dual_base,temporal,0.0029146093875169754,0.00022450257768678053,8.13413840334674e-05,0.00022450257768678053,2.7600043981844515,1.0,0.9744286698742681,1.0000000000000002
CBBT,20,batch,10,256,9,9,base,excess,0.0012164136860519648,0.0010298327985274686,0.0010298327985274686,0.002765369557101596,1.0,0.3724033179879379,1.0000000000000004,0.9993256951124556
CBBT,20,batch,10,256,9,9,tail,excess,0.0016100970096886158,0.020680218357848508,0.0010298327985274686,0.002765369557101596,20.08114170321495,7.478283799263197,0.9999824164233574,0.9991201064914501
CBBT,20,batch,10,256,9,9,body,excess,0.0011644361075013876,0.0,0.0010298327985274686,0.002765369557101596,0.0,0.0,,
CBBT,20,batch,10,256,9,9,excess,excess,3.4144883102271706e-05,0.0008676943824373212,0.0010298327985274686,0.002765369557101596,0.8425585043300379,0.31377158261146043,0.9983123747934171,0.9997673086340286
CBBT,20,batch,10,256,9,9,gate,excess,0.0009309398010373116,0.0,0.0010298327985274686,0.002765369557101596,0.0,0.0,,
CBBT,20,batch,10,256,9,9,amp_true,excess,0.0008610297227278352,0.025587922436037965,0.0010298327985274686,0.002765369557101596,24.846676540721443,9.252984784737723,0.9964612237112227,0.996378247580628
CBBT,20,batch,10,256,9,9,dual_base,excess,0.0029146093875169754,0.002765369557101596,0.0010298327985274686,0.002765369557101596,2.6852607151915597,1.0,0.9993256951124556,1.0
CBBT,20,batch,10,256,9,9,base,full,0.0012164136860519648,0.011417726351092956,0.011417726351092956,0.029444416352974772,1.0,0.3877722082930478,1.0,0.9669310824869223
CBBT,20,batch,10,256,9,9,tail,full,0.0016100970096886158,0.09233221020266871,0.011417726351092956,0.029444416352974772,8.086742260540362,3.1358139042664495,0.5983763366270991,0.7539492633724105
CBBT,20,batch,10,256,9,9,body,full,0.0011644361075013876,0.010156767584992487,0.011417726351092956,0.029444416352974772,0.889561307801026,0.3449471527380555,0.9661370744059685,0.8819262576529473
CBBT,20,batch,10,256,9,9,excess,full,3.4144883102271706e-05,0.0018435543174888768,0.011417726351092956,0.029444416352974772,0.16146422333132932,0.06261133844151143,0.43407078056590626,0.5851395088970052
CBBT,20,batch,10,256,9,9,gate,full,0.0009309398010373116,0.01838139523191219,0.011417726351092956,0.029444416352974772,1.6098997879864794,0.6242743959180266,0.6135630529572066,0.7928071234157507
CBBT,20,batch,10,256,9,9,amp_true,full,0.0008610297227278352,0.05886933196760419,0.011417726351092956,0.029444416352974772,5.1559592652147375,1.999337710141319,0.46794393043085447,0.6187832119531861
CBBT,20,batch,10,256,9,9,dual_base,full,0.0029146093875169754,0.029444416352974772,0.011417726351092956,0.029444416352974772,2.5788336002777137,1.0,0.9669310824869223,0.9999999999999999
CBBT,20,batch,11,256,11,11,base,shared,0.0013229292817413807,0.016034013919948194,0.016034013919948194,0.032593864654094085,1.0,0.49193350006545405,1.0,0.9966782337978671
CBBT,20,batch,11,256,11,11,tail,shared,0.003236561082303524,0.14462333406827874,0.016034013919948194,0.032593864654094085,9.019783492164139,4.437133663132909,0.5483220002367928,0.5897410090369108
CBBT,20,batch,11,256,11,11,body,shared,0.001172784948721528,0.013995178698462214,0.016034013919948194,0.032593864654094085,0.8728431176581786,0.42938076987763074,0.9287275559690071,0.9051062620569913
CBBT,20,batch,11,256,11,11,excess,shared,8.114059164654464e-05,0.0037305390353304145,0.016034013919948194,0.032593864654094085,0.23266407612938309,0.11445525330982269,0.47517520128423724,0.518437411786624
CBBT,20,batch,11,256,11,11,gate,shared,0.0005133654340170324,0.005077243992941365,0.016034013919948194,0.032593864654094085,0.3166545830813255,0.15577299736696357,-0.028597363448417283,0.038336533445667426
CBBT,20,batch,11,256,11,11,amp_true,shared,0.0023103065323084593,0.10140333917157239,0.016034013919948194,0.032593864654094085,6.324264134847404,3.111117391193904,0.4885740322385996,0.5302915331062487
CBBT,20,batch,11,256,11,11,dual_base,shared,0.002914678305387497,0.032593864654094085,0.016034013919948194,0.032593864654094085,2.03279508280478,1.0,0.9966782337978671,0.9999999999999998
CBBT,20,batch,11,256,11,11,base,temporal,0.0013229292817413807,0.00013481925929651693,0.00013481925929651693,0.0002719818113394783,1.0,0.49569218850535623,0.9999999999999998,0.9989801573654201
CBBT,20,batch,11,256,11,11,tail,temporal,0.003236561082303524,0.0009964358107072172,0.00013481925929651693,0.0002719818113394783,7.39090109162883,3.663611937136121,0.6125238508215263,0.6455487153516454
CBBT,20,batch,11,256,11,11,body,temporal,0.001172784948721528,0.00011626160141273238,0.00013481925929651693,0.0002719818113394783,0.8623515810677356,0.42746094248051997,0.9593759783029336,0.9462872894631406
CBBT,20,batch,11,256,11,11,excess,temporal,8.114059164654464e-05,2.3939228901374406e-05,0.00013481925929651693,0.0002719818113394783,0.17756534953751135,0.08801775671496756,0.5588474256894633,0.5940780139550556
CBBT,20,batch,11,256,11,11,gate,temporal,0.0005133654340170324,1.1938013215589025e-05,0.00013481925929651693,0.0002719818113394783,0.08854827773035721,0.04389268957654087,-0.1980583074661867,-0.1556770329813419
CBBT,20,batch,11,256,11,11,amp_true,temporal,0.0023103065323084593,0.0006757592787215732,0.00013481925929651693,0.0002719818113394783,5.012334901168171,2.4845752566818295,0.5632056061348193,0.5981786541467892
CBBT,20,batch,11,256,11,11,dual_base,temporal,0.002914678305387497,0.0002719818113394783,0.00013481925929651693,0.0002719818113394783,2.017380994070667,1.0,0.9989801573654201,1.0000000000000002
CBBT,20,batch,11,256,11,11,base,excess,0.0013229292817413807,0.0015294998803173367,0.0015294998803173367,0.004043122921958584,1.0,0.3782966557881478,1.0,0.9999683039668716
CBBT,20,batch,11,256,11,11,tail,excess,0.003236561082303524,0.03096579611281211,0.0015294998803173367,0.004043122921958584,20.245700252286,7.658880699529054,0.9999468459691109,0.9998829415427626
CBBT,20,batch,11,256,11,11,body,excess,0.001172784948721528,0.0,0.0015294998803173367,0.004043122921958584,0.0,0.0,,
CBBT,20,batch,11,256,11,11,excess,excess,8.114059164654464e-05,0.0012578010732675255,0.0015294998803173367,0.004043122921958584,0.822361014507932,0.31109642163889917,0.9999183704417958,0.9999860895999876
CBBT,20,batch,11,256,11,11,gate,excess,0.0005133654340170324,0.0,0.0015294998803173367,0.004043122921958584,0.0,0.0,,
CBBT,20,batch,11,256,11,11,amp_true,excess,0.0023103065323084593,0.034773206877087355,0.0015294998803173367,0.004043122921958584,22.73501771694987,8.600581171606427,0.9958736368230454,0.9960646350080644
CBBT,20,batch,11,256,11,11,dual_base,excess,0.002914678305387497,0.004043122921958584,0.0015294998803173367,0.004043122921958584,2.643428073443018,1.0,0.9999683039668716,1.0000000000000002
CBBT,20,batch,11,256,11,11,base,full,0.0013229292817413807,0.017828334205771314,0.017828334205771314,0.036209692863003455,1.0,0.49236358544170544,1.0,0.9968616930527774
CBBT,20,batch,11,256,11,11,tail,full,0.003236561082303524,0.14883707220340955,0.017828334205771314,0.036209692863003455,8.348344297653375,4.110420730894432,0.5081920630496263,0.5489965531338781
CBBT,20,batch,11,256,11,11,body,full,0.001172784948721528,0.015924176475952574,0.017828334205771314,0.036209692863003455,0.8931948600558355,0.4397766237951935,0.9382769933121937,0.9167066411569617
CBBT,20,batch,11,256,11,11,excess,full,8.114059164654464e-05,0.003936875034089464,0.017828334205771314,0.036209692863003455,0.22082124940282055,0.10872434209768979,0.4323606852718486,0.4778822829752418
CBBT,20,batch,11,256,11,11,gate,full,0.0005133654340170324,0.0051336129640050425,0.017828334205771314,0.036209692863003455,0.28794686619365767,0.1417745514558123,-0.024163637907184503,0.036301511499186125
CBBT,20,batch,11,256,11,11,amp_true,full,0.0023103065323084593,0.10719987458790081,0.017828334205771314,0.036209692863003455,6.012893484641909,2.9605297949773606,0.44335603310269406,0.48760393550707964
CBBT,20,batch,11,256,11,11,dual_base,full,0.002914678305387497,0.036209692863003455,0.017828334205771314,0.036209692863003455,2.0310194124183405,1.0,0.9968616930527774,1.0
CBBT,20,accum4,2,1024,57,57,base,shared,0.0013518527848646045,0.012917483758030058,0.012917483758030058,0.03260067085014757,1.0,0.39623367928244907,0.9999999999999999,0.9880723188379795
CBBT,20,accum4,2,1024,57,57,tail,shared,0.003395578474737704,0.14183788975698666,0.012917483758030058,0.03260067085014757,10.980303317108039,4.350765982974998,0.7417394441929195,0.8318678898382019
CBBT,20,accum4,2,1024,57,57,body,shared,0.0012126629590056837,0.010125857052854133,0.012917483758030058,0.03260067085014757,0.7838877325128796,0.31060272039795456,0.9312001707855664,0.8675394818806832
CBBT,20,accum4,2,1024,57,57,excess,shared,9.000289537652861e-05,0.002994082920748642,0.012917483758030058,0.03260067085014757,0.23178530562404562,0.09184114445102252,0.6335628112171907,0.7359966184146519
CBBT,20,accum4,2,1024,57,57,gate,shared,0.0010178925149375573,0.014822247622506729,0.012917483758030058,0.03260067085014757,1.1474562616184896,0.4546608163567786,0.8198923870102465,0.8974225083086189
CBBT,20,accum4,2,1024,57,57,amp_true,shared,0.0024481389264110476,0.09977994925986605,0.012917483758030058,0.03260067085014757,7.724410661467918,3.0606716566820094,0.6643411593069761,0.7638007204246982
CBBT,20,accum4,2,1024,57,57,dual_base,shared,0.003253467788454145,0.03260067085014757,0.012917483758030058,0.03260067085014757,2.5237632545797943,1.0,0.9880723188379795,0.9999999999999996
CBBT,20,accum4,2,1024,57,57,base,temporal,0.0013518527848646045,0.00010745448119854086,0.00010745448119854086,0.0002671223915794689,1.0,0.4022668431619412,1.0,0.9935842571116474
CBBT,20,accum4,2,1024,57,57,tail,temporal,0.003395578474737704,0.0010015763281399767,0.00010745448119854086,0.0002671223915794689,9.320935869481238,3.749503447531121,0.8010482708510039,0.8630435858668315
CBBT,20,accum4,2,1024,57,57,body,temporal,0.0012126629590056837,8.50404327843336e-05,0.00010745448119854086,0.0002671223915794689,0.7914089001761275,0.3183575599241147,0.9622821781301989,0.9258560150589755
CBBT,20,accum4,2,1024,57,57,excess,temporal,9.000289537652861e-05,1.956166727628763e-05,0.00010745448119854086,0.0002671223915794689,0.18204608182085996,0.0732311026440778,0.6855482891807589,0.7611980658181933
CBBT,20,accum4,2,1024,57,57,gate,temporal,0.0010178925149375573,0.00011108101213300141,0.00010745448119854086,0.0002671223915794689,1.0337494620420706,0.41584313271601875,0.888893065346955,0.9347398566906218
CBBT,20,accum4,2,1024,57,57,amp_true,temporal,0.0024481389264110476,0.0006780277307955986,0.00010745448119854086,0.0002671223915794689,6.309906513278161,2.538266173743377,0.7084831891840906,0.7818829190356026
CBBT,20,accum4,2,1024,57,57,dual_base,temporal,0.003253467788454145,0.0002671223915794689,0.00010745448119854086,0.0002671223915794689,2.4859120680682807,1.0,0.9935842571116474,1.0000000000000007
CBBT,20,accum4,2,1024,57,57,base,excess,0.0013518527848646045,0.0016736679937502444,0.0016736679937502444,0.004370635309950146,1.0,0.38293471659371536,1.0000000000000002,0.9996573204632347
CBBT,20,accum4,2,1024,57,57,tail,excess,0.003395578474737704,0.03436454130124879,0.0016736679937502444,0.004370635309950146,20.532472049158926,7.862596365113055,0.9999342211626057,0.9992995787466203
CBBT,20,accum4,2,1024,57,57,body,excess,0.0012126629590056837,0.0,0.0016736679937502444,0.004370635309950146,0.0,0.0,,
CBBT,20,accum4,2,1024,57,57,excess,excess,9.000289537652861e-05,0.001350037010173269,0.0016736679937502444,0.004370635309950146,0.8066337022722144,0.3088880481745498,0.999095762702799,0.9998657134448617
CBBT,20,accum4,2,1024,57,57,gate,excess,0.0010178925149375573,0.0,0.0016736679937502444,0.004370635309950146,0.0,0.0,,
CBBT,20,accum4,2,1024,57,57,amp_true,excess,0.0024481389264110476,0.0440222507421265,0.0016736679937502444,0.004370635309950146,26.30285750012125,10.072277282413811,0.9984174888634324,0.9983714680851539
CBBT,20,accum4,2,1024,57,57,dual_base,excess,0.003253467788454145,0.004370635309950146,0.0016736679937502444,0.004370635309950146,2.6114111796789015,1.0,0.9996573204632347,1.0000000000000002
CBBT,20,accum4,2,1024,57,57,base,full,0.0013518527848646045,0.0141861104311034,0.0141861104311034,0.034776194132579506,1.0,0.407925904054388,0.9999999999999998,0.9858342572061881
CBBT,20,accum4,2,1024,57,57,tail,full,0.003395578474737704,0.14737688772948246,0.0141861104311034,0.034776194132579506,10.388815767735387,4.237867064107939,0.71043855779113,0.8073760124612928
CBBT,20,accum4,2,1024,57,57,body,full,0.0012126629590056837,0.011534493055346935,0.0141861104311034,0.034776194132579506,0.8130835517857856,0.33167784293396946,0.9338216268094006,0.8672734177301517
CBBT,20,accum4,2,1024,57,57,excess,full,9.000289537652861e-05,0.003284377028472264,0.0141861104311034,0.034776194132579506,0.23152061619872813,0.09444325667009516,0.5743657614421479,0.680624880949761
CBBT,20,accum4,2,1024,57,57,gate,full,0.0010178925149375573,0.015179712588059962,0.0141861104311034,0.034776194132579506,1.0700404921970763,0.4364972351542947,0.732413621398058,0.8330248746233588
CBBT,20,accum4,2,1024,57,57,amp_true,full,0.0024481389264110476,0.10905960221229538,0.0141861104311034,0.034776194132579506,7.687773385238811,3.1360419083388047,0.6010059396770907,0.705742530823361
CBBT,20,accum4,2,1024,57,57,dual_base,full,0.003253467788454145,0.034776194132579506,0.0141861104311034,0.034776194132579506,2.4514255899440793,1.0,0.9858342572061881,1.0000000000000002
CBBT,20,batch,12,256,9,9,base,shared,0.0012275101616978645,0.010420649954455142,0.010420649954455142,0.021394886212037324,1.0,0.4870626490451822,1.0,0.9923968330817581
CBBT,20,batch,12,256,9,9,tail,shared,0.0015905590262264013,0.05570650606470164,0.010420649954455142,0.021394886212037324,5.345780379167754,2.6037299526912046,0.403513998147024,0.49902030283608206
CBBT,20,batch,12,256,9,9,body,shared,0.0011573710944503546,0.009813508253856337,0.010420649954455142,0.021394886212037324,0.9417366763827208,0.45868476030197347,0.9758666816661503,0.9452456240703156
CBBT,20,batch,12,256,9,9,excess,shared,5.75929407204967e-05,0.0009395640825527007,0.010420649954455142,0.021394886212037324,0.09016367373044795,0.043915357774797485,0.17841090463337858,0.27756253178930784
CBBT,20,batch,12,256,9,9,gate,shared,0.0002485848672222346,0.006265737482498985,0.010420649954455142,0.021394886212037324,0.6012808711437613,0.2928614539194752,0.2874453747164755,0.4009405153089638
CBBT,20,batch,12,256,9,9,amp_true,shared,0.001229593064635992,0.02349783785670856,0.010420649954455142,0.021394886212037324,2.254930158810538,1.098292256562134,0.2937611708324973,0.3868898003202744
CBBT,20,batch,12,256,9,9,dual_base,shared,0.0026243594475090504,0.021394886212037324,0.010420649954455142,0.021394886212037324,2.0531239707260642,1.0,0.9923968330817581,1.0
CBBT,20,batch,12,256,9,9,base,temporal,0.0012275101616978645,9.147440236820052e-05,9.147440236820052e-05,0.00018984495784116166,1.0,0.48183740779007034,0.9999999999999996,0.9988458078698635
CBBT,20,batch,12,256,9,9,tail,temporal,0.0015905590262264013,0.0003943336908289073,9.147440236820052e-05,0.00018984495784116166,4.310863811294935,2.077135444170374,0.6906955866627252,0.7240702713459692
CBBT,20,batch,12,256,9,9,body,temporal,0.0011573710944503546,8.18714872830322e-05,9.147440236820052e-05,0.00018984495784116166,0.8950207398293252,0.431254473197713,0.9890085668141629,0.9808857085830801
CBBT,20,batch,12,256,9,9,excess,temporal,5.75929407204967e-05,5.421412951558505e-06,9.147440236820052e-05,0.00018984495784116166,0.05926699504126156,0.028557055258188423,0.5102301008275106,0.5497700563305039
CBBT,20,batch,12,256,9,9,gate,temporal,0.0002485848672222346,3.3485923919884584e-05,9.147440236820052e-05,0.00018984495784116166,0.36606879141005877,0.1763856375258667,0.6964467317121871,0.7298751131568528
CBBT,20,batch,12,256,9,9,amp_true,temporal,0.001229593064635992,0.00014742816560353258,9.147440236820052e-05,0.00018984495784116166,1.6116876611022648,0.7765714047927567,0.6046160744712658,0.6411923978569048
CBBT,20,batch,12,256,9,9,dual_base,temporal,0.0026243594475090504,0.00018984495784116166,9.147440236820052e-05,0.00018984495784116166,2.0753888839525003,1.0,0.9988458078698635,1.0000000000000004
CBBT,20,batch,12,256,9,9,base,excess,0.0012275101616978645,0.0007457019118223449,0.0007457019118223449,0.0016340818897510735,1.0,0.456343048961849,1.0,0.9976505927677689
CBBT,20,batch,12,256,9,9,tail,excess,0.0015905590262264013,0.014909966394949037,0.0007457019118223449,0.0016340818897510735,19.99453958554577,9.124369157056343,0.9999978265874837,0.9976289526989672
CBBT,20,batch,12,256,9,9,body,excess,0.0011573710944503546,0.0,0.0007457019118223449,0.0016340818897510735,0.0,0.0,,
CBBT,20,batch,12,256,9,9,excess,excess,5.75929407204967e-05,0.0004458435149529132,0.0007457019118223449,0.0016340818897510735,0.5978843662387315,0.2728403746160056,0.9921943459857735,0.9984025429482937
CBBT,20,batch,12,256,9,9,gate,excess,0.0002485848672222346,0.0,0.0007457019118223449,0.0016340818897510735,0.0,0.0,,
CBBT,20,batch,12,256,9,9,amp_true,excess,0.001229593064635992,0.009737335559626975,0.0007457019118223449,0.0016340818897510735,13.057946352626201,5.958903051737697,0.9519519202879306,0.9530868886879313
CBBT,20,batch,12,256,9,9,dual_base,excess,0.0026243594475090504,0.0016340818897510735,0.0007457019118223449,0.0016340818897510735,2.1913339148584283,1.0,0.9976505927677689,1.0000000000000002
CBBT,20,batch,12,256,9,9,base,full,0.0012275101616978645,0.011706927529245384,0.011706927529245384,0.023922247161727108,1.0,0.48937407301664976,0.9999999999999998,0.9935258839961946
CBBT,20,batch,12,256,9,9,tail,full,0.0015905590262264013,0.0580738145318232,0.011706927529245384,0.023922247161727108,4.960636715888731,2.4276069944104055,0.387319063346831,0.47230411072275935
CBBT,20,batch,12,256,9,9,body,full,0.0011573710944503546,0.011135131569342743,0.011706927529245384,0.023922247161727108,0.9511574699275943,0.46547180513867836,0.9786909512544243,0.9532408826142812
CBBT,20,batch,12,256,9,9,excess,full,5.75929407204967e-05,0.001039979377222773,0.011706927529245384,0.023922247161727108,0.08883452764397604,0.04347331461764272,0.17056880589204587,0.25350682561778703
CBBT,20,batch,12,256,9,9,gate,full,0.0002485848672222346,0.0064416822701218405,0.011706927529245384,0.023922247161727108,0.5502453358517599,0.26927580116419014,0.2513880765849644,0.3572736523560592
CBBT,20,batch,12,256,9,9,amp_true,full,0.001229593064635992,0.025435488745863367,0.011706927529245384,0.023922247161727108,2.1726869567033966,1.0632566653920905,0.2647783679521423,0.3445794127236113
CBBT,20,batch,12,256,9,9,dual_base,full,0.0026243594475090504,0.023922247161727108,0.011706927529245384,0.023922247161727108,2.043426603775099,1.0,0.9935258839961946,1.0
CBBT,20,batch,13,256,14,14,base,shared,0.0012899821158498526,0.01480182029411059,0.01480182029411059,0.033194890070491596,1.0,0.4459065917277606,1.0000000000000002,0.9928430175510897
CBBT,20,batch,13,256,14,14,tail,shared,0.003562463913112879,0.10534445124582627,0.01480182029411059,0.033194890070491596,7.116992988203022,3.17351408671998,0.7197120091136276,0.7862822699686158
CBBT,20,batch,13,256,14,14,body,shared,0.0011501829139888287,0.012868174929548124,0.01480182029411059,0.033194890070491596,0.8693643534280825,0.3876552958067246,0.9829896213671693,0.9572643912534524
CBBT,20,batch,13,256,14,14,excess,shared,8.706669177627191e-05,0.0013010669712776625,0.01480182029411059,0.033194890070491596,0.08789911952892283,0.03919479680501302,0.6671710752231733,0.7346361775047927
CBBT,20,batch,13,256,14,14,gate,shared,0.0008550023194402456,0.01172487682782677,0.01480182029411059,0.033194890070491596,0.7921239817032444,0.3532133049071167,0.6440665006925832,0.7291787908537578
CBBT,20,batch,13,256,14,14,amp_true,shared,0.002436464186757803,0.06294399444202385,0.01480182029411059,0.033194890070491596,4.252449576561085,1.896195297178512,0.6316388158693531,0.702159146886308
CBBT,20,batch,13,256,14,14,dual_base,shared,0.003041799645870924,0.033194890070491596,0.01480182029411059,0.033194890070491596,2.24262215125658,1.0,0.9928430175510897,1.0000000000000002
CBBT,20,batch,13,256,14,14,base,temporal,0.0012899821158498526,0.0001194504426925629,0.0001194504426925629,0.00026704079625413377,1.0,0.4473115882222202,1.0,0.9980933049000693
CBBT,20,batch,13,256,14,14,tail,temporal,0.003562463913112879,0.0008078733802533271,0.0001194504426925629,0.00026704079625413377,6.7632514542671185,3.025280749554465,0.8196296635913799,0.8509548171946991
CBBT,20,batch,13,256,14,14,body,temporal,0.0011501829139888287,0.00010311117789692913,0.0001194504426925629,0.00026704079625413377,0.8632130243528092,0.38612518889736114,0.9901412163173584,0.9800504874169199
CBBT,20,batch,13,256,14,14,excess,temporal,8.706669177627191e-05,8.803187399329822e-06,0.0001194504426925629,0.00026704079625413377,0.07369740288018135,0.032965702330186746,0.8320674438005263,0.8635512269586081
CBBT,20,batch,13,256,14,14,gate,temporal,0.0008550023194402456,7.391313854428186e-05,0.0001194504426925629,0.00026704079625413377,0.6187765978776383,0.27678594275138846,0.8198513180400346,0.8530201294041451
CBBT,20,batch,13,256,14,14,amp_true,temporal,0.002436464186757803,0.00045710285193914225,0.0001194504426925629,0.00026704079625413377,3.826715428050916,1.7117341557959287,0.7170920919134756,0.7554923213044669
CBBT,20,batch,13,256,14,14,dual_base,temporal,0.003041799645870924,0.00026704079625413377,0.0001194504426925629,0.00026704079625413377,2.2355781212249957,1.0,0.9980933049000693,1.0000000000000002
CBBT,20,batch,13,256,14,14,base,excess,0.0012899821158498526,0.00031232911433686097,0.00031232911433686097,0.0009508010316547188,1.0,0.3284905084645328,1.0,0.730999071251587
CBBT,20,batch,13,256,14,14,tail,excess,0.003562463913112879,0.00663587253446134,0.00031232911433686097,0.0009508010316547188,21.246410372438906,6.979244146288581,0.9984704348582705,0.7004789764857708
CBBT,20,batch,13,256,14,14,body,excess,0.0011501829139888287,0.0,0.00031232911433686097,0.0009508010316547188,0.0,0.0,,
CBBT,20,batch,13,256,14,14,excess,excess,8.706669177627191e-05,0.0003759658170940599,0.00031232911433686097,0.0009508010316547188,1.2037488656551047,0.39542007694265,0.5090886395138972,0.9594729826945168
CBBT,20,batch,13,256,14,14,gate,excess,0.0008550023194402456,0.0,0.00031232911433686097,0.0009508010316547188,0.0,0.0,,
CBBT,20,batch,13,256,14,14,amp_true,excess,0.002436464186757803,0.017198673385900077,0.00031232911433686097,0.0009508010316547188,55.06586672976806,18.088614561101714,0.4651565848401119,-0.22876158808780708
CBBT,20,batch,13,256,14,14,dual_base,excess,0.003041799645870924,0.0009508010316547188,0.00031232911433686097,0.0009508010316547188,3.0442279890347885,1.0,0.730999071251587,0.9999999999999999
CBBT,20,batch,13,256,14,14,base,full,0.0012899821158498526,0.01655683701029637,0.01655683701029637,0.036334657807158374,1.0,0.4556761508026221,1.0,0.9924972509070251
CBBT,20,batch,13,256,14,14,tail,full,0.003562463913112879,0.10800803601266454,0.01655683701029637,0.036334657807158374,6.523470391445931,2.9725898778489563,0.6927809188223174,0.7599905134349265
CBBT,20,batch,13,256,14,14,body,full,0.0011501829139888287,0.014780328515306284,0.01655683701029637,0.036334657807158374,0.8927024229395198,0.40678320389725475,0.9851728628299864,0.9602041630849028
CBBT,20,batch,13,256,14,14,excess,full,8.706669177627191e-05,0.0013542989180283776,0.01655683701029637,0.036334657807158374,0.08179695899562012,0.03727292342248408,0.5756732196557377,0.6517441507037715
CBBT,20,batch,13,256,14,14,gate,full,0.0008550023194402456,0.011951212779305866,0.01655683701029637,0.036334657807158374,0.7218294636755584,0.3289204715435996,0.5668655821957895,0.6606078252010954
CBBT,20,batch,13,256,14,14,amp_true,full,0.002436464186757803,0.06525136628877895,0.01655683701029637,0.036334657807158374,3.9410526447896066,1.7958436992882214,0.5470302161006534,0.6172223285581747
CBBT,20,batch,13,256,14,14,dual_base,full,0.003041799645870924,0.036334657807158374,0.01655683701029637,0.036334657807158374,2.1945410095275184,1.0,0.9924972509070251,0.9999999999999999
CBBT,20,batch,14,256,16,16,base,shared,0.0016552320448681712,0.013061280135818372,0.013061280135818372,0.03087106144246057,1.0,0.4230913847961726,1.0,0.9789307172793411
CBBT,20,batch,14,256,16,16,tail,shared,0.003776154015213251,0.08332985319489417,0.013061280135818372,0.03087106144246057,6.379914704254448,2.6992869471044783,0.7356539802987181,0.822946544617503
CBBT,20,batch,14,256,16,16,body,shared,0.0014680279418826103,0.011937881772931156,0.013061280135818372,0.03087106144246057,0.9139901792775668,0.3867013706406478,0.96961864329231,0.9706372634550419
CBBT,20,batch,14,256,16,16,excess,shared,9.77755116764456e-05,0.0011865063263522386,0.013061280135818372,0.03087106144246057,0.09084150359032908,0.038434257550998815,0.2976597246924853,0.20379870345960677
CBBT,20,batch,14,256,16,16,gate,shared,0.0011349214473739266,0.016054044132239036,0.013061280135818372,0.03087106144246057,1.2291325172801026,0.5200353788340442,0.6076914685816794,0.7493455719113338
CBBT,20,batch,14,256,16,16,amp_true,shared,0.0022647548466920853,0.05224334778194177,0.013061280135818372,0.03087106144246057,3.999864273538789,1.6923081144882632,0.6003484714676303,0.7056309239647232
CBBT,20,batch,14,256,16,16,dual_base,shared,0.003886271733790636,0.03087106144246057,0.013061280135818372,0.03087106144246057,2.3635555719995516,1.0,0.9789307172793411,0.9999999999999998
CBBT,20,batch,14,256,16,16,base,temporal,0.0016552320448681712,9.412103090889488e-05,9.412103090889488e-05,0.0002423178905756379,1.0,0.3884196527351151,0.9999999999999998,0.9958283938713945
CBBT,20,batch,14,256,16,16,tail,temporal,0.003776154015213251,0.0005693514010731489,9.412103090889488e-05,0.0002423178905756379,6.049141149168421,2.349605304505693,0.8962003906977931,0.9313611523479165
CBBT,20,batch,14,256,16,16,body,temporal,0.0014680279418826103,9.252704228298593e-05,9.412103090889488e-05,0.0002423178905756379,0.9830644797393702,0.38184156383659273,0.9996692448378606,0.9955885455226705
CBBT,20,batch,14,256,16,16,excess,temporal,9.77755116764456e-05,2.720110977187201e-06,9.412103090889488e-05,0.0002423178905756379,0.028900140074115333,0.011225382371584061,-0.6282727489715739,-0.6751943732708368
CBBT,20,batch,14,256,16,16,gate,temporal,0.0011349214473739266,0.00012658854281591653,9.412103090889488e-05,0.0002423178905756379,1.3449549117077648,0.5224069197499174,0.9182258750644295,0.9504023932872552
CBBT,20,batch,14,256,16,16,amp_true,temporal,0.0022647548466920853,0.0003640547110934954,9.412103090889488e-05,0.0002423178905756379,3.8679422396667618,1.5023847815308469,0.752671181876239,0.8045596526613359
CBBT,20,batch,14,256,16,16,dual_base,temporal,0.003886271733790636,0.0002423178905756379,9.412103090889488e-05,0.0002423178905756379,2.5745350240605758,1.0,0.9958283938713945,1.0
CBBT,20,batch,14,256,16,16,base,excess,0.0016552320448681712,7.315749656829556e-05,7.315749656829556e-05,0.0003094892092079167,1.0,0.23638141295953202,1.0,0.6916299514461501
CBBT,20,batch,14,256,16,16,tail,excess,0.003776154015213251,0.008204265995884683,7.315749656829556e-05,0.0003094892092079167,112.14525347003448,26.50905347195161,-0.0009602843029539112,-0.634929409902904
CBBT,20,batch,14,256,16,16,body,excess,0.0014680279418826103,0.0,7.315749656829556e-05,0.0003094892092079167,0.0,0.0,,
CBBT,20,batch,14,256,16,16,excess,excess,9.77755116764456e-05,0.00013235388190963683,7.315749656829556e-05,0.0003094892092079167,1.8091636280374763,0.4276526546704919,0.532750742874968,0.9796822749175486
CBBT,20,batch,14,256,16,16,gate,excess,0.0011349214473739266,0.0,7.315749656829556e-05,0.0003094892092079167,0.0,0.0,,
CBBT,20,batch,14,256,16,16,amp_true,excess,0.0022647548466920853,0.022083357198826682,7.315749656829556e-05,0.0003094892092079167,301.8604823117608,71.35420732549984,-0.10785931183644683,-0.7400589431429351
CBBT,20,batch,14,256,16,16,dual_base,excess,0.003886271733790636,0.0003094892092079167,7.315749656829556e-05,0.0003094892092079167,4.230451064150284,1.0,0.6916299514461501,0.9999999999999996
CBBT,20,batch,14,256,16,16,base,full,0.0016552320448681712,0.014557401422722665,0.014557401422722665,0.03347410178817346,1.0,0.43488549789455005,0.9999999999999998,0.97926417393204
CBBT,20,batch,14,256,16,16,tail,full,0.003776154015213251,0.08630326916187436,0.014557401422722665,0.03347410178817346,5.928480410464156,2.5782101550627914,0.7239883677519676,0.8086392961363169
CBBT,20,batch,14,256,16,16,body,full,0.0014680279418826103,0.013540373164534714,0.014557401422722665,0.03347410178817346,0.9301366893269515,0.4045029572479397,0.9753604466690359,0.9699665635868215
CBBT,20,batch,14,256,16,16,excess,full,9.77755116764456e-05,0.0011938654918082,0.014557401422722665,0.03347410178817346,0.08201089309419564,0.03566534807604599,0.2657186300935499,0.18779634678571167
CBBT,20,batch,14,256,16,16,gate,full,0.0011349214473739266,0.016413329859345065,0.014557401422722665,0.03347410178817346,1.127490366084532,0.4903292092259802,0.5336652540840201,0.6867224187691641
CBBT,20,batch,14,256,16,16,amp_true,full,0.0022647548466920853,0.05671897436163572,0.014557401422722665,0.03347410178817346,3.896229327928198,1.6944136311874025,0.4959331655253171,0.5967444224493884
CBBT,20,batch,14,256,16,16,dual_base,full,0.003886271733790636,0.03347410178817346,0.014557401422722665,0.03347410178817346,2.299455844909497,1.0,0.97926417393204,1.0
CBBT,20,batch,15,256,15,15,base,shared,0.0014602644369006157,0.014264320529853273,0.014264320529853273,0.031894667790751445,1.0,0.44723213997511907,1.0000000000000002,0.9951641499556282
CBBT,20,batch,15,256,15,15,tail,shared,0.004568209871649742,0.14891353293570092,0.014264320529853273,0.031894667790751445,10.439581235155593,4.668916256242733,0.7781009843710226,0.8279049029528277
CBBT,20,batch,15,256,15,15,body,shared,0.0012595250736922026,0.010604065821101601,0.014264320529853273,0.031894667790751445,0.7433978925886263,0.3324714303554051,0.9312089700036481,0.8953868247515722
CBBT,20,batch,15,256,15,15,excess,shared,0.00016684857837390155,0.0035722378902704227,0.014264320529853273,0.031894667790751445,0.2504316895287243,0.11200110042551599,0.7045353472714674,0.7584517377847938
CBBT,20,batch,15,256,15,15,gate,shared,0.000804299779701978,0.007410632400788928,0.014264320529853273,0.031894667790751445,0.5195222853608406,0.2323470634466932,0.6929984045260337,0.7518126476959326
CBBT,20,batch,15,256,15,15,amp_true,shared,0.004594918340444565,0.10489342332201387,0.014264320529853273,0.031894667790751445,7.353552039333825,3.2887448149696676,0.6897017736470957,0.7462191515308764
CBBT,20,batch,15,256,15,15,dual_base,shared,0.0034556365571916103,0.031894667790751445,0.014264320529853273,0.031894667790751445,2.235975258968716,1.0,0.9951641499556282,1.0000000000000002
CBBT,20,batch,15,256,15,15,base,temporal,0.0014602644369006157,9.735447752933097e-05,9.735447752933097e-05,0.00021573867601868796,1.0,0.4512611244582674,0.9999999999999998,0.9964838170059284
CBBT,20,batch,15,256,15,15,tail,temporal,0.004568209871649742,0.0009830578880214462,9.735447752933097e-05,0.00021573867601868796,10.097716232160666,4.556706781385321,0.8174072118065144,0.8622592652048525
CBBT,20,batch,15,256,15,15,body,temporal,0.0012595250736922026,7.300807882263598e-05,9.735447752933097e-05,0.00021573867601868796,0.7499200927932677,0.3384097843277382,0.9482692224069955,0.9187595394647124
CBBT,20,batch,15,256,15,15,excess,temporal,0.00016684857837390155,2.021677880007427e-05,9.735447752933097e-05,0.00021573867601868796,0.20766152018003853,0.09370957110315736,0.7245005516530442,0.7779082020361701
CBBT,20,batch,15,256,15,15,gate,temporal,0.000804299779701978,4.780028172422226e-05,9.735447752933097e-05,0.00021573867601868796,0.49099212421761484,0.22156565807459416,0.8018221377787461,0.8478071857210625
CBBT,20,batch,15,256,15,15,amp_true,temporal,0.004594918340444565,0.0006414296925773843,9.735447752933097e-05,0.00021573867601868796,6.588599814365336,2.9731789608360333,0.7524555747890013,0.8038852903539258
CBBT,20,batch,15,256,15,15,dual_base,temporal,0.0034556365571916103,0.00021573867601868796,9.735447752933097e-05,0.00021573867601868796,2.2160118516756477,1.0,0.9964838170059284,1.0
CBBT,20,batch,15,256,15,15,base,excess,0.0014602644369006157,0.0019036052489943085,0.0019036052489943085,0.004869922135381279,1.0,0.39089028450046676,1.0,0.99943920407902
CBBT,20,batch,15,256,15,15,tail,excess,0.004568209871649742,0.038157313804974856,0.0019036052489943085,0.004869922135381279,20.044761814527305,7.83530264842467,0.9999958187661508,0.999403460552293
CBBT,20,batch,15,256,15,15,body,excess,0.0012595250736922026,0.0,0.0019036052489943085,0.004869922135381279,0.0,0.0,,
CBBT,20,batch,15,256,15,15,excess,excess,0.00016684857837390155,0.0014858963647471231,0.0019036052489943085,0.004869922135381279,0.7805695879080683,0.3051170682897969,0.9985141425959785,0.999777042270274
CBBT,20,batch,15,256,15,15,gate,excess,0.000804299779701978,0.0,0.0019036052489943085,0.004869922135381279,0.0,0.0,,
CBBT,20,batch,15,256,15,15,amp_true,excess,0.004594918340444565,0.042828387054176444,0.0019036052489943085,0.004869922135381279,22.498565328501304,8.794470602110213,0.9914014618103683,0.9918202605052979
CBBT,20,batch,15,256,15,15,dual_base,excess,0.0034556365571916103,0.004869922135381279,0.0019036052489943085,0.004869922135381279,2.5582626114075393,1.0,0.99943920407902,1.0000000000000004
CBBT,20,batch,15,256,15,15,base,full,0.0014602644369006157,0.015241760793461033,0.015241760793461033,0.033801831618556884,1.0,0.45091523339502854,0.9999999999999999,0.994777651184835
CBBT,20,batch,15,256,15,15,tail,full,0.004568209871649742,0.1546840135399359,0.015241760793461033,0.033801831618556884,10.148697098454525,4.576202120805071,0.7530575641612975,0.8070969162993357
CBBT,20,batch,15,256,15,15,body,full,0.0012595250736922026,0.011723261001746517,0.015241760793461033,0.033801831618556884,0.7691539816565018,0.34682324715535706,0.9285707518860458,0.8904671777339174
CBBT,20,batch,15,256,15,15,excess,full,0.00016684857837390155,0.003868949670317824,0.015241760793461033,0.033801831618556884,0.2538387606750571,0.11445976401449817,0.6566830575260798,0.7160939944555501
CBBT,20,batch,15,256,15,15,gate,full,0.000804299779701978,0.007644467097126208,0.015241760793461033,0.033801831618556884,0.501547504957945,0.226155410256806,0.6326525550678783,0.6962571789108883
CBBT,20,batch,15,256,15,15,amp_true,full,0.004594918340444565,0.11330004851664255,0.015241760793461033,0.033801831618556884,7.433527533462547,3.3518908026996352,0.6443842479669416,0.7058873634803619
CBBT,20,batch,15,256,15,15,dual_base,full,0.0034556365571916103,0.033801831618556884,0.015241760793461033,0.033801831618556884,2.2177117248197744,1.0,0.994777651184835,1.0
CBBT,20,accum4,3,1024,54,54,base,shared,0.001408247189829126,0.012489600009552022,0.012489600009552022,0.028045509450623885,1.0,0.4453333262332372,1.0,0.993221636832085
CBBT,20,accum4,3,1024,54,54,tail,shared,0.0033743467065505683,0.09237479162739982,0.012489600009552022,0.028045509450623885,7.396136910449635,3.293746251606954,0.693484292266115,0.7678729961294889
CBBT,20,accum4,3,1024,54,54,body,shared,0.001258776756003499,0.010908446574621346,0.012489600009552022,0.028045509450623885,0.8734023960958387,0.38895519419343916,0.9791585495330748,0.9535432292181509
CBBT,20,accum4,3,1024,54,54,excess,shared,0.00010232093063677894,0.0013649131580406382,0.012489600009552022,0.028045509450623885,0.10928397682846169,0.04866779690501486,0.5677050924219788,0.6411135319143644
CBBT,20,accum4,3,1024,54,54,gate,shared,0.0007607021034345962,0.009114081306915333,0.012489600009552022,0.028045509450623885,0.7297336423860573,0.32497471022807844,0.68843930465119,0.766156440632407
CBBT,20,accum4,3,1024,54,54,amp_true,shared,0.0026314326096326113,0.05811072961010745,0.012489600009552022,0.028045509450623885,4.65272943614403,2.0720154758613147,0.5980622005217108,0.6798868239916084
CBBT,20,accum4,3,1024,54,54,dual_base,shared,0.003252016846090555,0.028045509450623885,0.012489600009552022,0.028045509450623885,2.245509017836819,1.0,0.993221636832085,1.0
CBBT,20,accum4,3,1024,54,54,base,temporal,0.001408247189829126,9.974821321265503e-05,9.974821321265503e-05,0.00022650275927294406,1.0,0.4403840974513463,1.0,0.9974574327379336
CBBT,20,accum4,3,1024,54,54,tail,temporal,0.0033743467065505683,0.0006828368783132941,9.974821321265503e-05,0.00022650275927294406,6.845605112319573,3.0146956288971776,0.814863399529334,0.853678943735136
CBBT,20,accum4,3,1024,54,54,body,temporal,0.001258776756003499,8.642891681463317e-05,9.974821321265503e-05,0.00022650275927294406,0.8664708272054337,0.3815799732067863,0.9893351304303307,0.9767412682292382
CBBT,20,accum4,3,1024,54,54,excess,temporal,0.00010232093063677894,7.904095664548233e-06,9.974821321265503e-05,0.00022650275927294406,0.07924047368845943,0.03489624448690936,0.7022652419617245,0.7480540390894527
CBBT,20,accum4,3,1024,54,54,gate,temporal,0.0007607021034345962,6.915062728075e-05,9.974821321265503e-05,0.00022650275927294406,0.6932517892157779,0.3052970635003213,0.8555715951817681,0.8901728674027342
CBBT,20,accum4,3,1024,54,54,amp_true,temporal,0.0026314326096326113,0.0003998221459644233,9.974821321265503e-05,0.00022650275927294406,4.008313864349983,1.7651976834534855,0.7153332441834434,0.7619813020414042
CBBT,20,accum4,3,1024,54,54,dual_base,temporal,0.003252016846090555,0.00022650275927294406,9.974821321265503e-05,0.00022650275927294406,2.2707450286859645,1.0,0.9974574327379336,1.0000000000000002
CBBT,20,accum4,3,1024,54,54,base,excess,0.001408247189829126,0.0006862984493312824,0.0006862984493312824,0.001469766305951525,1.0,0.4669439260869255,1.0000000000000002,0.999395117875807
CBBT,20,accum4,3,1024,54,54,tail,excess,0.0033743467065505683,0.01591199326952366,0.0006862984493312824,0.001469766305951525,23.18523855769751,10.826206319393242,0.9997003106918738,0.9986824798487577
CBBT,20,accum4,3,1024,54,54,body,excess,0.001258776756003499,0.0,0.0006862984493312824,0.001469766305951525,0.0,0.0,,
CBBT,20,accum4,3,1024,54,54,excess,excess,0.00010232093063677894,0.0003927615921964832,0.0006862984493312824,0.001469766305951525,0.5722897852664296,0.2672272391917502,0.9979214342881934,0.9995565016989683
CBBT,20,accum4,3,1024,54,54,gate,excess,0.0007607021034345962,0.0,0.0006862984493312824,0.001469766305951525,0.0,0.0,,
CBBT,20,accum4,3,1024,54,54,amp_true,excess,0.0026314326096326113,0.022472502249672704,0.0006862984493312824,0.001469766305951525,32.74450389851461,15.289847208141047,0.9915978704441605,0.9901667778631544
CBBT,20,accum4,3,1024,54,54,dual_base,excess,0.003252016846090555,0.001469766305951525,0.0006862984493312824,0.001469766305951525,2.1415847688183476,1.0,0.999395117875807,1.0
CBBT,20,accum4,3,1024,54,54,base,full,0.001408247189829126,0.013833880414329347,0.013833880414329347,0.030470804512405702,1.0,0.4540044359083825,1.0000000000000002,0.9929029224066981
CBBT,20,accum4,3,1024,54,54,tail,full,0.0033743467065505683,0.09522590848208895,0.013833880414329347,0.030470804512405702,6.883528383218673,3.1251524206825336,0.6673043191620032,0.7411994763536747
CBBT,20,accum4,3,1024,54,54,body,full,0.001258776756003499,0.012378429930334518,0.013833880414329347,0.030470804512405702,0.8947908728134406,0.40623902546763535,0.9808323893321971,0.9558081927058838
CBBT,20,accum4,3,1024,54,54,excess,full,0.00010232093063677894,0.001420299122472863,0.013833880414329347,0.030470804512405702,0.10266816539788036,0.04661180251721319,0.5062428234497462,0.580406553871706
CBBT,20,accum4,3,1024,54,54,gate,full,0.0007607021034345962,0.009370301952863164,0.013833880414329347,0.030470804512405702,0.6773444378742252,0.307517379432768,0.606876294645063,0.6952334114313495
CBBT,20,accum4,3,1024,54,54,amp_true,full,0.0026314326096326113,0.062304656753573114,0.013833880414329347,0.030470804512405702,4.503772975298889,2.0447329091099897,0.5213444660764401,0.6008759120440023
CBBT,20,accum4,3,1024,54,54,dual_base,full,0.003252016846090555,0.030470804512405702,0.013833880414329347,0.030470804512405702,2.202621650599464,1.0,0.9929029224066981,1.0000000000000002
CBBT,50,batch,0,256,13,13,base,shared,0.0008527636528015137,0.012351170947492792,0.012351170947492792,0.024034619930654158,1.0,0.5138908367650076,1.0,0.98122657122242
CBBT,50,batch,0,256,13,13,tail,shared,0.0011968985199928284,0.030599731167038704,0.012351170947492792,0.024034619930654158,2.4774761273343278,1.273152280141168,-0.39229240136616705,-0.27938321390287685
CBBT,50,batch,0,256,13,13,body,shared,0.0008009875891730189,0.012282679544516032,0.012351170947492792,0.024034619930654158,0.9944546631839256,0.5110411389884513,0.9969982362346903,0.9723602274949128
CBBT,50,batch,0,256,13,13,excess,shared,4.1934057662729174e-05,0.0007200394173608182,0.012351170947492792,0.024034619930654158,0.05829725946000137,0.029958427445006854,0.31578443992426186,0.27769407906511473
CBBT,50,batch,0,256,13,13,gate,shared,0.0005058402894064784,0.010991422200441605,0.012351170947492792,0.024034619930654158,0.8899093249675079,0.4573162476525356,-0.26821389693335557,-0.07859813929564939
CBBT,50,batch,0,256,13,13,amp_true,shared,0.0007429066463373601,0.032452175078130564,0.012351170947492792,0.024034619930654158,2.6274573654668867,1.3502262641041607,-0.34323724715230214,-0.24212660146599638
CBBT,50,batch,0,256,13,13,dual_base,shared,0.001990539487451315,0.024034619930654158,0.012351170947492792,0.024034619930654158,1.9459385699404501,1.0,0.98122657122242,1.0
CBBT,50,batch,0,256,13,13,base,temporal,0.0008527636528015137,0.00015793977840832503,0.00015793977840832503,0.0003037961448144996,1.0,0.5198873688958902,0.9999999999999999,0.9985278701892288
CBBT,50,batch,0,256,13,13,tail,temporal,0.0011968985199928284,0.00037393966766529154,0.00015793977840832503,0.0003037961448144996,2.3676091699871673,1.2308901019584109,-0.589362614250553,-0.5449013522353237
CBBT,50,batch,0,256,13,13,body,temporal,0.0008009875891730189,0.000160287940595002,0.00015793977840832503,0.0003037961448144996,1.0148674527110342,0.5276167697680139,0.9987797120222291,0.9946553493412832
CBBT,50,batch,0,256,13,13,excess,temporal,4.1934057662729174e-05,3.17789858739306e-06,0.00015793977840832503,0.0003037961448144996,0.020120951285477758,0.010460628423489412,-0.07113431221943686,-0.017281325988593877
CBBT,50,batch,0,256,13,13,gate,temporal,0.0005058402894064784,4.624160775713892e-05,0.00015793977840832503,0.0003037961448144996,0.2927799964211012,0.15221262200471447,-0.6225760822981288,-0.5792665840879526
CBBT,50,batch,0,256,13,13,amp_true,temporal,0.0007429066463373601,0.0003875935551089657,0.00015793977840832503,0.0003037961448144996,2.4540591294671312,1.2758343439336055,-0.46548232656427274,-0.4171661308910408
CBBT,50,batch,0,256,13,13,dual_base,temporal,0.001990539487451315,0.0003037961448144996,0.00015793977840832503,0.0003037961448144996,1.9234935484655995,1.0,0.9985278701892288,1.0
CBBT,50,batch,0,256,13,13,base,excess,0.0008527636528015137,0.0004994086054499848,0.0004994086054499848,0.0011539748149639625,1.0,0.4327725345250111,1.0,0.9978387548201592
CBBT,50,batch,0,256,13,13,tail,excess,0.0011968985199928284,0.009985436365490572,0.0004994086054499848,0.0011539748149639625,19.99452203370293,8.653079977141795,0.9999132918187632,0.9973768155039544
CBBT,50,batch,0,256,13,13,body,excess,0.0008009875891730189,0.0,0.0004994086054499848,0.0011539748149639625,0.0,0.0,,
CBBT,50,batch,0,256,13,13,excess,excess,4.1934057662729174e-05,0.00032865596390890865,0.0004994086054499848,0.0011539748149639625,0.6580903098631591,0.28480341134582926,0.9932802881107443,0.9987349702743565
CBBT,50,batch,0,256,13,13,gate,excess,0.0005058402894064784,0.0,0.0004994086054499848,0.0011539748149639625,0.0,0.0,,
CBBT,50,batch,0,256,13,13,amp_true,excess,0.0007429066463373601,0.01673985607940228,0.0004994086054499848,0.0011539748149639625,33.51935849066734,14.506257729658554,0.990678662097325,0.983591337977508
CBBT,50,batch,0,256,13,13,dual_base,excess,0.001990539487451315,0.0011539748149639625,0.0004994086054499848,0.0011539748149639625,2.3106826802157134,1.0,0.9978387548201592,1.0
CBBT,50,batch,0,256,13,13,base,full,0.0008527636528015137,0.013547647487701793,0.013547647487701793,0.026481929492141867,1.0,0.5115808306838768,1.0000000000000002,0.9842468894349485
CBBT,50,batch,0,256,13,13,tail,full,0.0011968985199928284,0.032746221062466135,0.013547647487701793,0.026481929492141867,2.417114933953833,1.2365496657705062,-0.3739126206842231,-0.27510181335303985
CBBT,50,batch,0,256,13,13,body,full,0.0008009875891730189,0.013460023350694066,0.013547647487701793,0.026481929492141867,0.9935321510921161,0.5082720031668438,0.9968204439560139,0.9759472873743046
CBBT,50,batch,0,256,13,13,excess,full,4.1934057662729174e-05,0.0007914995294794562,0.013547647487701793,0.026481929492141867,0.05842339271065026,0.029888287774284816,0.27710695896375087,0.2473479039640986
CBBT,50,batch,0,256,13,13,gate,full,0.0005058402894064784,0.011032086557441534,0.013547647487701793,0.026481929492141867,0.8143175091805555,0.41658922778701407,-0.24356298345860983,-0.06951263573017556
CBBT,50,batch,0,256,13,13,amp_true,full,0.0007429066463373601,0.03651529061722965,0.013547647487701793,0.026481929492141867,2.695323350447175,1.3788757585834157,-0.26136250962485036,-0.17564972121414632
CBBT,50,batch,0,256,13,13,dual_base,full,0.001990539487451315,0.026481929492141867,0.013547647487701793,0.026481929492141867,1.9547253142053986,1.0,0.9842468894349485,1.0
CBBT,50,batch,1,256,8,8,base,shared,0.0009796160738915205,0.019056808909660727,0.019056808909660727,0.038998214433602484,1.0,0.488658498509116,1.0000000000000002,0.9980907758585009
CBBT,50,batch,1,256,8,8,tail,shared,0.0006089701200835407,0.009923226844977592,0.019056808909660727,0.038998214433602484,0.5207181796290709,0.2544533638039419,-0.42777420375254915,-0.42045826121414387
CBBT,50,batch,1,256,8,8,body,shared,0.000951538560912013,0.018978991137426116,0.019056808909660727,0.038998214433602484,0.9959165370968713,0.48666307965815553,0.9996834932629667,0.9966223531265653
CBBT,50,batch,1,256,8,8,excess,shared,1.9681316189235076e-05,0.0004497350064773703,0.019056808909660727,0.038998214433602484,0.02359970174489077,0.011532194819921291,0.23975162281276843,0.2735089460779901
CBBT,50,batch,1,256,8,8,gate,shared,0.00022337838890962303,0.004823497421367387,0.019056808909660727,0.038998214433602484,0.25311149648575976,0.12368508382812678,0.28065272085889176,0.3379103385442516
CBBT,50,batch,1,256,8,8,amp_true,shared,0.00023878819774836302,0.018248404900594598,0.019056808909660727,0.038998214433602484,0.9575792561651645,0.46792924152114546,-0.41443655678512065,-0.4400900652227519
CBBT,50,batch,1,256,8,8,dual_base,shared,0.0020822063088417053,0.038998214433602484,0.019056808909660727,0.038998214433602484,2.0464189266143396,1.0,0.9980907758585009,0.9999999999999999
CBBT,50,batch,1,256,8,8,base,temporal,0.0009796160738915205,0.0002547318533974464,0.0002547318533974464,0.0005255144863346347,1.0,0.48472850895919817,1.0,0.9991286638164658
CBBT,50,batch,1,256,8,8,tail,temporal,0.0006089701200835407,4.10577124509611e-05,0.0002547318533974464,0.0005255144863346347,0.16118012687993374,0.07812860257636467,-0.991809913609126,-0.9896819044675693
CBBT,50,batch,1,256,8,8,body,temporal,0.000951538560912013,0.0002532046582231067,0.0002547318533974464,0.0005255144863346347,0.9940046949214596,0.48182241366772177,0.9997055512167039,0.9978324187858896
CBBT,50,batch,1,256,8,8,excess,temporal,1.9681316189235076e-05,6.871508159480494e-06,0.0002547318533974464,0.0005255144863346347,0.026975457006388575,0.01307577305319969,0.14332741478796063,0.18434361092908486
CBBT,50,batch,1,256,8,8,gate,temporal,0.00022337838890962303,4.2010594936416307e-05,0.0002547318533974464,0.0005255144863346347,0.1649208545225363,0.07994183990898586,0.725753134311998,0.753750720386789
CBBT,50,batch,1,256,8,8,amp_true,temporal,0.00023878819774836302,0.00023475739773817496,0.0002547318533974464,0.0005255144863346347,0.9215863450414022,0.4467191749090761,-0.3207511607365697,-0.35986700327257054
CBBT,50,batch,1,256,8,8,dual_base,temporal,0.0020822063088417053,0.0005255144863346347,0.0002547318533974464,0.0005255144863346347,2.063010492506795,1.0,0.9991286638164658,0.9999999999999998
CBBT,50,batch,1,256,8,8,base,excess,0.0009796160738915205,0.0002782873958428049,0.0002782873958428049,0.0009630919332861609,1.0,0.2889520576641753,1.0000000000000002,0.9959250772141336
CBBT,50,batch,1,256,8,8,tail,excess,0.0006089701200835407,0.005567978847010175,0.0002782873958428049,0.0009630919332861609,20.008016641024366,5.781357578203052,0.9998083025864023,0.9949887310329096
CBBT,50,batch,1,256,8,8,body,excess,0.000951538560912013,0.0,0.0002782873958428049,0.0009630919332861609,0.0,0.0,,
CBBT,50,batch,1,256,8,8,excess,excess,1.9681316189235076e-05,0.0003425176158998024,0.0002782873958428049,0.0009630919332861609,1.2308053509303705,0.35564373873540794,0.9919682505637512,0.9993305497707765
CBBT,50,batch,1,256,8,8,gate,excess,0.00022337838890962303,0.0,0.0002782873958428049,0.0009630919332861609,0.0,0.0,,
CBBT,50,batch,1,256,8,8,amp_true,excess,0.00023878819774836302,0.004131893973237216,0.0002782873958428049,0.0009630919332861609,14.847578564324138,4.290238377491962,-0.8619054875242564,-0.9025421302111114
CBBT,50,batch,1,256,8,8,dual_base,excess,0.0020822063088417053,0.0009630919332861609,0.0002782873958428049,0.0009630919332861609,3.4607817230435365,1.0,0.9959250772141336,1.0
CBBT,50,batch,1,256,8,8,base,full,0.0009796160738915205,0.021157221717072103,0.021157221717072103,0.043110396068442504,1.0,0.49076843746651466,1.0000000000000002,0.9983234644694762
CBBT,50,batch,1,256,8,8,tail,full,0.0006089701200835407,0.011493189614061605,0.021157221717072103,0.043110396068442504,0.5432277341399492,0.2665990262723381,-0.3392392266163952,-0.33012472019396544
CBBT,50,batch,1,256,8,8,body,full,0.000951538560912013,0.021073848197526567,0.021157221717072103,0.043110396068442504,0.9960593351688393,0.4888344835447466,0.9996429627724406,0.99691006780442
CBBT,50,batch,1,256,8,8,excess,full,1.9681316189235076e-05,0.0005653139775849212,0.021157221717072103,0.043110396068442504,0.026719669772556208,0.013113170583898673,0.1797042133391117,0.21036108002838413
CBBT,50,batch,1,256,8,8,gate,full,0.00022337838890962303,0.004873366945598305,0.021157221717072103,0.043110396068442504,0.23034059059209588,0.11304389172999706,0.25031425995149165,0.303753999964569
CBBT,50,batch,1,256,8,8,amp_true,full,0.00023878819774836302,0.018710340168530314,0.021157221717072103,0.043110396068442504,0.8843476907666302,0.43400993437465957,-0.36658023115567423,-0.3927348883937819
CBBT,50,batch,1,256,8,8,dual_base,full,0.0020822063088417053,0.043110396068442504,0.021157221717072103,0.043110396068442504,2.0376208485661436,1.0,0.9983234644694762,1.0000000000000002
CBBT,50,batch,2,256,10,10,base,shared,0.0008680404862388968,0.01563145677346559,0.01563145677346559,0.032377068674098716,1.0,0.48279407042091416,0.9999999999999996,0.980483831739106
CBBT,50,batch,2,256,10,10,tail,shared,0.000554874655790627,0.04252124746343321,0.01563145677346559,0.032377068674098716,2.7202357451170553,1.3133136878895315,-0.2424201381407577,-0.07990374837786647
CBBT,50,batch,2,256,10,10,body,shared,0.0008506811573170125,0.015507639204196235,0.01563145677346559,0.032377068674098716,0.9920789488104823,0.4789698338751145,0.9997331738017041,0.9765189115489122
CBBT,50,batch,2,256,10,10,excess,shared,1.2094834346498828e-05,0.00020809486550703592,0.01563145677346559,0.032377068674098716,0.013312570192451745,0.00642722995097791,0.3713989481185865,0.3967022855789841
CBBT,50,batch,2,256,10,10,gate,shared,0.0007159232045523822,0.013249862112591259,0.01563145677346559,0.032377068674098716,0.8476409015878105,0.40923600113283254,0.06783094650506631,0.2623681737109348
CBBT,50,batch,2,256,10,10,amp_true,shared,0.0002063257561530918,0.013788231169181655,0.01563145677346559,0.032377068674098716,0.8820822888745206,0.42586409869192643,-0.31631301870095807,-0.24183375753901795
CBBT,50,batch,2,256,10,10,dual_base,shared,0.0021008728072047234,0.032377068674098716,0.01563145677346559,0.032377068674098716,2.071276474311647,1.0,0.980483831739106,0.9999999999999998
CBBT,50,batch,2,256,10,10,base,temporal,0.0008680404862388968,0.00020491996370198138,0.00020491996370198138,0.00040715819936916,1.0,0.5032932261206551,1.0000000000000002,0.9999496593174824
CBBT,50,batch,2,256,10,10,tail,temporal,0.000554874655790627,0.0003601949792774514,0.00020491996370198138,0.00040715819936916,1.757734935973779,0.8846560865912263,-0.5501134928858017,-0.5423279682891881
CBBT,50,batch,2,256,10,10,body,temporal,0.0008506811573170125,0.0002030422040245125,0.00020491996370198138,0.00040715819936916,0.9908366191192589,0.49868135859501456,0.9999706945713571,0.9999903960797119
CBBT,50,batch,2,256,10,10,excess,temporal,1.2094834346498828e-05,2.132911695718474e-06,0.00020491996370198138,0.00040715819936916,0.01040851099710521,0.005238533078845397,0.3100384829808539,0.3016572411971027
CBBT,50,batch,2,256,10,10,gate,temporal,0.0007159232045523822,1.3863656030319089e-05,0.00020491996370198138,0.00040715819936916,0.06765400393336611,0.03404980189960331,-0.3351095790073033,-0.32615293398924666
CBBT,50,batch,2,256,10,10,amp_true,temporal,0.0002063257561530918,0.0001197326898666146,0.00020491996370198138,0.00040715819936916,0.5842900208627008,0.2940692095900935,-0.26958408050809746,-0.26105712819767546
CBBT,50,batch,2,256,10,10,dual_base,temporal,0.0021008728072047234,0.00040715819936916,0.00020491996370198138,0.00040715819936916,1.986913290504468,1.0,0.9999496593174824,1.0
CBBT,50,batch,2,256,10,10,base,excess,0.0008680404862388968,4.8984428366662946e-05,4.8984428366662946e-05,0.0001380161419933824,1.0,0.3549181107309292,1.0,0.004506733637867966
CBBT,50,batch,2,256,10,10,tail,excess,0.000554874655790627,0.0011534879994413592,4.8984428366662946e-05,0.0001380161419933824,23.54805471663689,8.35763109141731,0.9805929340125072,-0.02873502597850306
CBBT,50,batch,2,256,10,10,body,excess,0.0008506811573170125,0.0,4.8984428366662946e-05,0.0001380161419933824,0.0,0.0,,
CBBT,50,batch,2,256,10,10,excess,excess,1.2094834346498828e-05,7.330209074215406e-05,4.8984428366662946e-05,0.0001380161419933824,1.4964365857955149,0.5311124458591862,-0.3302154558218928,0.9423995004605881
CBBT,50,batch,2,256,10,10,gate,excess,0.0007159232045523822,0.0,4.8984428366662946e-05,0.0001380161419933824,0.0,0.0,,
CBBT,50,batch,2,256,10,10,amp_true,excess,0.0002063257561530918,0.004073258868210734,4.8984428366662946e-05,0.0001380161419933824,83.15415743389278,29.512916455859475,0.4215682036754507,-0.8686243368637229
CBBT,50,batch,2,256,10,10,dual_base,excess,0.0021008728072047234,0.0001380161419933824,4.8984428366662946e-05,0.0001380161419933824,2.8175513442821205,1.0,0.004506733637867966,1.0
CBBT,50,batch,2,256,10,10,base,full,0.0008680404862388968,0.01703079051208289,0.01703079051208289,0.03506591536770976,1.0,0.48567933657210594,0.9999999999999998,0.9833049317396849
CBBT,50,batch,2,256,10,10,tail,full,0.000554874655790627,0.04339683527013491,0.01703079051208289,0.03506591536770976,2.548139808269382,1.2375788515732467,-0.24646458397898632,-0.09902680121081618
CBBT,50,batch,2,256,10,10,body,full,0.0008506811573170125,0.016895411706397245,0.01703079051208289,0.03506591536770976,0.9920509382350985,0.4818186415277579,0.9997362411393015,0.9799494148350674
CBBT,50,batch,2,256,10,10,excess,full,1.2094834346498828e-05,0.0002206278984116976,0.01703079051208289,0.03506591536770976,0.01295464812717695,0.006291804907932376,0.32120315556740947,0.34670843627491305
CBBT,50,batch,2,256,10,10,gate,full,0.0007159232045523822,0.01326316999961894,0.01703079051208289,0.03506591536770976,0.7787759464370767,0.3782353850038733,0.0621932034773908,0.24238191066920764
CBBT,50,batch,2,256,10,10,amp_true,full,0.0002063257561530918,0.014377300044940632,0.01703079051208289,0.03506591536770976,0.8441945213723533,0.41000783507793104,-0.2780844936251902,-0.215109920182118
CBBT,50,batch,2,256,10,10,dual_base,full,0.0021008728072047234,0.03506591536770976,0.01703079051208289,0.03506591536770976,2.058971680899453,1.0,0.9833049317396849,1.0000000000000004
CBBT,50,batch,3,256,10,10,base,shared,0.0010117801139131188,0.015417168876189628,0.015417168876189628,0.034785566319534895,1.0,0.44320591864366593,1.0,0.9934576492279709
CBBT,50,batch,3,256,10,10,tail,shared,0.0021760170347988605,0.05907912036557551,0.015417168876189628,0.034785566319534895,3.8320343274450135,1.6983802943693296,-0.3727207860271557,-0.44863859121786925
CBBT,50,batch,3,256,10,10,body,shared,0.0009065977646969259,0.016142128193996623,0.015417168876189628,0.034785566319534895,1.0470228563771282,0.46404672690154014,0.992016871338108,0.9953039068086081
CBBT,50,batch,3,256,10,10,excess,shared,6.400287384167314e-05,0.001028957757871612,0.015417168876189628,0.034785566319534895,0.06674103177664097,0.02958002029979226,-0.3771969543518363,-0.4403488437766855
CBBT,50,batch,3,256,10,10,gate,shared,0.0003659806679934263,0.010890665492466006,0.015417168876189628,0.034785566319534895,0.7063985339932041,0.31308001118699685,0.7158327854023743,0.7900249050191255
CBBT,50,batch,3,256,10,10,amp_true,shared,0.001705222763121128,0.0542632051062976,0.015417168876189628,0.034785566319534895,3.5196608107537846,1.559934502944241,-0.34259089111397434,-0.4169271540959461
CBBT,50,batch,3,256,10,10,dual_base,shared,0.0022293739020824432,0.034785566319534895,0.015417168876189628,0.034785566319534895,2.256287558298589,1.0,0.9934576492279709,1.0
CBBT,50,batch,3,256,10,10,base,temporal,0.0010117801139131188,0.00019626123871023966,0.00019626123871023966,0.0004475622668503543,1.0,0.4385115843017683,1.0000000000000002,0.9945288884900527
CBBT,50,batch,3,256,10,10,tail,temporal,0.0021760170347988605,0.0006431081440138533,0.00019626123871023966,0.0004475622668503543,3.276796519985992,1.4369132334135784,-0.6392001112438148,-0.7156521814447838
CBBT,50,batch,3,256,10,10,body,temporal,0.0009065977646969259,0.00020922392049597054,0.00019626123871023966,0.0004475622668503543,1.0660480993135328,0.46747444097186613,0.9966904239359637,0.9996681968473821
CBBT,50,batch,3,256,10,10,excess,temporal,6.400287384167314e-05,9.340683552542045e-06,0.00019626123871023966,0.0004475622668503543,0.047593114228391485,0.02087013192214698,-0.6500724702625129,-0.7243764965924603
CBBT,50,batch,3,256,10,10,gate,temporal,0.0003659806679934263,0.00013617757834094625,0.00019626123871023966,0.0004475622668503543,0.6938587529349033,0.3042651010311337,0.7676343314835232,0.8303380756138046
CBBT,50,batch,3,256,10,10,amp_true,temporal,0.001705222763121128,0.0006102293144230779,0.00019626123871023966,0.0004475622668503543,3.1092706763357447,1.3634512103030179,-0.4258879426005663,-0.5170328815776356
CBBT,50,batch,3,256,10,10,dual_base,temporal,0.0022293739020824432,0.0004475622668503543,0.00019626123871023966,0.0004475622668503543,2.280441465628044,1.0,0.9945288884900527,1.0000000000000002
CBBT,50,batch,3,256,10,10,base,excess,0.0010117801139131188,0.0001900349407156658,0.0001900349407156658,0.000381224698338311,1.0,0.49848538550622107,1.0000000000000002,0.8755162590076064
CBBT,50,batch,3,256,10,10,tail,excess,0.0021760170347988605,0.0038613727179995817,0.0001900349407156658,0.000381224698338311,20.319277620514256,10.12886293786998,0.9993553678318574,0.8805594711783234
CBBT,50,batch,3,256,10,10,body,excess,0.0009065977646969259,0.0,0.0001900349407156658,0.000381224698338311,0.0,0.0,,
CBBT,50,batch,3,256,10,10,excess,excess,6.400287384167314e-05,0.00011678467563475825,0.0001900349407156658,0.000381224698338311,0.6145431739813253,0.30634079099229766,0.6210982967050307,0.9224664446771907
CBBT,50,batch,3,256,10,10,gate,excess,0.0003659806679934263,0.0,0.0001900349407156658,0.000381224698338311,0.0,0.0,,
CBBT,50,batch,3,256,10,10,amp_true,excess,0.001705222763121128,0.02358280499455204,0.0001900349407156658,0.000381224698338311,124.09720499682803,61.86064307308837,0.7263353304784791,0.318526221398111
CBBT,50,batch,3,256,10,10,dual_base,excess,0.0022293739020824432,0.000381224698338311,0.0001900349407156658,0.000381224698338311,2.0060768661943453,1.0,0.8755162590076064,1.0
CBBT,50,batch,3,256,10,10,base,full,0.0010117801139131188,0.016924804594786277,0.016924804594786277,0.037535375687642356,1.0,0.4509027626532688,1.0000000000000002,0.9932350528542101
CBBT,50,batch,3,256,10,10,tail,full,0.0021760170347988605,0.06008744387054247,0.016924804594786277,0.037535375687642356,3.5502592383874574,1.6008216987241946,-0.3754761528549845,-0.44802651805089605
CBBT,50,batch,3,256,10,10,body,full,0.0009065977646969259,0.01762760183187893,0.016924804594786277,0.037535375687642356,1.041524688403738,0.4696263593728304,0.9931593525185913,0.9952021204122541
CBBT,50,batch,3,256,10,10,excess,full,6.400287384167314e-05,0.0010355639661301906,0.016924804594786277,0.037535375687642356,0.06118616970320581,0.027589012955347235,-0.34061844306448297,-0.40442935458201884
CBBT,50,batch,3,256,10,10,gate,full,0.0003659806679934263,0.011068283389945737,0.016924804594786277,0.037535375687642356,0.6539681641792985,0.29487605191573213,0.641219507324245,0.7249288838840945
CBBT,50,batch,3,256,10,10,amp_true,full,0.001705222763121128,0.05916624138661497,0.016924804594786277,0.037535375687642356,3.4958301028090606,1.576279451123066,-0.28296162730690483,-0.3530748351642212
CBBT,50,batch,3,256,10,10,dual_base,full,0.0022293739020824432,0.037535375687642356,0.016924804594786277,0.037535375687642356,2.217773060683088,1.0,0.9932350528542101,1.0000000000000002
CBBT,50,accum4,0,1024,41,41,base,shared,0.0009280500817112625,0.015261843987725803,0.015261843987725803,0.03156225198040764,1.0,0.48354737162606887,1.0,0.9971887022726064
CBBT,50,accum4,0,1024,41,41,tail,shared,0.0011341900826664641,0.03219125191939793,0.015261843987725803,0.03156225198040764,2.109263595230527,1.0199288675402738,-0.38909696674265976,-0.368007611703364
CBBT,50,accum4,0,1024,41,41,body,shared,0.0008774512680247426,0.015349370236310372,0.015261843987725803,0.03156225198040764,1.0057349720423667,0.48632050228350426,0.9991508986077593,0.9953933697961971
CBBT,50,accum4,0,1024,41,41,excess,shared,3.4428270510034054e-05,0.00022014655188861405,0.015261843987725803,0.03156225198040764,0.014424636503011358,0.0069749950676925914,0.01924612223057264,0.02075060351405015
CBBT,50,accum4,0,1024,41,41,gate,shared,0.0004527806377154775,0.00544345928446527,0.015261843987725803,0.03156225198040764,0.3566711394011839,0.1724673919923177,0.31671042394277005,0.38607834092043436
CBBT,50,accum4,0,1024,41,41,amp_true,shared,0.0007233108408399858,0.02851653232160441,0.015261843987725803,0.03156225198040764,1.868485377293764,0.9035011931121432,-0.35517040327629557,-0.3515115222737341
CBBT,50,accum4,0,1024,41,41,dual_base,shared,0.0021007481263950467,0.03156225198040764,0.015261843987725803,0.03156225198040764,2.068049706561756,1.0,0.9971887022726064,1.0000000000000002
CBBT,50,accum4,0,1024,41,41,base,temporal,0.0009280500817112625,0.0002016617383546908,0.0002016617383546908,0.00041676556272155505,1.0,0.4838733244604062,1.0,0.9995481149388507
CBBT,50,accum4,0,1024,41,41,tail,temporal,0.0011341900826664641,0.0003470611130058997,0.0002016617383546908,0.00041676556272155505,1.7210062545205012,0.832749017791987,-0.5594712323582876,-0.5840579569889844
CBBT,50,accum4,0,1024,41,41,body,temporal,0.0008774512680247426,0.00020334260204369457,0.0002016617383546908,0.00041676556272155505,1.0083350649593599,0.4879064400518851,0.9997168658279074,0.9999754670561969
CBBT,50,accum4,0,1024,41,41,excess,temporal,3.4428270510034054e-05,8.015997254968702e-07,0.0002016617383546908,0.00041676556272155505,0.003974971811891179,0.0019233828252561895,-0.6719715615791391,-0.6929072150315738
CBBT,50,accum4,0,1024,41,41,gate,temporal,0.0004527806377154775,3.063881160953854e-05,0.0002016617383546908,0.00041676556272155505,0.15193170434566902,0.07351569887267441,0.8212566077950304,0.8380034220805349
CBBT,50,accum4,0,1024,41,41,amp_true,temporal,0.0007233108408399858,0.00033749465436869994,0.0002016617383546908,0.00041676556272155505,1.6735681102535214,0.8097949652192911,-0.3371203597819836,-0.365095611235236
CBBT,50,accum4,0,1024,41,41,dual_base,temporal,0.0021007481263950467,0.00041676556272155505,0.0002016617383546908,0.00041676556272155505,2.0666566009092464,1.0,0.9995481149388507,1.0000000000000002
CBBT,50,accum4,0,1024,41,41,base,excess,0.0009280500817112625,0.00010862400603311278,0.00010862400603311278,0.00010949135823026637,1.0,0.9920783501897062,0.9999999999999999,0.7878726736082695
CBBT,50,accum4,0,1024,41,41,tail,excess,0.0011341900826664641,0.0022356342433868183,0.00010862400603311278,0.00010949135823026637,20.581401156437842,20.418362503871364,0.9977273038729135,0.8021655963929316
CBBT,50,accum4,0,1024,41,41,body,excess,0.0008774512680247426,0.0,0.00010862400603311278,0.00010949135823026637,0.0,0.0,,
CBBT,50,accum4,0,1024,41,41,excess,excess,3.4428270510034054e-05,3.5185064438513176e-05,0.00010862400603311278,0.00010949135823026637,0.3239161003488254,0.32135015043394605,-0.30708925086739514,0.3440911121659393
CBBT,50,accum4,0,1024,41,41,gate,excess,0.0004527806377154775,0.0,0.00010862400603311278,0.00010949135823026637,0.0,0.0,,
CBBT,50,accum4,0,1024,41,41,amp_true,excess,0.0007233108408399858,0.012019676892547893,0.00010862400603311278,0.00010949135823026637,110.65396436294048,109.77740240713655,0.8909281460195884,0.44281670802547773
CBBT,50,accum4,0,1024,41,41,dual_base,excess,0.0021007481263950467,0.00010949135823026637,0.00010862400603311278,0.00010949135823026637,1.0079849034189476,1.0,0.7878726736082695,1.0
CBBT,50,accum4,0,1024,41,41,base,full,0.0009280500817112625,0.016683766400124644,0.016683766400124644,0.03431140350000442,1.0,0.48624552476037586,1.0000000000000004,0.9975166900293546
CBBT,50,accum4,0,1024,41,41,tail,full,0.0011341900826664641,0.0329334902977952,0.016683766400124644,0.03431140350000442,1.9739841417073039,0.9598409548531281,-0.38526434425538086,-0.3674214343745659
CBBT,50,accum4,0,1024,41,41,body,full,0.0008774512680247426,0.016754191678710954,0.016683766400124644,0.03431140350000442,1.004221185846008,0.4882980574871791,0.9992597753247885,0.9960391251343657
CBBT,50,accum4,0,1024,41,41,excess,full,3.4428270510034054e-05,0.00022294055949510075,0.016683766400124644,0.03431140350000442,0.013362723628966369,0.006497564563194625,0.017069622205550666,0.01902206499186516
CBBT,50,accum4,0,1024,41,41,gate,full,0.0004527806377154775,0.005466135131962386,0.016683766400124644,0.03431140350000442,0.32763196276360884,0.1593095756622629,0.28856010532334436,0.35435489389519126
CBBT,50,accum4,0,1024,41,41,amp_true,full,0.0007233108408399858,0.03094616693954776,0.016683766400124644,0.03431140350000442,1.8548669525435553,0.9019207547002202,-0.29713854634733966,-0.2974118037948606
CBBT,50,accum4,0,1024,41,41,dual_base,full,0.0021007481263950467,0.03431140350000442,0.016683766400124644,0.03431140350000442,2.0565741977631666,1.0,0.9975166900293546,1.0000000000000004
CBBT,50,batch,4,256,9,9,base,shared,0.0008049041498452425,0.008099733265051357,0.008099733265051357,0.018356056619913352,1.0,0.4412567161219397,1.0000000000000002,0.9305571948910517
CBBT,50,batch,4,256,9,9,tail,shared,0.0010936488397419453,0.03519840817072739,0.008099733265051357,0.018356056619913352,4.345625592709467,1.917536478534437,0.09300220590507181,-0.22601207230667647
CBBT,50,batch,4,256,9,9,body,shared,0.0007499007042497396,0.007978983430784337,0.008099733265051357,0.018356056619913352,0.9850921221334498,0.43467851489019876,0.9868794705055407,0.9619910289781637
CBBT,50,batch,4,256,9,9,excess,shared,4.36799818999134e-05,0.0011907292226665128,0.008099733265051357,0.018356056619913352,0.14700844876019048,0.06486846534210208,0.09026372433976027,-0.22286258056707797
CBBT,50,batch,4,256,9,9,gate,shared,0.00048438002704642713,0.015672495833680362,0.008099733265051357,0.018356056619913352,1.934939746880787,0.8538051586024331,0.11400747509719827,0.4692451271785348
CBBT,50,batch,4,256,9,9,amp_true,shared,0.0012301799142733216,0.05041422460124882,0.008099733265051357,0.018356056619913352,6.224183309686947,2.746462687773448,0.07068960855510918,-0.25308464734428215
CBBT,50,batch,4,256,9,9,dual_base,shared,0.001884354860521853,0.018356056619913352,0.008099733265051357,0.018356056619913352,2.266254457923432,1.0,0.9305571948910517,1.0000000000000002
CBBT,50,batch,4,256,9,9,base,temporal,0.0008049041498452425,0.00010658842476481909,0.00010658842476481909,0.00023371392721906778,1.0,0.4560636417054866,1.0000000000000002,0.9574637913647053
CBBT,50,batch,4,256,9,9,tail,temporal,0.0010936488397419453,0.00038762909027142793,0.00010658842476481909,0.00023371392721906778,3.6366902984701017,1.6585622212752875,0.18999674481803872,-0.09972591359770956
CBBT,50,batch,4,256,9,9,body,temporal,0.0007499007042497396,0.00010334384359339599,0.00010658842476481909,0.00023371392721906778,0.9695597230320077,0.44218093813694037,0.9916574635340591,0.986336098695015
CBBT,50,batch,4,256,9,9,excess,temporal,4.36799818999134e-05,1.3275240474146593e-05,0.00010658842476481909,0.00023371392721906778,0.12454673669713769,0.056801238300630975,0.19909978480476762,-0.09053183767125078
CBBT,50,batch,4,256,9,9,gate,temporal,0.00048438002704642713,0.0001615925091833178,0.00010658842476481909,0.00023371392721906778,1.5160418172973462,0.6914115521744316,0.1169505365141068,0.39851298360819876
CBBT,50,batch,4,256,9,9,amp_true,temporal,0.0012301799142733216,0.0005972554917095257,0.00010658842476481909,0.00023371392721906778,5.603380414217902,2.5554980775694145,0.18987531019994328,-0.10001156827635169
CBBT,50,batch,4,256,9,9,dual_base,temporal,0.001884354860521853,0.00023371392721906778,0.00010658842476481909,0.00023371392721906778,2.1926764349388166,1.0,0.9574637913647053,0.9999999999999999
CBBT,50,batch,4,256,9,9,base,excess,0.0008049041498452425,0.000559693868137056,0.000559693868137056,0.001430823879061064,1.0,0.3911689456177784,1.0,0.9998445142962994
CBBT,50,batch,4,256,9,9,tail,excess,0.0010936488397419453,0.011456417135110504,0.000559693868137056,0.001430823879061064,20.469077449862453,8.00686744383134,0.999702663236352,0.9993022555723006
CBBT,50,batch,4,256,9,9,body,excess,0.0007499007042497396,0.0,0.000559693868137056,0.001430823879061064,0.0,0.0,,
CBBT,50,batch,4,256,9,9,excess,excess,4.36799818999134e-05,0.00043541827171449327,0.000559693868137056,0.001430823879061064,0.7779579096762044,0.3043129752630517,0.9995909826776836,0.9999351394347069
CBBT,50,batch,4,256,9,9,gate,excess,0.00048438002704642713,0.0,0.000559693868137056,0.001430823879061064,0.0,0.0,,
CBBT,50,batch,4,256,9,9,amp_true,excess,0.0012301799142733216,0.019378654286257044,0.000559693868137056,0.001430823879061064,34.62366731077293,13.543703435375788,0.9946581605420575,0.9948244566536256
CBBT,50,batch,4,256,9,9,dual_base,excess,0.001884354860521853,0.001430823879061064,0.000559693868137056,0.001430823879061064,2.556440155086152,1.0,0.9998445142962994,1.0
CBBT,50,batch,4,256,9,9,base,full,0.0008049041498452425,0.0092815689781782,0.0092815689781782,0.020524517859970958,1.0,0.4522186119791919,1.0,0.9428922322501883
CBBT,50,batch,4,256,9,9,tail,full,0.0010936488397419453,0.037044049058527664,0.0092815689781782,0.020524517859970958,3.9911408454348116,1.804868173335989,0.09982599013606401,-0.1667838514464283
CBBT,50,batch,4,256,9,9,body,full,0.0007499007042497396,0.009160987617775805,0.0092815689781782,0.020524517859970958,0.9870085154044652,0.4463436208478501,0.988136335349434,0.9646573331673134
CBBT,50,batch,4,256,9,9,excess,full,4.36799818999134e-05,0.0012678427162131879,0.0092815689781782,0.020524517859970958,0.13659788761943154,0.06177210713854897,0.09468036526178698,-0.163253573238018
CBBT,50,batch,4,256,9,9,gate,full,0.00048438002704642713,0.015842055202104886,0.0092815689781782,0.020524517859970958,1.7068294422366495,0.7718600412534758,0.09859660840150655,0.4234610868363382
CBBT,50,batch,4,256,9,9,amp_true,full,0.0012301799142733216,0.05401042754960777,0.0092815689781782,0.020524517859970958,5.819105334086416,2.6315077371412707,0.07910148902310693,-0.18639163355712426
CBBT,50,batch,4,256,9,9,dual_base,full,0.001884354860521853,0.020524517859970958,0.0092815689781782,0.020524517859970958,2.2113198650169963,1.0,0.9428922322501883,0.9999999999999999
CBBT,50,batch,5,256,12,12,base,shared,0.0008489263709634542,0.010010148201197357,0.010010148201197357,0.019255095472273453,1.0,0.5198700892245152,1.0000000000000002,0.9832590818928506
CBBT,50,batch,5,256,12,12,tail,shared,0.0011476274812594056,0.045320345250145104,0.010010148201197357,0.019255095472273453,4.52743998782397,2.3536806304286855,-0.4348958826544546,-0.29179672938134726
CBBT,50,batch,5,256,12,12,body,shared,0.0008023504051379859,0.010534885412143464,0.010010148201197357,0.019255095472273453,1.0524205236924804,0.5471219515537208,0.9926935219300452,0.958804863896648
CBBT,50,batch,5,256,12,12,excess,shared,3.613577428041026e-05,0.0007467907352811167,0.010010148201197357,0.019255095472273453,0.07460336453278382,0.038784057776107356,-0.2867437252557763,-0.15818932707763797
CBBT,50,batch,5,256,12,12,gate,shared,0.0005603226600214839,0.007346519732007541,0.010010148201197357,0.019255095472273453,0.7339071894189131,0.3815363960457235,-0.3006491200597052,-0.12272690545215896
CBBT,50,batch,5,256,12,12,amp_true,shared,0.0006779151735827327,0.025365394444530755,0.010010148201197357,0.019255095472273453,2.5339679228222307,1.3173341301296524,-0.3377080263007383,-0.20824612620658017
CBBT,50,batch,5,256,12,12,dual_base,shared,0.0020037097856402397,0.019255095472273453,0.010010148201197357,0.019255095472273453,1.9235574823927448,1.0,0.9832590818928506,0.9999999999999996
CBBT,50,batch,5,256,12,12,base,temporal,0.0008489263709634542,0.00013493499017620876,0.00013493499017620876,0.00025543995662555833,1.0,0.5282454317591584,1.0,0.9925265343433671
CBBT,50,batch,5,256,12,12,tail,temporal,0.0011476274812594056,0.0005841293809851947,0.00013493499017620876,0.00025543995662555833,4.32896893698508,2.286758065189669,-0.40050895818206506,-0.2859722395865632
CBBT,50,batch,5,256,12,12,body,temporal,0.0008023504051379859,0.0001400816710350206,0.00013493499017620876,0.00025543995662555833,1.038141929325306,0.5483937316837321,0.9931044120053337,0.9714406948290846
CBBT,50,batch,5,256,12,12,excess,temporal,3.613577428041026e-05,9.79403483174773e-06,0.00013493499017620876,0.00025543995662555833,0.07258335898611551,0.03834182780615058,-0.2112374556185095,-0.09088719054343786
CBBT,50,batch,5,256,12,12,gate,temporal,0.0005603226600214839,6.545751776778734e-05,0.00013493499017620876,0.00025543995662555833,0.48510410592766,0.2562540278838973,-0.4989824496304069,-0.38953290012006647
CBBT,50,batch,5,256,12,12,amp_true,temporal,0.0006779151735827327,0.0003038712834951138,0.00013493499017620876,0.00025543995662555833,2.2519828481722546,1.189599651946972,-0.18292566537533464,-0.06218442486826048
CBBT,50,batch,5,256,12,12,dual_base,temporal,0.0020037097856402397,0.00025543995662555833,0.00013493499017620876,0.00025543995662555833,1.8930594376742806,1.0,0.9925265343433671,0.9999999999999998
CBBT,50,batch,5,256,12,12,base,excess,0.0008489263709634542,0.0005432079419109382,0.0005432079419109382,0.0013386903024635694,1.0,0.40577566066720716,1.0000000000000004,0.9987488735999688
CBBT,50,batch,5,256,12,12,tail,excess,0.0011476274812594056,0.010897664335822685,0.0005432079419109382,0.0013386903024635694,20.06168079480954,8.140541778608462,0.9998806222022231,0.9981198615195893
CBBT,50,batch,5,256,12,12,body,excess,0.0008023504051379859,0.0,0.0005432079419109382,0.0013386903024635694,0.0,0.0,,
CBBT,50,batch,5,256,12,12,excess,excess,3.613577428041026e-05,0.0003980265717071055,0.0005432079419109382,0.0013386903024635694,0.7327333438957047,0.2973253567121715,0.9963977463062451,0.9993887642259672
CBBT,50,batch,5,256,12,12,gate,excess,0.0005603226600214839,0.0,0.0005432079419109382,0.0013386903024635694,0.0,0.0,,
CBBT,50,batch,5,256,12,12,amp_true,excess,0.0006779151735827327,0.016579256543735304,0.0005432079419109382,0.0013386903024635694,30.5210127919182,12.384684129872888,0.9627538625169672,0.9664707978484393
CBBT,50,batch,5,256,12,12,dual_base,excess,0.0020037097856402397,0.0013386903024635694,0.0005432079419109382,0.0013386903024635694,2.464415924690318,1.0,0.9987488735999688,0.9999999999999999
CBBT,50,batch,5,256,12,12,base,full,0.0008489263709634542,0.011147089638321936,0.011147089638321936,0.021628718919641476,1.0,0.5153837210487321,1.0,0.9860519176833393
CBBT,50,batch,5,256,12,12,tail,full,0.0011476274812594056,0.04737216315473335,0.011147089638321936,0.021628718919641476,4.249733759372969,2.190243598372058,-0.3995601185126901,-0.27197552731211894
CBBT,50,batch,5,256,12,12,body,full,0.0008023504051379859,0.011603790692911073,0.011147089638321936,0.021628718919641476,1.0409704298976004,0.5364992136623236,0.9926381226186066,0.9637327291089323
CBBT,50,batch,5,256,12,12,excess,full,3.613577428041026e-05,0.000846239655231674,0.011147089638321936,0.021628718919641476,0.0759157486562623,0.03912574102866475,-0.2043988125440892,-0.09518502321650252
CBBT,50,batch,5,256,12,12,gate,full,0.0005603226600214839,0.00744408917122535,0.011147089638321936,0.021628718919641476,0.6678056257512943,0.34417614833697907,-0.2661066258820006,-0.10317026820165928
CBBT,50,batch,5,256,12,12,amp_true,full,0.0006779151735827327,0.030303052368855873,0.011147089638321936,0.021628718919641476,2.7184721171236266,1.4010562752903992,-0.22818072113144006,-0.12245624637671829
CBBT,50,batch,5,256,12,12,dual_base,full,0.0020037097856402397,0.021628718919641476,0.011147089638321936,0.021628718919641476,1.940301874426967,1.0,0.9860519176833393,1.0
CBBT,50,batch,6,256,9,9,base,shared,0.0009603977669030428,0.015088009231010464,0.015088009231010464,0.03226068642890718,1.0,0.46769027262516205,1.0000000000000002,0.9931816243272875
CBBT,50,batch,6,256,9,9,tail,shared,0.0012408106122165918,0.03716486054838246,0.015088009231010464,0.03226068642890718,2.463205051067793,1.1520170418655722,-0.27270846304896434,-0.3059910188794862
CBBT,50,batch,6,256,9,9,body,shared,0.0008931531338021159,0.015276681003295217,0.015088009231010464,0.03226068642890718,1.0125047492612196,0.47353862221625115,0.9955224077724338,0.9878806167538305
CBBT,50,batch,6,256,9,9,excess,shared,5.5724187404848635e-05,0.0011906665296692045,0.015088009231010464,0.03226068642890718,0.07891475352639774,0.03690766259090842,-0.1783357353156199,-0.1891976193941823
CBBT,50,batch,6,256,9,9,gate,shared,0.0002900435938499868,0.009485053853020198,0.015088009231010464,0.03226068642890718,0.6286484656654052,0.2940127722924432,0.4563809737597694,0.5543036000130004
CBBT,50,batch,6,256,9,9,amp_true,shared,0.0014143126318231225,0.04732058886863523,0.015088009231010464,0.03226068642890718,3.136304342350015,1.4668190329091582,-0.26730906039695423,-0.31038635065090353
CBBT,50,batch,6,256,9,9,dual_base,shared,0.002110021188855171,0.03226068642890718,0.015088009231010464,0.03226068642890718,2.138167198532834,1.0,0.9931816243272875,1.0
CBBT,50,batch,6,256,9,9,base,temporal,0.0009603977669030428,0.00018875637337933255,0.00018875637337933255,0.00040978120224882615,1.0,0.46062721360438696,1.0000000000000004,0.9960599706753106
CBBT,50,batch,6,256,9,9,tail,temporal,0.0012408106122165918,0.0003740779949084338,0.00018875637337933255,0.00040978120224882615,1.9818032536399253,0.912872510636267,-0.3520891027141151,-0.43267799430278875
CBBT,50,batch,6,256,9,9,body,temporal,0.0008931531338021159,0.0001899236905791932,0.00018875637337933255,0.00040978120224882615,1.00618425316699,0.46347584890892163,0.9987272261678563,0.9991213366159792
CBBT,50,batch,6,256,9,9,excess,temporal,5.5724187404848635e-05,9.048410691700896e-06,0.00018875637337933255,0.00040978120224882615,0.04793698103913471,0.022081078004662955,-0.2974080453084271,-0.3791839476648809
CBBT,50,batch,6,256,9,9,gate,temporal,0.0002900435938499868,0.00011224818872609064,0.00018875637337933255,0.00040978120224882615,0.5946723107490102,0.2739222495079987,0.623212082478707,0.690067033787558
CBBT,50,batch,6,256,9,9,amp_true,temporal,0.0014143126318231225,0.0005117229284486,0.00018875637337933255,0.00040978120224882615,2.7110233116220166,1.2487711140489872,-0.3278474907325208,-0.4094056720120813
CBBT,50,batch,6,256,9,9,dual_base,temporal,0.002110021188855171,0.00040978120224882615,0.00018875637337933255,0.00040978120224882615,2.170952932144511,1.0,0.9960599706753106,1.0000000000000002
CBBT,50,batch,6,256,9,9,base,excess,0.0009603977669030428,0.0004284446336710651,0.0004284446336710651,0.0010195175861603216,1.0,0.4202425141920908,1.0,0.9985868224747333
CBBT,50,batch,6,256,9,9,tail,excess,0.0012408106122165918,0.008713525837059555,0.0004284446336710651,0.0010195175861603216,20.33757725566308,8.546714598495736,0.9993518221413357,0.9972315294204029
CBBT,50,batch,6,256,9,9,body,excess,0.0008931531338021159,0.0,0.0004284446336710651,0.0010195175861603216,0.0,0.0,,
CBBT,50,batch,6,256,9,9,excess,excess,5.5724187404848635e-05,0.00029736645904482225,0.0004284446336710651,0.0010195175861603216,0.6940604121864739,0.2916736926184426,0.9959236145017587,0.9993062347181817
CBBT,50,batch,6,256,9,9,gate,excess,0.0002900435938499868,0.0,0.0004284446336710651,0.0010195175861603216,0.0,0.0,,
CBBT,50,batch,6,256,9,9,amp_true,excess,0.0014143126318231225,0.01455896827836448,0.0004284446336710651,0.0010195175861603216,33.98097941761598,14.280252225168626,0.9908465206231281,0.9862308509119765
CBBT,50,batch,6,256,9,9,dual_base,excess,0.002110021188855171,0.0010195175861603216,0.0004284446336710651,0.0010195175861603216,2.379578377315021,1.0,0.9985868224747333,1.0
CBBT,50,batch,6,256,9,9,base,full,0.0009603977669030428,0.016188217217700907,0.016188217217700907,0.034325645903635064,1.0,0.4716070678800129,1.0,0.9935249268954452
CBBT,50,batch,6,256,9,9,tail,full,0.0012408106122165918,0.03824934736925631,0.016188217217700907,0.034325645903635064,2.3627893581408577,1.1143081612109076,-0.24812903995849647,-0.2795604105315786
CBBT,50,batch,6,256,9,9,body,full,0.0008931531338021159,0.01634332494923435,0.016188217217700907,0.034325645903635064,1.0095815202778378,0.4761257805640768,0.9957150133869008,0.9884880004763471
CBBT,50,batch,6,256,9,9,excess,full,5.5724187404848635e-05,0.0012272381984926002,0.016188217217700907,0.034325645903635064,0.07581058383320209,0.035752807155848346,-0.1548753760143936,-0.16532517306953837
CBBT,50,batch,6,256,9,9,gate,full,0.0002900435938499868,0.009610216240903448,0.016188217217700907,0.034325645903635064,0.5936550091751435,0.2799718982093716,0.4202475032048047,0.517998701975617
CBBT,50,batch,6,256,9,9,amp_true,full,0.0014143126318231225,0.04950961207891684,0.016188217217700907,0.034325645903635064,3.058373347299841,1.4423504868024581,-0.23041464173561144,-0.2702024554801703
CBBT,50,batch,6,256,9,9,dual_base,full,0.002110021188855171,0.034325645903635064,0.016188217217700907,0.034325645903635064,2.1204092731163686,1.0,0.9935249268954452,0.9999999999999997
CBBT,50,batch,7,256,12,12,base,shared,0.0009625425445847213,0.013655461864902557,0.013655461864902557,0.029302099675199873,1.0,0.4660233231156467,1.0,0.9910853557556041
CBBT,50,batch,7,256,12,12,tail,shared,0.000929701142013073,0.025655990664895115,0.013655461864902557,0.029302099675199873,1.8788079757914649,0.8755683363745199,-0.48416382769573496,-0.4911802360013979
CBBT,50,batch,7,256,12,12,body,shared,0.0009319872478954494,0.013348658865724684,0.013655461864902557,0.029302099675199873,0.9775325798414464,0.45555298131152205,0.9989476546003954,0.9848379273429723
CBBT,50,batch,7,256,12,12,excess,shared,2.3825788957765326e-05,0.0006367129189136998,0.013655461864902557,0.029302099675199873,0.04662697792377038,0.02172925919887537,0.36839993370043456,0.4664713356552072
CBBT,50,batch,7,256,12,12,gate,shared,0.0008592514204792678,0.007652894574433801,0.013655461864902557,0.029302099675199873,0.5604273696595623,0.2611722251737102,0.41014550044459724,0.5264998795117394
CBBT,50,batch,7,256,12,12,amp_true,shared,0.00033624094794504344,0.0073358065006979105,0.013655461864902557,0.029302099675199873,0.5372067655618807,0.2503508820873558,-0.33707675794219366,-0.33862957150296646
CBBT,50,batch,7,256,12,12,dual_base,shared,0.0023718071170151234,0.029302099675199873,0.013655461864902557,0.029302099675199873,2.1458153495717713,1.0,0.9910853557556041,1.0
CBBT,50,batch,7,256,12,12,base,temporal,0.0009625425445847213,0.00018593245833875782,0.00018593245833875782,0.00039590423906133945,1.0,0.46963997854529255,1.0000000000000002,0.9958483686560607
CBBT,50,batch,7,256,12,12,tail,temporal,0.000929701142013073,0.00026442467138332396,0.00018593245833875782,0.00039590423906133945,1.4221544411657163,0.6679005812371595,-0.7661393832975815,-0.8212146175447461
CBBT,50,batch,7,256,12,12,body,temporal,0.0009319872478954494,0.00018140536133669794,0.00018593245833875782,0.00039590423906133945,0.9756519273584185,0.45820515023228103,0.9992244063750265,0.9915120492295822
CBBT,50,batch,7,256,12,12,excess,temporal,2.3825788957765326e-05,8.261020881887915e-06,0.00018593245833875782,0.00039590423906133945,0.044430224586375494,0.020866209721507916,0.3630819690513165,0.4461906633542506
CBBT,50,batch,7,256,12,12,gate,temporal,0.0008592514204792678,6.939051691414717e-05,0.00018593245833875782,0.00039590423906133945,0.3732028153348126,0.17527096218688415,0.6025784668517017,0.6726613753921573
CBBT,50,batch,7,256,12,12,amp_true,temporal,0.00033624094794504344,2.7976482516601837e-05,0.00018593245833875782,0.00039590423906133945,0.1504658345646695,0.07066477131675092,-0.9021873180460207,-0.9312408979065606
CBBT,50,batch,7,256,12,12,dual_base,temporal,0.0023718071170151234,0.00039590423906133945,0.00018593245833875782,0.00039590423906133945,2.129290617671636,1.0,0.9958483686560607,1.0000000000000002
CBBT,50,batch,7,256,12,12,base,excess,0.0009625425445847213,0.00011067177003098125,0.00011067177003098125,0.0006424535057925772,1.0,0.17226424796989556,1.0,0.9825004528090789
CBBT,50,batch,7,256,12,12,tail,excess,0.000929701142013073,0.002058450966477911,0.00011067177003098125,0.0006424535057925772,18.599602824655936,3.2040465931281,0.986109996783446,0.9499938833568392
CBBT,50,batch,7,256,12,12,body,excess,0.0009319872478954494,0.0,0.00011067177003098125,0.0006424535057925772,0.0,0.0,,
CBBT,50,batch,7,256,12,12,excess,excess,2.3825788957765326e-05,0.00026704394130951944,0.00011067177003098125,0.0006424535057925772,2.412936390506483,0.4156626727097935,0.9745507125865276,0.999246672921124
CBBT,50,batch,7,256,12,12,gate,excess,0.0008592514204792678,0.0,0.00011067177003098125,0.0006424535057925772,0.0,0.0,,
CBBT,50,batch,7,256,12,12,amp_true,excess,0.00033624094794504344,0.0018479705181405233,0.00011067177003098125,0.0006424535057925772,16.697758765611194,2.876426856540744,0.8465181182242231,0.8010049069751182
CBBT,50,batch,7,256,12,12,dual_base,excess,0.0023718071170151234,0.0006424535057925772,0.00011067177003098125,0.0006424535057925772,5.8050350655160745,1.0,0.9825004528090789,0.9999999999999999
CBBT,50,batch,7,256,12,12,base,full,0.0009625425445847213,0.014860534894926157,0.014860534894926157,0.031544719268834516,1.0,0.47109421923459743,1.0,0.9917698901930966
CBBT,50,batch,7,256,12,12,tail,full,0.000929701142013073,0.027098241180096617,0.014860534894926157,0.031544719268834516,1.8235037548580293,0.8590420776662,-0.4776834198488189,-0.48265868524646804
CBBT,50,batch,7,256,12,12,body,full,0.0009319872478954494,0.01454949666112558,0.014860534894926157,0.031544719268834516,0.979069512907858,0.46123398775972496,0.9990139722263239,0.9861893144907874
CBBT,50,batch,7,256,12,12,excess,full,2.3825788957765326e-05,0.0006904460932627005,0.014860534894926157,0.031544719268834516,0.04646172551288446,0.021887850304784483,0.31498733110389404,0.4074578007421895
CBBT,50,batch,7,256,12,12,gate,full,0.0008592514204792678,0.00774197859877421,0.014860534894926157,0.031544719268834516,0.5209757692785042,0.2454286732684007,0.3728670179487732,0.48641081336666747
CBBT,50,batch,7,256,12,12,amp_true,full,0.00033624094794504344,0.007564988569165077,0.014860534894926157,0.031544719268834516,0.5090656980152172,0.23981790754559412,-0.29881877681016267,-0.3010407009112486
CBBT,50,batch,7,256,12,12,dual_base,full,0.0023718071170151234,0.031544719268834516,0.014860534894926157,0.031544719268834516,2.1227176203196327,1.0,0.9917698901930966,0.9999999999999998
CBBT,50,accum4,1,1024,42,42,base,shared,0.0008941927080741152,0.011273409174548681,0.011273409174548681,0.024005129127821927,1.0,0.4696250169920064,0.9999999999999998,0.994706915756632
CBBT,50,accum4,1,1024,42,42,tail,shared,0.001102947018807754,0.03394623518577988,0.011273409174548681,0.024005129127821927,3.0111774229235215,1.414124248406405,-0.32365918182910425,-0.38460120697350475
CBBT,50,accum4,1,1024,42,42,body,shared,0.0008443478727713227,0.011383281094864401,0.011273409174548681,0.024005129127821927,1.0097461130536955,0.47420203550045426,0.9972348278033238,0.9952551892841125
CBBT,50,accum4,1,1024,42,42,excess,shared,3.9841433135734405e-05,0.0006122724064124616,0.011273409174548681,0.024005129127821927,0.05431120231089929,0.025505899308112378,-0.17663105666777662,-0.22487896203814642
CBBT,50,accum4,1,1024,42,42,gate,shared,0.0005484994253492914,0.006151854503613174,0.011273409174548681,0.024005129127821927,0.5456960186898793,0.2562725020497048,0.47671981095160965,0.5638685533235364
CBBT,50,accum4,1,1024,42,42,amp_true,shared,0.0009146621669060551,0.030905144337250653,0.011273409174548681,0.024005129127821927,2.74141955274926,1.2874392040420901,-0.2661601534683384,-0.33325523359552034
CBBT,50,accum4,1,1024,42,42,dual_base,shared,0.002092473238008097,0.024005129127821927,0.011273409174548681,0.024005129127821927,2.129358453698009,1.0,0.994706915756632,1.0
CBBT,50,accum4,1,1024,42,42,base,temporal,0.0008941927080741152,0.0001510279833797455,0.0001510279833797455,0.00032023434809747865,1.0,0.47161706505566015,0.9999999999999997,0.9968366517780088
CBBT,50,accum4,1,1024,42,42,tail,temporal,0.001102947018807754,0.00039690947145462233,0.0001510279833797455,0.00032023434809747865,2.628052514325317,1.2394344136182542,-0.3677316425559489,-0.4400619379748331
CBBT,50,accum4,1,1024,42,42,body,temporal,0.0008443478727713227,0.00015169094070289279,0.0001510279833797455,0.00032023434809747865,1.0043896323602517,0.4736872905860754,0.9985749966488692,0.9995929353242139
CBBT,50,accum4,1,1024,42,42,excess,temporal,3.9841433135734405e-05,5.955692423090591e-06,0.0001510279833797455,0.00032023434809747865,0.03943436368421585,0.018597918863087388,-0.20159949224638943,-0.27804703503660844
CBBT,50,accum4,1,1024,42,42,gate,temporal,0.0005484994253492914,6.94668626205805e-05,0.0001510279833797455,0.00032023434809747865,0.45996020781071206,0.21692508325007953,0.5494643531223455,0.6141209214412585
CBBT,50,accum4,1,1024,42,42,amp_true,temporal,0.0009146621669060551,0.00035733502104762194,0.0001510279833797455,0.00032023434809747865,2.366018621523516,1.1158547581499594,-0.2390571962851811,-0.31493686936830284
CBBT,50,accum4,1,1024,42,42,dual_base,temporal,0.002092473238008097,0.00032023434809747865,0.0001510279833797455,0.00032023434809747865,2.120364325412992,1.0,0.9968366517780088,1.0
CBBT,50,accum4,1,1024,42,42,base,excess,0.0008941927080741152,0.00035494930255593025,0.00035494930255593025,0.0007825983853188977,1.0,0.45355230628452353,1.0,0.9988374414591954
CBBT,50,accum4,1,1024,42,42,tail,excess,0.001102947018807754,0.007268275551105706,0.00035494930255593025,0.0007825983853188977,20.476939942600467,9.28736333661612,0.9993664128230009,0.9969802142448787
CBBT,50,accum4,1,1024,42,42,body,excess,0.0008443478727713227,0.0,0.00035494930255593025,0.0007825983853188977,0.0,0.0,,
CBBT,50,accum4,1,1024,42,42,excess,excess,3.9841433135734405e-05,0.0002143836326749688,0.00035494930255593025,0.0007825983853188977,0.6039838115788038,0.2739382507000836,0.996154671178071,0.9992173150922045
CBBT,50,accum4,1,1024,42,42,gate,excess,0.0005484994253492914,0.0,0.00035494930255593025,0.0007825983853188977,0.0,0.0,,
CBBT,50,accum4,1,1024,42,42,amp_true,excess,0.0009146621669060551,0.012036445374193787,0.00035494930255593025,0.0007825983853188977,33.910322650365465,15.380105044925575,0.9948466308003026,0.9936036528172786
CBBT,50,accum4,1,1024,42,42,dual_base,excess,0.002092473238008097,0.0007825983853188977,0.00035494930255593025,0.0007825983853188977,2.204817363165777,1.0,0.9988374414591954,1.0000000000000002
CBBT,50,accum4,1,1024,42,42,base,full,0.0008941927080741152,0.012347128275277336,0.012347128275277336,0.02602437718304857,1.0,0.4744447172906736,1.0,0.9950849566179863
CBBT,50,accum4,1,1024,42,42,tail,full,0.001102947018807754,0.035088245835127325,0.012347128275277336,0.02602437718304857,2.8418143112179814,1.3482837874784055,-0.2997929091676273,-0.3556160581798382
CBBT,50,accum4,1,1024,42,42,body,full,0.0008443478727713227,0.012427596706086915,0.012347128275277336,0.02602437718304857,1.0065171778421305,0.4775367578895162,0.9972337137919037,0.9951902238534035
CBBT,50,accum4,1,1024,42,42,excess,full,3.9841433135734405e-05,0.0006487201566261237,0.012347128275277336,0.02602437718304857,0.05254016498112007,0.024927403720872862,-0.14274646146239098,-0.18584608760997734
CBBT,50,accum4,1,1024,42,42,gate,full,0.0005484994253492914,0.006226789812436247,0.012347128275277336,0.02602437718304857,0.5043107736156068,0.23926758241469748,0.4302397536702907,0.5168249374170851
CBBT,50,accum4,1,1024,42,42,amp_true,full,0.0009146621669060551,0.033166307659313644,0.012347128275277336,0.02602437718304857,2.6861555918004485,1.2744323303505258,-0.21606765133748998,-0.27559685403402073
CBBT,50,accum4,1,1024,42,42,dual_base,full,0.002092473238008097,0.02602437718304857,0.012347128275277336,0.02602437718304857,2.107727125112744,1.0,0.9950849566179863,1.0
CBBT,50,batch,8,256,18,18,base,shared,0.0008937412640079856,0.016118781437367363,0.016118781437367363,0.03306386709957582,1.0,0.48750442254149257,0.9999999999999996,0.9880825168104759
CBBT,50,batch,8,256,18,18,tail,shared,0.002652904950082302,0.05960023583983789,0.016118781437367363,0.03306386709957582,3.6975646125252153,1.802579101238963,0.1796089305716878,0.25009714413446693
CBBT,50,batch,8,256,18,18,body,shared,0.0007864473154768348,0.015482553938814909,0.016118781437367363,0.03306386709957582,0.9605288091395346,0.46826204243403635,0.9936685848102942,0.9737047945095669
CBBT,50,batch,8,256,18,18,excess,shared,7.3388269811403e-05,0.0014389820130105788,0.016118781437367363,0.03306386709957582,0.08927362273643459,0.04352128590031261,0.3166176515253688,0.3181773896622692
CBBT,50,batch,8,256,18,18,gate,shared,0.0007782993488945067,0.011924679290321793,0.016118781437367363,0.03306386709957582,0.7398002967319481,0.36065591645433326,0.04144049644227913,0.19047031423418145
CBBT,50,batch,8,256,18,18,amp_true,shared,0.0018446044996380806,0.05813555557546933,0.016118781437367363,0.03306386709957582,3.606696684942733,1.7582805846753227,0.0689207616056514,0.1292114743973373
CBBT,50,batch,8,256,18,18,dual_base,shared,0.0022161146625876427,0.03306386709957582,0.016118781437367363,0.03306386709957582,2.051263442466284,1.0,0.9880825168104759,1.0
CBBT,50,batch,8,256,18,18,base,temporal,0.0008937412640079856,0.00019940518793141876,0.00019940518793141876,0.00039679267090158047,1.0,0.5025425179309291,1.0,0.9989101141195299
CBBT,50,batch,8,256,18,18,tail,temporal,0.002652904950082302,0.00045943748027244517,0.00019940518793141876,0.00039679267090158047,2.3040397546249354,1.157877939702175,-0.16044778371746027,-0.11444266245047423
CBBT,50,batch,8,256,18,18,body,temporal,0.0007864473154768348,0.00019562869365230074,0.00019940518793141876,0.00039679267090158047,0.9810612034807396,0.4930249674415585,0.9986224967938098,0.9951017101209562
CBBT,50,batch,8,256,18,18,excess,temporal,7.3388269811403e-05,8.995670022120307e-06,0.00019940518793141876,0.00039679267090158047,0.04511251745974723,0.022670958114424374,0.5000136854596768,0.5396437710128832
CBBT,50,batch,8,256,18,18,gate,temporal,0.0007782993488945067,3.0596312498207016e-05,0.00019940518793141876,0.00039679267090158047,0.15343789605278463,0.07710906662839055,-0.48957869925327935,-0.4484722445062774
CBBT,50,batch,8,256,18,18,amp_true,temporal,0.0018446044996380806,0.0004963821648686193,0.00019940518793141876,0.00039679267090158047,2.489314194971394,1.2509862234621283,-0.01038058038953976,0.03618324677815661
CBBT,50,batch,8,256,18,18,dual_base,temporal,0.0022161146625876427,0.00039679267090158047,0.00019940518793141876,0.00039679267090158047,1.9898813818126386,1.0,0.9989101141195299,0.9999999999999997
CBBT,50,batch,8,256,18,18,base,excess,0.0008937412640079856,0.001297587395677639,0.001297587395677639,0.0036139832141610694,1.0,0.35904632611273873,0.9999999999999999,0.9997609147598323
CBBT,50,batch,8,256,18,18,tail,excess,0.002652904950082302,0.02717626259060938,0.001297587395677639,0.0036139832141610694,20.94368570559143,7.519753407852486,0.9995207366047945,0.9986708609918327
CBBT,50,batch,8,256,18,18,body,excess,0.0007864473154768348,0.0,0.001297587395677639,0.0036139832141610694,0.0,0.0,,
CBBT,50,batch,8,256,18,18,excess,excess,7.3388269811403e-05,0.001160363490050067,0.001297587395677639,0.0036139832141610694,0.8942468876588388,0.3210760596516571,0.9994316966523927,0.9999258726052302
CBBT,50,batch,8,256,18,18,gate,excess,0.0007782993488945067,0.0,0.001297587395677639,0.0036139832141610694,0.0,0.0,,
CBBT,50,batch,8,256,18,18,amp_true,excess,0.0018446044996380806,0.034317009909146774,0.001297587395677639,0.0036139832141610694,26.446781175171175,9.49561961845275,0.9897194727248495,0.9875379808320176
CBBT,50,batch,8,256,18,18,dual_base,excess,0.0022161146625876427,0.0036139832141610694,0.001297587395677639,0.0036139832141610694,2.7851559179747882,1.0,0.9997609147598323,1.0
CBBT,50,batch,8,256,18,18,base,full,0.0008937412640079856,0.017258005709395216,0.017258005709395216,0.03536587841319097,1.0,0.4879846474549385,1.0,0.9891631340819005
CBBT,50,batch,8,256,18,18,tail,full,0.002652904950082302,0.0658392959113696,0.017258005709395216,0.03536587841319097,3.8150002393107822,1.8616615468205782,0.169483562972694,0.2410165776626065
CBBT,50,batch,8,256,18,18,body,full,0.0007864473154768348,0.01660227002780628,0.017258005709395216,0.03536587841319097,0.9620039712217759,0.46944316874690917,0.9915714367077803,0.9715974976384685
CBBT,50,batch,8,256,18,18,excess,full,7.3388269811403e-05,0.0018485433894851236,0.017258005709395216,0.03536587841319097,0.1071122249356298,0.05226912132332738,0.2773682184746728,0.2957010957752852
CBBT,50,batch,8,256,18,18,gate,full,0.0007782993488945067,0.011932472205983287,0.017258005709395216,0.03536587841319097,0.6914166333533706,0.337400702071425,0.03873004273470272,0.17820123987615746
CBBT,50,batch,8,256,18,18,amp_true,full,0.0018446044996380806,0.06750851791568943,0.017258005709395216,0.03536587841319097,3.911721843905635,1.9088602049400734,0.09326145208377981,0.15532748615633205
CBBT,50,batch,8,256,18,18,dual_base,full,0.0022161146625876427,0.03536587841319097,0.017258005709395216,0.03536587841319097,2.049244797383389,1.0,0.9891631340819005,1.0
CBBT,50,batch,9,256,19,19,base,shared,0.0009884426835924387,0.016077938888611018,0.016077938888611018,0.036151891120316935,1.0,0.4447329970955629,0.9999999999999998,0.9848801398110286
CBBT,50,batch,9,256,19,19,tail,shared,0.001874803565442562,0.057061098397317135,0.016077938888611018,0.036151891120316935,3.549030680651298,1.5783710513901574,-0.24494240122236732,-0.32625395684169994
CBBT,50,batch,9,256,19,19,body,shared,0.0008825688855722547,0.016053374074890395,0.016077938888611018,0.036151891120316935,0.9984721416164839,0.44405350805752425,0.9937245865050243,0.9806365678643374
CBBT,50,batch,9,256,19,19,excess,shared,8.293637074530125e-05,0.0018460736440164321,0.016077938888611018,0.036151891120316935,0.11482029237740904,0.05106437275639394,-0.11236988911202657,-0.1542712280739706
CBBT,50,batch,9,256,19,19,gate,shared,0.0009924775222316384,0.01662884724593541,0.016077938888611018,0.036151891120316935,1.0342648620038377,0.4599717118695955,0.4815473248234879,0.6206880851036138
CBBT,50,batch,9,256,19,19,amp_true,shared,0.00223102536983788,0.11011114254008642,0.016077938888611018,0.036151891120316935,6.848585711324281,3.0457920492630954,-0.22858730624198548,-0.33238802571803644
CBBT,50,batch,9,256,19,19,dual_base,shared,0.002533123129978776,0.036151891120316935,0.016077938888611018,0.036151891120316935,2.248540150001784,1.0,0.9848801398110286,0.9999999999999999
CBBT,50,batch,9,256,19,19,base,temporal,0.0009884426835924387,0.00020162038399188507,0.00020162038399188507,0.00045241039917826253,1.0,0.44565815542281756,0.9999999999999999,0.9879842241890969
CBBT,50,batch,9,256,19,19,tail,temporal,0.001874803565442562,0.0004610841807373588,0.00020162038399188507,0.00045241039917826253,2.286892682219655,1.019172374407951,-0.32600785881246463,-0.4675066141576042
CBBT,50,batch,9,256,19,19,body,temporal,0.0008825688855722547,0.00019871508766603152,0.00020162038399188507,0.00045241039917826253,0.9855902648912201,0.43923633945410734,0.9997672382384669,0.9909183212028417
CBBT,50,batch,9,256,19,19,excess,temporal,8.293637074530125e-05,6.272356038180612e-06,0.00020162038399188507,0.00045241039917826253,0.031109731635235182,0.013864305616257786,-0.19248069728195333,-0.3397826758669309
CBBT,50,batch,9,256,19,19,gate,temporal,0.0009924775222316384,0.00018500268716515648,0.00020162038399188507,0.00045241039917826253,0.9175792819271814,0.40892669023786116,0.5318456266693651,0.65631773607142
CBBT,50,batch,9,256,19,19,amp_true,temporal,0.00223102536983788,0.001093883397841261,0.00020162038399188507,0.00045241039917826253,5.42546034375814,2.4179006491188986,-0.22684971698535944,-0.3738772597277231
CBBT,50,batch,9,256,19,19,dual_base,temporal,0.002533123129978776,0.00045241039917826253,0.00020162038399188507,0.00045241039917826253,2.2438723219397865,1.0,0.9879842241890969,0.9999999999999999
CBBT,50,batch,9,256,19,19,base,excess,0.0009884426835924387,0.00046822266784914455,0.00046822266784914455,0.0009551977364603855,1.0,0.4901840215662644,1.0,0.9961689780577571
CBBT,50,batch,9,256,19,19,tail,excess,0.001874803565442562,0.010469743651323929,0.00046822266784914455,0.0009551977364603855,22.360608253800194,10.960812878515585,0.9938858870571899,0.9877072898416218
CBBT,50,batch,9,256,19,19,body,excess,0.0008825688855722547,0.0,0.00046822266784914455,0.0009551977364603855,0.0,0.0,,
CBBT,50,batch,9,256,19,19,excess,excess,8.293637074530125e-05,0.0002441367369669957,0.00046822266784914455,0.0009551977364603855,0.5214116140264561,0.25558764185484506,0.9850440835868197,0.9963315423425259
CBBT,50,batch,9,256,19,19,gate,excess,0.0009924775222316384,0.0,0.00046822266784914455,0.0009551977364603855,0.0,0.0,,
CBBT,50,batch,9,256,19,19,amp_true,excess,0.00223102536983788,0.0408264198417804,0.00046822266784914455,0.0009551977364603855,87.19445393219227,42.74132808675638,0.98861172482226,0.9755020683009822
CBBT,50,batch,9,256,19,19,dual_base,excess,0.002533123129978776,0.0009551977364603855,0.00046822266784914455,0.0009551977364603855,2.0400501770839896,1.0,0.9961689780577571,1.0
CBBT,50,batch,9,256,19,19,base,full,0.0009884426835924387,0.017402595474691886,0.017402595474691886,0.03851985094315944,1.0,0.4517825237790109,1.0000000000000002,0.9855290250039426
CBBT,50,batch,9,256,19,19,tail,full,0.001874803565442562,0.05812311040442353,0.017402595474691886,0.03851985094315944,3.3399104454821327,1.5089131702557987,-0.2236798007133821,-0.3019711009408392
CBBT,50,batch,9,256,19,19,body,full,0.0008825688855722547,0.017340622655306268,0.017402595474691886,0.03851985094315944,0.9964388749094499,0.45017366969810946,0.9941879603770883,0.9816271278455767
CBBT,50,batch,9,256,19,19,excess,full,8.293637074530125e-05,0.0018621467840825546,0.017402595474691886,0.03851985094315944,0.10700396884996972,0.04834252310140999,-0.09944571932487793,-0.1402987054697206
CBBT,50,batch,9,256,19,19,gate,full,0.0009924775222316384,0.016806587406185534,0.017402595474691886,0.03851985094315944,0.9657517713738097,0.4363097726153101,0.4404063845691456,0.5810536200054315
CBBT,50,batch,9,256,19,19,amp_true,full,0.00223102536983788,0.11743619658597834,0.017402595474691886,0.03851985094315944,6.748200103643308,3.0487188737897566,-0.1887677889546281,-0.2840871597120869
CBBT,50,batch,9,256,19,19,dual_base,full,0.002533123129978776,0.03851985094315944,0.017402595474691886,0.03851985094315944,2.2134543665729516,1.0,0.9855290250039426,1.0000000000000002
CBBT,50,batch,10,256,9,9,base,shared,0.0009109216625802219,0.013497359974330866,0.013497359974330866,0.025771925330086674,1.0,0.5237233850966413,1.0,0.980158928777914
CBBT,50,batch,10,256,9,9,tail,shared,0.0007784022600390017,0.04613842328101259,0.013497359974330866,0.025771925330086674,3.4183294635957067,1.7902590780499295,-0.24296105794787964,-0.07828718664431955
CBBT,50,batch,10,256,9,9,body,shared,0.0008733009453862906,0.01360242336185807,0.013497359974330866,0.025771925330086674,1.0077839953685026,0.52780004550061,0.9936820143252223,0.9550241896430945
CBBT,50,batch,10,256,9,9,excess,shared,2.658897210494615e-05,0.0011848078327094456,0.013497359974330866,0.025771925330086674,0.08778070933595165,0.04597281023960894,-0.08689935797879507,0.0759504630842506
CBBT,50,batch,10,256,9,9,gate,shared,0.0006302047986537218,0.009590001560311251,0.013497359974330866,0.025771925330086674,0.7105094313665349,0.3721104045383713,-0.3236813648261984,-0.13199734256561735
CBBT,50,batch,10,256,9,9,amp_true,shared,0.0006203215452842414,0.04101251467506219,0.013497359974330866,0.025771925330086674,3.03855826273133,1.5913640191710217,-0.17206117406176313,-0.016766019014506972
CBBT,50,batch,10,256,9,9,dual_base,shared,0.002152503002434969,0.025771925330086674,0.013497359974330866,0.025771925330086674,1.9094049042997625,1.0,0.980158928777914,0.9999999999999999
CBBT,50,batch,10,256,9,9,base,temporal,0.0009109216625802219,0.00018506066865333183,0.00018506066865333183,0.0003429418741297729,1.0,0.539626924017167,1.0,0.9922553299342849
CBBT,50,batch,10,256,9,9,tail,temporal,0.0007784022600390017,0.0004951111620106755,0.00018506066865333183,0.0003429418741297729,2.67539918456769,1.4437174324862998,-0.43744663065962297,-0.32258336718429326
CBBT,50,batch,10,256,9,9,body,temporal,0.0008733009453862906,0.0001877060295345135,0.00018506066865333183,0.0003429418741297729,1.0142945602673528,0.5473406536044167,0.9977944449470895,0.9818513367583054
CBBT,50,batch,10,256,9,9,excess,temporal,2.658897210494615e-05,1.194448873854646e-05,0.00018506066865333183,0.0003429418741297729,0.06454363763767483,0.034829484643297125,-0.24046915379492073,-0.1183881707245548
CBBT,50,batch,10,256,9,9,gate,temporal,0.0006302047986537218,8.281621876071232e-05,0.00018506066865333183,0.0003429418741297729,0.44750848120974457,0.2414876251868087,-0.6354429759978563,-0.534658462459689
CBBT,50,batch,10,256,9,9,amp_true,temporal,0.0006203215452842414,0.0004382853299433969,0.00018506066865333183,0.0003429418741297729,2.3683332235463963,1.2780163724700035,-0.32131342539321806,-0.20153075219452624
CBBT,50,batch,10,256,9,9,dual_base,temporal,0.002152503002434969,0.0003429418741297729,0.00018506066865333183,0.0003429418741297729,1.8531321464756771,1.0,0.9922553299342849,1.0000000000000002
CBBT,50,batch,10,256,9,9,base,excess,0.0009109216625802219,0.0006577628431321173,0.0006577628431321173,0.0018205287728610038,1.0,0.36130318451294097,1.0000000000000002,0.9998801222043912
CBBT,50,batch,10,256,9,9,tail,excess,0.0007784022600390017,0.013440014585152862,0.0006577628431321173,0.0018205287728610038,20.43291852904698,7.382478533438152,0.9990979259962592,0.9985230255869902
CBBT,50,batch,10,256,9,9,body,excess,0.0008733009453862906,0.0,0.0006577628431321173,0.0018205287728610038,0.0,0.0,,
CBBT,50,batch,10,256,9,9,excess,excess,2.658897210494615e-05,0.0005829615061717032,0.0006577628431321173,0.0018205287728610038,0.8862791692455184,0.32021548621588963,0.9997201349161535,0.9999609380392271
CBBT,50,batch,10,256,9,9,gate,excess,0.0006302047986537218,0.0,0.0006577628431321173,0.0018205287728610038,0.0,0.0,,
CBBT,50,batch,10,256,9,9,amp_true,excess,0.0006203215452842414,0.017781193943369536,0.0006577628431321173,0.0018205287728610038,27.032834294347683,9.76704911695846,0.9955466479988685,0.9945880205505628
CBBT,50,batch,10,256,9,9,dual_base,excess,0.002152503002434969,0.0018205287728610038,0.0006577628431321173,0.0018205287728610038,2.767758610675026,1.0,0.9998801222043912,1.0000000000000002
CBBT,50,batch,10,256,9,9,base,full,0.0009109216625802219,0.015022892419705504,0.015022892419705504,0.028967006077474253,1.0,0.5186208191321445,1.0,0.9835699358206376
CBBT,50,batch,10,256,9,9,tail,full,0.0007784022600390017,0.048354132747329664,0.015022892419705504,0.028967006077474253,3.218696599591143,1.6692830670178067,-0.22349248287202364,-0.0768158902900289
CBBT,50,batch,10,256,9,9,body,full,0.0008733009453862906,0.015081944584788365,0.015022892419705504,0.028967006077474253,1.0039308119523909,0.5206594200467478,0.9938986369978264,0.9614158442070714
CBBT,50,batch,10,256,9,9,excess,full,2.658897210494615e-05,0.0013204596616813535,0.015022892419705504,0.028967006077474253,0.08789649987437231,0.0455849547636954,-0.0507297403756928,0.08837668719527285
CBBT,50,batch,10,256,9,9,gate,full,0.0006302047986537218,0.00967509020779638,0.015022892419705504,0.028967006077474253,0.6440231306659415,0.33400380356601866,-0.28819392772989333,-0.11345153117456516
CBBT,50,batch,10,256,9,9,amp_true,full,0.0006203215452842414,0.044701199290666835,0.015022892419705504,0.028967006077474253,2.975538800506375,1.543176370078095,-0.12449357227060595,0.011178645066201946
CBBT,50,batch,10,256,9,9,dual_base,full,0.002152503002434969,0.028967006077474253,0.015022892419705504,0.028967006077474253,1.928191007976485,1.0,0.9835699358206376,1.0000000000000002
CBBT,50,batch,11,256,11,11,base,shared,0.0008844472467899323,0.009688044655305384,0.009688044655305384,0.025191315013277867,1.0,0.3845787585998984,1.0000000000000002,0.9689605428642799
CBBT,50,batch,11,256,11,11,tail,shared,0.0018846571911126375,0.0892787976773172,0.009688044655305384,0.025191315013277867,9.215357778974127,3.5440308546917865,-0.1931952853490773,-0.3252597652499388
CBBT,50,batch,11,256,11,11,body,shared,0.0007854584837332368,0.010542820586621733,0.009688044655305384,0.025191315013277867,1.0882299743373143,0.4185101326018436,0.9383791883415429,0.9439168825608406
CBBT,50,batch,11,256,11,11,excess,shared,6.589222175534815e-05,0.0033907623255923247,0.009688044655305384,0.025191315013277867,0.34999449798525334,0.13460044955196335,-0.15721287223183575,-0.27650428879584876
CBBT,50,batch,11,256,11,11,gate,shared,0.0005131281213834882,0.02072527763378481,0.009688044655305384,0.025191315013277867,2.1392632229905337,0.822715194616117,0.5682002019281152,0.7451285043300715
CBBT,50,batch,11,256,11,11,amp_true,shared,0.001824013888835907,0.09075496656467119,0.009688044655305384,0.025191315013277867,9.36772793620143,3.6026291806059336,-0.19696469909768277,-0.3281447904774741
CBBT,50,batch,11,256,11,11,dual_base,shared,0.002058254322037101,0.025191315013277867,0.009688044655305384,0.025191315013277867,2.6002476154445215,1.0,0.9689605428642799,1.0
CBBT,50,batch,11,256,11,11,base,temporal,0.0008844472467899323,0.0001268910047581823,0.0001268910047581823,0.00031681781914728337,1.0,0.40051725972898256,1.0,0.9861464237874769
CBBT,50,batch,11,256,11,11,tail,temporal,0.0018846571911126375,0.0008696581462943795,0.0001268910047581823,0.00031681781914728337,6.853583892346801,2.7449786398854346,-0.4384025456577125,-0.5799024527682451
CBBT,50,batch,11,256,11,11,body,temporal,0.0007854584837332368,0.0001414613992155343,0.0001268910047581823,0.00031681781914728337,1.1148260626127042,0.4465070796720914,0.9770510741217038,0.9984046466525314
CBBT,50,batch,11,256,11,11,excess,temporal,6.589222175534815e-05,3.0331948466021696e-05,0.0001268910047581823,0.00031681781914728337,0.23903939072612476,0.09573940174091304,-0.4229193003893852,-0.5657110529845498
CBBT,50,batch,11,256,11,11,gate,temporal,0.0005131281213834882,0.00021233466674982354,0.0001268910047581823,0.00031681781914728337,1.6733626402791295,0.6702106192174521,0.6867851403904441,0.7977166164889422
CBBT,50,batch,11,256,11,11,amp_true,temporal,0.001824013888835907,0.0009016216790231461,0.0001268910047581823,0.00031681781914728337,7.105481438509981,2.845867954807167,-0.4248485365713574,-0.567443835562125
CBBT,50,batch,11,256,11,11,dual_base,temporal,0.002058254322037101,0.00031681781914728337,0.0001268910047581823,0.00031681781914728337,2.496771301882642,1.0,0.9861464237874769,1.0
CBBT,50,batch,11,256,11,11,base,excess,0.0008844472467899323,0.0009477955653761738,0.0009477955653761738,0.0025458647774444882,1.0,0.3722882588947088,1.0000000000000002,0.9999338323014363
CBBT,50,batch,11,256,11,11,tail,excess,0.0018846571911126375,0.01923487925565694,0.0009477955653761738,0.0025458647774444882,20.294333460003838,7.55534206925346,0.9996849482741739,0.9998286423943857
CBBT,50,batch,11,256,11,11,body,excess,0.0007854584837332368,0.0,0.0009477955653761738,0.0025458647774444882,0.0,0.0,,
CBBT,50,batch,11,256,11,11,excess,excess,6.589222175534815e-05,0.0007990269736658322,0.0009477955653761738,0.0025458647774444882,0.8430372570362298,0.3138528726053891,0.9998462105478869,0.9999782388978607
CBBT,50,batch,11,256,11,11,gate,excess,0.0005131281213834882,0.0,0.0009477955653761738,0.0025458647774444882,0.0,0.0,,
CBBT,50,batch,11,256,11,11,amp_true,excess,0.001824013888835907,0.0244353185462182,0.0009477955653761738,0.0025458647774444882,25.781212150449324,9.59804258368589,0.9953582467409577,0.9954990639622603
CBBT,50,batch,11,256,11,11,dual_base,excess,0.002058254322037101,0.0025458647774444882,0.0009477955653761738,0.0025458647774444882,2.6860906195884673,1.0,0.9999338323014363,0.9999999999999999
CBBT,50,batch,11,256,11,11,base,full,0.0008844472467899323,0.01112973651860072,0.01112973651860072,0.02756268650102598,1.0,0.4037972321089395,1.0,0.9684592443914133
CBBT,50,batch,11,256,11,11,tail,full,0.0018846571911126375,0.09146635907164319,0.01112973651860072,0.02756268650102598,8.218196263566421,3.3184849041561493,-0.16202366438035262,-0.28412497983826845
CBBT,50,batch,11,256,11,11,body,full,0.0007854584837332368,0.01183792697914165,0.01112973651860072,0.02756268650102598,1.063630478525467,0.42949104321529036,0.9479326702759127,0.9461631462738075
CBBT,50,batch,11,256,11,11,excess,full,6.589222175534815e-05,0.0034836350631634546,0.01112973651860072,0.02756268650102598,0.3130024738089157,0.126389532567291,-0.11367041591136925,-0.22479254362437912
CBBT,50,batch,11,256,11,11,gate,full,0.0005131281213834882,0.02095138145764287,0.01112973651860072,0.02756268650102598,1.8824687738678803,0.7601356804193592,0.4896240181317948,0.6819919739563488
CBBT,50,batch,11,256,11,11,amp_true,full,0.001824013888835907,0.09398696052437136,0.01112973651860072,0.02756268650102598,8.444670758134697,3.4099346782060898,-0.14351769132461908,-0.26569346673719274
CBBT,50,batch,11,256,11,11,dual_base,full,0.002058254322037101,0.02756268650102598,0.01112973651860072,0.02756268650102598,2.4764904771071152,1.0,0.9684592443914133,0.9999999999999999
CBBT,50,accum4,2,1024,57,57,base,shared,0.0009193882142426446,0.013286901922659923,0.013286901922659923,0.027914884042357545,1.0,0.4759791193292659,1.0,0.9978830825710723
CBBT,50,accum4,2,1024,57,57,tail,shared,0.0017976919916691259,0.0528350807689456,0.013286901922659923,0.027914884042357545,3.9764785708878385,1.8927207682028913,-0.2633419242191766,-0.3002893557968067
CBBT,50,accum4,2,1024,57,57,body,shared,0.0008319439075421542,0.013493199417193177,0.013286901922659923,0.027914884042357545,1.0155263804710883,0.4833693522322657,0.9937384736419288,0.9952762845509826
CBBT,50,accum4,2,1024,57,57,excess,shared,6.220145860424964e-05,0.0013836384983626107,0.013286901922659923,0.027914884042357545,0.10413552432436547,0.04956633515880282,-0.2074372190593585,-0.24444992119952966
CBBT,50,accum4,2,1024,57,57,gate,shared,0.0007285274477908388,0.0066096805672815765,0.013286901922659923,0.027914884042357545,0.49745836958495254,0.23677979665801818,0.524781777139506,0.5758787056165956
CBBT,50,accum4,2,1024,57,57,amp_true,shared,0.0016299913258990273,0.0681447894098357,0.013286901922659923,0.027914884042357545,5.12871923090057,2.4411632628111235,-0.24338817778916386,-0.28215204968190155
CBBT,50,accum4,2,1024,57,57,dual_base,shared,0.002239998779259622,0.027914884042357545,0.013286901922659923,0.027914884042357545,2.100932497646466,1.0,0.9978830825710723,1.0
CBBT,50,accum4,2,1024,57,57,base,temporal,0.0009193882142426446,0.00017777457087551942,0.00017777457087551942,0.0003736667961853507,1.0,0.47575693824114235,1.0000000000000004,0.9991400486521759
CBBT,50,accum4,2,1024,57,57,tail,temporal,0.0017976919916691259,0.0005699779394937937,0.00017777457087551942,0.0003736667961853507,3.206183745440743,1.525364162169406,-0.3405194763590706,-0.3786808437925051
CBBT,50,accum4,2,1024,57,57,body,temporal,0.0008319439075421542,0.00017937963033747115,0.00017777457087551942,0.0003736667961853507,1.0090286223392186,0.48005236796178463,0.9966921703709524,0.999144836386398
CBBT,50,accum4,2,1024,57,57,excess,temporal,6.220145860424964e-05,1.3812523759638422e-05,0.00017777457087551942,0.0003736667961853507,0.07769684770782077,0.03696481437646113,-0.18267826233121948,-0.22261417870910918
CBBT,50,accum4,2,1024,57,57,gate,temporal,0.0007285274477908388,7.09883374245926e-05,0.00017777457087551942,0.0003736667961853507,0.39931660121570345,0.1899776435832423,0.6148631307991826,0.6469246765356028
CBBT,50,accum4,2,1024,57,57,amp_true,temporal,0.0016299913258990273,0.0007293259276439052,0.00017777457087551942,0.0003736667961853507,4.102532347860881,1.9518082288535377,-0.2631127595988465,-0.30225513733589426
CBBT,50,accum4,2,1024,57,57,dual_base,temporal,0.002239998779259622,0.0003736667961853507,0.00017777457087551942,0.0003736667961853507,2.1019136445954247,1.0,0.9991400486521759,1.0000000000000002
CBBT,50,accum4,2,1024,57,57,base,excess,0.0009193882142426446,0.0008321095964474076,0.0008321095964474076,0.00219816121046269,1.0,0.3785480302749302,1.0000000000000002,0.9998790767020554
CBBT,50,accum4,2,1024,57,57,tail,excess,0.0017976919916691259,0.017355067484341766,0.0008321095964474076,0.00219816121046269,20.85670872976006,7.895266007668613,0.9991433071641979,0.9984701007573483
CBBT,50,accum4,2,1024,57,57,body,excess,0.0008319439075421542,0.0,0.0008321095964474076,0.00219816121046269,0.0,0.0,,
CBBT,50,accum4,2,1024,57,57,excess,excess,6.220145860424964e-05,0.000683676107524599,0.0008321095964474076,0.00219816121046269,0.8216178619300539,0.3110218232723215,0.9996858172109756,0.9999527924389706
CBBT,50,accum4,2,1024,57,57,gate,excess,0.0007285274477908388,0.0,0.0008321095964474076,0.00219816121046269,0.0,0.0,,
CBBT,50,accum4,2,1024,57,57,amp_true,excess,0.0016299913258990273,0.029118036845252923,0.0008321095964474076,0.00219816121046269,34.993030929542094,13.24654293172787,0.9965598676467217,0.9955499789826899
CBBT,50,accum4,2,1024,57,57,dual_base,excess,0.002239998779259622,0.00219816121046269,0.0008321095964474076,0.00219816121046269,2.6416727073542674,1.0,0.9998790767020554,1.0000000000000002
CBBT,50,accum4,2,1024,57,57,base,full,0.0009193882142426446,0.014576871487104697,0.014576871487104697,0.03039651407493447,1.0,0.47955734171258324,0.9999999999999999,0.9977783432196202
CBBT,50,accum4,2,1024,57,57,tail,full,0.0017976919916691259,0.05584323691437146,0.014576871487104697,0.03039651407493447,3.8309480167793684,1.8371592471658067,-0.22716969103974868,-0.25552220190929825
CBBT,50,accum4,2,1024,57,57,body,full,0.0008319439075421542,0.014717887841865115,0.014576871487104697,0.03039651407493447,1.0096739794190521,0.4841965695665661,0.9930799800754333,0.9932099114359657
CBBT,50,accum4,2,1024,57,57,excess,full,6.220145860424964e-05,0.0015433303321554744,0.014576871487104697,0.03039651407493447,0.10587527876065644,0.050773267235539134,-0.14423600145832025,-0.1692301369841795
CBBT,50,accum4,2,1024,57,57,gate,full,0.0007285274477908388,0.006685004384671561,0.014576871487104697,0.03039651407493447,0.4586035069723563,0.21992667870373134,0.47298202643149295,0.5253842105697626
CBBT,50,accum4,2,1024,57,57,amp_true,full,0.0016299913258990273,0.07410514417658441,0.014576871487104697,0.03039651407493447,5.083748199477569,2.4379487724775943,-0.1816532406397599,-0.20998691818228704
CBBT,50,accum4,2,1024,57,57,dual_base,full,0.002239998779259622,0.03039651407493447,0.014576871487104697,0.03039651407493447,2.0852563666918846,1.0,0.9977783432196202,1.0000000000000002
CBBT,50,batch,12,256,9,9,base,shared,0.0008459961391054094,0.013874421405554773,0.013874421405554773,0.029270123223099128,1.0,0.474013084939987,0.9999999999999997,0.9975732260459704
CBBT,50,batch,12,256,9,9,tail,shared,0.0006135494913905859,0.017674548357488624,0.013874421405554773,0.029270123223099128,1.2738944450982603,0.6038426358089393,-0.20069019127972973,-0.23725644497435308
CBBT,50,batch,12,256,9,9,body,shared,0.0008155663963407278,0.013911358196916048,0.013874421405554773,0.029270123223099128,1.0026622221050951,0.47527501305281866,0.9988270440406636,0.9975465556885152
CBBT,50,batch,12,256,9,9,excess,shared,3.0681665521115065e-05,0.0004255341366452071,0.013874421405554773,0.029270123223099128,0.030670405936700177,0.014538173734416942,0.0056824438416041845,-0.008570065623590932
CBBT,50,batch,12,256,9,9,gate,shared,0.0001617803209228441,0.0049199444990932935,0.013874421405554773,0.029270123223099128,0.35460538175116557,0.16808759094019177,0.5789986018560886,0.633602036715798
CBBT,50,batch,12,256,9,9,amp_true,shared,0.0006271567544899881,0.014693697862549633,0.013874421405554773,0.029270123223099128,1.059049414245617,0.5020032799504511,-0.20841852535114835,-0.24400562905392917
CBBT,50,batch,12,256,9,9,dual_base,shared,0.0018038160633295774,0.029270123223099128,0.013874421405554773,0.029270123223099128,2.1096464038046676,1.0,0.9975732260459704,0.9999999999999999
CBBT,50,batch,12,256,9,9,base,temporal,0.0008459961391054094,0.00018707197710545414,0.00018707197710545414,0.0003972196585474155,1.0,0.47095347141063926,1.0,0.9977987063119171
CBBT,50,batch,12,256,9,9,tail,temporal,0.0006135494913905859,0.00019223960238150972,0.00018707197710545414,0.0003972196585474155,1.0276237272733935,0.4839629616633447,-0.10796204993715641,-0.1732511258355438
CBBT,50,batch,12,256,9,9,body,temporal,0.0008155663963407278,0.00018596177570227732,0.00018707197710545414,0.0003972196585474155,0.994065378362089,0.46815854074875635,0.9994751234276337,0.9993964317444756
CBBT,50,batch,12,256,9,9,excess,temporal,3.0681665521115065e-05,3.2461097162128063e-06,0.00018707197710545414,0.0003972196585474155,0.017352196552575833,0.008172077203035314,0.31738076222793676,0.2543961994916171
CBBT,50,batch,12,256,9,9,gate,temporal,0.0001617803209228441,6.793232296505977e-05,0.00018707197710545414,0.0003972196585474155,0.3631346822552996,0.1710195391977328,0.6270013424789823,0.6772512088507786
CBBT,50,batch,12,256,9,9,amp_true,temporal,0.0006271567544899881,0.00013830759717394522,0.00018707197710545414,0.0003972196585474155,0.7393282484846996,0.3481892051358169,-0.16117049346919998,-0.22587779221508433
CBBT,50,batch,12,256,9,9,dual_base,temporal,0.0018038160633295774,0.0003972196585474155,0.00018707197710545414,0.0003972196585474155,2.1233520097106755,1.0,0.9977987063119171,0.9999999999999997
CBBT,50,batch,12,256,9,9,base,excess,0.0008459961391054094,0.00043185089569599785,0.00043185089569599785,0.0009927013236943614,1.0,0.435026009725518,1.0000000000000002,0.9961251174289866
CBBT,50,batch,12,256,9,9,tail,excess,0.0006135494913905859,0.008643120818893756,0.00043185089569599785,0.0009927013236943614,20.014131972480833,8.706667970108247,0.9999610018912245,0.9957662210432469
CBBT,50,batch,12,256,9,9,body,excess,0.0008155663963407278,0.0,0.00043185089569599785,0.0009927013236943614,0.0,0.0,,
CBBT,50,batch,12,256,9,9,excess,excess,3.0681665521115065e-05,0.0002808656341172702,0.00043185089569599785,0.0009927013236943614,0.6503764074973368,0.2829306533731839,0.9878590838425952,0.9976899892692263
CBBT,50,batch,12,256,9,9,gate,excess,0.0001617803209228441,0.0,0.00043185089569599785,0.0009927013236943614,0.0,0.0,,
CBBT,50,batch,12,256,9,9,amp_true,excess,0.0006271567544899881,0.006084626450857648,0.00043185089569599785,0.0009927013236943614,14.089646476363756,6.12936268505573,0.9166904842879414,0.9109776388755729
CBBT,50,batch,12,256,9,9,dual_base,excess,0.0018038160633295774,0.0009927013236943614,0.00043185089569599785,0.0009927013236943614,2.2987131289711975,1.0,0.9961251174289866,1.0000000000000004
CBBT,50,batch,12,256,9,9,base,full,0.0008459961391054094,0.01526349890064195,0.01526349890064195,0.03191110986030327,1.0,0.4783130065817426,1.0000000000000002,0.9976340596142227
CBBT,50,batch,12,256,9,9,tail,full,0.0006135494913905859,0.019677627459828918,0.01526349890064195,0.03191110986030327,1.2891950651630288,0.6166387676884738,-0.15136151396207442,-0.18181772346357317
CBBT,50,batch,12,256,9,9,body,full,0.0008155663963407278,0.01527789001827034,0.01526349890064195,0.03191110986030327,1.0009428452625488,0.4787639817340137,0.9986000403303756,0.9971689409386968
CBBT,50,batch,12,256,9,9,excess,full,3.0681665521115065e-05,0.0005098674395158786,0.01526349890064195,0.03191110986030327,0.033404361793771584,0.015977740722523177,0.01970723949803446,0.010536147382736567
CBBT,50,batch,12,256,9,9,gate,full,0.0001617803209228441,0.005020614702107449,0.01526349890064195,0.03191110986030327,0.32892947644503007,0.15733124683178082,0.5159819645453281,0.5727465625259706
CBBT,50,batch,12,256,9,9,amp_true,full,0.0006271567544899881,0.015903692524768333,0.01526349890064195,0.03191110986030327,1.0419427831255295,0.49837478528292056,-0.16511425555031803,-0.1959411026461162
CBBT,50,batch,12,256,9,9,dual_base,full,0.0018038160633295774,0.03191110986030327,0.01526349890064195,0.03191110986030327,2.0906811778891115,1.0,0.9976340596142227,1.0
CBBT,50,batch,13,256,14,14,base,shared,0.0008466916624456644,0.010135473700805697,0.010135473700805697,0.02107319134787756,1.0,0.48096529535980875,0.9999999999999998,0.9892393482678796
CBBT,50,batch,13,256,14,14,tail,shared,0.0020409326534718275,0.06451290349409734,0.010135473700805697,0.02107319134787756,6.365060518973971,3.061373212491373,-0.3457248426286941,-0.3556282688668149
CBBT,50,batch,13,256,14,14,body,shared,0.0007641853298991919,0.010669631375685402,0.010135473700805697,0.02107319134787756,1.0527017967435743,0.5063130305965745,0.9861280578454534,0.980167472747823
CBBT,50,batch,13,256,14,14,excess,shared,5.971959762973711e-05,0.0012103749621707465,0.010135473700805697,0.02107319134787756,0.11941967370252565,0.05743671863410723,-0.28033703592813847,-0.30838485638832336
CBBT,50,batch,13,256,14,14,gate,shared,0.0006367755122482777,0.006858372804311841,0.010135473700805697,0.02107319134787756,0.6766701790925321,0.3254548725484144,0.2545093769136855,0.3906046170432543
CBBT,50,batch,13,256,14,14,amp_true,shared,0.0016677810344845057,0.06340475115964286,0.010135473700805697,0.02107319134787756,6.255726474294205,3.008787331399087,-0.23636008449758505,-0.27491346902692115
CBBT,50,batch,13,256,14,14,dual_base,shared,0.0020487038418650627,0.02107319134787756,0.010135473700805697,0.02107319134787756,2.079152091944395,1.0,0.9892393482678796,1.0000000000000002
CBBT,50,batch,13,256,14,14,base,temporal,0.0008466916624456644,0.00013252311901380397,0.00013252311901380397,0.00027439956098135483,1.0,0.48295674577558373,1.0000000000000004,0.9987408443638188
CBBT,50,batch,13,256,14,14,tail,temporal,0.0020409326534718275,0.0007547525574181662,0.00013252311901380397,0.00027439956098135483,5.695251991009577,2.7505603679498996,-0.5556001580438671,-0.5959021393197438
CBBT,50,batch,13,256,14,14,body,temporal,0.0007641853298991919,0.00014190139240461452,0.00013252311901380397,0.00027439956098135483,1.07076707415733,0.5171341816186673,0.9928533518254905,0.997429561764898
CBBT,50,batch,13,256,14,14,excess,temporal,5.971959762973711e-05,1.2472632083651696e-05,0.00013252311901380397,0.00027439956098135483,0.09411665056232575,0.045454271278878605,-0.5707296422346088,-0.6099490066934513
CBBT,50,batch,13,256,14,14,gate,temporal,0.0006367755122482777,4.578314607198041e-05,0.00013252311901380397,0.00027439956098135483,0.34547289871144304,0.1668484669153364,0.6535839748531678,0.6905951196250439
CBBT,50,batch,13,256,14,14,amp_true,temporal,0.0016677810344845057,0.0007095517638054513,0.00013252311901380397,0.00027439956098135483,5.354173438459009,2.5858341801562306,-0.36998919182319817,-0.4150874410868204
CBBT,50,batch,13,256,14,14,dual_base,temporal,0.0020487038418650627,0.00027439956098135483,0.00013252311901380397,0.00027439956098135483,2.070578801822289,1.0,0.9987408443638188,0.9999999999999998
CBBT,50,batch,13,256,14,14,base,excess,0.0008466916624456644,0.00025686547596871784,0.00025686547596871784,0.0007761927693492503,1.0,0.33093000361761993,0.9999999999999998,0.8798706937768479
CBBT,50,batch,13,256,14,14,tail,excess,0.0020409326534718275,0.00525819499871224,0.00025686547596871784,0.0007761927693492503,20.470617855054236,6.7743416408280135,0.9995494495746677,0.8777939077853645
CBBT,50,batch,13,256,14,14,body,excess,0.0007641853298991919,0.0,0.00025686547596871784,0.0007761927693492503,0.0,0.0,,
CBBT,50,batch,13,256,14,14,excess,excess,5.971959762973711e-05,0.00028318874825776155,0.00025686547596871784,0.0007761927693492503,1.1024788255010551,0.36484332171141354,0.7523474967262969,0.9750197958734764
CBBT,50,batch,13,256,14,14,gate,excess,0.0006367755122482777,0.0,0.00025686547596871784,0.0007761927693492503,0.0,0.0,,
CBBT,50,batch,13,256,14,14,amp_true,excess,0.0016677810344845057,0.018113484106474013,0.00025686547596871784,0.0007761927693492503,70.51739451618617,23.33632162234662,0.25047315412392585,-0.23036253463205117
CBBT,50,batch,13,256,14,14,dual_base,excess,0.0020487038418650627,0.0007761927693492503,0.00025686547596871784,0.0007761927693492503,3.021787051848799,1.0,0.8798706937768479,1.0000000000000004
CBBT,50,batch,13,256,14,14,base,full,0.0008466916624456644,0.010922833298793129,0.010922833298793129,0.022602734896461335,1.0,0.4832527279919209,1.0,0.9903450270657859
CBBT,50,batch,13,256,14,14,tail,full,0.0020409326534718275,0.06584862541875211,0.010922833298793129,0.022602734896461335,6.0285297429219,2.913303444047442,-0.34406226675181845,-0.3535484280591367
CBBT,50,batch,13,256,14,14,body,full,0.0007641853298991919,0.011418042079139107,0.010922833298793129,0.022602734896461335,1.0453370262824293,0.5051619696219463,0.9875294051901699,0.9820091164840766
CBBT,50,batch,13,256,14,14,excess,full,5.971959762973711e-05,0.0012430621127641343,0.010922833298793129,0.022602734896461335,0.11380399927017847,0.054996093103704326,-0.2492583748624263,-0.27232789294205784
CBBT,50,batch,13,256,14,14,gate,full,0.0006367755122482777,0.006889843878655099,0.010922833298793129,0.022602734896461335,0.6307744236485201,0.304823460975679,0.23515557426232248,0.36392458755083956
CBBT,50,batch,13,256,14,14,amp_true,full,0.0016677810344845057,0.06594134345076479,0.010922833298793129,0.022602734896461335,6.037018202781753,2.917405515431166,-0.2092675944604772,-0.24862332336017764
CBBT,50,batch,13,256,14,14,dual_base,full,0.0020487038418650627,0.022602734896461335,0.010922833298793129,0.022602734896461335,2.069310615493759,1.0,0.9903450270657859,1.0
CBBT,50,batch,14,256,16,16,base,shared,0.0009980059694498777,0.013933489755725418,0.013933489755725418,0.027723660432148023,1.0,0.502584779157384,0.9999999999999997,0.9954337907472683
CBBT,50,batch,14,256,16,16,tail,shared,0.0021273160818964243,0.0447299866918447,0.013933489755725418,0.027723660432148023,3.2102500863765786,1.6134228307015457,0.20904528066611006,0.24864886428734595
CBBT,50,batch,14,256,16,16,body,shared,0.0009107242221944034,0.013354479561050618,0.013933489755725418,0.027723660432148023,0.9584447109212623,0.4816997233729253,0.9917713126170385,0.9830596392461407
CBBT,50,batch,14,256,16,16,excess,shared,7.877914322307333e-05,0.0009384643458264219,0.013933489755725418,0.027723660432148023,0.06735314427893392,0.033850665142983426,0.36666500069162944,0.39007117190776314
CBBT,50,batch,14,256,16,16,gate,shared,0.00035232643131166697,0.005656231631418909,0.013933489755725418,0.027723660432148023,0.40594508128121337,0.2040218190257449,-0.09398249950329461,-0.001335327121013157
CBBT,50,batch,14,256,16,16,amp_true,shared,0.001992985373362899,0.051928630914274916,0.013933489755725418,0.027723660432148023,3.726893393159951,1.8730798929444072,-0.1018015621385721,-0.054182707220646976
CBBT,50,batch,14,256,16,16,dual_base,shared,0.0022424517665058374,0.027723660432148023,0.013933489755725418,0.027723660432148023,1.9897140571518401,1.0,0.9954337907472683,1.0000000000000004
CBBT,50,batch,14,256,16,16,base,temporal,0.0009980059694498777,0.00015454046592419026,0.00015454046592419026,0.0003005065128239096,1.0,0.5142666109694191,1.0000000000000002,0.9966495658423412
CBBT,50,batch,14,256,16,16,tail,temporal,0.0021273160818964243,0.0003713184968008401,0.00015454046592419026,0.0003005065128239096,2.402726655314927,1.2356420941146948,-0.36326798023287316,-0.2861276293794499
CBBT,50,batch,14,256,16,16,body,temporal,0.0009107242221944034,0.00015702920962792756,0.00015454046592419026,0.0003005065128239096,1.01610415556116,0.5225484404723811,0.9981640690674917,0.9899040085895933
CBBT,50,batch,14,256,16,16,excess,temporal,7.877914322307333e-05,2.765967999368849e-06,0.00015454046592419026,0.0003005065128239096,0.017898017731651547,0.00920435292192701,-0.46464669191200814,-0.39127794389579246
CBBT,50,batch,14,256,16,16,gate,temporal,0.00035232643131166697,6.113595218433443e-05,0.00015454046592419026,0.0003005065128239096,0.3955983426006017,0.2034430189543306,-0.29864906294207005,-0.21964236074588894
CBBT,50,batch,14,256,16,16,amp_true,temporal,0.001992985373362899,0.0005754037296921404,0.00015454046592419026,0.0003005065128239096,3.7233207901314627,1.9147795642928866,-0.23347370442301182,-0.1536304794004834
CBBT,50,batch,14,256,16,16,dual_base,temporal,0.0022424517665058374,0.0003005065128239096,0.00015454046592419026,0.0003005065128239096,1.944516674172077,1.0,0.9966495658423412,1.0000000000000002
CBBT,50,batch,14,256,16,16,base,excess,0.0009980059694498777,0.0001982779348091556,0.0001982779348091556,0.00029729608036381213,1.0,0.6669376016209686,0.9999999999999998,0.6179565216061674
CBBT,50,batch,14,256,16,16,tail,excess,0.0021273160818964243,0.00397636751958542,0.0001982779348091556,0.00029729608036381213,20.054513495980835,13.375109132684806,0.9998335165113762,0.62371184634987
CBBT,50,batch,14,256,16,16,body,excess,0.0009107242221944034,0.0,0.0001982779348091556,0.00029729608036381213,0.0,0.0,,
CBBT,50,batch,14,256,16,16,excess,excess,7.877914322307333e-05,0.00011623436291369184,0.0001982779348091556,0.00029729608036381213,0.5862193542895658,0.390971730173676,-0.052761344500366694,0.7525041552227807
CBBT,50,batch,14,256,16,16,gate,excess,0.00035232643131166697,0.0,0.0001982779348091556,0.00029729608036381213,0.0,0.0,,
CBBT,50,batch,14,256,16,16,amp_true,excess,0.001992985373362899,0.015285890554186478,0.0001982779348091556,0.00029729608036381213,77.0932507890971,51.41638778244426,0.865504352325301,0.1620454075743778
CBBT,50,batch,14,256,16,16,dual_base,excess,0.0022424517665058374,0.00029729608036381213,0.0001982779348091556,0.00029729608036381213,1.499390643996582,1.0,0.6179565216061674,0.9999999999999997
CBBT,50,batch,14,256,16,16,base,full,0.0009980059694498777,0.014952621623655491,0.014952621623655491,0.029764783602333193,1.0,0.5023594938040601,1.0,0.9957789724754914
CBBT,50,batch,14,256,16,16,tail,full,0.0021273160818964243,0.04515076842719714,0.014952621623655491,0.029764783602333193,3.019588776042275,1.5169190890290187,0.18339287473643923,0.21970465961903643
CBBT,50,batch,14,256,16,16,body,full,0.0009107242221944034,0.014401693081040393,0.014952621623655491,0.029764783602333193,0.9631550535764569,0.4838500851694913,0.9927111181907603,0.9850211382580853
CBBT,50,batch,14,256,16,16,excess,full,7.877914322307333e-05,0.0009456351069568885,0.014952621623655491,0.029764783602333193,0.06324209431347247,0.031770266486424656,0.33899715102047,0.36149078590826134
CBBT,50,batch,14,256,16,16,gate,full,0.00035232643131166697,0.005786819481715935,0.014952621623655491,0.029764783602333193,0.38701036028097,0.19441832868767503,-0.08534160702222668,0.0032541454791791364
CBBT,50,batch,14,256,16,16,amp_true,full,0.001992985373362899,0.05413170197458746,0.014952621623655491,0.029764783602333193,3.6202147915620024,1.8186492701510586,-0.08776136490729644,-0.04795614520239662
CBBT,50,batch,14,256,16,16,dual_base,full,0.0022424517665058374,0.029764783602333193,0.014952621623655491,0.029764783602333193,1.990606353286197,1.0,0.9957789724754914,0.9999999999999998
CBBT,50,batch,15,256,15,15,base,shared,0.0009548048255965114,0.014426547554823574,0.014426547554823574,0.034537101516765326,1.0,0.4177115890231988,0.9999999999999999,0.9692353894521394
CBBT,50,batch,15,256,15,15,tail,shared,0.0021125017665326595,0.05462811749157964,0.014426547554823574,0.034537101516765326,3.786638298871064,1.5817227008775345,0.08439027639604908,-0.07308900665247595
CBBT,50,batch,15,256,15,15,body,shared,0.000845542992465198,0.013841228939228139,0.014426547554823574,0.034537101516765326,0.9594276722569197,0.40076405753126676,0.9890242977547498,0.9703899209660836
CBBT,50,batch,15,256,15,15,excess,shared,9.335463983006775e-05,0.0018528652928130108,0.014426547554823574,0.034537101516765326,0.12843442173338956,0.05364854638752981,0.2936424889345419,0.19902969561817033
CBBT,50,batch,15,256,15,15,gate,shared,0.0008252706611528993,0.020394231878521848,0.014426547554823574,0.034537101516765326,1.413659907266098,0.5905021262025097,0.4191905258870404,0.6269388108994389
CBBT,50,batch,15,256,15,15,amp_true,shared,0.002539191162213683,0.05819215929698659,0.014426547554823574,0.034537101516765326,4.033685750235496,1.6849172843511029,0.005291392740760918,-0.16649463106750337
CBBT,50,batch,15,256,15,15,dual_base,shared,0.0023996923118829727,0.034537101516765326,0.014426547554823574,0.034537101516765326,2.393996303378746,1.0,0.9692353894521394,1.0000000000000002
CBBT,50,batch,15,256,15,15,base,temporal,0.0009548048255965114,0.0001884464053719711,0.0001884464053719711,0.00046609640296016203,1.0,0.404307787348614,1.0,0.9748340868591642
CBBT,50,batch,15,256,15,15,tail,temporal,0.0021125017665326595,0.00039632336106435357,0.0001884464053719711,0.00046609640296016203,2.103109158713098,0.8503034105118977,-0.3260962023729218,-0.5279453655905175
CBBT,50,batch,15,256,15,15,body,temporal,0.000845542992465198,0.00018522290914440765,0.0001884464053719711,0.00046609640296016203,0.9828943607536549,0.39739184419374063,0.999672680355721,0.9801057504328758
CBBT,50,batch,15,256,15,15,excess,temporal,9.335463983006775e-05,5.4977170438205166e-06,0.0001884464053719711,0.00046609640296016203,0.029173902431137745,0.011795235940257652,-0.005894071926906342,-0.2271297087274581
CBBT,50,batch,15,256,15,15,gate,temporal,0.0008252706611528993,0.00027362347673898864,0.0001884464053719711,0.00046609640296016203,1.4519962649268263,0.5870533971110171,0.5908370643440587,0.7558099642222602
CBBT,50,batch,15,256,15,15,amp_true,temporal,0.002539191162213683,0.00048466717096909884,0.0001884464053719711,0.00046609640296016203,2.571909875449323,1.0398431910029653,-0.2354786877417131,-0.44516398338467
CBBT,50,batch,15,256,15,15,dual_base,temporal,0.0023996923118829727,0.00046609640296016203,0.0001884464053719711,0.00046609640296016203,2.4733631933182405,1.0,0.9748340868591642,1.0000000000000002
CBBT,50,batch,15,256,15,15,base,excess,0.0009548048255965114,0.0006128992000051616,0.0006128992000051616,0.0014680118050491408,1.0,0.4175029096476817,1.0,0.9980978053884283
CBBT,50,batch,15,256,15,15,tail,excess,0.0021125017665326595,0.01267920674607746,0.0006128992000051616,0.0014680118050491408,20.68726267870913,8.636992361006955,0.9985367785097208,0.9949095205279336
CBBT,50,batch,15,256,15,15,body,excess,0.000845542992465198,0.0,0.0006128992000051616,0.0014680118050491408,0.0,0.0,,
CBBT,50,batch,15,256,15,15,excess,excess,9.335463983006775e-05,0.00042734307464539783,0.0006128992000051616,0.0014680118050491408,0.6972485437112643,0.2911032957470616,0.994356578040369,0.9990017311911982
CBBT,50,batch,15,256,15,15,gate,excess,0.0008252706611528993,0.0,0.0006128992000051616,0.0014680118050491408,0.0,0.0,,
CBBT,50,batch,15,256,15,15,amp_true,excess,0.002539191162213683,0.023262996331663763,0.0006128992000051616,0.0014680118050491408,37.95566437591671,15.846600314556087,0.9763063084079833,0.9777609904790597
CBBT,50,batch,15,256,15,15,dual_base,excess,0.0023996923118829727,0.0014680118050491408,0.0006128992000051616,0.0014680118050491408,2.3951928882217137,1.0,0.9980978053884283,1.0
CBBT,50,batch,15,256,15,15,base,full,0.0009548048255965114,0.015637412520407082,0.015637412520407082,0.03660980585363705,1.0,0.4271372698048209,0.9999999999999996,0.9698868626589818
CBBT,50,batch,15,256,15,15,tail,full,0.0021125017665326595,0.05616094247984805,0.015637412520407082,0.03660980585363705,3.5914472683097087,1.5340409808337911,0.07781238565169013,-0.06412937254689646
CBBT,50,batch,15,256,15,15,body,full,0.000845542992465198,0.015044380511787804,0.015637412520407082,0.03660980585363705,0.9620760782613261,0.41093854941307206,0.9897674014889327,0.9695034354394616
CBBT,50,batch,15,256,15,15,excess,full,9.335463983006775e-05,0.0019015077956081134,0.015637412520407082,0.03660980585363705,0.12159989979970244,0.05193984920898469,0.2727334118009578,0.19196106909071423
CBBT,50,batch,15,256,15,15,gate,full,0.0008252706611528993,0.020761571290004624,0.015637412520407082,0.03660980585363705,1.3276858471892603,0.5671041079269213,0.38023269817911887,0.5910666139665539
CBBT,50,batch,15,256,15,15,amp_true,full,0.002539191162213683,0.0626697247638193,0.015637412520407082,0.03660980585363705,4.007678679707034,1.711828929505052,0.01873712370465735,-0.13129261224211453
CBBT,50,batch,15,256,15,15,dual_base,full,0.0023996923118829727,0.03660980585363705,0.015637412520407082,0.03660980585363705,2.341167747916137,1.0,0.9698868626589818,1.0
CBBT,50,accum4,3,1024,54,54,base,shared,0.0009113746491493657,0.012743913406501507,0.012743913406501507,0.02708984038331585,1.0,0.47043146900009997,1.0000000000000004,0.9953336499999758
CBBT,50,accum4,3,1024,54,54,tail,shared,0.0017235749983228743,0.038567536264741374,0.012743913406501507,0.02708984038331585,3.026349523456864,1.4236900520275648,-0.1717159452000921,-0.24830864656776308
CBBT,50,accum4,3,1024,54,54,body,shared,0.0008340047352248803,0.012696972688873901,0.012743913406501507,0.02708984038331585,0.9963166167149521,0.46869868959042443,0.9950867633418421,0.9968901973326877
CBBT,50,accum4,3,1024,54,54,excess,shared,6.563376155099832e-05,0.0008510944980272886,0.012743913406501507,0.02708984038331585,0.06678439117399287,0.031417479246258775,0.05329560854842095,-0.006035584470078917
CBBT,50,accum4,3,1024,54,54,gate,shared,0.000494038231408922,0.006451448179046247,0.012743913406501507,0.02708984038331585,0.5062376032588969,0.23815009936417264,0.46427805599650646,0.5462728500723649
CBBT,50,accum4,3,1024,54,54,amp_true,shared,0.001706778581137769,0.04408177288095715,0.012743913406501507,0.02708984038331585,3.459045230052187,1.627243728911239,-0.18224182431681366,-0.260884319229763
CBBT,50,accum4,3,1024,54,54,dual_base,shared,0.0021236659958958626,0.02708984038331585,0.012743913406501507,0.02708984038331585,2.1257081336958508,1.0,0.9953336499999758,1.0000000000000002
CBBT,50,accum4,3,1024,54,54,base,temporal,0.0009113746491493657,0.00016539300805901323,0.00016539300805901323,0.0003550644759767256,1.0,0.4658111955696033,0.9999999999999999,0.9961890350699636
CBBT,50,accum4,3,1024,54,54,tail,temporal,0.0017235749983228743,0.00042436735371173106,0.00016539300805901323,0.0003550644759767256,2.565811932994859,1.1951839241150903,-0.40154455480200496,-0.4796690611454146
CBBT,50,accum4,3,1024,54,54,body,temporal,0.0008340047352248803,0.00016710063179441227,0.00016539300805901323,0.0003550644759767256,1.0103246428336907,0.4706205297917939,0.9984489877580216,0.9994677999235018
CBBT,50,accum4,3,1024,54,54,excess,temporal,6.563376155099832e-05,5.6356670339847786e-06,0.00016539300805901323,0.0003550644759767256,0.03407439709890238,0.01587223565095314,-0.3024369997046491,-0.38409614306655854
CBBT,50,accum4,3,1024,54,54,gate,temporal,0.000494038231408922,8.190459797473435e-05,0.00016539300805901323,0.0003550644759767256,0.49521197380671794,0.23067528157929038,0.6082936990984887,0.675195894886384
CBBT,50,accum4,3,1024,54,54,amp_true,temporal,0.001706778581137769,0.0004759470697753414,0.00016539300805901323,0.0003550644759767256,2.8776734600867804,1.3404525149019404,-0.2732179097993427,-0.3556996087716411
CBBT,50,accum4,3,1024,54,54,dual_base,temporal,0.0021236659958958626,0.0003550644759767256,0.00016539300805901323,0.0003550644759767256,2.1467925406498223,1.0,0.9961890350699636,1.0
CBBT,50,accum4,3,1024,54,54,base,excess,0.0009113746491493657,0.000312458895958266,0.000312458895958266,0.0005576012706137253,1.0,0.560362596760867,1.0000000000000002,0.9939695652104303
CBBT,50,accum4,3,1024,54,54,tail,excess,0.0017235749983228743,0.006408008443398828,0.000312458895958266,0.0005576012706137253,20.508324538965027,11.492097993869052,0.9994290054324847,0.9947163134110535
CBBT,50,accum4,3,1024,54,54,body,excess,0.0008340047352248803,0.0,0.000312458895958266,0.0005576012706137253,0.0,0.0,,
CBBT,50,accum4,3,1024,54,54,excess,excess,6.563376155099832e-05,0.00012408316069754214,0.000312458895958266,0.0005576012706137253,0.39711834837346244,0.22253026891594002,0.9686709426863401,0.9900575337418663
CBBT,50,accum4,3,1024,54,54,gate,excess,0.000494038231408922,0.0,0.000312458895958266,0.0005576012706137253,0.0,0.0,,
CBBT,50,accum4,3,1024,54,54,amp_true,excess,0.001706778581137769,0.015199396168403231,0.000312458895958266,0.0005576012706137253,48.644466088215836,27.258539335238556,0.9734372831365167,0.9516296965102593
CBBT,50,accum4,3,1024,54,54,dual_base,excess,0.0021236659958958626,0.0005576012706137253,0.000312458895958266,0.0005576012706137253,1.7845587942172147,1.0,0.9939695652104303,0.9999999999999998
CBBT,50,accum4,3,1024,54,54,base,full,0.0009113746491493657,0.013854698578634096,0.013854698578634096,0.02917722410283588,1.0,0.47484635720666407,1.0000000000000002,0.9955664059441192
CBBT,50,accum4,3,1024,54,54,tail,full,0.0017235749983228743,0.039410932819843945,0.013854698578634096,0.02917722410283588,2.844589696135373,1.3507430549574935,-0.1686804858015969,-0.23925427533184884
CBBT,50,accum4,3,1024,54,54,body,full,0.0008340047352248803,0.013791345679769671,0.013854698578634096,0.02917722410283588,0.9954273347410009,0.4726750437657029,0.9955631271291192,0.9967391392766469
CBBT,50,accum4,3,1024,54,54,excess,full,6.563376155099832e-05,0.0008600921318911215,0.013854698578634096,0.02917722410283588,0.06207945463479842,0.02947820289071039,0.051661517917613684,-0.0028155097487091644
CBBT,50,accum4,3,1024,54,54,gate,full,0.000494038231408922,0.006545599067448958,0.013854698578634096,0.02917722410283588,0.4724461546599936,0.2243393355165942,0.4210310547761758,0.5031524678090914
CBBT,50,accum4,3,1024,54,54,amp_true,full,0.001706778581137769,0.046628578620974075,0.013854698578634096,0.02917722410283588,3.3655426248595504,1.5981156554383118,-0.1513188378461038,-0.22306223942798942
CBBT,50,accum4,3,1024,54,54,dual_base,full,0.0021236659958958626,0.02917722410283588,0.013854698578634096,0.02917722410283588,2.105944343519049,1.0,0.9955664059441192,1.0
Lewes,50,batch,0,256,13,13,base,shared,0.0007879402255639434,0.008582145385708992,0.008582145385708992,0.02204797120058967,1.0,0.38924875706838113,1.0000000000000004,0.9785297958644839
Lewes,50,batch,0,256,13,13,tail,shared,0.0013893410796299577,0.03590759091601712,0.008582145385708992,0.02204797120058967,4.1839877212766075,1.628612020096288,0.6385837383701881,0.7020890332300653
Lewes,50,batch,0,256,13,13,body,shared,0.0007444184157066047,0.00856952141716559,0.008582145385708992,0.02204797120058967,0.9985290428003675,0.3886761888067234,0.9881342019365967,0.9697095695000222
Lewes,50,batch,0,256,13,13,excess,shared,4.899303530692123e-05,0.001621733405372631,0.008582145385708992,0.02204797120058967,0.18896596742268493,0.0735547679475043,-0.15055753724278556,-0.2134431266106661
Lewes,50,batch,0,256,13,13,gate,shared,0.0009657649206928909,0.015335828192628707,0.008582145385708992,0.02204797120058967,1.7869457464756964,0.6955664107642954,0.656681789584707,0.7899743308089666
Lewes,50,batch,0,256,13,13,amp_true,shared,0.000557722058147192,0.01785485878385158,0.008582145385708992,0.02204797120058967,2.0804656623020543,0.809818673174521,0.16676346168613804,0.2512624453952583
Lewes,50,batch,0,256,13,13,dual_base,shared,0.002113227266818285,0.02204797120058967,0.008582145385708992,0.02204797120058967,2.5690512348234047,1.0,0.9785297958644839,1.0000000000000002
Lewes,50,batch,0,256,13,13,base,temporal,0.0007879402255639434,0.0001024403048951777,0.0001024403048951777,0.0002710625351290933,1.0,0.3779212971884535,1.0,0.9971797659963473
Lewes,50,batch,0,256,13,13,tail,temporal,0.0013893410796299577,0.00030900305825433774,0.0001024403048951777,0.0002710625351290933,3.0164207200527753,1.139969631388474,0.954722166324217,0.9725493770247041
Lewes,50,batch,0,256,13,13,body,temporal,0.0007444184157066047,0.00010275807159994352,0.0001024403048951777,0.0002710625351290933,1.0031019695332906,0.37909359753831373,0.9999384313070375,0.9974773559242512
Lewes,50,batch,0,256,13,13,excess,temporal,4.899303530692123e-05,8.386044920075705e-06,0.0001024403048951777,0.0002710625351290933,0.08186274854078916,0.03093767611994722,-0.7850774641957003,-0.825062396917505
Lewes,50,batch,0,256,13,13,gate,temporal,0.0009657649206928909,0.0001678921787379501,0.0001024403048951777,0.0002710625351290933,1.6389269722473612,0.6193854073488673,0.9355414470973589,0.9591851730277955
Lewes,50,batch,0,256,13,13,amp_true,temporal,0.000557722058147192,0.00010435627209581371,0.0001024403048951777,0.0002710625351290933,1.0187032555457203,0.3849896557859393,0.575700021021234,0.6297060132621491
Lewes,50,batch,0,256,13,13,dual_base,temporal,0.002113227266818285,0.0002710625351290933,0.0001024403048951777,0.0002710625351290933,2.64605357633852,1.0,0.9971797659963473,1.0
Lewes,50,batch,0,256,13,13,base,excess,0.0007879402255639434,8.842848671921608e-05,8.842848671921608e-05,0.0005552568130660595,1.0,0.15925691434729977,0.9999999999999996,0.6189905030113888
Lewes,50,batch,0,256,13,13,tail,excess,0.0013893410796299577,0.0017728392042456978,8.842848671921608e-05,0.0005552568130660595,20.04828161172692,3.192827467449339,0.9999621676011219,0.6213964576598474
Lewes,50,batch,0,256,13,13,body,excess,0.0007444184157066047,0.0,8.842848671921608e-05,0.0005552568130660595,0.0,0.0,,
Lewes,50,batch,0,256,13,13,excess,excess,4.899303530692123e-05,0.0002521043220819258,8.842848671921608e-05,0.0005552568130660595,2.8509401374516785,0.454031929279421,0.5061560132356627,0.9906626850002659
Lewes,50,batch,0,256,13,13,gate,excess,0.0009657649206928909,0.0,8.842848671921608e-05,0.0005552568130660595,0.0,0.0,,
Lewes,50,batch,0,256,13,13,amp_true,excess,0.000557722058147192,0.010109060813287286,8.842848671921608e-05,0.0005552568130660595,114.31905247215457,18.206099547822387,-0.26756538221090076,-0.8526827491997327
Lewes,50,batch,0,256,13,13,dual_base,excess,0.002113227266818285,0.0005552568130660595,8.842848671921608e-05,0.0005552568130660595,6.2791622209836895,1.0,0.6189905030113888,1.0
Lewes,50,batch,0,256,13,13,base,full,0.0007879402255639434,0.01003466823758772,0.01003466823758772,0.024487732603636094,1.0,0.4097834781198856,1.0,0.9770426894927211
Lewes,50,batch,0,256,13,13,tail,full,0.0013893410796299577,0.03734282522418601,0.01003466823758772,0.024487732603636094,3.721381149832914,1.5249605109883106,0.6456551150215568,0.7100744266065917
Lewes,50,batch,0,256,13,13,body,full,0.0007444184157066047,0.010100690985095976,0.01003466823758772,0.024487732603636094,1.0065794649055708,0.41247963413305816,0.991219058116918,0.9687310491165179
Lewes,50,batch,0,256,13,13,excess,full,4.899303530692123e-05,0.0016412116948504535,0.01003466823758772,0.024487732603636094,0.16355415605100182,0.06702179092754205,-0.12655090384521878,-0.1864460197381501
Lewes,50,batch,0,256,13,13,gate,full,0.0009657649206928909,0.015578387194261108,0.01003466823758772,0.024487732603636094,1.5524566259109396,0.6361710757960469,0.5536651404119267,0.710299147139309
Lewes,50,batch,0,256,13,13,amp_true,full,0.000557722058147192,0.02051801873276322,0.01003466823758772,0.024487732603636094,2.0447132129298615,0.837889692152085,0.12295057704184756,0.1873391101838299
Lewes,50,batch,0,256,13,13,dual_base,full,0.002113227266818285,0.024487732603636094,0.01003466823758772,0.024487732603636094,2.4403131248435583,1.0,0.9770426894927211,1.0000000000000002
Lewes,50,batch,1,256,9,9,base,shared,0.00102661841083318,0.00996854795747433,0.00996854795747433,0.019056591614662582,1.0,0.5231023552923441,1.0000000000000002,0.9831600448017556
Lewes,50,batch,1,256,9,9,tail,shared,0.0020665545016527176,0.043755663286190793,0.00996854795747433,0.019056591614662582,4.389371799468867,2.2960907265559585,0.6161439143413758,0.5471344947021958
Lewes,50,batch,1,256,9,9,body,shared,0.0009301492827944458,0.009029889513001798,0.00996854795747433,0.019056591614662582,0.9058379968199146,0.4738459896497962,0.9888383790701629,0.9793096503634896
Lewes,50,batch,1,256,9,9,excess,shared,6.501280586235225e-05,0.0008366323403941842,0.00996854795747433,0.019056591614662582,0.08392720223278703,0.04390251716106777,0.4786970772127039,0.40788835728752154
Lewes,50,batch,1,256,9,9,gate,shared,0.00025511006242595613,0.0077927941512254085,0.00996854795747433,0.019056591614662582,0.7817381412487904,0.40892906290910136,-0.2467250826945497,-0.06880975792795463
Lewes,50,batch,1,256,9,9,amp_true,shared,0.0019196955254301429,0.057856343573960335,0.00996854795747433,0.019056591614662582,5.803888773046445,3.036027887035388,0.3918928170965565,0.2882413482945898
Lewes,50,batch,1,256,9,9,dual_base,shared,0.0022143484093248844,0.019056591614662582,0.00996854795747433,0.019056591614662582,1.9116717596141088,1.0,0.9831600448017556,0.9999999999999999
Lewes,50,batch,1,256,9,9,base,temporal,0.00102661841083318,0.00012698236916892718,0.00012698236916892718,0.00023061388557818656,1.0,0.5506275949106955,1.0000000000000004,0.9997606086634796
Lewes,50,batch,1,256,9,9,tail,temporal,0.0020665545016527176,0.0004118398035583017,0.00012698236916892718,0.00023061388557818656,3.243283349127177,1.7858413101438029,0.9695841273769591,0.9721471288619037
Lewes,50,batch,1,256,9,9,body,temporal,0.0009301492827944458,0.00011213124582361385,0.00012698236916892718,0.00023061388557818656,0.8830457846824658,0.48622937661573395,0.9991708561056748,0.9984413018401546
Lewes,50,batch,1,256,9,9,excess,temporal,6.501280586235225e-05,5.406661192427223e-06,0.00012698236916892718,0.00023061388557818656,0.04257804628951783,0.023444647224393465,0.9121460158775078,0.917736435629416
Lewes,50,batch,1,256,9,9,gate,temporal,0.00025511006242595613,3.776506720916342e-05,0.00012698236916892718,0.00023061388557818656,0.29740402117496956,0.16375886089634303,-0.9672762019778652,-0.961665528596656
Lewes,50,batch,1,256,9,9,amp_true,temporal,0.0019196955254301429,0.0005669111164866386,0.00012698236916892718,0.00023061388557818656,4.464486843307085,2.458269653040623,0.8656643217656997,0.8726979214125334
Lewes,50,batch,1,256,9,9,dual_base,temporal,0.0022143484093248844,0.00023061388557818656,0.00012698236916892718,0.00023061388557818656,1.8161094889590246,1.0,0.9997606086634796,1.0000000000000002
Lewes,50,batch,1,256,9,9,base,excess,0.00102661841083318,0.00035177250702708745,0.00035177250702708745,0.0007499191008705149,1.0,0.469080606986468,1.0,0.9891023301285581
Lewes,50,batch,1,256,9,9,tail,excess,0.0020665545016527176,0.007029980519003668,0.00035177250702708745,0.0007499191008705149,19.98445125349816,9.374318524282398,0.9999565682318862,0.9891929767572293
Lewes,50,batch,1,256,9,9,body,excess,0.0009301492827944458,0.0,0.00035177250702708745,0.0007499191008705149,0.0,0.0,,
Lewes,50,batch,1,256,9,9,excess,excess,6.501280586235225e-05,0.0002026303450241398,0.00035177250702708745,0.0007499191008705149,0.5760266677365343,0.27020293894224606,0.9622708478004909,0.9918387803854057
Lewes,50,batch,1,256,9,9,gate,excess,0.00025511006242595613,0.0,0.00035177250702708745,0.0007499191008705149,0.0,0.0,,
Lewes,50,batch,1,256,9,9,amp_true,excess,0.0019196955254301429,0.04037967515225446,0.00035177250702708745,0.0007499191008705149,114.78917296156153,53.845374928283945,0.9392143201922325,0.902588083789702
Lewes,50,batch,1,256,9,9,dual_base,excess,0.0022143484093248844,0.0007499191008705149,0.00035177250702708745,0.0007499191008705149,2.1318297646631295,1.0,0.9891023301285581,1.0
Lewes,50,batch,1,256,9,9,base,full,0.00102661841083318,0.012431310473244245,0.012431310473244245,0.024123158789311108,1.0,0.5153268102995084,1.0,0.9890218680795514
Lewes,50,batch,1,256,9,9,tail,full,0.0020665545016527176,0.04478472855365292,0.012431310473244245,0.024123158789311108,3.6025750181400853,1.856503492962824,0.543337422838913,0.48411999447984727
Lewes,50,batch,1,256,9,9,body,full,0.0009301492827944458,0.011644283866089697,0.012431310473244245,0.024123158789311108,0.9366899725617459,0.4827014557997786,0.9916669749239374,0.9864690586174322
Lewes,50,batch,1,256,9,9,excess,full,6.501280586235225e-05,0.0008608209626386034,0.012431310473244245,0.024123158789311108,0.06924619608619201,0.035684421354471633,0.37948587456274596,0.3204236228531254
Lewes,50,batch,1,256,9,9,gate,full,0.00025511006242595613,0.00781785041059516,0.012431310473244245,0.024123158789311108,0.6288838515795597,0.32408070928336397,-0.19735667270907514,-0.05322003134601107
Lewes,50,batch,1,256,9,9,amp_true,full,0.0019196955254301429,0.07055405485972963,0.012431310473244245,0.024123158789311108,5.675512248815782,2.924743623998027,0.2729088948120781,0.20278107484572236
Lewes,50,batch,1,256,9,9,dual_base,full,0.0022143484093248844,0.024123158789311108,0.012431310473244245,0.024123158789311108,1.9405161540475626,1.0,0.9890218680795514,1.0
Lewes,50,batch,2,256,8,8,base,shared,0.0007981006056070328,0.009264702903502214,0.009264702903502214,0.018210177133532592,1.0,0.5087651171960321,1.0,0.9751987452317521
Lewes,50,batch,2,256,8,8,tail,shared,0.0011966659221798182,0.019434237496222508,0.009264702903502214,0.018210177133532592,2.0976644042062094,1.067218476443917,0.21349839710460128,0.07953630348486027
Lewes,50,batch,2,256,8,8,body,shared,0.0007449976401403546,0.009175458518628261,0.009264702903502214,0.018210177133532592,0.9903672696465834,0.5038643200088584,0.9968332489303182,0.978050137799593
Lewes,50,batch,2,256,8,8,excess,shared,5.326683458406478e-05,0.0005425615477238619,0.009264702903502214,0.018210177133532592,0.05856221763125988,0.029794413516427472,0.09083468229741186,0.02371113019563112
Lewes,50,batch,2,256,8,8,gate,shared,0.00035796104930341244,0.008403687360276954,0.009264702903502214,0.018210177133532592,0.9070649591041089,0.461483010223016,-0.1784826013493857,0.042012705578954694
Lewes,50,batch,2,256,8,8,amp_true,shared,0.0017062682891264558,0.06645158367037035,0.009264702903502214,0.018210177133532592,7.172554194398455,3.649145375308022,0.15415412871459597,0.022068740644129566
Lewes,50,batch,2,256,8,8,dual_base,shared,0.0018286124104633927,0.018210177133532592,0.009264702903502214,0.018210177133532592,1.9655435606735796,1.0,0.9751987452317521,1.0000000000000002
Lewes,50,batch,2,256,8,8,base,temporal,0.0007981006056070328,0.00010103601402334772,0.00010103601402334772,0.000185636410654664,1.0,0.5442683020374874,1.0,0.9774526573566775
Lewes,50,batch,2,256,8,8,tail,temporal,0.0011966659221798182,0.00012959722550392306,0.00010103601402334772,0.000185636410654664,1.2826834743695978,0.698123956646686,0.7980117294925575,0.6618128614441459
Lewes,50,batch,2,256,8,8,body,temporal,0.0007449976401403546,9.91941736632932e-05,0.00010103601402334772,0.000185636410654664,0.9817704570211083,0.5343465396334467,0.9998639029393827,0.9757123531455074
Lewes,50,batch,2,256,8,8,excess,temporal,5.326683458406478e-05,6.257447530699283e-07,0.00010103601402334772,0.000185636410654664,0.006193284237493071,0.0033708082959758886,0.0701012562162136,0.20005007121222818
Lewes,50,batch,2,256,8,8,gate,temporal,0.00035796104930341244,8.702178137648738e-05,0.00010103601402334772,0.000185636410654664,0.8612946800967238,0.4687753930901648,-0.432479891140215,-0.2324137325391574
Lewes,50,batch,2,256,8,8,amp_true,temporal,0.0017062682891264558,0.00045708694864104413,0.00010103601402334772,0.000185636410654664,4.5240002098204215,2.4622699126161978,0.8393766990163164,0.7248227348574391
Lewes,50,batch,2,256,8,8,dual_base,temporal,0.0018286124104633927,0.000185636410654664,0.00010103601402334772,0.000185636410654664,1.837329119216506,1.0,0.9774526573566775,1.0
Lewes,50,batch,2,256,8,8,base,excess,0.0007981006056070328,0.00018541681287762894,0.00018541681287762894,0.0002829450780701437,1.0,0.655310260713081,1.0,0.8090515308378325
Lewes,50,batch,2,256,8,8,tail,excess,0.0011966659221798182,0.0037799339291621267,0.00018541681287762894,0.0002829450780701437,20.386144441263806,13.359249628739112,0.999845062905576,0.8036701441043627
Lewes,50,batch,2,256,8,8,body,excess,0.0007449976401403546,0.0,0.00018541681287762894,0.0002829450780701437,0.0,0.0,,
Lewes,50,batch,2,256,8,8,excess,excess,5.326683458406478e-05,8.586126913531996e-05,0.00018541681287762894,0.0002829450780701437,0.4630716481573142,0.30345560248280573,0.25708291437805236,0.7759593026532076
Lewes,50,batch,2,256,8,8,gate,excess,0.00035796104930341244,0.0,0.00018541681287762894,0.0002829450780701437,0.0,0.0,,
Lewes,50,batch,2,256,8,8,amp_true,excess,0.0017062682891264558,0.02956494515249776,0.00018541681287762894,0.0002829450780701437,159.45126385065188,104.49004928500095,0.8913403478323532,0.5505854639947632
Lewes,50,batch,2,256,8,8,dual_base,excess,0.0018286124104633927,0.0002829450780701437,0.00018541681287762894,0.0002829450780701437,1.5259947233419513,1.0,0.8090515308378325,1.0
Lewes,50,batch,2,256,8,8,base,full,0.0007981006056070328,0.012138061123181138,0.012138061123181138,0.024109844790976293,1.0,0.503448331103488,1.0,0.9851671531670793
Lewes,50,batch,2,256,8,8,tail,full,0.0011966659221798182,0.01980723837354555,0.012138061123181138,0.024109844790976293,1.6318288540925123,0.8215415132393925,0.16554450790307257,0.06348457027501189
Lewes,50,batch,2,256,8,8,body,full,0.0007449976401403546,0.012138179128077518,0.012138061123181138,0.024109844790976293,1.0000097218901094,0.5034532255728387,0.9978702582641322,0.9869666116776432
Lewes,50,batch,2,256,8,8,excess,full,5.326683458406478e-05,0.0005493133810549679,0.012138061123181138,0.024109844790976293,0.04525544693508712,0.02278377923281207,0.06909366883546274,0.01911229032751881
Lewes,50,batch,2,256,8,8,gate,full,0.00035796104930341244,0.008512920293564994,0.012138061123181138,0.024109844790976293,0.7013410302661197,0.3530889712218788,-0.13442982566949258,0.03585152930249571
Lewes,50,batch,2,256,8,8,amp_true,full,0.0017062682891264558,0.07273169153931752,0.012138061123181138,0.024109844790976293,5.992035367198417,3.016680205529119,0.11303733818461927,0.017855816483748423
Lewes,50,batch,2,256,8,8,dual_base,full,0.0018286124104633927,0.024109844790976293,0.012138061123181138,0.024109844790976293,1.9863011519139224,1.0,0.9851671531670793,1.0
Lewes,50,batch,3,256,10,10,base,shared,0.0010040426859632134,0.006917183873765451,0.006917183873765451,0.01352225204756696,1.0,0.5115408180111575,1.0000000000000002,0.8919071370332459
Lewes,50,batch,3,256,10,10,tail,shared,0.0033060929272323847,0.09293603545434122,0.006917183873765451,0.01352225204756696,13.435530578681925,6.872822302632872,0.5981988422670552,0.5840826123458481
Lewes,50,batch,3,256,10,10,body,shared,0.00085068354383111,0.005998180968902938,0.006917183873765451,0.01352225204756696,0.8671420448503643,0.4435785509546231,0.8716331239317374,0.69866176748856
Lewes,50,batch,3,256,10,10,excess,shared,0.00014280466712079942,0.0030697383455841006,0.006917183873765451,0.01352225204756696,0.44378440729710605,0.2270138387293583,0.4644687745439169,0.5145326877969245
Lewes,50,batch,3,256,10,10,gate,shared,0.000785298936534673,0.014014594477870073,0.006917183873765451,0.01352225204756696,2.0260549283679894,1.0364097953928983,-0.41981569771919997,0.0004017804097126462
Lewes,50,batch,3,256,10,10,amp_true,shared,0.004469780717045069,0.09240286871221895,0.006917183873765451,0.01352225204756696,13.358451994123202,6.833393460436561,0.5196715246060337,0.5190032430940201
Lewes,50,batch,3,256,10,10,dual_base,shared,0.0025329850614070892,0.01352225204756696,0.006917183873765451,0.01352225204756696,1.9548782126281632,1.0,0.8919071370332459,1.0
Lewes,50,batch,3,256,10,10,base,temporal,0.0010040426859632134,8.969010906484527e-05,8.969010906484527e-05,0.00014530649173122076,1.0,0.6172477774134734,1.0,0.9808832908005163
Lewes,50,batch,3,256,10,10,tail,temporal,0.0033060929272323847,0.0007357431176605057,8.969010906484527e-05,0.00014530649173122076,8.203168948412907,5.063387801155087,0.9324441895462201,0.9817430694967271
Lewes,50,batch,3,256,10,10,body,temporal,0.00085068354383111,7.298110375915329e-05,8.969010906484527e-05,0.00014530649173122076,0.8137029213153092,0.502256319656725,0.9767010491855745,0.9176491985689204
Lewes,50,batch,3,256,10,10,excess,temporal,0.00014280466712079942,2.0975128843556326e-05,8.969010906484527e-05,0.00014530649173122076,0.23386222920513416,0.14435094119782937,0.7220365589535861,0.8396989586998826
Lewes,50,batch,3,256,10,10,gate,temporal,0.000785298936534673,0.00010231093011698876,8.969010906484527e-05,0.00014530649173122076,1.140715862470618,0.7041043307702823,-0.9541386203112954,-0.8783558804890755
Lewes,50,batch,3,256,10,10,amp_true,temporal,0.004469780717045069,0.000814547093862409,8.969010906484527e-05,0.00014530649173122076,9.081793994402412,5.605717157971919,0.8001513343978839,0.8986213022512627
Lewes,50,batch,3,256,10,10,dual_base,temporal,0.0025329850614070892,0.00014530649173122076,8.969010906484527e-05,0.00014530649173122076,1.6200949385195336,1.0,0.9808832908005163,0.9999999999999996
Lewes,50,batch,3,256,10,10,base,excess,0.0010040426859632134,0.00376861278611419,0.00376861278611419,0.010951302182916515,1.0,0.34412462766236496,0.9999999999999999,0.9999576314549076
Lewes,50,batch,3,256,10,10,tail,excess,0.0033060929272323847,0.07616656496221953,0.00376861278611419,0.010951302182916515,20.210769661150234,6.955023584413146,0.9999736973933209,0.9998832617254203
Lewes,50,batch,3,256,10,10,body,excess,0.00085068354383111,0.0,0.00376861278611419,0.010951302182916515,0.0,0.0,,
Lewes,50,batch,3,256,10,10,excess,excess,0.00014280466712079942,0.0035995037948407236,0.00376861278611419,0.010951302182916515,0.9551269921132347,0.3286827205312415,0.9999082518818629,0.9999865430818587
Lewes,50,batch,3,256,10,10,gate,excess,0.000785298936534673,0.0,0.00376861278611419,0.010951302182916515,0.0,0.0,,
Lewes,50,batch,3,256,10,10,amp_true,excess,0.004469780717045069,0.12662368457380618,0.00376861278611419,0.010951302182916515,33.59954756836869,11.562431796588795,0.9895171540830087,0.98925421366609
Lewes,50,batch,3,256,10,10,dual_base,excess,0.0025329850614070892,0.010951302182916515,0.00376861278611419,0.010951302182916515,2.9059239578201357,1.0,0.9999576314549076,1.0000000000000002
Lewes,50,batch,3,256,10,10,base,full,0.0010040426859632134,0.009162712403535148,0.009162712403535148,0.01984268694593816,1.0,0.4617677247289725,1.0,0.9304619147027404
Lewes,50,batch,3,256,10,10,tail,full,0.0033060929272323847,0.12046112811787937,0.009162712403535148,0.01984268694593816,13.146885203054413,6.070807267487432,0.6376687450362664,0.6831150256649857
Lewes,50,batch,3,256,10,10,body,full,0.00085068354383111,0.007703361994704525,0.009162712403535148,0.01984268694593816,0.8407294320110301,0.38822171693241475,0.8327855935271954,0.6715127065537367
Lewes,50,batch,3,256,10,10,excess,full,0.00014280466712079942,0.004730720989386521,0.009162712403535148,0.01984268694593816,0.5163013724583694,0.23841131003454702,0.5404482116593671,0.64745627062218
Lewes,50,batch,3,256,10,10,gate,full,0.000785298936534673,0.01409269517921853,0.009162712403535148,0.01984268694593816,1.5380484029795916,0.7102211115669158,-0.31584647779710584,0.0038848178491375854
Lewes,50,batch,3,256,10,10,amp_true,full,0.004469780717045069,0.15675409928067058,0.009162712403535148,0.01984268694593816,17.107827068782807,7.899842380608564,0.5600184907978187,0.6495210846587218
Lewes,50,batch,3,256,10,10,dual_base,full,0.0025329850614070892,0.01984268694593816,0.009162712403535148,0.01984268694593816,2.165590937709938,1.0,0.9304619147027404,0.9999999999999999
Lewes,50,accum4,0,1024,40,40,base,shared,0.0009041754819918424,0.007222487351191006,0.007222487351191006,0.014297726329895346,1.0,0.5051493632305293,0.9999999999999999,0.9877324744293475
Lewes,50,accum4,0,1024,40,40,tail,shared,0.0019896636076737195,0.04110572208851617,0.007222487351191006,0.014297726329895346,5.691352589456281,2.874983136484264,0.5751488062787926,0.5474816710752182
Lewes,50,accum4,0,1024,40,40,body,shared,0.0008175622206181288,0.006762015703575351,0.007222487351191006,0.014297726329895346,0.9362447277197763,0.4729434280355852,0.9852318799434746,0.9724652594432185
Lewes,50,accum4,0,1024,40,40,excess,shared,7.751933571853442e-05,0.0008549644643728017,0.007222487351191006,0.014297726329895346,0.11837534948840249,0.059797232416257874,0.24522490943012087,0.24152388222594512
Lewes,50,accum4,0,1024,40,40,gate,shared,0.0005910337422392331,0.004733201145469656,0.007222487351191006,0.014297726329895346,0.6553422547274022,0.33104572267360644,-0.07450506051372907,0.07626259556793803
Lewes,50,accum4,0,1024,40,40,amp_true,shared,0.002163366647437215,0.05423421973073439,0.007222487351191006,0.014297726329895346,7.509077841692728,3.793205890179559,0.3802406944585509,0.3453855595417148
Lewes,50,accum4,0,1024,40,40,dual_base,shared,0.002172293287003413,0.014297726329895346,0.007222487351191006,0.014297726329895346,1.9796125122375765,1.0,0.9877324744293475,1.0
Lewes,50,accum4,0,1024,40,40,base,temporal,0.0009041754819918424,9.37212932805804e-05,9.37212932805804e-05,0.00017849017196954614,1.0,0.5250781723520949,0.9999999999999998,0.9990846132536246
Lewes,50,accum4,0,1024,40,40,tail,temporal,0.0019896636076737195,0.0003853107751187689,9.37212932805804e-05,0.00017849017196954614,4.11124048368854,2.1587226392751213,0.9753424881716185,0.9814463562364767
Lewes,50,accum4,0,1024,40,40,body,temporal,0.0008175622206181288,8.558157626020204e-05,9.37212932805804e-05,0.00017849017196954614,0.9131497578035987,0.4794750059112717,0.9981782044093526,0.994931950965515
Lewes,50,accum4,0,1024,40,40,excess,temporal,7.751933571853442e-05,4.8064244319502105e-06,9.37212932805804e-05,0.00017849017196954614,0.05128423076238247,0.026928230159194867,0.5798072223449744,0.6123435218406554
Lewes,50,accum4,0,1024,40,40,gate,temporal,0.0005910337422392331,1.6042891311417813e-05,9.37212932805804e-05,0.00017849017196954614,0.17117658911714992,0.08988109056309856,-0.7890196310045152,-0.7622550179873606
Lewes,50,accum4,0,1024,40,40,amp_true,temporal,0.002163366647437215,0.0004782989319651867,9.37212932805804e-05,0.00017849017196954614,5.103417966430187,2.679693378562007,0.8746305396428538,0.8934040108041827
Lewes,50,accum4,0,1024,40,40,dual_base,temporal,0.002172293287003413,0.00017849017196954614,9.37212932805804e-05,0.00017849017196954614,1.9044783284753322,1.0,0.9990846132536246,1.0000000000000002
Lewes,50,accum4,0,1024,40,40,base,excess,0.0009041754819918424,0.0010511546812190375,0.0010511546812190375,0.0028011772451046507,1.0,0.37525461234416346,0.9999999999999998,0.9990576348108897
Lewes,50,accum4,0,1024,40,40,tail,excess,0.0019896636076737195,0.02123576363819908,0.0010511546812190375,0.0028011772451046507,20.202320379310585,7.5810139023907865,0.9999737316854423,0.9987482746283882
Lewes,50,accum4,0,1024,40,40,body,excess,0.0008175622206181288,0.0,0.0010511546812190375,0.0028011772451046507,0.0,0.0,,
Lewes,50,accum4,0,1024,40,40,excess,excess,7.751933571853442e-05,0.0008780519123143141,0.0010511546812190375,0.0028011772451046507,0.83532131664583,0.3134581768607472,0.9976091595367331,0.9996645222353913
Lewes,50,accum4,0,1024,40,40,gate,excess,0.0005910337422392331,0.0,0.0010511546812190375,0.0028011772451046507,0.0,0.0,,
Lewes,50,accum4,0,1024,40,40,amp_true,excess,0.002163366647437215,0.050981280540929035,0.0010511546812190375,0.0028011772451046507,48.50026494845211,18.199948121820615,0.9931329520499974,0.9916534284439412
Lewes,50,accum4,0,1024,40,40,dual_base,excess,0.002172293287003413,0.0028011772451046507,0.0010511546812190375,0.0028011772451046507,2.664857318483413,1.0,0.9990576348108897,0.9999999999999996
Lewes,50,accum4,0,1024,40,40,base,full,0.0009041754819918424,0.009366072848300674,0.009366072848300674,0.018766810498080756,1.0,0.4990764333267245,1.0000000000000002,0.9919735573202068
Lewes,50,accum4,0,1024,40,40,tail,full,0.0019896636076737195,0.04668865085191968,0.009366072848300674,0.018766810498080756,4.984869497399926,2.487830889361537,0.5023712265280039,0.49649956694371616
Lewes,50,accum4,0,1024,40,40,body,full,0.0008175622206181288,0.009012313653510289,0.009366072848300674,0.018766810498080756,0.9622297199135527,0.480226176655429,0.9843062341293067,0.9725072696296664
Lewes,50,accum4,0,1024,40,40,excess,full,7.751933571853442e-05,0.0012255363707614293,0.009366072848300674,0.018766810498080756,0.13084847732993915,0.0653033913720588,0.2121380004990831,0.23527358709241414
Lewes,50,accum4,0,1024,40,40,gate,full,0.0005910337422392331,0.004750576710754288,0.009366072848300674,0.018766810498080756,0.5072111639208748,0.2531371386331268,-0.057230475190830216,0.05882012985065394
Lewes,50,accum4,0,1024,40,40,amp_true,full,0.002163366647437215,0.07443414240383568,0.009366072848300674,0.018766810498080756,7.947209423781129,3.9662649341212197,0.28998370019818104,0.2931055267678334
Lewes,50,accum4,0,1024,40,40,dual_base,full,0.002172293287003413,0.018766810498080756,0.009366072848300674,0.018766810498080756,2.0037011031241017,1.0,0.9919735573202068,1.0000000000000002
Lewes,50,batch,4,256,11,11,base,shared,0.0008419924415647984,0.009539219939576977,0.009539219939576977,0.02188272451788401,1.0,0.43592469172569875,1.0,0.9921177111348319
Lewes,50,batch,4,256,11,11,tail,shared,0.0008464851998724043,0.04941626653139744,0.009539219939576977,0.02188272451788401,5.180325733593353,2.2582318984553864,0.7396050364555863,0.7805744117396797
Lewes,50,batch,4,256,11,11,body,shared,0.0008136284304782748,0.00839139013515694,0.009539219939576977,0.02188272451788401,0.8796725715844079,0.38347099458748574,0.9889868450163477,0.9728080773871333
Lewes,50,batch,4,256,11,11,excess,shared,2.3561737179988995e-05,0.0007681442672511522,0.009539219939576977,0.02188272451788401,0.08052485131034898,0.03510277098372161,0.6393132417291973,0.670977426421334
Lewes,50,batch,4,256,11,11,gate,shared,0.0003814903029706329,0.008147170376316284,0.009539219939576977,0.02188272451788401,0.8540709227716555,0.37231060372111696,0.7090556024357195,0.7911621652077409
Lewes,50,batch,4,256,11,11,amp_true,shared,0.0008111270726658404,0.05480123083304621,0.009539219939576977,0.02188272451788401,5.744833558736083,2.504314798107476,0.6901438274615042,0.7170137856588561
Lewes,50,batch,4,256,11,11,dual_base,shared,0.0018934895051643252,0.02188272451788401,0.009539219939576977,0.02188272451788401,2.2939742092637414,1.0,0.9921177111348319,1.0
Lewes,50,batch,4,256,11,11,base,temporal,0.0008419924415647984,0.00011360381618720578,0.00011360381618720578,0.00026566442207036616,1.0,0.4276214906831435,1.0000000000000002,0.9991501097917082
Lewes,50,batch,4,256,11,11,tail,temporal,0.0008464851998724043,0.0005280879405347065,0.00011360381618720578,0.00026566442207036616,4.648505290213838,1.98780076164972,0.9332773981561172,0.9462704250659294
Lewes,50,batch,4,256,11,11,body,temporal,0.0008136284304782748,9.819831483448618e-05,0.00011360381618720578,0.00026566442207036616,0.8643927477987787,0.3696329153494122,0.9968551191798013,0.9929814441823892
Lewes,50,batch,4,256,11,11,excess,temporal,2.3561737179988995e-05,7.3112055257442455e-06,0.00011360381618720578,0.00026566442207036616,0.0643570416129,0.027520454070465397,0.8351405296174443,0.8552256451693946
Lewes,50,batch,4,256,11,11,gate,temporal,0.0003814903029706329,8.641083244664447e-05,0.00011360381618720578,0.00026566442207036616,0.7606331842255153,0.32526309610158094,0.9682264935321873,0.9776719420164669
Lewes,50,batch,4,256,11,11,amp_true,temporal,0.0008111270726658404,0.0005483106428042836,0.00011360381618720578,0.00026566442207036616,4.8265160555938715,2.063921990499177,0.8956197176907712,0.9116525798189525
Lewes,50,batch,4,256,11,11,dual_base,temporal,0.0018934895051643252,0.00026566442207036616,0.00011360381618720578,0.00026566442207036616,2.3385167064509726,1.0,0.9991501097917082,1.0
Lewes,50,batch,4,256,11,11,base,excess,0.0008419924415647984,0.0005392459092424568,0.0005392459092424568,0.0012340158208536747,1.0,0.43698459949193685,1.0,0.9966073249237803
Lewes,50,batch,4,256,11,11,tail,excess,0.0008464851998724043,0.01083700766167142,0.0005392459092424568,0.0012340158208536747,20.0965968882276,8.781903342353043,0.999978798309465,0.9961789519687098
Lewes,50,batch,4,256,11,11,body,excess,0.0008136284304782748,0.0,0.0005392459092424568,0.0012340158208536747,0.0,0.0,,
Lewes,50,batch,4,256,11,11,excess,excess,2.3561737179988995e-05,0.00034916458910746393,0.0005392459092424568,0.0012340158208536747,0.6475053090304889,0.282949848135591,0.989323513766229,0.9979584930885349
Lewes,50,batch,4,256,11,11,gate,excess,0.0003814903029706329,0.0,0.0005392459092424568,0.0012340158208536747,0.0,0.0,,
Lewes,50,batch,4,256,11,11,amp_true,excess,0.0008111270726658404,0.017961439839522076,0.0005392459092424568,0.0012340158208536747,33.30843967783577,14.555275172320405,0.9934099100446997,0.9900886268428101
Lewes,50,batch,4,256,11,11,dual_base,excess,0.0018934895051643252,0.0012340158208536747,0.0005392459092424568,0.0012340158208536747,2.288410166314,1.0,0.9966073249237803,0.9999999999999999
Lewes,50,batch,4,256,11,11,base,full,0.0008419924415647984,0.011244592325030542,0.011244592325030542,0.024951117193881822,1.0,0.45066488356632745,1.0000000000000002,0.9917695960886586
Lewes,50,batch,4,256,11,11,tail,full,0.0008464851998724043,0.051152235440967045,0.011244592325030542,0.024951117193881822,4.54905202095249,2.0500979993597204,0.6813673411366193,0.731327578416862
Lewes,50,batch,4,256,11,11,body,full,0.0008136284304782748,0.010288299336316791,0.011244592325030542,0.024951117193881822,0.9149552993055128,0.41233822342991316,0.989365720160665,0.9713982364386486
Lewes,50,batch,4,256,11,11,excess,full,2.3561737179988995e-05,0.00084377812581116,0.011244592325030542,0.024951117193881822,0.07503856977837284,0.03381724831215413,0.513371790598335,0.5561392422138942
Lewes,50,batch,4,256,11,11,gate,full,0.0003814903029706329,0.008367350901443282,0.011244592325030542,0.024951117193881822,0.7441222108886508,0.335349749529252,0.5866573944719867,0.6847367625392691
Lewes,50,batch,4,256,11,11,amp_true,full,0.0008111270726658404,0.05766964731924052,0.011244592325030542,0.024951117193881822,5.128656126631419,2.3113052161600804,0.5711923773801966,0.6128115641267503
Lewes,50,batch,4,256,11,11,dual_base,full,0.0018934895051643252,0.024951117193881822,0.011244592325030542,0.024951117193881822,2.218943690678804,1.0,0.9917695960886586,1.0000000000000002
Lewes,50,batch,5,256,11,11,base,shared,0.0008965337183326483,0.010650109824062974,0.010650109824062974,0.02969332721173397,1.0,0.35867013986409546,0.9999999999999997,0.9789804114708737
Lewes,50,batch,5,256,11,11,tail,shared,0.0025065364316105843,0.06950473310088026,0.010650109824062974,0.02969332721173397,6.52619871992686,2.3407526076570475,0.7193047457619283,0.7970447484886037
Lewes,50,batch,5,256,11,11,body,shared,0.0007904012454673648,0.009009799696467851,0.010650109824062974,0.02969332721173397,0.8459818579627237,0.3034284313179774,0.9721833669246209,0.922696232602531
Lewes,50,batch,5,256,11,11,excess,shared,0.00010117407509824261,0.001985189372051633,0.010650109824062974,0.02969332721173397,0.1864008357515971,0.06685641382980961,0.6243553298266209,0.7080791574862983
Lewes,50,batch,5,256,11,11,gate,shared,0.0005699470057152212,0.01810868009479867,0.010650109824062974,0.02969332721173397,1.7003280148232578,0.6098568868914976,0.7924942927598193,0.8985827978436727
Lewes,50,batch,5,256,11,11,amp_true,shared,0.0033468706533312798,0.08301339684074342,0.010650109824062974,0.02969332721173397,7.794604770476831,2.7956919832122704,0.6202775619064378,0.6971869557107756
Lewes,50,batch,5,256,11,11,dual_base,shared,0.0021742566023021936,0.02969332721173397,0.010650109824062974,0.02969332721173397,2.7880770904957752,1.0,0.9789804114708737,1.0000000000000002
Lewes,50,batch,5,256,11,11,base,temporal,0.0008965337183326483,0.0001254214338016061,0.0001254214338016061,0.0003353948708719094,1.0,0.3739515558945616,0.9999999999999998,0.9992375550261552
Lewes,50,batch,5,256,11,11,tail,temporal,0.0025065364316105843,0.0007565978922144505,0.0001254214338016061,0.0003353948708719094,6.032444928123296,2.2558421667199635,0.9466920453447891,0.9556184994441586
Lewes,50,batch,5,256,11,11,body,temporal,0.0007904012454673648,9.870804949536311e-05,0.0001254214338016061,0.0003353948708719094,0.787011011622633,0.2943039923024365,0.9919860837895685,0.987486284762049
Lewes,50,batch,5,256,11,11,excess,temporal,0.00010117407509824261,2.081247271772787e-05,0.0001254214338016061,0.0003353948708719094,0.16594031886646599,0.062053640425754626,0.8489963758387732,0.8632296447364756
Lewes,50,batch,5,256,11,11,gate,temporal,0.0005699470057152212,0.0001542490083318592,0.0001254214338016061,0.0003353948708719094,1.2298456783379872,0.4599027049246928,0.991920425819138,0.9945260650410755
Lewes,50,batch,5,256,11,11,amp_true,temporal,0.0033468706533312798,0.0008805762540194098,0.0001254214338016061,0.0003353948708719094,7.020939143562346,2.62549111657617,0.8736908792814237,0.8868630362871918
Lewes,50,batch,5,256,11,11,dual_base,temporal,0.0021742566023021936,0.0003353948708719094,0.0001254214338016061,0.0003353948708719094,2.6741431723898414,1.0,0.9992375550261552,0.9999999999999999
Lewes,50,batch,5,256,11,11,base,excess,0.0008965337183326483,0.0024807831235057797,0.0024807831235057797,0.007102126733327305,1.0,0.34930144401176394,1.0000000000000002,0.9997332005572114
Lewes,50,batch,5,256,11,11,tail,excess,0.0025065364316105843,0.04958117027337747,0.0024807831235057797,0.007102126733327305,19.986096246620146,6.981172279102513,0.9999966469019518,0.9997463229555006
Lewes,50,batch,5,256,11,11,body,excess,0.0007904012454673648,0.0,0.0024807831235057797,0.007102126733327305,0.0,0.0,,
Lewes,50,batch,5,256,11,11,excess,excess,0.00010117407509824261,0.002311075050589875,0.0024807831235057797,0.007102126733327305,0.931590927353586,0.32540605615286583,0.9993679924793099,0.999919487631907
Lewes,50,batch,5,256,11,11,gate,excess,0.0005699470057152212,0.0,0.0024807831235057797,0.007102126733327305,0.0,0.0,,
Lewes,50,batch,5,256,11,11,amp_true,excess,0.0033468706533312798,0.09203356193383926,0.0024807831235057797,0.007102126733327305,37.09859240084629,12.958591896419463,0.9941041354027511,0.9942463961825962
Lewes,50,batch,5,256,11,11,dual_base,excess,0.0021742566023021936,0.007102126733327305,0.0024807831235057797,0.007102126733327305,2.8628567592360756,1.0,0.9997332005572114,0.9999999999999999
Lewes,50,batch,5,256,11,11,base,full,0.0008965337183326483,0.012743332912710327,0.012743332912710327,0.03326544448190388,1.0,0.3830801936118001,1.0000000000000002,0.9749507978221578
Lewes,50,batch,5,256,11,11,tail,full,0.0025065364316105843,0.08573788658692716,0.012743332912710327,0.03326544448190388,6.728058285396542,2.577385870601183,0.6369071937876652,0.7290809871599563
Lewes,50,batch,5,256,11,11,body,full,0.0007904012454673648,0.011163642470918498,0.012743332912710327,0.03326544448190388,0.8760378895684167,0.3355927643471418,0.9588806514286515,0.8980217270376591
Lewes,50,batch,5,256,11,11,excess,full,0.00010117407509824261,0.0030466448320022057,0.012743332912710327,0.03326544448190388,0.23907755160060615,0.09158587475539533,0.48758180517152955,0.5737783180885153
Lewes,50,batch,5,256,11,11,gate,full,0.0005699470057152212,0.018274485897009297,0.012743332912710327,0.03326544448190388,1.434042885184467,0.5493534261040901,0.657036796374035,0.8000504910020816
Lewes,50,batch,5,256,11,11,amp_true,full,0.0033468706533312798,0.12394111737945795,0.012743332912710327,0.03326544448190388,9.725957740289266,3.7258217742101976,0.4909120197615966,0.5744421806246325
Lewes,50,batch,5,256,11,11,dual_base,full,0.0021742566023021936,0.03326544448190388,0.012743332912710327,0.03326544448190388,2.6104194805053393,1.0,0.9749507978221578,1.0
Lewes,50,batch,6,256,9,9,base,shared,0.0009719028603285551,0.0083049678702633,0.0083049678702633,0.01731748668120351,1.0,0.4795712000909206,1.0000000000000002,0.9592310429392265
Lewes,50,batch,6,256,9,9,tail,shared,0.0024342716205865145,0.06674087999523351,0.0083049678702633,0.01731748668120351,8.036259867326562,3.853958788816301,0.29859175429135787,0.2535968828058193
Lewes,50,batch,6,256,9,9,body,shared,0.0008468141313642263,0.00747774405398221,0.0083049678702633,0.01731748668120351,0.9003940979419027,0.4318030781047802,0.9556601705080447,0.89866937087602
Lewes,50,batch,6,256,9,9,excess,shared,8.504831930622458e-05,0.0021899266485158023,0.0083049678702633,0.01731748668120351,0.26368875626322835,0.12645753329163867,0.38160531950535925,0.3299338149826809
Lewes,50,batch,6,256,9,9,gate,shared,0.000618867517914623,0.012723815953942126,0.0083049678702633,0.01731748668120351,1.532072869240219,0.7347380245282719,-0.07940069444260471,0.1866121982834974
Lewes,50,batch,6,256,9,9,amp_true,shared,0.0023635856341570616,0.05702928371252515,0.0083049678702633,0.01731748668120351,6.866887940256064,3.2931616903984704,0.3236011425373665,0.27719788535641854
Lewes,50,batch,6,256,9,9,dual_base,shared,0.0022982475347816944,0.01731748668120351,0.0083049678702633,0.01731748668120351,2.085196108128288,1.0,0.9592310429392265,1.0
Lewes,50,batch,6,256,9,9,base,temporal,0.0009719028603285551,0.00010351782138774041,0.00010351782138774041,0.00019649753979013461,1.0,0.5268148471390564,1.0,0.9997544051465386
Lewes,50,batch,6,256,9,9,tail,temporal,0.0024342716205865145,0.0005922158249549099,0.00010351782138774041,0.00019649753979013461,5.720906960905631,3.0138587261062635,0.7328649001717077,0.7394742810578159
Lewes,50,batch,6,256,9,9,body,temporal,0.0008468141313642263,9.085509450000305e-05,0.00010351782138774041,0.00019649753979013461,0.8776758753422046,0.462372682106041,0.985756245530927,0.9837145250729811
Lewes,50,batch,6,256,9,9,excess,temporal,8.504831930622458e-05,2.003357076333695e-05,0.00010351782138774041,0.00019649753979013461,0.19352774715281557,0.10195329053347649,0.7419288933555644,0.7488084163874958
Lewes,50,batch,6,256,9,9,gate,temporal,0.000618867517914623,5.627174986648235e-05,0.00010351782138774041,0.00019649753979013461,0.5435948043739124,0.28637381377182786,-0.9314140160679064,-0.9320180820581736
Lewes,50,batch,6,256,9,9,amp_true,temporal,0.0023635856341570616,0.0004499489290288753,0.00010351782138774041,0.00019649753979013461,4.346584220928771,2.2898451019256245,0.754527784648968,0.7611461284550103
Lewes,50,batch,6,256,9,9,dual_base,temporal,0.0022982475347816944,0.00019649753979013461,0.00010351782138774041,0.00019649753979013461,1.8982001085023392,1.0,0.9997544051465386,0.9999999999999998
Lewes,50,batch,6,256,9,9,base,excess,0.0009719028603285551,0.0009356688869018108,0.0009356688869018108,0.0025888820670948868,1.0,0.3614181189611976,1.0,0.9999102062970162
Lewes,50,batch,6,256,9,9,tail,excess,0.0024342716205865145,0.02001490730509383,0.0009356688869018108,0.0025888820670948868,21.39101511793049,7.731100446592978,0.9992198121588702,0.9994144461510619
Lewes,50,batch,6,256,9,9,body,excess,0.0008468141313642263,0.0,0.0009356688869018108,0.0025888820670948868,0.0,0.0,,
Lewes,50,batch,6,256,9,9,excess,excess,8.504831930622458e-05,0.0008280800718489838,0.0009356688869018108,0.0025888820670948868,0.885014008097378,0.3198600980608644,0.9997783004461291,0.9999673118811973
Lewes,50,batch,6,256,9,9,gate,excess,0.000618867517914623,0.0,0.0009356688869018108,0.0025888820670948868,0.0,0.0,,
Lewes,50,batch,6,256,9,9,amp_true,excess,0.0023635856341570616,0.020069880823997566,0.0009356688869018108,0.0025888820670948868,21.44976829405219,7.752334908989878,0.9840993665132685,0.9844890091348357
Lewes,50,batch,6,256,9,9,dual_base,excess,0.0022982475347816944,0.0025888820670948868,0.0009356688869018108,0.0025888820670948868,2.766878436737594,1.0,0.9999102062970162,0.9999999999999998
Lewes,50,batch,6,256,9,9,base,full,0.0009719028603285551,0.009673271223616957,0.009673271223616957,0.020054059292718803,1.0,0.4823597598082855,1.0000000000000002,0.9688336402784082
Lewes,50,batch,6,256,9,9,tail,full,0.0024342716205865145,0.06977727660166162,0.009673271223616957,0.020054059292718803,7.213410540097627,3.479458975520046,0.282989782364641,0.25582774794327806
Lewes,50,batch,6,256,9,9,body,full,0.0008468141313642263,0.008935719737900577,0.009673271223616957,0.020054059292718803,0.9237536642293588,0.4455815955996971,0.9622460624299689,0.9159637777621918
Lewes,50,batch,6,256,9,9,excess,full,8.504831930622458e-05,0.0023412593472900583,0.009673271223616957,0.020054059292718803,0.24203387800953566,0.11674740326214748,0.34065347519231404,0.3121534091853831
Lewes,50,batch,6,256,9,9,gate,full,0.000618867517914623,0.012757893294335678,0.009673271223616957,0.020054059292718803,1.3188809658502827,0.6361751059032619,-0.0679177662690292,0.1624531759636961
Lewes,50,batch,6,256,9,9,amp_true,full,0.0023635856341570616,0.060457748197010705,0.009673271223616957,0.020054059292718803,6.249979639711249,3.014738677817793,0.2936715069986655,0.26798753916641255
Lewes,50,batch,6,256,9,9,dual_base,full,0.0022982475347816944,0.020054059292718803,0.009673271223616957,0.020054059292718803,2.073141425390566,1.0,0.9688336402784082,1.0
Lewes,50,batch,7,256,14,14,base,shared,0.0010003488278016448,0.009173382436008452,0.009173382436008452,0.022123179041502943,1.0,0.41465028234862833,0.9999999999999999,0.9819974035869841
Lewes,50,batch,7,256,14,14,tail,shared,0.0034450008533895016,0.06353226277546999,0.009173382436008452,0.022123179041502943,6.925718318042164,2.8717510560432506,0.754936385841639,0.800640349712085
Lewes,50,batch,7,256,14,14,body,shared,0.0008667483925819397,0.0081317280809168,0.009173382436008452,0.022123179041502943,0.8864481708510455,0.36756598433081117,0.9844815315243035,0.95770218386949
Lewes,50,batch,7,256,14,14,excess,shared,0.00010498888150323182,0.00160058924894129,0.009173382436008452,0.022123179041502943,0.17448190567728503,0.07234897145381299,0.08984408700615304,0.08403318166627191
Lewes,50,batch,7,256,14,14,gate,shared,0.0009078274597413838,0.013383056422795244,0.009173382436008452,0.022123179041502943,1.4589009578694199,0.6049336940992394,0.6372147991917599,0.757222243037333
Lewes,50,batch,7,256,14,14,amp_true,shared,0.002786734141409397,0.04768081322418654,0.009173382436008452,0.022123179041502943,5.197735247254506,2.1552423878474984,0.35967042411978,0.3979134535628453
Lewes,50,batch,7,256,14,14,dual_base,shared,0.002530988771468401,0.022123179041502943,0.009173382436008452,0.022123179041502943,2.4116708526903237,1.0,0.9819974035869841,0.9999999999999998
Lewes,50,batch,7,256,14,14,base,temporal,0.0010003488278016448,8.938479980419567e-05,8.938479980419567e-05,0.00021441976660029177,1.0,0.4168682823483404,0.9999999999999998,0.9989601025042955
Lewes,50,batch,7,256,14,14,tail,temporal,0.0034450008533895016,0.0006300534566939847,8.938479980419567e-05,0.00021441976660029177,7.048776280465645,2.938411260695437,0.990556583691151,0.9940925193292779
Lewes,50,batch,7,256,14,14,body,temporal,0.0008667483925819397,7.77452127152155e-05,8.938479980419567e-05,0.00021441976660029177,0.8697811360043588,0.3625841681851253,0.9994254420383138,0.998576254966346
Lewes,50,batch,7,256,14,14,excess,temporal,0.00010498888150323182,3.827035917032706e-06,8.938479980419567e-05,0.00021441976660029177,0.042815287671014814,0.017848335429666018,-0.8069103732698861,-0.8192141185869941
Lewes,50,batch,7,256,14,14,gate,temporal,0.0009078274597413838,0.00010931281643415929,8.938479980419567e-05,0.00021441976660029177,1.2229463697811873,0.5098075525748219,0.976348051514221,0.985037592986891
Lewes,50,batch,7,256,14,14,amp_true,temporal,0.002786734141409397,0.00035765748259372626,8.938479980419567e-05,0.00021441976660029177,4.001323305273409,1.6680247733897102,0.9200747111977648,0.9079516830715965
Lewes,50,batch,7,256,14,14,dual_base,temporal,0.002530988771468401,0.00021441976660029177,8.938479980419567e-05,0.00021441976660029177,2.3988392553319455,1.0,0.9989601025042955,1.0
Lewes,50,batch,7,256,14,14,base,excess,0.0010003488278016448,0.0004122232802110781,0.0004122232802110781,0.0008158089751521245,1.0,0.5052938773249099,1.0000000000000002,0.9410284282239052
Lewes,50,batch,7,256,14,14,tail,excess,0.0034450008533895016,0.008253145221837075,0.0004122232802110781,0.0008158089751521245,20.021055622115927,10.116516823436644,0.9999659254005737,0.9397855777427698
Lewes,50,batch,7,256,14,14,body,excess,0.0008667483925819397,0.0,0.0004122232802110781,0.0008158089751521245,0.0,0.0,,
Lewes,50,batch,7,256,14,14,excess,excess,0.00010498888150323182,0.00022496068577231715,0.0004122232802110781,0.0008158089751521245,0.5457253303528284,0.275751668128398,0.7904202080915643,0.9510473806416041
Lewes,50,batch,7,256,14,14,gate,excess,0.0009078274597413838,0.0,0.0004122232802110781,0.0008158089751521245,0.0,0.0,,
Lewes,50,batch,7,256,14,14,amp_true,excess,0.002786734141409397,0.022192259667547443,0.0004122232802110781,0.0008158089751521245,53.83553218096741,27.20276479357099,0.8969317986852257,0.8043677424681456
Lewes,50,batch,7,256,14,14,dual_base,excess,0.002530988771468401,0.0008158089751521245,0.0004122232802110781,0.0008158089751521245,1.9790463428809533,1.0,0.9410284282239052,0.9999999999999996
Lewes,50,batch,7,256,14,14,base,full,0.0010003488278016448,0.010901960064725161,0.010901960064725161,0.025064008704189244,1.0,0.43496474141037894,1.0000000000000002,0.9825282426980693
Lewes,50,batch,7,256,14,14,tail,full,0.0034450008533895016,0.06617772416140759,0.010901960064725161,0.025064008704189244,6.070259271590529,2.6403487543613293,0.724700504157106,0.7780375865314989
Lewes,50,batch,7,256,14,14,body,full,0.0008667483925819397,0.0100108598660248,0.010901960064725161,0.025064008704189244,0.9182623864507041,0.39941176146940793,0.9872488607173385,0.9592208850917056
Lewes,50,batch,7,256,14,14,excess,full,0.00010498888150323182,0.0016163209006783258,0.010901960064725161,0.025064008704189244,0.14825966074744315,0.06448772499860211,0.07902264114241146,0.07775983724562562
Lewes,50,batch,7,256,14,14,gate,full,0.0009078274597413838,0.013507608160438713,0.010901960064725161,0.025064008704189244,1.239007305130799,0.5389244920817885,0.5317272270438869,0.6673620740531349
Lewes,50,batch,7,256,14,14,amp_true,full,0.002786734141409397,0.052592360080829376,0.010901960064725161,0.025064008704189244,4.8241196783502645,2.0983219684263434,0.28868972708845286,0.32947229397586264
Lewes,50,batch,7,256,14,14,dual_base,full,0.002530988771468401,0.025064008704189244,0.010901960064725161,0.025064008704189244,2.2990369213777804,1.0,0.9825282426980693,0.9999999999999998
Lewes,50,accum4,1,1024,45,45,base,shared,0.0009276944620069116,0.008457131600602807,0.008457131600602807,0.020168653398998856,1.0,0.419320587909087,1.0000000000000002,0.9916182021997139
Lewes,50,accum4,1,1024,45,45,tail,shared,0.002308073526364751,0.05441133662522394,0.008457131600602807,0.020168653398998856,6.43378147519256,2.697817030656337,0.7033239400128255,0.7424951915467423
Lewes,50,accum4,1,1024,45,45,body,shared,0.0008293980499729514,0.007349930211992231,0.008457131600602807,0.020168653398998856,0.8690807426324481,0.36442344794110404,0.9828901889723141,0.961476485854021
Lewes,50,accum4,1,1024,45,45,excess,shared,7.8693253271922e-05,0.0011573739457906985,0.008457131600602807,0.020168653398998856,0.13685183114665064,0.05738479029284865,0.5502165146056973,0.5894937264921752
Lewes,50,accum4,1,1024,45,45,gate,shared,0.0006195330715854652,0.008114988786616102,0.008457131600602807,0.020168653398998856,0.959543870174337,0.40235649976606364,0.7513806324573915,0.8270102575192394
Lewes,50,accum4,1,1024,45,45,amp_true,shared,0.0023270793753908947,0.05430841700845648,0.008457131600602807,0.020168653398998856,6.421611909714813,2.6927140813056103,0.5559964465896757,0.5961980047597861
Lewes,50,accum4,1,1024,45,45,dual_base,shared,0.0022242456034291536,0.020168653398998856,0.008457131600602807,0.020168653398998856,2.3848101639521935,1.0,0.9916182021997139,1.0
Lewes,50,accum4,1,1024,45,45,base,temporal,0.0009276944620069116,0.00010578950175674584,0.00010578950175674584,0.0002486225845336474,1.0,0.42550238127071194,1.0,0.9992835897917138
Lewes,50,accum4,1,1024,45,45,tail,temporal,0.002308073526364751,0.0006196708583760994,0.00010578950175674584,0.0002486225845336474,5.857583674049065,2.4924158018003233,0.9410096110738714,0.9523780233467938
Lewes,50,accum4,1,1024,45,45,body,temporal,0.0008293980499729514,8.862918638966756e-05,0.00010578950175674584,0.0002486225845336474,0.8377881067392018,0.35648083441781175,0.9945007497832784,0.9900967960106859
Lewes,50,accum4,1,1024,45,45,excess,temporal,7.8693253271922e-05,1.1344231449902348e-05,0.00010578950175674584,0.0002486225845336474,0.10723400017505957,0.045628322427671786,0.8164038707130433,0.8357332851495382
Lewes,50,accum4,1,1024,45,45,gate,temporal,0.0006195330715854652,7.332427663074697e-05,0.00010578950175674584,0.0002486225845336474,0.6931148688019162,0.2949220271693524,0.9843817750516267,0.9899931268433488
Lewes,50,accum4,1,1024,45,45,amp_true,temporal,0.0023270793753908947,0.0005541342051159776,0.00010578950175674584,0.0002486225845336474,5.238083135982274,2.228816847654416,0.8622711710608625,0.8793387704055898
Lewes,50,accum4,1,1024,45,45,dual_base,temporal,0.0022242456034291536,0.0002486225845336474,0.00010578950175674584,0.0002486225845336474,2.3501631107530345,1.0,0.9992835897917138,1.0
Lewes,50,accum4,1,1024,45,45,base,excess,0.0009276944620069116,0.0010751845349243336,0.0010751845349243336,0.0028634705447041693,1.0,0.37548300851665056,1.0,0.999174800368173
Lewes,50,accum4,1,1024,45,45,tail,excess,0.002308073526364751,0.02181048461058078,0.0010751845349243336,0.0028634705447041693,20.28534070397106,7.6168007563123235,0.9999352186234503,0.9986831510221974
Lewes,50,accum4,1,1024,45,45,body,excess,0.0008293980499729514,0.0,0.0010751845349243336,0.0028634705447041693,0.0,0.0,,
Lewes,50,accum4,1,1024,45,45,excess,excess,7.8693253271922e-05,0.0008952333392710434,0.0010751845349243336,0.0028634705447041693,0.8326322693378823,0.31263926947903414,0.9978849401462464,0.9997003133216074
Lewes,50,accum4,1,1024,45,45,gate,excess,0.0006195330715854652,0.0,0.0010751845349243336,0.0028634705447041693,0.0,0.0,,
Lewes,50,accum4,1,1024,45,45,amp_true,excess,0.0023270793753908947,0.03701447160155043,0.0010751845349243336,0.0028634705447041693,34.42615699839408,12.926437001423553,0.9953454929485652,0.9953247462199715
Lewes,50,accum4,1,1024,45,45,dual_base,excess,0.0022242456034291536,0.0028634705447041693,0.0010751845349243336,0.0028634705447041693,2.6632363577529383,1.0,0.999174800368173,0.9999999999999998
Lewes,50,accum4,1,1024,45,45,base,full,0.0009276944620069116,0.010226757956804704,0.010226757956804704,0.023310926274112704,1.0,0.43871092193199307,1.0000000000000002,0.9905256169999015
Lewes,50,accum4,1,1024,45,45,tail,full,0.002308073526364751,0.059256297737612686,0.010226757956804704,0.023310926274112704,5.7942407542934555,2.5419967032120088,0.6386418326151978,0.6933325257441301
Lewes,50,accum4,1,1024,45,45,body,full,0.0008293980499729514,0.009277179428484567,0.010226757956804704,0.023310926274112704,0.9071476481274983,0.397975581038454,0.9809767218878844,0.9551550859270324
Lewes,50,accum4,1,1024,45,45,excess,full,7.8693253271922e-05,0.0014632010053774274,0.010226757956804704,0.023310926274112704,0.14307574419553357,0.06276889164212854,0.42409404508035686,0.47856200236157664
Lewes,50,accum4,1,1024,45,45,gate,full,0.0006195330715854652,0.008217562209809372,0.010226757956804704,0.023310926274112704,0.8035354160642427,0.35251976318655154,0.6141842651126714,0.711214827934437
Lewes,50,accum4,1,1024,45,45,amp_true,full,0.0023270793753908947,0.06572271499189902,0.010226757956804704,0.023310926274112704,6.426544489416441,2.819395257788857,0.43886976336546735,0.4951031800681302
Lewes,50,accum4,1,1024,45,45,dual_base,full,0.0022242456034291536,0.023310926274112704,0.010226757956804704,0.023310926274112704,2.279405298587518,1.0,0.9905256169999015,1.0000000000000002
Lewes,50,batch,8,256,21,21,base,shared,0.0008207412320189178,0.006617592545409374,0.006617592545409374,0.01938874328485387,1.0,0.34131106117532206,1.0,0.980027658153789
Lewes,50,batch,8,256,21,21,tail,shared,0.003345356322824955,0.05839232282535695,0.006617592545409374,0.01938874328485387,8.823801469291688,3.011661043084312,0.4588984416651836,0.45027984766102125
Lewes,50,batch,8,256,21,21,body,shared,0.000691391876898706,0.006376304659296941,0.006617592545409374,0.01938874328485387,0.963538419076615,0.32886632029823165,0.8917587611392631,0.8818114619090653
Lewes,50,batch,8,256,21,21,excess,shared,0.0001330038794549182,0.003720250471715482,0.006617592545409374,0.01938874328485387,0.5621758133622506,0.1918768234257696,0.06974675765660296,0.02975376582868738
Lewes,50,batch,8,256,21,21,gate,shared,0.0005158628919161856,0.018415728890749168,0.006617592545409374,0.01938874328485387,2.782844178510834,0.9498154996531001,0.6721984470143884,0.7678835985277784
Lewes,50,batch,8,256,21,21,amp_true,shared,0.002408268628641963,0.06921002613945368,0.006617592545409374,0.01938874328485387,10.458490102637809,3.5695983552229134,0.49780203390734024,0.5362026223201365
Lewes,50,batch,8,256,21,21,dual_base,shared,0.002036072313785553,0.01938874328485387,0.006617592545409374,0.01938874328485387,2.929878675939915,1.0,0.980027658153789,1.0000000000000002
Lewes,50,batch,8,256,21,21,base,temporal,0.0008207412320189178,6.147495200925505e-05,6.147495200925505e-05,0.0001805222433179462,1.0,0.3405394863223687,1.0,0.996936363889302
Lewes,50,batch,8,256,21,21,tail,temporal,0.003345356322824955,0.00014059248763682755,6.147495200925505e-05,0.0001805222433179462,2.286988164149544,0.7788097746448227,-0.5232830148454256,-0.5597084653147048
Lewes,50,batch,8,256,21,21,body,temporal,0.000691391876898706,7.306046592544984e-05,6.147495200925505e-05,0.0001805222433179462,1.1884590965512358,0.40471725025470423,0.9924008906841512,0.9953336685707157
Lewes,50,batch,8,256,21,21,excess,temporal,0.0001330038794549182,2.5318966421267177e-05,6.147495200925505e-05,0.0001805222433179462,0.41185825435789536,0.14025399837666513,-0.819095364274797,-0.8492061945225133
Lewes,50,batch,8,256,21,21,gate,temporal,0.0005158628919161856,0.00018663229019888814,6.147495200925505e-05,0.0001805222433179462,3.035907863267476,1.033846504279146,0.9375866739949064,0.959548269674866
Lewes,50,batch,8,256,21,21,amp_true,temporal,0.002408268628641963,0.0004972365370446216,6.147495200925505e-05,0.0001805222433179462,8.088441239771324,2.75443362494039,0.74590489076988,0.7819071391476824
Lewes,50,batch,8,256,21,21,dual_base,temporal,0.002036072313785553,0.0001805222433179462,6.147495200925505e-05,0.0001805222433179462,2.9365170271425116,1.0,0.996936363889302,1.0
Lewes,50,batch,8,256,21,21,base,excess,0.0008207412320189178,0.0008050016820439641,0.0008050016820439641,0.003155882549663042,1.0,0.25507973423469615,1.0000000000000002,0.9938455338462053
Lewes,50,batch,8,256,21,21,tail,excess,0.003345356322824955,0.016123724756197312,0.0008050016820439641,0.003155882549663042,20.02942989542317,5.10910165459702,0.9999934407921667,0.9939961812790032
Lewes,50,batch,8,256,21,21,body,excess,0.000691391876898706,0.0,0.0008050016820439641,0.003155882549663042,0.0,0.0,,
Lewes,50,batch,8,256,21,21,excess,excess,0.0001330038794549182,0.0011752749585918034,0.0008050016820439641,0.003155882549663042,1.4599658420684112,0.3724076989865447,0.9888765191464939,0.9992638825408582
Lewes,50,batch,8,256,21,21,gate,excess,0.0005158628919161856,0.0,0.0008050016820439641,0.003155882549663042,0.0,0.0,,
Lewes,50,batch,8,256,21,21,amp_true,excess,0.002408268628641963,0.026969480202184648,0.0008050016820439641,0.003155882549663042,33.50238987539376,8.545780705642615,-0.8777896067900595,-0.8992114174579143
Lewes,50,batch,8,256,21,21,dual_base,excess,0.002036072313785553,0.003155882549663042,0.0008050016820439641,0.003155882549663042,3.920342801831174,1.0,0.9938455338462053,1.0
Lewes,50,batch,8,256,21,21,base,full,0.0008207412320189178,0.007924653678806081,0.007924653678806081,0.02161796291174138,1.0,0.36657726313805256,0.9999999999999998,0.9702197225780842
Lewes,50,batch,8,256,21,21,tail,full,0.003345356322824955,0.06061929662978614,0.007924653678806081,0.02161796291174138,7.649456883132712,2.804116968711327,0.40975316396382666,0.4387085385751605
Lewes,50,batch,8,256,21,21,body,full,0.000691391876898706,0.0078398434761172,0.007924653678806081,0.02161796291174138,0.9892979294583308,0.36265412740897707,0.9199263023838063,0.8811944542644344
Lewes,50,batch,8,256,21,21,excess,full,0.0001330038794549182,0.003901478540321891,0.007924653678806081,0.02161796291174138,0.4923216456456786,0.180473921444415,0.08579754227667657,0.06938970505422792
Lewes,50,batch,8,256,21,21,gate,full,0.0005158628919161856,0.0187519407795048,0.007924653678806081,0.02161796291174138,2.366278898679891,0.8674240424993995,0.5520860798912117,0.69206103389456
Lewes,50,batch,8,256,21,21,amp_true,full,0.002408268628641963,0.07427907229226743,0.007924653678806081,0.02161796291174138,9.373163207235352,3.435988515454626,0.3549527992750021,0.4004289637115311
Lewes,50,batch,8,256,21,21,dual_base,full,0.002036072313785553,0.02161796291174138,0.007924653678806081,0.02161796291174138,2.727937874377662,1.0,0.9702197225780842,1.0000000000000004
Lewes,50,batch,9,256,23,23,base,shared,0.0010595978237688541,0.01169115090223995,0.01169115090223995,0.03261449856005967,1.0,0.35846483675690033,0.9999999999999998,0.9789226618917333
Lewes,50,batch,9,256,23,23,tail,shared,0.005462360568344593,0.1796318513637231,0.01169115090223995,0.03261449856005967,15.364770574409981,5.507729975763099,0.8291979668079162,0.8841592236662768
Lewes,50,batch,9,256,23,23,body,shared,0.0008367954287678003,0.00731905328883533,0.01169115090223995,0.03261449856005967,0.6260336001165673,0.22441103227011988,0.8482831012932925,0.7656748657543874
Lewes,50,batch,9,256,23,23,excess,shared,0.00019106260151602328,0.005000159378336341,0.01169115090223995,0.03261449856005967,0.4276875236789855,0.15331093835855047,0.7874552533619842,0.8345556449381116
Lewes,50,batch,9,256,23,23,gate,shared,0.0011124139418825507,0.01752442574414275,0.01169115090223995,0.03261449856005967,1.4989478701181747,0.5373201035690149,0.6980920425532392,0.8195839058851264
Lewes,50,batch,9,256,23,23,amp_true,shared,0.005717927124351263,0.2252429375921659,0.01169115090223995,0.03261449856005967,19.266104721051097,6.9062210837729285,0.8007119711136486,0.8524159307256601
Lewes,50,batch,9,256,23,23,dual_base,shared,0.0028347254265099764,0.03261449856005967,0.01169115090223995,0.03261449856005967,2.7896739023196546,1.0,0.9789226618917333,1.0
Lewes,50,batch,9,256,23,23,base,temporal,0.0010595978237688541,0.00015140599708064973,0.00015140599708064973,0.0004120359038871023,1.0,0.3674582618949025,1.0,0.9942061253264929
Lewes,50,batch,9,256,23,23,tail,temporal,0.005462360568344593,0.0018571389091173824,0.00015140599708064973,0.0004120359038871023,12.265953429362092,4.507225927637213,0.9527847619912924,0.978042600758775
Lewes,50,batch,9,256,23,23,body,temporal,0.0008367954287678003,8.753477786664086e-05,0.00015140599708064973,0.0004120359038871023,0.5781460414676542,0.21244453951912248,0.988086847527407,0.9689900345466355
Lewes,50,batch,9,256,23,23,excess,temporal,0.00019106260151602328,4.7399876915557344e-05,0.00015140599708064973,0.0004120359038871023,0.3130647255029717,0.11503821989392675,0.984502770773806,0.9901014590561895
Lewes,50,batch,9,256,23,23,gate,temporal,0.0011124139418825507,0.00018034284399314745,0.00015140599708064973,0.0004120359038871023,1.1911208767845827,0.4376872070899951,0.8645702952255954,0.9131599155228324
Lewes,50,batch,9,256,23,23,amp_true,temporal,0.005717927124351263,0.0022363004859176547,0.00015140599708064973,0.0004120359038871023,14.770223960986435,5.427440824502518,0.9830670056785346,0.9926666260387507
Lewes,50,batch,9,256,23,23,dual_base,temporal,0.0028347254265099764,0.0004120359038871023,0.00015140599708064973,0.0004120359038871023,2.7213975128582413,1.0,0.9942061253264929,1.0
Lewes,50,batch,9,256,23,23,base,excess,0.0010595978237688541,0.003430429118912375,0.003430429118912375,0.009553943235380941,1.0,0.35905898061111885,1.0000000000000002,0.9997304705229871
Lewes,50,batch,9,256,23,23,tail,excess,0.005462360568344593,0.06870356679281903,0.003430429118912375,0.009553943235380941,20.027688785070026,7.19112151916398,0.9999953539682314,0.9996907593187165
Lewes,50,batch,9,256,23,23,body,excess,0.0008367954287678003,0.0,0.003430429118912375,0.009553943235380941,0.0,0.0,,
Lewes,50,batch,9,256,23,23,excess,excess,0.00019106260151602328,0.0030548674646928074,0.003430429118912375,0.009553943235380941,0.890520503062124,0.319749384042787,0.9993405859724019,0.9999116957880239
Lewes,50,batch,9,256,23,23,gate,excess,0.0011124139418825507,0.0,0.003430429118912375,0.009553943235380941,0.0,0.0,,
Lewes,50,batch,9,256,23,23,amp_true,excess,0.005717927124351263,0.12308897666155967,0.003430429118912375,0.009553943235380941,35.88150997872397,12.883578395748318,0.997250067616602,0.9970591107794612
Lewes,50,batch,9,256,23,23,dual_base,excess,0.0028347254265099764,0.009553943235380941,0.003430429118912375,0.009553943235380941,2.785057759307395,1.0,0.9997304705229871,0.9999999999999997
Lewes,50,batch,9,256,23,23,base,full,0.0010595978237688541,0.013764964934326438,0.013764964934326438,0.03634865859883538,1.0,0.3786925147979868,0.9999999999999999,0.9751070286014262
Lewes,50,batch,9,256,23,23,tail,full,0.005462360568344593,0.19382710934056874,0.013764964934326438,0.03634865859883538,14.081191653253804,5.332441878523104,0.7794340723059674,0.8577326133236167
Lewes,50,batch,9,256,23,23,body,full,0.0008367954287678003,0.009685116102435823,0.013764964934326438,0.03634865859883538,0.7036063040221427,0.2664504406978621,0.8491061703373045,0.7488702017178313
Lewes,50,batch,9,256,23,23,excess,full,0.00019106260151602328,0.005859505869576677,0.013764964934326438,0.03634865859883538,0.42568258600968245,0.16120280900171696,0.7005731664280891,0.7760204808189014
Lewes,50,batch,9,256,23,23,gate,full,0.0011124139418825507,0.01789513525098599,0.013764964934326438,0.03634865859883538,1.300049461539849,0.492318999952294,0.5822731837248691,0.730883731783221
Lewes,50,batch,9,256,23,23,amp_true,full,0.005717927124351263,0.25668127534110924,0.013764964934326438,0.03634865859883538,18.647434015687846,7.061643681930351,0.7159613934896406,0.7968398928068952
Lewes,50,batch,9,256,23,23,dual_base,full,0.0028347254265099764,0.03634865859883538,0.013764964934326438,0.03634865859883538,2.640664816238708,1.0,0.9751070286014262,1.0000000000000002
Lewes,50,batch,10,256,7,7,base,shared,0.0007368113729171455,0.005061066955681332,0.005061066955681332,0.010242740564722462,1.0,0.4941125789236923,1.0000000000000002,0.9817980132843621
Lewes,50,batch,10,256,7,7,tail,shared,0.00042204081546515226,0.009565671454224524,0.005061066955681332,0.010242740564722462,1.8900503664521806,0.9338976608633567,0.4859878309803865,0.48031591139703
Lewes,50,batch,10,256,7,7,body,shared,0.0007243193103931844,0.0048871417335478885,0.005061066955681332,0.010242740564722462,0.9656346727564624,0.4771322384538313,0.9967014606772827,0.979290617672649
Lewes,50,batch,10,256,7,7,excess,shared,1.490546674176585e-05,0.0005003712156894176,0.005061066955681332,0.010242740564722462,0.09886674491190495,0.04885130229821219,0.007865496268541989,-0.06532895225560977
Lewes,50,batch,10,256,7,7,gate,shared,0.00022675225045531988,0.004845570220493078,0.005061066955681332,0.010242740564722462,0.9574206907208871,0.4730736066070003,0.04693537909024599,0.22720701718336198
Lewes,50,batch,10,256,7,7,amp_true,shared,0.00016878794122021645,0.009367693340776603,0.005061066955681332,0.010242740564722462,1.8509325054988337,0.9145690337057201,0.1445040129497973,0.18765536807080407
Lewes,50,batch,10,256,7,7,dual_base,shared,0.0016043176874518394,0.010242740564722462,0.005061066955681332,0.010242740564722462,2.0238302821155942,1.0,0.9817980132843621,0.9999999999999999
Lewes,50,batch,10,256,7,7,base,temporal,0.0007368113729171455,3.899508115134801e-05,3.899508115134801e-05,8.474586110311892e-05,1.0,0.46014142335398217,1.0000000000000004,0.9986019305569276
Lewes,50,batch,10,256,7,7,tail,temporal,0.00042204081546515226,8.085879955715694e-05,3.899508115134801e-05,8.474586110311892e-05,2.073564079616276,0.9541327270103233,0.8931259833314998,0.9140191204144094
Lewes,50,batch,10,256,7,7,body,temporal,0.0007243193103931844,3.7688238630239716e-05,3.899508115134801e-05,8.474586110311892e-05,0.9664869906018103,0.44472069950862375,0.9994855040503714,0.9965128949567543
Lewes,50,batch,10,256,7,7,excess,temporal,1.490546674176585e-05,3.718202958880682e-06,3.899508115134801e-05,8.474586110311892e-05,0.09535056343259202,0.043874743975477054,-0.9592997752934621,-0.9680140609712807
Lewes,50,batch,10,256,7,7,gate,temporal,0.00022675225045531988,3.341172021735849e-05,3.899508115134801e-05,8.474586110311892e-05,0.8568188405014638,0.3942578408248522,0.9009193440448654,0.921810515928494
Lewes,50,batch,10,256,7,7,amp_true,temporal,0.00016878794122021645,0.00010074872148098247,3.899508115134801e-05,8.474586110311892e-05,2.583626408929776,1.1888335332198847,0.8578103923066356,0.8808646782594074
Lewes,50,batch,10,256,7,7,dual_base,temporal,0.0016043176874518394,8.474586110311892e-05,3.899508115134801e-05,8.474586110311892e-05,2.1732448965602256,1.0,0.9986019305569276,1.0000000000000002
Lewes,50,batch,10,256,7,7,base,excess,0.0007368113729171455,0.00012170855982130557,0.00012170855982130557,0.00011985901198698663,1.0,1.0154310285364254,0.9999999999999999,0.6228746458920237
Lewes,50,batch,10,256,7,7,tail,excess,0.00042204081546515226,0.0024353954054501213,0.00012170855982130557,0.00011985901198698663,20.0100585285522,20.318834312721833,0.9999426851675138,0.62583071797021
Lewes,50,batch,10,256,7,7,body,excess,0.0007243193103931844,0.0,0.00012170855982130557,0.00011985901198698663,0.0,0.0,,
Lewes,50,batch,10,256,7,7,excess,excess,1.490546674176585e-05,5.241586830909991e-05,0.00012170855982130557,0.00011985901198698663,0.4306670655380173,0.437312701316033,-0.446520570382875,0.42186842986157985
Lewes,50,batch,10,256,7,7,gate,excess,0.00022675225045531988,0.0,0.00012170855982130557,0.00011985901198698663,0.0,0.0,,
Lewes,50,batch,10,256,7,7,amp_true,excess,0.00016878794122021645,0.005033128394589294,0.00012170855982130557,0.00011985901198698663,41.353939295469544,41.992073112831534,0.9841502463882058,0.6534694493190776
Lewes,50,batch,10,256,7,7,dual_base,excess,0.0016043176874518394,0.00011985901198698663,0.00012170855982130557,0.00011985901198698663,0.9848034695584725,1.0,0.6228746458920237,1.0
Lewes,50,batch,10,256,7,7,base,full,0.0007368113729171455,0.005596046372371038,0.005596046372371038,0.011359416306514453,1.0,0.49263502818906196,1.0,0.9843417663690351
Lewes,50,batch,10,256,7,7,tail,full,0.00042204081546515226,0.00989809820458777,0.005596046372371038,0.011359416306514453,1.7687662942639193,0.8713562332345686,0.4355452936566689,0.42715850559971036
Lewes,50,batch,10,256,7,7,body,full,0.0007243193103931844,0.005491125677251715,0.005596046372371038,0.011359416306514453,0.9812509246461323,0.4833985769235905,0.9964840222849543,0.982115590826001
Lewes,50,batch,10,256,7,7,excess,full,1.490546674176585e-05,0.0005031091101750222,0.005596046372371038,0.011359416306514453,0.0899043854709616,0.04429004947080747,0.006063076654433652,-0.05812252966021458
Lewes,50,batch,10,256,7,7,gate,full,0.00022675225045531988,0.004921143620828472,0.005596046372371038,0.011359416306514453,0.8793965048476519,0.43322152195498553,0.04254770349471821,0.20870055654643782
Lewes,50,batch,10,256,7,7,amp_true,full,0.00016878794122021645,0.010634192962479631,0.005596046372371038,0.011359416306514453,1.9003046534751886,0.9361566365325552,0.12525536942537366,0.15231936010504218
Lewes,50,batch,10,256,7,7,dual_base,full,0.0016043176874518394,0.011359416306514453,0.005596046372371038,0.011359416306514453,2.0299003172308385,1.0,0.9843417663690351,1.0000000000000002
Lewes,50,batch,11,256,12,12,base,shared,0.0009427621844224632,0.010040706426868594,0.010040706426868594,0.02357858394478995,1.0,0.42584009499379805,1.0000000000000002,0.9844602613924637
Lewes,50,batch,11,256,12,12,tail,shared,0.0025808261707425117,0.12283990361739348,0.010040706426868594,0.02357858394478995,12.23418934833888,5.20980835426874,0.6973201784163818,0.8050192886404897
Lewes,50,batch,11,256,12,12,body,shared,0.0008330615237355232,0.007303689260697293,0.010040706426868594,0.02357858394478995,0.7274079083870897,0.30975945280679823,0.8044905264115477,0.6933062111553521
Lewes,50,batch,11,256,12,12,excess,shared,0.00010581174865365028,0.005299121326357338,0.010040706426868594,0.02357858394478995,0.5277637948040257,0.22474298451363361,0.6880946030889542,0.79795513764042
Lewes,50,batch,11,256,12,12,gate,shared,0.0002755288442131132,0.0029805276551627857,0.010040706426868594,0.02357858394478995,0.29684441795718614,0.12640825514126683,-0.0010214535475724235,0.1128521343079762
Lewes,50,batch,11,256,12,12,amp_true,shared,0.003320475574582815,0.158194130095231,0.010040706426868594,0.02357858394478995,15.755278898694698,6.709229462873932,0.6795190987020168,0.7906142149502511
Lewes,50,batch,11,256,12,12,dual_base,shared,0.002125211525708437,0.02357858394478995,0.010040706426868594,0.02357858394478995,2.3482993070780807,1.0,0.9844602613924637,0.9999999999999998
Lewes,50,batch,11,256,12,12,base,temporal,0.0009427621844224632,9.752360047794564e-05,9.752360047794564e-05,0.00022381498033591414,1.0,0.4357331235450671,0.9999999999999997,0.990313651005654
Lewes,50,batch,11,256,12,12,tail,temporal,0.0025808261707425117,0.0009520625406811832,9.752360047794564e-05,0.00022381498033591414,9.76238096230344,4.253792749941376,0.7107922839607712,0.801499877718687
Lewes,50,batch,11,256,12,12,body,temporal,0.0008330615237355232,7.243507241820756e-05,9.752360047794564e-05,0.00022381498033591414,0.7427440338873492,0.32363817788019783,0.890709240002225,0.8190138941524554
Lewes,50,batch,11,256,12,12,excess,temporal,0.00010581174865365028,4.0707633023137464e-05,9.752360047794564e-05,0.00022381498033591414,0.4174131474190521,0.18188073453368114,0.7089617680665193,0.7999523254264768
Lewes,50,batch,11,256,12,12,gate,temporal,0.0002755288442131132,1.3844158301532739e-05,9.752360047794564e-05,0.00022381498033591414,0.14195700562412591,0.061855369469705046,0.2755571743271649,0.405311287439975
Lewes,50,batch,11,256,12,12,amp_true,temporal,0.003320475574582815,0.001312670355234168,9.752360047794564e-05,0.00022381498033591414,13.460027611788393,5.864979874287406,0.7165156923534677,0.8062558966881548
Lewes,50,batch,11,256,12,12,dual_base,temporal,0.002125211525708437,0.00022381498033591414,9.752360047794564e-05,0.00022381498033591414,2.2949827450897744,1.0,0.990313651005654,1.0000000000000002
Lewes,50,batch,11,256,12,12,base,excess,0.0009427621844224632,0.0030999482374084236,0.0030999482374084236,0.00875928219672508,1.0,0.3539043688497023,1.0,0.9998810006783646
Lewes,50,batch,11,256,12,12,tail,excess,0.0025808261707425117,0.06198787712460618,0.0030999482374084236,0.00875928219672508,19.99642328751542,7.076821562819634,0.9999977255625331,0.9998830544321486
Lewes,50,batch,11,256,12,12,body,excess,0.0008330615237355232,0.0,0.0030999482374084236,0.00875928219672508,0.0,0.0,,
Lewes,50,batch,11,256,12,12,excess,excess,0.00010581174865365028,0.002826169556663081,0.0030999482374084236,0.00875928219672508,0.9116828218479469,0.32264853365721324,0.9997220752368663,0.999963354568216
Lewes,50,batch,11,256,12,12,gate,excess,0.0002755288442131132,0.0,0.0030999482374084236,0.00875928219672508,0.0,0.0,,
Lewes,50,batch,11,256,12,12,amp_true,excess,0.003320475574582815,0.08896982528826806,0.0030999482374084236,0.00875928219672508,28.700422869850048,10.157205041473842,0.9979041039625607,0.9979493037002176
Lewes,50,batch,11,256,12,12,dual_base,excess,0.002125211525708437,0.00875928219672508,0.0030999482374084236,0.00875928219672508,2.825622083305461,1.0,0.9998810006783646,1.0
Lewes,50,batch,11,256,12,12,base,full,0.0009427621844224632,0.0110621769348276,0.0110621769348276,0.026114426738796742,1.0,0.42360405018552993,0.9999999999999996,0.9846484658811614
Lewes,50,batch,11,256,12,12,tail,full,0.0025808261707425117,0.13760925009087457,0.0110621769348276,0.026114426738796742,12.439617527507858,5.269472367411237,0.6884557949815162,0.7975325578826761
Lewes,50,batch,11,256,12,12,body,full,0.0008330615237355232,0.008122366768123952,0.0110621769348276,0.026114426738796742,0.7342466872457899,0.3110298705526247,0.793273468378638,0.6803228962476264
Lewes,50,batch,11,256,12,12,excess,full,0.00010581174865365028,0.006005657432326985,0.0110621769348276,0.026114426738796742,0.5429001423236213,0.22997469913458662,0.6829156234976709,0.7935472878133873
Lewes,50,batch,11,256,12,12,gate,full,0.0002755288442131132,0.0030752730033230436,0.0110621769348276,0.026114426738796742,0.2779988985387685,0.11776145936813856,-0.0006340676837807034,0.10243442382411391
Lewes,50,batch,11,256,12,12,amp_true,full,0.003320475574582815,0.1814965911757348,0.0110621769348276,0.026114426738796742,16.406950661250054,6.950050751299682,0.6746659964693767,0.7862767239727636
Lewes,50,batch,11,256,12,12,dual_base,full,0.002125211525708437,0.026114426738796742,0.0110621769348276,0.026114426738796742,2.3606950867491006,1.0,0.9846484658811614,0.9999999999999999
Lewes,50,accum4,2,1024,63,63,base,shared,0.0008899781532818452,0.006930970682736276,0.006930970682736276,0.01802793089897323,1.0,0.38445735795065783,0.9999999999999999,0.9860409285120336
Lewes,50,accum4,2,1024,63,63,tail,shared,0.002952645969344303,0.0720032782814248,0.006930970682736276,0.01802793089897323,10.38862831446845,3.9939845945119363,0.8013487042754557,0.8673630526193432
Lewes,50,accum4,2,1024,63,63,body,shared,0.0007713920349488035,0.005046670548677648,0.006930970682736276,0.01802793089897323,0.7281332990266343,0.2799362043796761,0.9338378143489743,0.8811360744933797
Lewes,50,accum4,2,1024,63,63,excess,shared,0.0001111959240915894,0.002015243729553366,0.006930970682736276,0.01802793089897323,0.2907592344277192,0.11178452706783688,0.724725584496258,0.7642834840836494
Lewes,50,accum4,2,1024,63,63,gate,shared,0.0005326394821167924,0.009110248526499281,0.006930970682736276,0.01802793089897323,1.3144260657733222,0.5053407724686891,0.7031859329991379,0.8028019269666915
Lewes,50,accum4,2,1024,63,63,amp_true,shared,0.0029038648171990644,0.10932049471092145,0.006930970682736276,0.01802793089897323,15.772753877493367,6.063951283347094,0.7021109698579072,0.7846119681017456
Lewes,50,accum4,2,1024,63,63,dual_base,shared,0.0021500817383639514,0.01802793089897323,0.006930970682736276,0.01802793089897323,2.601068699349337,1.0,0.9860409285120336,0.9999999999999997
Lewes,50,accum4,2,1024,63,63,base,temporal,0.0008899781532818452,8.024502114856704e-05,8.024502114856704e-05,0.00021421188932912313,1.0,0.3746058232336283,0.9999999999999999,0.9994496738415894
Lewes,50,accum4,2,1024,63,63,tail,temporal,0.002952645969344303,0.0006874090035924832,8.024502114856704e-05,0.00021421188932912313,8.566375754575503,3.20901424167135,0.9656919498718881,0.9714563042671203
Lewes,50,accum4,2,1024,63,63,body,temporal,0.0007713920349488035,5.7771518024973875e-05,8.024502114856704e-05,0.00021421188932912313,0.7199389718897907,0.269693331242747,0.9854316183680971,0.9808053333239892
Lewes,50,accum4,2,1024,63,63,excess,temporal,0.0001111959240915894,1.52325486597242e-05,8.024502114856704e-05,0.00021421188932912313,0.18982546757041027,0.07110972554992194,0.861996710123591,0.8730614661328501
Lewes,50,accum4,2,1024,63,63,gate,temporal,0.0005326394821167924,0.0001017111124097004,8.024502114856704e-05,0.00021421188932912313,1.2675068303788053,0.4748154396482992,0.9935657914530716,0.9953623582228744
Lewes,50,accum4,2,1024,63,63,amp_true,temporal,0.0029038648171990644,0.0010329094806098749,8.024502114856704e-05,0.00021421188932912313,12.871944773963335,4.8219054686683345,0.9335147840614889,0.9415355057681807
Lewes,50,accum4,2,1024,63,63,dual_base,temporal,0.0021500817383639514,0.00021421188932912313,8.024502114856704e-05,0.00021421188932912313,2.66947265092656,1.0,0.9994496738415894,1.0
Lewes,50,accum4,2,1024,63,63,base,excess,0.0008899781532818452,0.0014664867114142707,0.0014664867114142707,0.0038238899579077553,1.0,0.3835065149773976,1.0,0.9988790712518554
Lewes,50,accum4,2,1024,63,63,tail,excess,0.002952645969344303,0.02934545859871675,0.0014664867114142707,0.0038238899579077553,20.01072247727098,7.67424243943807,0.999997886854838,0.998860331569944
Lewes,50,accum4,2,1024,63,63,body,excess,0.0007713920349488035,0.0,0.0014664867114142707,0.0038238899579077553,0.0,0.0,,
Lewes,50,accum4,2,1024,63,63,excess,excess,0.0001111959240915894,0.0011781245525005262,0.0014664867114142707,0.0038238899579077553,0.8033653106643907,0.3080958305466348,0.9970417320573839,0.9995602136513666
Lewes,50,accum4,2,1024,63,63,gate,excess,0.0005326394821167924,0.0,0.0014664867114142707,0.0038238899579077553,0.0,0.0,,
Lewes,50,accum4,2,1024,63,63,amp_true,excess,0.0029038648171990644,0.06050781315478331,0.0014664867114142707,0.0038238899579077553,41.260389667240794,15.823628247892943,0.9976751722864485,0.9966582847978382
Lewes,50,accum4,2,1024,63,63,dual_base,excess,0.0021500817383639514,0.0038238899579077553,0.0014664867114142707,0.0038238899579077553,2.607517632546441,1.0,0.9988790712518554,0.9999999999999999
Lewes,50,accum4,2,1024,63,63,base,full,0.0008899781532818452,0.007956764011300035,0.007956764011300035,0.019872198395084063,1.0,0.40039676804295393,1.0000000000000002,0.9834209839367354
Lewes,50,accum4,2,1024,63,63,tail,full,0.002952645969344303,0.07801791403547755,0.007956764011300035,0.019872198395084063,9.805231614847202,3.9259830484974136,0.7437857783370139,0.8237797687523212
Lewes,50,accum4,2,1024,63,63,body,full,0.0007713920349488035,0.0062764642575560085,0.007956764011300035,0.019872198395084063,0.788821215338585,0.31584146518528444,0.9246666547480656,0.8627712886839148
Lewes,50,accum4,2,1024,63,63,excess,full,0.0001111959240915894,0.002334348892241416,0.007956764011300035,0.019872198395084063,0.29337917888807824,0.11746807503788216,0.6377384407036834,0.6956437835026444
Lewes,50,accum4,2,1024,63,63,gate,full,0.0005326394821167924,0.00934499340999998,0.007956764011300035,0.019872198395084063,1.1744716063877738,0.47025463535588097,0.5984477547503023,0.7221944534879466
Lewes,50,accum4,2,1024,63,63,amp_true,full,0.0029038648171990644,0.12494865352061531,0.007956764011300035,0.019872198395084063,15.70345096865582,6.287611014970785,0.6241432656904026,0.7156381957822849
Lewes,50,accum4,2,1024,63,63,dual_base,full,0.0021500817383639514,0.019872198395084063,0.007956764011300035,0.019872198395084063,2.4975226570578153,1.0,0.9834209839367354,0.9999999999999998
Lewes,50,batch,12,256,9,9,base,shared,0.000747637590393424,0.0070663764123654015,0.0070663764123654015,0.01556104583564105,1.0,0.4541067796471982,0.9999999999999999,0.9935593130427374
Lewes,50,batch,12,256,9,9,tail,shared,0.0013979511568322778,0.08087748210335623,0.0070663764123654015,0.01556104583564105,11.445396817784756,5.197432290708526,0.8377527121050179,0.8757639581923676
Lewes,50,batch,12,256,9,9,body,shared,0.0006863668095320463,0.004524346029436542,0.0070663764123654015,0.01556104583564105,0.6402639436981338,0.29074819759697457,0.8887319220883558,0.8467395173399119
Lewes,50,batch,12,256,9,9,excess,shared,5.2324314310681075e-05,0.0026234494134169616,0.0070663764123654015,0.01556104583564105,0.3712580904728209,0.16859081588258085,0.8125912233161133,0.8534450662092814
Lewes,50,batch,12,256,9,9,gate,shared,0.00016589381266385317,0.002631268376703437,0.0070663764123654015,0.01556104583564105,0.37236459298983837,0.1690932861772552,0.08751123566831587,0.17973870855740584
Lewes,50,batch,12,256,9,9,amp_true,shared,0.0013947031693533063,0.063120527885181,0.0070663764123654015,0.01556104583564105,8.932517064152828,4.0563165581460865,0.7913172944997151,0.8317569851133878
Lewes,50,batch,12,256,9,9,dual_base,shared,0.0016216000076383352,0.01556104583564105,0.0070663764123654015,0.01556104583564105,2.202125237541958,1.0,0.9935593130427374,0.9999999999999999
Lewes,50,batch,12,256,9,9,base,temporal,0.000747637590393424,9.319294135913088e-05,9.319294135913088e-05,0.0002014502501056278,1.0,0.4626102043073482,1.0,0.9989881603864902
Lewes,50,batch,12,256,9,9,tail,temporal,0.0013979511568322778,0.000873869836506536,9.319294135913088e-05,0.0002014502501056278,9.376995980188749,4.3378940261843,0.9905200982977952,0.9955219502840886
Lewes,50,batch,12,256,9,9,body,temporal,0.0006863668095320463,5.477545477788693e-05,9.319294135913088e-05,0.0002014502501056278,0.587763987047074,0.2719056181323485,0.9930699513632029,0.9869123205342462
Lewes,50,batch,12,256,9,9,excess,temporal,5.2324314310681075e-05,2.7837157600284925e-05,9.319294135913088e-05,0.0002014502501056278,0.2987045713366948,0.13818378277360727,0.9826582050690476,0.9898238927910304
Lewes,50,batch,12,256,9,9,gate,temporal,0.00016589381266385317,1.076478505548027e-05,9.319294135913088e-05,0.0002014502501056278,0.11551073395137083,0.05343644423293541,-0.18212449729739077,-0.1383229820821625
Lewes,50,batch,12,256,9,9,amp_true,temporal,0.0013947031693533063,0.0006397152358926578,9.319294135913088e-05,0.0002014502501056278,6.8644172676923425,3.1755494746580437,0.9790954954132077,0.9870796380698031
Lewes,50,batch,12,256,9,9,dual_base,temporal,0.0016216000076383352,0.0002014502501056278,9.319294135913088e-05,0.0002014502501056278,2.1616470857949808,1.0,0.9989881603864902,0.9999999999999996
Lewes,50,batch,12,256,9,9,base,excess,0.000747637590393424,0.0011738039354734333,0.0011738039354734333,0.003076854453721263,1.0,0.38149478733184494,1.0,0.999802483015555
Lewes,50,batch,12,256,9,9,tail,excess,0.0013979511568322778,0.02346738364565285,0.0011738039354734333,0.003076854453721263,19.99259240529611,7.627069787870698,0.9999964381486323,0.9998098845025271
Lewes,50,batch,12,256,9,9,body,excess,0.0006863668095320463,0.0,0.0011738039354734333,0.003076854453721263,0.0,0.0,,
Lewes,50,batch,12,256,9,9,excess,excess,5.2324314310681075e-05,0.0009521481986295465,0.0011738039354734333,0.003076854453721263,0.8111645990056373,0.3094550661887769,0.9994727765522169,0.9999168278775457
Lewes,50,batch,12,256,9,9,gate,excess,0.00016589381266385317,0.0,0.0011738039354734333,0.003076854453721263,0.0,0.0,,
Lewes,50,batch,12,256,9,9,amp_true,excess,0.0013947031693533063,0.02432465891864612,0.0011738039354734333,0.003076854453721263,20.722931814703106,7.9056904655424844,0.9927948632207123,0.9937729050129006
Lewes,50,batch,12,256,9,9,dual_base,excess,0.0016216000076383352,0.003076854453721263,0.0011738039354734333,0.003076854453721263,2.62126779501746,1.0,0.999802483015555,0.9999999999999998
Lewes,50,batch,12,256,9,9,base,full,0.000747637590393424,0.007971499114739133,0.007971499114739133,0.017318494799205584,1.0,0.4602882182985552,1.0,0.9935201706290774
Lewes,50,batch,12,256,9,9,tail,full,0.0013979511568322778,0.084438473494343,0.007971499114739133,0.017318494799205584,10.592546305150815,4.875624266042813,0.7786106714869686,0.827068637024148
Lewes,50,batch,12,256,9,9,body,full,0.0006863668095320463,0.0056886892891668634,0.007971499114739133,0.017318494799205584,0.7136285417944283,0.3284748100295534,0.8924515138343672,0.8481918321901706
Lewes,50,batch,12,256,9,9,excess,full,5.2324314310681075e-05,0.002790891079370761,0.007971499114739133,0.017318494799205584,0.3501086858569002,0.16115090322392117,0.7273189418108287,0.7814388711928577
Lewes,50,batch,12,256,9,9,gate,full,0.00016589381266385317,0.0026780054353615556,0.007971499114739133,0.017318494799205584,0.33594752966979324,0.15463268987351017,0.07669870820156034,0.16156954115458672
Lewes,50,batch,12,256,9,9,amp_true,full,0.0013947031693533063,0.06764532557399942,0.007971499114739133,0.017318494799205584,8.485897646143453,3.9059587082072733,0.7071144357295572,0.7608496216786234
Lewes,50,batch,12,256,9,9,dual_base,full,0.0016216000076383352,0.017318494799205584,0.007971499114739133,0.017318494799205584,2.1725518061193854,1.0,0.9935201706290774,1.0000000000000002
Lewes,50,batch,13,256,13,13,base,shared,0.000906887638848275,0.008411928310208861,0.008411928310208861,0.018030228552623692,1.0,0.46654585024574124,1.0000000000000002,0.9792827656675962
Lewes,50,batch,13,256,13,13,tail,shared,0.004057632759213448,0.07961989417252933,0.008411928310208861,0.018030228552623692,9.465118012941367,4.415911531024012,0.8368335631313246,0.8329186300082716
Lewes,50,batch,13,256,13,13,body,shared,0.0007364369812421501,0.006431583005738199,0.008411928310208861,0.018030228552623692,0.7645789132478363,0.35671111916117665,0.9708515908685379,0.9480857150554742
Lewes,50,batch,13,256,13,13,excess,shared,0.00014880526578053832,0.0014453856278791532,0.008411928310208861,0.018030228552623692,0.1718257187385927,0.08016457604298233,0.6801580930035293,0.6521777047584387
Lewes,50,batch,13,256,13,13,gate,shared,0.0008198816212825477,0.008334437946696928,0.008411928310208861,0.018030228552623692,0.9907880380509319,0.4622480476257818,0.2470284809721663,0.4329486773312023
Lewes,50,batch,13,256,13,13,amp_true,shared,0.004523484036326408,0.09707614175622792,0.008411928310208861,0.018030228552623692,11.54029589605687,5.38407716091329,0.7119613966249474,0.6795758941496307
Lewes,50,batch,13,256,13,13,dual_base,shared,0.002350875874981284,0.018030228552623692,0.008411928310208861,0.018030228552623692,2.1434120557996073,1.0,0.9792827656675962,0.9999999999999998
Lewes,50,batch,13,256,13,13,base,temporal,0.000906887638848275,0.00010604517251672004,0.00010604517251672004,0.00022159675497297464,1.0,0.4785502049867699,1.0,0.999369089303286
Lewes,50,batch,13,256,13,13,tail,temporal,0.004057632759213448,0.0009214737923017514,0.00010604517251672004,0.00022159675497297464,8.68944592604122,4.158336129128479,0.9926384100633677,0.9903016736476994
Lewes,50,batch,13,256,13,13,body,temporal,0.0007364369812421501,7.623858293772227e-05,0.00010604517251672004,0.00022159675497297464,0.718925540205065,0.3440419646353582,0.9983405260084316,0.9963511284415338
Lewes,50,batch,13,256,13,13,excess,temporal,0.00014880526578053832,1.578893062106155e-05,0.00010604517251672004,0.00022159675497297464,0.14888872587360943,0.07125073028703478,0.9492343441945469,0.9584676915001302
Lewes,50,batch,13,256,13,13,gate,temporal,0.0008198816212825477,1.9556874043589547e-05,0.00010604517251672004,0.00022159675497297464,0.18442021998225364,0.08825433407621268,0.9472621573870077,0.9542968957346463
Lewes,50,batch,13,256,13,13,amp_true,temporal,0.004523484036326408,0.0010279848646747266,0.00010604517251672004,0.00022159675497297464,9.693839335427034,4.638988801077421,0.9567599022953005,0.9652987270329443
Lewes,50,batch,13,256,13,13,dual_base,temporal,0.002350875874981284,0.00022159675497297464,0.00010604517251672004,0.00022159675497297464,2.0896449099371845,1.0,0.999369089303286,1.0
Lewes,50,batch,13,256,13,13,base,excess,0.000906887638848275,0.002374750496479942,0.002374750496479942,0.006653778809065848,1.0,0.35690253082118056,1.0,0.9997071491917116
Lewes,50,batch,13,256,13,13,tail,excess,0.004057632759213448,0.047500292826745165,0.002374750496479942,0.006653778809065848,20.002224611450405,7.138844585880355,0.9999968024378446,0.9997140218129026
Lewes,50,batch,13,256,13,13,body,excess,0.0007364369812421501,0.0,0.002374750496479942,0.006653778809065848,0.0,0.0,,
Lewes,50,batch,13,256,13,13,excess,excess,0.00014880526578053832,0.002143386179538974,0.002374750496479942,0.006653778809065848,0.9025732104135084,0.32213066304797905,0.9992951026021617,0.9999074720871779
Lewes,50,batch,13,256,13,13,gate,excess,0.0008198816212825477,0.0,0.002374750496479942,0.006653778809065848,0.0,0.0,,
Lewes,50,batch,13,256,13,13,amp_true,excess,0.004523484036326408,0.11363965642263935,0.002374750496479942,0.006653778809065848,47.853303574874815,17.078965154027067,0.9905956105720114,0.9898098605178005
Lewes,50,batch,13,256,13,13,dual_base,excess,0.002350875874981284,0.006653778809065848,0.002374750496479942,0.006653778809065848,2.801885427091666,1.0,0.9997071491917116,1.0000000000000002
Lewes,50,batch,13,256,13,13,base,full,0.000906887638848275,0.010244905611047024,0.010244905611047024,0.02197233720802875,1.0,0.4662638077165277,0.9999999999999994,0.9826856990921073
Lewes,50,batch,13,256,13,13,tail,full,0.004057632759213448,0.09412636461930873,0.010244905611047024,0.02197233720802875,9.187626337700252,4.283857640092776,0.7757022293497948,0.8029455255460644
Lewes,50,batch,13,256,13,13,body,full,0.0007364369812421501,0.008328547787489277,0.010244905611047024,0.02197233720802875,0.8129452923908494,0.37904696749538347,0.9468443177447944,0.9083267527460143
Lewes,50,batch,13,256,13,13,excess,full,0.00014880526578053832,0.002585197077191271,0.010244905611047024,0.02197233720802875,0.2523397652784295,0.11765689979701538,0.5042876259715954,0.5502624841160034
Lewes,50,batch,13,256,13,13,gate,full,0.0008198816212825477,0.008377830706827872,0.010244905611047024,0.02197233720802875,0.8177557729564735,0.38128992048085764,0.20284269978107067,0.3559056043715701
Lewes,50,batch,13,256,13,13,amp_true,full,0.004523484036326408,0.14945818415239354,0.010244905611047024,0.02197233720802875,14.588536959406792,6.802106791706307,0.5542856295475139,0.5901112138925478
Lewes,50,batch,13,256,13,13,dual_base,full,0.002350875874981284,0.02197233720802875,0.010244905611047024,0.02197233720802875,2.144708603692366,1.0,0.9826856990921073,1.0000000000000002
Lewes,50,batch,14,256,17,17,base,shared,0.0009931954555213451,0.008791106377905679,0.008791106377905679,0.025493488835592947,1.0,0.3448373204075506,1.0,0.9797126700227483
Lewes,50,batch,14,256,17,17,tail,shared,0.004641450475901365,0.08037285493502919,0.008791106377905679,0.025493488835592947,9.14251875475275,3.1526816691647146,0.7999774786045564,0.8155898571473043
Lewes,50,batch,14,256,17,17,body,shared,0.0008029993041418493,0.007076664301318362,0.008791106377905679,0.025493488835592947,0.8049799418994459,0.27758712614643066,0.8259102647160672,0.7794663775598032
Lewes,50,batch,14,256,17,17,excess,shared,0.00016517493349965662,0.004794437166474093,0.008791106377905679,0.025493488835592947,0.5453735810231749,0.18806516430110182,0.4957632322640694,0.5045454255178978
Lewes,50,batch,14,256,17,17,gate,shared,0.0011781654320657253,0.01771879330271951,0.008791106377905679,0.025493488835592947,2.0155362182001815,0.6950321086685188,0.6294737768180769,0.7353773818067991
Lewes,50,batch,14,256,17,17,amp_true,shared,0.004056206904351711,0.07517808588683658,0.008791106377905679,0.025493488835592947,8.551606891685275,2.948913205707493,0.6657106375133377,0.7172201964142305
Lewes,50,batch,14,256,17,17,dual_base,shared,0.002715627197176218,0.025493488835592947,0.008791106377905679,0.025493488835592947,2.8999181376834056,1.0,0.9797126700227483,1.0000000000000002
Lewes,50,batch,14,256,17,17,base,temporal,0.0009931954555213451,5.6656547114284386e-05,5.6656547114284386e-05,0.00015881971431139878,1.0,0.35673497688830713,1.0,0.995669719936652
Lewes,50,batch,14,256,17,17,tail,temporal,0.004641450475901365,0.00039435911853620206,5.6656547114284386e-05,0.00015881971431139878,6.960521574686208,2.4830615030762475,0.7351784770376237,0.7827120990763041
Lewes,50,batch,14,256,17,17,body,temporal,0.0008029993041418493,8.060001405386615e-05,5.6656547114284386e-05,0.00015881971431139878,1.4226072388648103,0.5074937604775765,0.9713299906911461,0.9508888066721011
Lewes,50,batch,14,256,17,17,excess,temporal,0.00016517493349965662,3.4821822688127404e-05,5.6656547114284386e-05,0.00015881971431139878,0.6146125110287217,0.21925377991709546,-0.778369983446682,-0.732567180785189
Lewes,50,batch,14,256,17,17,gate,temporal,0.0011781654320657253,0.00015827875426758747,5.6656547114284386e-05,0.00015881971431139878,2.7936533786345383,0.9965938734611332,0.9755051721670037,0.9678879216073344
Lewes,50,batch,14,256,17,17,amp_true,temporal,0.004056206904351711,0.000162674567838995,5.6656547114284386e-05,0.00015881971431139878,2.8712404148254405,1.024271883023527,0.7155918414388678,0.7307912556258775
Lewes,50,batch,14,256,17,17,dual_base,temporal,0.002715627197176218,0.00015881971431139878,5.6656547114284386e-05,0.00015881971431139878,2.8032014374444074,1.0,0.995669719936652,0.9999999999999998
Lewes,50,batch,14,256,17,17,base,excess,0.0009931954555213451,0.0015638885588148395,0.0015638885588148395,0.005270222361197042,1.0,0.29674052661027167,0.9999999999999998,0.9996737288852653
Lewes,50,batch,14,256,17,17,tail,excess,0.004641450475901365,0.03041661435181012,0.0015638885588148395,0.005270222361197042,19.449348983575096,5.771410059613026,0.9994145118200373,0.998314147576677
Lewes,50,batch,14,256,17,17,body,excess,0.0008029993041418493,0.0,0.0015638885588148395,0.005270222361197042,0.0,0.0,,
Lewes,50,batch,14,256,17,17,excess,excess,0.00016517493349965662,0.0018555188837702892,0.0015638885588148395,0.005270222361197042,1.1864776894182638,0.3520760143693139,0.9993299885988103,0.9999361148902246
Lewes,50,batch,14,256,17,17,gate,excess,0.0011781654320657253,0.0,0.0015638885588148395,0.005270222361197042,0.0,0.0,,
Lewes,50,batch,14,256,17,17,amp_true,excess,0.004056206904351711,0.016745079615846408,0.0015638885588148395,0.005270222361197042,10.70733558440783,3.1773003999100804,0.8732870856462589,0.8664915354126171
Lewes,50,batch,14,256,17,17,dual_base,excess,0.002715627197176218,0.005270222361197042,0.0015638885588148395,0.005270222361197042,3.3699475141572557,1.0,0.9996737288852653,1.0000000000000002
Lewes,50,batch,14,256,17,17,base,full,0.0009931954555213451,0.010253588795682533,0.010253588795682533,0.028009275460591912,1.0,0.36607833037698456,1.0,0.9735777129819236
Lewes,50,batch,14,256,17,17,tail,full,0.004641450475901365,0.08797207397105722,0.010253588795682533,0.028009275460591912,8.57963740540283,3.140819336609792,0.7611069181474189,0.8053432663909927
Lewes,50,batch,14,256,17,17,body,full,0.0008029993041418493,0.008805918062772079,0.010253588795682533,0.028009275460591912,0.8588132641402566,0.3143929258420734,0.8614106665821974,0.7883883999645741
Lewes,50,batch,14,256,17,17,excess,full,0.00016517493349965662,0.005140970537874757,0.010253588795682533,0.028009275460591912,0.5013825539833877,0.18354528824238692,0.4514129615492093,0.4961802873503604
Lewes,50,batch,14,256,17,17,gate,full,0.0011781654320657253,0.01785679946889392,0.010253588795682533,0.028009275460591912,1.7415170263520674,0.6375316453300559,0.5357824943771152,0.6691675326245364
Lewes,50,batch,14,256,17,17,amp_true,full,0.004056206904351711,0.07702040177089194,0.010253588795682533,0.028009275460591912,7.511555544661868,2.7498177123237975,0.5860649929831937,0.6726312365036793
Lewes,50,batch,14,256,17,17,dual_base,full,0.002715627197176218,0.028009275460591912,0.010253588795682533,0.028009275460591912,2.7316558152191304,1.0,0.9735777129819236,1.0000000000000002
Lewes,50,batch,15,256,18,18,base,shared,0.0009636228787712753,0.01631886346821899,0.01631886346821899,0.039056452681132774,1.0,0.4178275892449966,0.9999999999999998,0.9934683296834557
Lewes,50,batch,15,256,18,18,tail,shared,0.004468459170311689,0.19310364796125293,0.01631886346821899,0.039056452681132774,11.833155436181114,4.944218809060881,0.9044843208849761,0.9421504549165627
Lewes,50,batch,15,256,18,18,body,shared,0.0007656239904463291,0.009466081027009769,0.01631886346821899,0.039056452681132774,0.5800698710081725,0.24236919579700086,0.9115037442420993,0.8640128768288972
Lewes,50,batch,15,256,18,18,excess,shared,0.00017000918160192668,0.006496614028657245,0.01631886346821899,0.039056452681132774,0.3981045641633935,0.16633907031182077,0.8689758800491131,0.9114938081646927
Lewes,50,batch,15,256,18,18,gate,shared,0.0005858786753378808,0.007796586850513089,0.01631886346821899,0.039056452681132774,0.4777653091893901,0.19962352736349329,0.6579719392005609,0.7244013044415728
Lewes,50,batch,15,256,18,18,amp_true,shared,0.005738559179008007,0.25384007794023206,0.01631886346821899,0.039056452681132774,15.55500960189942,6.499312162644409,0.8595575924759882,0.9026514504256521
Lewes,50,batch,15,256,18,18,dual_base,shared,0.0023622047156095505,0.039056452681132774,0.01631886346821899,0.039056452681132774,2.393331665357411,1.0,0.9934683296834557,1.0000000000000002
Lewes,50,batch,15,256,18,18,base,temporal,0.0009636228787712753,0.00019648892037561403,0.00019648892037561403,0.00044621659287245744,1.0,0.4403442711772412,1.0,0.9990053555572691
Lewes,50,batch,15,256,18,18,tail,temporal,0.004468459170311689,0.0017805206438953544,0.00019648892037561403,0.00044621659287245744,9.061684702077137,3.990260945774113,0.9751560158115214,0.9840060240043118
Lewes,50,batch,15,256,18,18,body,temporal,0.0007656239904463291,0.00012359141656742372,0.00019648892037561403,0.00044621659287245744,0.62899941803926,0.2769762903074068,0.9856575302646565,0.9771854161880192
Lewes,50,batch,15,256,18,18,excess,temporal,0.00017000918160192668,5.575441488380985e-05,0.00019648892037561403,0.00044621659287245744,0.2837534797240886,0.12494921922310988,0.9439990125421183,0.9576936971689277
Lewes,50,batch,15,256,18,18,gate,temporal,0.0005858786753378808,4.543300596144512e-05,0.00019648892037561403,0.00044621659287245744,0.23122426381392927,0.10181827992763882,0.9798061304183394,0.9865558150475886
Lewes,50,batch,15,256,18,18,amp_true,temporal,0.005738559179008007,0.0022737728866104034,0.00019648892037561403,0.00044621659287245744,11.572015777092123,5.095670853415167,0.9412258388735876,0.9552444310518113
Lewes,50,batch,15,256,18,18,dual_base,temporal,0.0023622047156095505,0.00044621659287245744,0.00019648892037561403,0.00044621659287245744,2.270950402798573,1.0,0.9990053555572691,1.0
Lewes,50,batch,15,256,18,18,base,excess,0.0009636228787712753,0.0031875606006755886,0.0031875606006755886,0.00881740921816807,1.0,0.36150761769201917,1.0000000000000002,0.9998212576689663
Lewes,50,batch,15,256,18,18,tail,excess,0.004468459170311689,0.06370454982847427,0.0031875606006755886,0.00881740921816807,19.98536116143875,7.224860302186327,0.9999970733971169,0.9998380490993696
Lewes,50,batch,15,256,18,18,body,excess,0.0007656239904463291,0.0,0.0031875606006755886,0.00881740921816807,0.0,0.0,,
Lewes,50,batch,15,256,18,18,excess,excess,0.00017000918160192668,0.0028169607404514127,0.0031875606006755886,0.00881740921816807,0.8837355876008667,0.319477146943246,0.999563642898205,0.999940069229882
Lewes,50,batch,15,256,18,18,gate,excess,0.0005858786753378808,0.0,0.0031875606006755886,0.00881740921816807,0.0,0.0,,
Lewes,50,batch,15,256,18,18,amp_true,excess,0.005738559179008007,0.12312776926702258,0.0031875606006755886,0.00881740921816807,38.62758538329474,13.964166369109945,0.9965770851284318,0.9970112920839296
Lewes,50,batch,15,256,18,18,dual_base,excess,0.0023622047156095505,0.00881740921816807,0.0031875606006755886,0.00881740921816807,2.7661934384241236,1.0,0.9998212576689663,1.0
Lewes,50,batch,15,256,18,18,base,full,0.0009636228787712753,0.01832327029893535,0.01832327029893535,0.042875621873085294,1.0,0.42735870638036355,0.9999999999999999,0.9919637214948314
Lewes,50,batch,15,256,18,18,tail,full,0.004468459170311689,0.20381352979767553,0.01832327029893535,0.042875621873085294,11.12320707344026,4.753599385706339,0.8408064173406559,0.8971465473989501
Lewes,50,batch,15,256,18,18,body,full,0.0007656239904463291,0.012155976624323175,0.01832327029893535,0.042875621873085294,0.6634174154506405,0.2835172084571899,0.8956922295531243,0.8370581772816644
Lewes,50,batch,15,256,18,18,excess,full,0.00017000918160192668,0.007081049473813236,0.01832327029893535,0.042875621873085294,0.3864511824739425,0.16515327742122587,0.7792170527674505,0.8435793874459624
Lewes,50,batch,15,256,18,18,gate,full,0.0005858786753378808,0.007873817862503954,0.01832327029893535,0.042875621873085294,0.42971684279314765,0.18364323404593363,0.5811235527649405,0.6555709136386145
Lewes,50,batch,15,256,18,18,amp_true,full,0.005738559179008007,0.28212627090254505,0.01832327029893535,0.042875621873085294,15.397157074026115,6.580109129091064,0.764439065872177,0.8292916844023069
Lewes,50,batch,15,256,18,18,dual_base,full,0.0023622047156095505,0.042875621873085294,0.01832327029893535,0.042875621873085294,2.339954668221891,1.0,0.9919637214948314,1.0000000000000002
Lewes,50,accum4,3,1024,57,57,base,shared,0.0009028358908835799,0.008416818734411994,0.008416818734411994,0.019576158079479034,1.0,0.429952532066802,1.0000000000000004,0.9924160734409264
Lewes,50,accum4,3,1024,57,57,tail,shared,0.003641373390564695,0.0871483780006068,0.008416818734411994,0.019576158079479034,10.354075660950427,4.451761047636882,0.8628655963506059,0.8815672397401438
Lewes,50,accum4,3,1024,57,57,body,shared,0.0007478567713405937,0.0061847035661768395,0.008416818734411994,0.019576158079479034,0.7348029892684754,0.31593040580623616,0.963756869728072,0.938437486528028
Lewes,50,accum4,3,1024,57,57,excess,shared,0.00013407842379820067,0.001892820107752528,0.008416818734411994,0.019576158079479034,0.22488545464496829,0.09669007064959807,0.7521441702466417,0.7892643765164417
Lewes,50,accum4,3,1024,57,57,gate,shared,0.0006874548853375018,0.006274191744819641,0.008416818734411994,0.019576158079479034,0.7454350560227386,0.3205016898283349,0.7004978887521559,0.77309406220609
Lewes,50,accum4,3,1024,57,57,amp_true,shared,0.003928238322259858,0.10145224396180096,0.008416818734411994,0.019576158079479034,12.05351417953383,5.182438941793671,0.7631726812252445,0.7819952538985562
Lewes,50,accum4,3,1024,57,57,dual_base,shared,0.002262576948851347,0.019576158079479034,0.008416818734411994,0.019576158079479034,2.325838145883112,1.0,0.9924160734409264,1.0000000000000002
Lewes,50,accum4,3,1024,57,57,base,temporal,0.0009028358908835799,0.00011170654886782733,0.00011170654886782733,0.0002518974596649098,1.0,0.44346040256391056,1.0000000000000002,0.9998279648921023
Lewes,50,accum4,3,1024,57,57,tail,temporal,0.003641373390564695,0.0009307076424684091,0.00011170654886782733,0.0002518974596649098,8.331719598370501,3.6947877271430056,0.9931524426304116,0.9949001321561647
Lewes,50,accum4,3,1024,57,57,body,temporal,0.0007478567713405937,8.31120144654484e-05,0.00011170654886782733,0.0002518974596649098,0.744020966611256,0.32994383736941746,0.9962281553283818,0.9946859652648425
Lewes,50,accum4,3,1024,57,57,excess,temporal,0.00013407842379820067,1.6240253553743482e-05,0.00011170654886782733,0.0002518974596649098,0.1453831822605062,0.06447168453126645,0.9399666273637535,0.9448957851476801
Lewes,50,accum4,3,1024,57,57,gate,temporal,0.0006874548853375018,5.3989272479681065e-05,0.00011170654886782733,0.0002518974596649098,0.483313404870845,0.21433035708855921,0.9918063393428903,0.9929194885107524
Lewes,50,accum4,3,1024,57,57,amp_true,temporal,0.003928238322259858,0.0010037778486347653,0.00011170654886782733,0.0002518974596649098,8.985846029693823,3.9848668977053405,0.9445838171225334,0.9489783444088814
Lewes,50,accum4,3,1024,57,57,dual_base,temporal,0.002262576948851347,0.0002518974596649098,0.00011170654886782733,0.0002518974596649098,2.254992766475654,1.0,0.9998279648921023,1.0000000000000002
Lewes,50,accum4,3,1024,57,57,base,excess,0.0009028358908835799,0.0012874853595945097,0.0012874853595945097,0.0033030558937256114,1.0,0.3897861256420696,0.9999999999999999,0.9993192894464641
Lewes,50,accum4,3,1024,57,57,tail,excess,0.003641373390564695,0.02597876222547567,0.0012874853595945097,0.0033030558937256114,20.17790884523737,7.8650689123439195,0.9999612489302473,0.999000133609823
Lewes,50,accum4,3,1024,57,57,body,excess,0.0007478567713405937,0.0,0.0012874853595945097,0.0033030558937256114,0.0,0.0,,
Lewes,50,accum4,3,1024,57,57,excess,excess,0.00013407842379820067,0.0010093495070574927,0.0012874853595945097,0.0033030558937256114,0.7839696968479586,0.3055805107551536,0.9981558931316026,0.9997123588706132
Lewes,50,accum4,3,1024,57,57,gate,excess,0.0006874548853375018,0.0,0.0012874853595945097,0.0033030558937256114,0.0,0.0,,
Lewes,50,accum4,3,1024,57,57,amp_true,excess,0.003928238322259858,0.06143769029293373,0.0012874853595945097,0.0033030558937256114,47.71913702559179,18.60025754018846,0.9955079417971303,0.9957795148158363
Lewes,50,accum4,3,1024,57,57,dual_base,excess,0.002262576948851347,0.0033030558937256114,0.0012874853595945097,0.0033030558937256114,2.5655094786987718,1.0,0.9993192894464641,1.0000000000000002
Lewes,50,accum4,3,1024,57,57,base,full,0.0009028358908835799,0.010044344685201698,0.010044344685201698,0.022544514685449855,1.0,0.4455338615776138,0.9999999999999998,0.9920503855139801
Lewes,50,accum4,3,1024,57,57,tail,full,0.003641373390564695,0.0919368552476759,0.010044344685201698,0.022544514685449855,9.153096406889162,4.07801438755351,0.7878856035250347,0.8263836185509275
Lewes,50,accum4,3,1024,57,57,body,full,0.0007478567713405937,0.008172234367197013,0.010044344685201698,0.022544514685449855,0.8136154844663127,0.36249324863361737,0.9578613156875038,0.9259792595586426
Lewes,50,accum4,3,1024,57,57,excess,full,0.00013407842379820067,0.002145123396849117,0.010044344685201698,0.022544514685449855,0.21356529112441958,0.09515056885360995,0.6163421434971518,0.6736555015054645
Lewes,50,accum4,3,1024,57,57,gate,full,0.0006874548853375018,0.006349940864081799,0.010044344685201698,0.022544514685449855,0.6321906568416701,0.2816623445959574,0.5812325532586399,0.6671952910883571
Lewes,50,accum4,3,1024,57,57,amp_true,full,0.003928238322259858,0.1186050066119269,0.010044344685201698,0.022544514685449855,11.808137845634398,5.26092525240626,0.6131251734846013,0.656403976160727
Lewes,50,accum4,3,1024,57,57,dual_base,full,0.002262576948851347,0.022544514685449855,0.010044344685201698,0.022544514685449855,2.2444983114393335,1.0,0.9920503855139801,1.0
