station,epoch,unit,component,group,weight,weighted_loss_n,weighted_loss_mean,weighted_loss_median,weighted_loss_min,weighted_loss_max,weighted_grad_norm_n,weighted_grad_norm_mean,weighted_grad_norm_median,weighted_grad_norm_min,weighted_grad_norm_max,weighted_ratio_base_n,weighted_ratio_base_mean,weighted_ratio_base_median,weighted_ratio_base_min,weighted_ratio_base_max,weighted_ratio_dual_base_n,weighted_ratio_dual_base_mean,weighted_ratio_dual_base_median,weighted_ratio_dual_base_min,weighted_ratio_dual_base_max
Battery,50,accum4,amp_true,excess,0.0001,4,3.1763545011926906e-07,3.106725598627236e-07,2.530368830775842e-07,3.9615979767404497e-07,4,3.621307369044001e-06,3.6345719231125057e-06,2.5377153916441824e-06,4.67837023830681e-06,4,0.01651036444869272,0.013936100543969505,0.0018730115992116102,0.036296245107620265,4,0.007623325641876362,0.00408022087833089,0.0005801246847155214,0.021752736126128144
Battery,50,accum4,amp_true,excess,0.0003,4,9.52906350357807e-07,9.320176795881706e-07,7.591106492327525e-07,1.1884793930221347e-06,4,1.0863922107132002e-05,1.0903715769337515e-05,7.613146174932546e-06,1.4035110714920429e-05,4,0.04953109334607816,0.04180830163190851,0.00561903479763483,0.10888873532286078,4,0.022869976925629084,0.012240662634992669,0.0017403740541465638,0.06525820837838443
Battery,50,accum4,amp_true,excess,0.0007,4,2.2234481508348837e-06,2.1747079190390653e-06,1.7712581815430895e-06,2.773118583718315e-06,4,2.5349151583308003e-05,2.5442003461787536e-05,1.7764007741509275e-05,3.274859166814767e-05,4,0.11557255114084904,0.09755270380778652,0.01311108119448127,0.2540737157533418,4,0.05336327949313453,0.028561546148316228,0.004060872793008649,0.152269152882897
Battery,50,accum4,amp_true,excess,0.001,4,3.1763545011926905e-06,3.1067255986272357e-06,2.530368830775842e-06,3.96159797674045e-06,4,3.621307369044001e-05,3.6345719231125054e-05,2.5377153916441822e-05,4.6783702383068105e-05,4,0.16510364448692721,0.13936100543969504,0.0187301159921161,0.3629624510762026,4,0.0762332564187636,0.040802208783308896,0.0058012468471552135,0.21752736126128144
Battery,50,accum4,amp_true,excess,0.003,4,9.529063503578074e-06,9.320176795881709e-06,7.591106492327527e-06,1.188479393022135e-05,4,0.00010863922107132004,0.00010903715769337517,7.613146174932547e-05,0.00014035110714920432,4,0.4953109334607816,0.4180830163190852,0.0561903479763483,1.0888873532286079,4,0.22869976925629082,0.12240662634992669,0.01740374054146564,0.6525820837838443
Battery,50,accum4,amp_true,full,0.0001,4,3.1763545011926906e-07,3.106725598627236e-07,2.530368830775842e-07,3.9615979767404497e-07,4,7.81395647435414e-06,8.057456114127263e-06,5.5558833985997685e-06,9.58503027056227e-06,4,0.0003192724513657942,0.00033697747201128533,0.00020432333714555934,0.0003988115242950468,4,0.000150629455442185,0.00015750346085410078,9.821041260573633e-05,0.0001893004874548021
Battery,50,accum4,amp_true,full,0.0003,4,9.52906350357807e-07,9.320176795881706e-07,7.591106492327525e-07,1.1884793930221347e-06,4,2.344186942306242e-05,2.4172368342381785e-05,1.6667650195799302e-05,2.8755090811686806e-05,4,0.0009578173540973824,0.0010109324160338558,0.0006129700114366779,0.00119643457288514,4,0.0004518883663265549,0.00047251038256230225,0.00029463123781720896,0.0005679014623644062
Battery,50,accum4,amp_true,full,0.0007,4,2.2234481508348837e-06,2.1747079190390653e-06,1.7712581815430895e-06,2.773118583718315e-06,4,5.4697695320478984e-05,5.640219279889083e-05,3.8891183790198376e-05,6.709521189393589e-05,4,0.002234907159560559,0.002358842304078997,0.0014302633600189153,0.002791680670065327,4,0.001054406188095295,0.0011025242259787055,0.0006874728882401543,0.0013251034121836145
Battery,50,accum4,amp_true,full,0.001,4,3.1763545011926905e-06,3.1067255986272357e-06,2.530368830775842e-06,3.96159797674045e-06,4,7.813956474354142e-05,8.057456114127263e-05,5.5558833985997685e-05,9.58503027056227e-05,4,0.003192724513657942,0.0033697747201128533,0.0020432333714555935,0.0039881152429504674,4,0.0015062945544218498,0.0015750346085410076,0.0009821041260573633,0.0018930048745480208
Battery,50,accum4,amp_true,full,0.003,4,9.529063503578074e-06,9.320176795881709e-06,7.591106492327527e-06,1.188479393022135e-05,4,0.00023441869423062423,0.00024172368342381787,0.00016667650195799304,0.0002875509081168681,4,0.009578173540973825,0.010109324160338561,0.00612970011436678,0.011964345728851402,4,0.00451888366326555,0.004725103825623023,0.00294631237817209,0.005679014623644062
Battery,50,accum4,amp_true,shared,0.0001,4,3.1763545011926906e-07,3.106725598627236e-07,2.530368830775842e-07,3.9615979767404497e-07,4,6.906291720638242e-06,6.922851820230304e-06,4.9424529264170776e-06,8.83701031567528e-06,4,0.00031973856698595457,0.0003294002598354988,0.0002126230512888033,0.0004075306969840174,4,0.00014919046238462283,0.00014863514910971103,0.00010109864044854987,0.0001983929108705194
Battery,50,accum4,amp_true,shared,0.0003,4,9.52906350357807e-07,9.320176795881706e-07,7.591106492327525e-07,1.1884793930221347e-06,4,2.071887516191472e-05,2.0768555460690906e-05,1.482735877925123e-05,2.6511030947025837e-05,4,0.0009592157009578636,0.0009882007795064963,0.0006378691538664098,0.001222592090952052,4,0.0004475713871538684,0.00044590544732913296,0.00030329592134564954,0.000595178732611558
Battery,50,accum4,amp_true,shared,0.0007,4,2.2234481508348837e-06,2.1747079190390653e-06,1.7712581815430895e-06,2.773118583718315e-06,4,4.834404204446768e-05,4.845996274161212e-05,3.459717048491954e-05,6.185907220972696e-05,4,0.002238169968901682,0.0023058018188484913,0.001488361359021623,0.0028527148788881217,4,0.0010443332366923597,0.001040446043767977,0.0007076904831398491,0.0013887503760936356
Battery,50,accum4,amp_true,shared,0.001,4,3.1763545011926905e-06,3.1067255986272357e-06,2.530368830775842e-06,3.96159797674045e-06,4,6.90629172063824e-05,6.922851820230303e-05,4.942452926417077e-05,8.83701031567528e-05,4,0.003197385669859546,0.003294002598354988,0.002126230512888033,0.004075306969840174,4,0.0014919046238462282,0.0014863514910971104,0.0010109864044854987,0.001983929108705194
Battery,50,accum4,amp_true,shared,0.003,4,9.529063503578074e-06,9.320176795881709e-06,7.591106492327527e-06,1.188479393022135e-05,4,0.00020718875161914723,0.0002076855546069091,0.00014827358779251232,0.0002651103094702584,4,0.009592157009578637,0.009882007795064963,0.006378691538664099,0.012225920909520521,4,0.004475713871538685,0.004459054473291331,0.003032959213456496,0.005951787326115582
Battery,50,accum4,amp_true,temporal,0.0001,4,3.1763545011926906e-07,3.106725598627236e-07,2.530368830775842e-07,3.9615979767404497e-07,4,5.3524276811392996e-08,5.512061321236194e-08,3.147533525993092e-08,7.23805455609172e-08,4,0.00026183659113690054,0.00027638814233856533,0.00013900330659067896,0.00035556677327979255,4,0.0001235295995221425,0.00012785257793103012,6.825231827338041e-05,0.00017016092395312938
Battery,50,accum4,amp_true,temporal,0.0003,4,9.52906350357807e-07,9.320176795881706e-07,7.591106492327525e-07,1.1884793930221347e-06,4,1.60572830434179e-07,1.653618396370858e-07,9.442600577979275e-08,2.171416366827516e-07,4,0.0007855097734107016,0.0008291644270156959,0.0004170099197720369,0.0010667003198393775,4,0.00037058879856642743,0.0003835577337930903,0.0002047569548201412,0.0005104827718593881
Battery,50,accum4,amp_true,temporal,0.0007,4,2.2234481508348837e-06,2.1747079190390653e-06,1.7712581815430895e-06,2.773118583718315e-06,4,3.74669937679751e-07,3.858442924865335e-07,2.2032734681951644e-07,5.066638189264204e-07,4,0.0018328561379583037,0.0019347169963699574,0.0009730231461347528,0.0024889674129585475,4,0.0008647071966549976,0.0008949680455172108,0.00047776622791366284,0.0011911264676719056
Battery,50,accum4,amp_true,temporal,0.001,4,3.1763545011926905e-06,3.1067255986272357e-06,2.530368830775842e-06,3.96159797674045e-06,4,5.3524276811393e-07,5.512061321236194e-07,3.1475335259930923e-07,7.238054556091721e-07,4,0.0026183659113690055,0.002763881423385653,0.0013900330659067897,0.0035556677327979254,4,0.001235295995221425,0.0012785257793103012,0.0006825231827338041,0.0017016092395312936
Battery,50,accum4,amp_true,temporal,0.003,4,9.529063503578074e-06,9.320176795881709e-06,7.591106492327527e-06,1.188479393022135e-05,4,1.60572830434179e-06,1.653618396370858e-06,9.442600577979276e-07,2.171416366827516e-06,4,0.007855097734107015,0.00829164427015696,0.004170099197720369,0.010667003198393775,4,0.0037058879856642747,0.0038355773379309035,0.002047569548201412,0.005104827718593881
Battery,50,accum4,body,excess,1.0,4,0.001918768793984782,0.0018833553331205621,0.001793707109754905,0.0021146573999430984,4,0.0,0.0,0.0,0.0,4,0.0,0.0,0.0,0.0,4,0.0,0.0,0.0,0.0
Battery,50,accum4,body,full,1.0,4,0.001918768793984782,0.0018833553331205621,0.001793707109754905,0.0021146573999430984,4,0.023993467824357947,0.023862303301043247,0.021696334718440867,0.02655292997690443,4,0.9704232563615401,0.9744473072566839,0.9413902081283809,0.9914082028044122,4,0.4570464095992643,0.4654540921259653,0.4117358890410467,0.48554156510408
Battery,50,accum4,body,shared,1.0,4,0.001918768793984782,0.0018833553331205621,0.001793707109754905,0.0021146573999430984,4,0.02091752298137413,0.020963275987284445,0.01922959709764086,0.022513942853286773,4,0.9626739091585506,0.9670285263375734,0.9280796620260674,0.9885589219329879,4,0.4474085790832477,0.4566119257573421,0.3951630801654651,0.48124738465284145
Battery,50,accum4,body,temporal,1.0,4,0.001918768793984782,0.0018833553331205621,0.001793707109754905,0.0021146573999430984,4,0.00020218787708533982,0.00019696719773280066,0.00019131258306392306,0.0002235045298118349,4,0.974350393616287,0.980357914160578,0.9479937345360316,0.9886920116079604,4,0.4599221061515257,0.46889199922817054,0.4172486733743717,0.4846557527753899
Battery,50,accum4,excess,excess,2.0,4,0.0002482506711203314,0.00024355306322831893,0.0002039367100223899,0.0003019598480022978,4,0.001180116022153183,0.0007709032449045963,0.0001560124556382275,0.003022645143165313,4,2.2191211840843024,2.156116300354538,1.5254413427561846,3.038810792871949,4,0.7664316283257052,0.7302663332942733,0.6909801888972198,0.9142136578170543
Battery,50,accum4,excess,full,2.0,4,0.0002482506711203314,0.00024355306322831893,0.0002039367100223899,0.0003019598480022978,4,0.004324362665576868,0.0040892031944700855,0.001263669694694138,0.007855374578673165,4,0.1722890117025711,0.17465395134818745,0.05095864926824635,0.2888894948456631,4,0.08073711686633775,0.07956668503174487,0.024956967524884896,0.1388581298769764
Battery,50,accum4,excess,shared,2.0,4,0.0002482506711203314,0.00024355306322831893,0.0002039367100223899,0.0003019598480022978,4,0.0041305346201735305,0.004008791449636196,0.0012540020777391503,0.007250553503682581,4,0.18805140067405074,0.19122932773510393,0.05783000387064621,0.3119169433553489,4,0.08682345173714914,0.08541498847086423,0.028152634607549222,0.14831119539931892
Battery,50,accum4,excess,temporal,2.0,4,0.0002482506711203314,0.00024355306322831893,0.0002039367100223899,0.0003019598480022978,4,2.5351614037059983e-05,2.1010803850957824e-05,3.5644440789005084e-06,5.582040436742377e-05,4,0.11860082582008816,0.10518780411120299,0.017510200701709874,0.2465174943562368,4,0.05652890409085268,0.04834639782654916,0.008379725424071336,0.12104309528624105
Battery,50,accum4,gate,excess,0.5,4,0.0006309552245511441,0.0006552118720719591,0.0005076367742731236,0.0007057603797875345,4,0.0,0.0,0.0,0.0,4,0.0,0.0,0.0,0.0,4,0.0,0.0,0.0,0.0
Battery,50,accum4,gate,full,0.5,4,0.0006309552245511441,0.0006552118720719591,0.0005076367742731236,0.0007057603797875345,4,0.006348765919518846,0.00504025697624526,0.004076895390332696,0.011237654335252168,4,0.2634879322807749,0.2072831488019076,0.15179073449674194,0.4875946970225423,4,0.12136857216852702,0.09962748414158838,0.07295999993399085,0.21325932045694043
Battery,50,accum4,gate,shared,0.5,4,0.0006309552245511441,0.0006552118720719591,0.0005076367742731236,0.0007057603797875345,4,0.0062946675868520785,0.00501713674184038,0.004016488068557628,0.011127908795169924,4,0.2945599068046987,0.2320844555392304,0.17700351804780484,0.537067198092529,4,0.13344903736498404,0.11047921968720527,0.08416215890410264,0.22867555118142302
Battery,50,accum4,gate,temporal,0.5,4,0.0006309552245511441,0.0006552118720719591,0.0005076367742731236,0.0007057603797875345,4,3.538815246462003e-05,2.964559511817221e-05,1.0582148426792627e-05,7.167927119534308e-05,4,0.17431578634456985,0.1476719397924713,0.04673353309853688,0.35518573269479997,4,0.08010483243314072,0.0705708148723173,0.02294673452965747,0.1563309654582708
Battery,50,accum4,tail,excess,0.01,4,4.0239731752080844e-05,3.791493450989947e-05,3.4069373505190015e-05,5.1059684483334426e-05,4,9.951489452915944e-05,5.351829048106966e-05,2.334162130785226e-05,0.00026768137584664615,4,0.19653548462640175,0.19490285722014,0.16810909947905148,0.22822712458627548,4,0.07568051648879762,0.05909462062968256,0.0477538161997666,0.13677900849605876
Battery,50,accum4,tail,excess,0.025,4,0.00010059932938020211,9.478733627474867e-05,8.517343376297505e-05,0.00012764921120833606,4,0.0002487872363228986,0.00013379572620267414,5.835405326963065e-05,0.0006692034396166154,4,0.4913387115660044,0.48725714305035006,0.42027274869762876,0.5705678114656887,4,0.18920129122199403,0.1477365515742064,0.11938454049941649,0.3419475212401469
Battery,50,accum4,tail,excess,0.05,4,0.00020119865876040423,0.00018957467254949735,0.0001703468675259501,0.0002552984224166721,4,0.0004975744726457972,0.0002675914524053483,0.0001167081065392613,0.0013384068792332308,4,0.9826774231320088,0.9745142861007001,0.8405454973952575,1.1411356229313774,4,0.37840258244398806,0.2954731031484128,0.23876908099883298,0.6838950424802938
Battery,50,accum4,tail,excess,0.1,4,0.00040239731752080845,0.0003791493450989947,0.0003406937350519002,0.0005105968448333442,4,0.0009951489452915943,0.0005351829048106966,0.0002334162130785226,0.0026768137584664616,4,1.9653548462640176,1.9490285722014002,1.681090994790515,2.2822712458627548,4,0.7568051648879761,0.5909462062968256,0.47753816199766597,1.3677900849605875
Battery,50,accum4,tail,full,0.01,4,4.0239731752080844e-05,3.791493450989947e-05,3.4069373505190015e-05,5.1059684483334426e-05,4,0.00042186488989589144,0.00042845438453799806,0.00016277542858844215,0.0006677753619191274,4,0.01692383289331394,0.018286567400269862,0.006564069716758225,0.024558127055957803,4,0.007927760631889502,0.008346070533370036,0.0032147491565145438,0.01180415230430339
Battery,50,accum4,tail,full,0.025,4,0.00010059932938020211,9.478733627474867e-05,8.517343376297505e-05,0.00012764921120833606,4,0.0010546622247397286,0.0010711359613449953,0.0004069385714711054,0.0016694384047978184,4,0.04230958223328485,0.04571641850067466,0.016410174291895563,0.06139531763989451,4,0.019819401579723752,0.020865176333425085,0.00803687289128636,0.029510380760758476
Battery,50,accum4,tail,full,0.05,4,0.00020119865876040423,0.00018957467254949735,0.0001703468675259501,0.0002552984224166721,4,0.0021093244494794572,0.0021422719226899907,0.0008138771429422108,0.003338876809595637,4,0.0846191644665697,0.09143283700134933,0.032820348583791126,0.12279063527978902,4,0.039638803159447504,0.04173035266685017,0.01607374578257272,0.05902076152151695
Battery,50,accum4,tail,full,0.1,4,0.00040239731752080845,0.0003791493450989947,0.0003406937350519002,0.0005105968448333442,4,0.0042186488989589144,0.004284543845379981,0.0016277542858844215,0.006677753619191274,4,0.1692383289331394,0.18286567400269865,0.06564069716758225,0.24558127055957804,4,0.07927760631889501,0.08346070533370034,0.03214749156514544,0.1180415230430339
Battery,50,accum4,tail,shared,0.01,4,4.0239731752080844e-05,3.791493450989947e-05,3.4069373505190015e-05,5.1059684483334426e-05,4,0.00040465224895841294,0.0004230491756262363,0.00016092794820771363,0.0006115826963734657,4,0.018516481491099107,0.02016719285884317,0.007421410245608145,0.02631013000110194,4,0.008546644742950592,0.009031845380078573,0.0036128693918932907,0.01251001881975193
Battery,50,accum4,tail,shared,0.025,4,0.00010059932938020211,9.478733627474867e-05,8.517343376297505e-05,0.00012764921120833606,4,0.0010116306223960324,0.0010576229390655907,0.00040231987051928404,0.0015289567409336642,4,0.04629120372774777,0.05041798214710793,0.01855352561402036,0.06577532500275485,4,0.021366611857376483,0.022579613450196434,0.009032173479733228,0.03127504704937983
Battery,50,accum4,tail,shared,0.05,4,0.00020119865876040423,0.00018957467254949735,0.0001703468675259501,0.0002552984224166721,4,0.002023261244792065,0.0021152458781311815,0.0008046397410385681,0.0030579134818673284,4,0.09258240745549554,0.10083596429421586,0.03710705122804072,0.1315506500055097,4,0.042733223714752966,0.04515922690039287,0.018064346959466456,0.06255009409875965
Battery,50,accum4,tail,shared,0.1,4,0.00040239731752080845,0.0003791493450989947,0.0003406937350519002,0.0005105968448333442,4,0.00404652248958413,0.004230491756262363,0.0016092794820771362,0.006115826963734657,4,0.18516481491099107,0.20167192858843172,0.07421410245608144,0.2631013000110194,4,0.08546644742950593,0.09031845380078574,0.03612869391893291,0.1251001881975193
Battery,50,accum4,tail,temporal,0.01,4,4.0239731752080844e-05,3.791493450989947e-05,3.4069373505190015e-05,5.1059684483334426e-05,4,2.161545978942148e-06,1.8469921987892424e-06,5.518431416185686e-07,4.4003563765715384e-06,4,0.010156712382361243,0.009241408279737117,0.0027109091773390554,0.01943312379263169,4,0.004828564257964852,0.00423750842323492,0.0012973394732978764,0.009541900712091692
Battery,50,accum4,tail,temporal,0.025,4,0.00010059932938020211,9.478733627474867e-05,8.517343376297505e-05,0.00012764921120833606,4,5.40386494735537e-06,4.617480496973106e-06,1.3796078540464219e-06,1.1000890941428846e-05,4,0.025391780955903113,0.023103520699342794,0.006777272943347639,0.048582809481579226,4,0.012071410644912132,0.010593771058087302,0.003243348683244691,0.023854751780229232
Battery,50,accum4,tail,temporal,0.05,4,0.00020119865876040423,0.00018957467254949735,0.0001703468675259501,0.0002552984224166721,4,1.080772989471074e-05,9.234960993946212e-06,2.7592157080928437e-06,2.2001781882857692e-05,4,0.050783561911806226,0.04620704139868559,0.013554545886695277,0.09716561896315845,4,0.024142821289824264,0.021187542116174605,0.006486697366489382,0.047709503560458465
Battery,50,accum4,tail,temporal,0.1,4,0.00040239731752080845,0.0003791493450989947,0.0003406937350519002,0.0005105968448333442,4,2.161545978942148e-05,1.8469921987892424e-05,5.518431416185687e-06,4.4003563765715384e-05,4,0.10156712382361245,0.09241408279737118,0.027109091773390555,0.1943312379263169,4,0.04828564257964853,0.04237508423234921,0.012973394732978764,0.09541900712091693
Battery,50,batch,amp_true,excess,0.0001,16,3.176354501192691e-07,2.5817004498094323e-07,5.494296783581376e-08,9.236427024006844e-07,16,3.9700096418973414e-06,3.1030666342904653e-06,3.865051236722155e-07,1.3379230181776345e-05,16,0.006682661468665223,0.007103758956438156,0.00046027096282432107,0.014358237761221054,16,0.001884817362947108,0.0018524634315812917,0.00015055584171265137,0.003527802450937671
Battery,50,batch,amp_true,excess,0.0003,16,9.52906350357807e-07,7.745101349428295e-07,1.6482890350744126e-07,2.770928107202053e-06,16,1.1910028925692021e-05,9.309199902871395e-06,1.1595153710166461e-06,4.013769054532903e-05,16,0.020047984405995666,0.021311276869314465,0.0013808128884729629,0.043074713283663156,16,0.005654452088841324,0.005557390294743874,0.00045166752513795406,0.010583407352813011
Battery,50,batch,amp_true,excess,0.0007,16,2.2234481508348832e-06,1.8071903148666024e-06,3.846007748506963e-07,6.465498916804791e-06,16,2.7790067493281387e-05,2.1721466440033256e-05,2.7055358657055083e-06,9.365461127243441e-05,16,0.04677863028065656,0.04972631269506709,0.0032218967397702474,0.10050766432854738,16,0.013193721540629755,0.012967244021069042,0.0010538908919885597,0.024694617156563695
Battery,50,batch,amp_true,excess,0.001,16,3.1763545011926905e-06,2.581700449809432e-06,5.494296783581377e-07,9.236427024006844e-06,16,3.970009641897341e-05,3.1030666342904654e-05,3.865051236722154e-06,0.00013379230181776345,16,0.06682661468665224,0.07103758956438155,0.00460270962824321,0.14358237761221054,16,0.01884817362947108,0.018524634315812916,0.0015055584171265138,0.035278024509376706
Battery,50,batch,amp_true,excess,0.003,16,9.529063503578074e-06,7.745101349428297e-06,1.6482890350744128e-06,2.7709281072020532e-05,16,0.00011910028925692024,9.309199902871396e-05,1.1595153710166464e-05,0.00040137690545329036,16,0.2004798440599567,0.21311276869314466,0.013808128884729631,0.43074713283663163,16,0.05654452088841324,0.05557390294743875,0.004516675251379542,0.10583407352813012
Battery,50,batch,amp_true,full,0.0001,16,3.176354501192691e-07,2.5817004498094323e-07,5.494296783581376e-08,9.236427024006844e-07,16,9.605151367757789e-06,8.379344919856947e-06,2.9302263079533857e-06,2.3481583339231978e-05,16,0.0003720645559005713,0.0003344185598231662,0.0001397589876963891,0.000831847180482598,16,0.0001751514738156468,0.0001564535945004879,4.7705299951317654e-05,0.00037851663315141066
Battery,50,batch,amp_true,full,0.0003,16,9.52906350357807e-07,7.745101349428295e-07,1.6482890350744126e-07,2.770928107202053e-06,16,2.881545410327336e-05,2.5138034759570834e-05,8.790678923860155e-06,7.044475001769592e-05,16,0.0011161936677017137,0.0010032556794694987,0.0004192769630891673,0.0024955415414477933,16,0.0005254544214469403,0.0004693607835014636,0.00014311589985395294,0.0011355498994542318
Battery,50,batch,amp_true,full,0.0007,16,2.2234481508348832e-06,1.8071903148666024e-06,3.846007748506963e-07,6.465498916804791e-06,16,6.723605957430452e-05,5.865541443899862e-05,2.0511584155673697e-05,0.00016437108337462384,16,0.002604451891303999,0.0023409299187621634,0.0009783129138747238,0.005822930263378185,16,0.0012260603167095275,0.0010951751615034151,0.00033393709965922355,0.0026496164320598745
Battery,50,batch,amp_true,full,0.001,16,3.1763545011926905e-06,2.581700449809432e-06,5.494296783581377e-07,9.236427024006844e-06,16,9.605151367757787e-05,8.379344919856946e-05,2.9302263079533854e-05,0.00023481583339231976,16,0.003720645559005713,0.0033441855982316625,0.0013975898769638911,0.00831847180482598,16,0.0017515147381564678,0.001564535945004879,0.00047705299951317654,0.003785166331514106
Battery,50,batch,amp_true,full,0.003,16,9.529063503578074e-06,7.745101349428297e-06,1.6482890350744128e-06,2.7709281072020532e-05,16,0.0002881545410327336,0.00025138034759570834,8.790678923860156e-05,0.0007044475001769593,16,0.011161936677017138,0.010032556794694987,0.004192769630891673,0.024955415414477936,16,0.005254544214469404,0.004693607835014637,0.0014311589985395296,0.011355498994542319
Battery,50,batch,amp_true,shared,0.0001,16,3.176354501192691e-07,2.5817004498094323e-07,5.494296783581376e-08,9.236427024006844e-07,16,8.633148109214607e-06,7.82399477947434e-06,2.9046239008169806e-06,1.9297174815509696e-05,16,0.0003808142508294151,0.0003528181197690344,0.0001479062517819016,0.0007686033236255398,16,0.00017715554296503369,0.0001703234194898908,4.8783501129262446e-05,0.0003424434926189003
Battery,50,batch,amp_true,shared,0.0003,16,9.52906350357807e-07,7.745101349428295e-07,1.6482890350744126e-07,2.770928107202053e-06,16,2.5899444327643815e-05,2.3471984338423016e-05,8.71387170245094e-06,5.7891524446529083e-05,16,0.001142442752488245,0.001058454359307103,0.00044371875534570467,0.002305809970876619,16,0.0005314666288951009,0.0005109702584696723,0.00014635050338778733,0.0010273304778567007
Battery,50,batch,amp_true,shared,0.0007,16,2.2234481508348832e-06,1.8071903148666024e-06,3.846007748506963e-07,6.465498916804791e-06,16,6.043203676450224e-05,5.476796345632038e-05,2.0332367305718865e-05,0.00013508022370856788,16,0.0026656997558059054,0.0024697268383832406,0.001035343762473311,0.005380223265378778,16,0.0012400888007552354,0.0011922639364292356,0.00034148450790483714,0.002397104448332302
Battery,50,batch,amp_true,shared,0.001,16,3.1763545011926905e-06,2.581700449809432e-06,5.494296783581377e-07,9.236427024006844e-06,16,8.633148109214606e-05,7.82399477947434e-05,2.904623900816981e-05,0.00019297174815509696,16,0.0038081425082941507,0.0035281811976903437,0.0014790625178190157,0.007686033236255396,16,0.0017715554296503368,0.0017032341948989079,0.0004878350112926245,0.003424434926189003
Battery,50,batch,amp_true,shared,0.003,16,9.529063503578074e-06,7.745101349428297e-06,1.6482890350744128e-06,2.7709281072020532e-05,16,0.0002589944432764382,0.00023471984338423017,8.713871702450942e-05,0.0005789152444652909,16,0.011424427524882451,0.010584543593071032,0.004437187553457047,0.02305809970876619,16,0.005314666288951011,0.005109702584696724,0.0014635050338778735,0.01027330477856701
Battery,50,batch,amp_true,temporal,0.0001,16,3.176354501192691e-07,2.5817004498094323e-07,5.494296783581376e-08,9.236427024006844e-07,16,5.823923241040475e-08,5.247724695173173e-08,3.526923545109082e-09,1.4661596677824413e-07,16,0.0002741125727863954,0.00022164897320992426,1.7146811646795778e-05,0.0006105629173586372,16,0.0001317020411819216,0.00010992683226360142,6.315134612249071e-06,0.0002841414400253272
Battery,50,batch,amp_true,temporal,0.0003,16,9.52906350357807e-07,7.745101349428295e-07,1.6482890350744126e-07,2.770928107202053e-06,16,1.7471769723121424e-07,1.5743174085519518e-07,1.0580770635327245e-08,4.398479003347323e-07,16,0.0008223377183591859,0.0006649469196297728,5.144043494038733e-05,0.0018316887520759115,16,0.00039510612354576476,0.00032978049679080424,1.894540383674721e-05,0.0008524243200759816
Battery,50,batch,amp_true,temporal,0.0007,16,2.2234481508348832e-06,1.8071903148666024e-06,3.846007748506963e-07,6.465498916804791e-06,16,4.0767462687283325e-07,3.6734072866212216e-07,2.4688464815763573e-08,1.0263117674477088e-06,16,0.0019187880095047675,0.0015515428124694697,0.00012002768152757044,0.004273940421510461,16,0.0009219142882734511,0.0007694878258452099,4.420594228574349e-05,0.0019889900801772905
Battery,50,batch,amp_true,temporal,0.001,16,3.1763545011926905e-06,2.581700449809432e-06,5.494296783581377e-07,9.236427024006844e-06,16,5.823923241040474e-07,5.247724695173173e-07,3.526923545109082e-08,1.4661596677824411e-06,16,0.0027411257278639536,0.0022164897320992426,0.0001714681164679578,0.006105629173586372,16,0.0013170204118192158,0.0010992683226360143,6.315134612249071e-05,0.0028414144002532724
Battery,50,batch,amp_true,temporal,0.003,16,9.529063503578074e-06,7.745101349428297e-06,1.6482890350744128e-06,2.7709281072020532e-05,16,1.7471769723121425e-06,1.574317408551952e-06,1.0580770635327245e-07,4.398479003347324e-06,16,0.008223377183591861,0.006649469196297728,0.0005144043494038733,0.018316887520759117,16,0.003951061235457649,0.0032978049679080424,0.00018945403836747213,0.008524243200759818
Battery,50,batch,body,excess,1.0,16,0.001918768793984782,0.001904902805108577,0.0016608353471383452,0.0024424958974123,16,0.0,0.0,0.0,0.0,16,0.0,0.0,0.0,0.0,16,0.0,0.0,0.0,0.0
Battery,50,batch,body,full,1.0,16,0.001918768793984782,0.001904902805108577,0.0016608353471383452,0.0024424958974123,16,0.024520555085744092,0.024067345506750406,0.019442558102427166,0.03636906949656229,16,0.961086987743285,0.9790055784633971,0.7835870852759208,1.006466833774131,16,0.45105127397109457,0.4671471883977823,0.26746943117728617,0.49911997235399774
Battery,50,batch,body,shared,1.0,16,0.001918768793984782,0.001904902805108577,0.0016608353471383452,0.0024424958974123,16,0.021431582648798353,0.020939096510253642,0.016974847272436904,0.031242332917970947,16,0.9535132198908646,0.9754298341958962,0.7543490978451146,1.0089713277710788,16,0.44272274053154703,0.459595755415531,0.24880483159595712,0.4991160195516715
Battery,50,batch,body,temporal,1.0,16,0.001918768793984782,0.001904902805108577,0.0016608353471383452,0.0024424958974123,16,0.0002029909901441287,0.0001980527552590368,0.00017129557458411338,0.0002923068941275525,16,0.9675689346523036,0.9710299750134548,0.8327861139481005,1.0209543987159952,16,0.45775326935438587,0.46881267547771727,0.30671337162421247,0.5141449723760836
Battery,50,batch,excess,excess,2.0,16,0.0002482506711203314,0.0002405861232546158,0.00010626014409353957,0.00040965070365928113,16,0.0018138291192032875,0.0012936557442686765,0.00043023011522489585,0.005617146535091239,16,2.582006853759296,2.474440880297081,1.6926416670795712,4.285576251864881,16,0.7148553611401971,0.7138984658026862,0.6290293698761346,0.8223318693533833
Battery,50,batch,excess,full,2.0,16,0.0002482506711203314,0.0002405861232546158,0.00010626014409353957,0.00040965070365928113,16,0.005612409440001746,0.0048437918920013244,0.001847986064270667,0.01516625284365424,16,0.22694306501419625,0.1799394358263578,0.06860150929815523,0.6878726579882738,16,0.10300691199628742,0.08552452486628048,0.03396684705609022,0.30531264839358746
Battery,50,batch,excess,shared,2.0,16,0.0002482506711203314,0.0002405861232546158,0.00010626014409353957,0.00040965070365928113,16,0.005254240817904623,0.004329315778166443,0.0016584768984858663,0.014087685761719801,16,0.24067072829606428,0.18892940688326548,0.07502985860635938,0.7393986782531548,16,0.10755892512918815,0.09130529001760714,0.03730598100832382,0.3204576314210378
Battery,50,batch,excess,temporal,2.0,16,0.0002482506711203314,0.0002405861232546158,0.00010626014409353957,0.00040965070365928113,16,3.052530847297403e-05,1.865233848192703e-05,7.554913517598672e-06,9.994765844418906e-05,16,0.15000416422943444,0.08942361521334646,0.03960243185561604,0.5347014579453442,16,0.06985115736928914,0.04327812908870831,0.01741294360741485,0.24257578433669638
Battery,50,batch,gate,excess,0.5,16,0.0006309552245511441,0.0006084080087020993,0.00023687921930104494,0.0014435604680329561,16,0.0,0.0,0.0,0.0,16,0.0,0.0,0.0,0.0,16,0.0,0.0,0.0,0.0
Battery,50,batch,gate,full,0.5,16,0.0006309552245511441,0.0006084080087020993,0.00023687921930104494,0.0014435604680329561,16,0.00894480103421313,0.007761403228739327,0.00226340949347191,0.026624261531529622,16,0.35628652309451037,0.30360467175747957,0.0934397915199424,1.07302893894969,16,0.15869948422303828,0.14584880406050238,0.046338005978111836,0.3662674453555851
Battery,50,batch,gate,shared,0.5,16,0.0006309552245511441,0.0006084080087020993,0.00023687921930104494,0.0014435604680329561,16,0.008867510460330045,0.007689797878778248,0.0022069168454149067,0.026381131888951234,16,0.39622218805302695,0.3361386527026267,0.1055925089172142,1.1340006461147278,16,0.17415545760149476,0.16188563820096225,0.05223430170375651,0.37402422909003374
Battery,50,batch,gate,temporal,0.5,16,0.0006309552245511441,0.0006084080087020993,0.00023687921930104494,0.0014435604680329561,16,4.484692751421343e-05,3.3682379410260486e-05,4.738961154472324e-06,0.00015832179854833285,16,0.21523270118501453,0.1478240698794035,0.025626258566549705,0.7697116267390615,16,0.09533075237303201,0.07268636434987022,0.012577454407813942,0.2834831708423605
Battery,50,batch,tail,excess,0.01,16,4.0239731752080844e-05,3.940486698411405e-05,1.9279581028968095e-05,7.296718657016754e-05,16,0.0001611676779165116,9.125359966554835e-05,2.543872734893092e-05,0.0005236639357557805,16,0.19056530665775143,0.19886577093867097,0.15416791601812244,0.21260467466115057,16,0.055557554112611846,0.05402437047158968,0.030646295631205866,0.07414984969682972
Battery,50,batch,tail,excess,0.025,16,0.00010059932938020211,9.851216746028512e-05,4.8198952572420244e-05,0.00018241796642541887,16,0.00040291919479127904,0.0002281339991638709,6.359681837232731e-05,0.0013091598393894515,16,0.4764132666443786,0.49716442734667743,0.38541979004530613,0.5315116866528764,16,0.1388938852815296,0.1350609261789742,0.07661573907801467,0.18537462424207432
Battery,50,batch,tail,excess,0.05,16,0.00020119865876040423,0.00019702433492057024,9.639790514484049e-05,0.00036483593285083774,16,0.0008058383895825581,0.0004562679983277418,0.00012719363674465462,0.002618319678778903,16,0.9528265332887572,0.9943288546933549,0.7708395800906123,1.0630233733057528,16,0.2777877705630592,0.2701218523579484,0.15323147815602933,0.37074924848414864
Battery,50,batch,tail,excess,0.1,16,0.00040239731752080845,0.0003940486698411405,0.00019279581028968097,0.0007296718657016755,16,0.0016116767791651161,0.0009125359966554836,0.00025438727348930923,0.005236639357557806,16,1.9056530665775144,1.9886577093867097,1.5416791601812245,2.1260467466115056,16,0.5555755411261184,0.5402437047158968,0.30646295631205867,0.7414984969682973
Battery,50,batch,tail,full,0.01,16,4.0239731752080844e-05,3.940486698411405e-05,1.9279581028968095e-05,7.296718657016754e-05,16,0.0006236523992866322,0.0005423788641099468,0.00018003978143921713,0.001475870859508173,16,0.025172810997727252,0.02252906250645819,0.008291908391023046,0.0669388293498023,16,0.011504837981669506,0.01090505661188043,0.004128368634894207,0.029710835329499224
Battery,50,batch,tail,full,0.025,16,0.00010059932938020211,9.851216746028512e-05,4.8198952572420244e-05,0.00018241796642541887,16,0.0015591309982165807,0.001355947160274867,0.00045009945359804284,0.0036896771487704323,16,0.06293202749431813,0.05632265626614548,0.020729770977557616,0.16734707337450577,16,0.028762094954173766,0.027262641529701075,0.010320921587235517,0.07427708832374806
Battery,50,batch,tail,full,0.05,16,0.00020119865876040423,0.00019702433492057024,9.639790514484049e-05,0.00036483593285083774,16,0.0031182619964331615,0.002711894320549734,0.0009001989071960857,0.007379354297540865,16,0.12586405498863626,0.11264531253229096,0.04145954195511523,0.33469414674901155,16,0.05752418990834753,0.05452528305940215,0.020641843174471035,0.14855417664749612
Battery,50,batch,tail,full,0.1,16,0.00040239731752080845,0.0003940486698411405,0.00019279581028968097,0.0007296718657016755,16,0.006236523992866323,0.005423788641099468,0.0018003978143921713,0.01475870859508173,16,0.2517281099772725,0.22529062506458192,0.08291908391023046,0.6693882934980231,16,0.11504837981669506,0.1090505661188043,0.04128368634894207,0.29710835329499224
Battery,50,batch,tail,shared,0.01,16,4.0239731752080844e-05,3.940486698411405e-05,1.9279581028968095e-05,7.296718657016754e-05,16,0.0005919786483227511,0.00048329034837090617,0.00017695870570703137,0.0013794483138829545,16,0.027032916021779173,0.024090342157340232,0.00912642039441365,0.07240098034945693,16,0.012180649581897803,0.011430483169048922,0.004550097770253206,0.0313788046391454
Battery,50,batch,tail,shared,0.025,16,0.00010059932938020211,9.851216746028512e-05,4.8198952572420244e-05,0.00018241796642541887,16,0.001479946620806878,0.0012082258709272655,0.00044239676426757843,0.003448620784707386,16,0.06758229005444794,0.06022585539335058,0.02281605098603413,0.1810024508736423,16,0.03045162395474451,0.028576207922622308,0.011375244425633015,0.07844701159786349
Battery,50,batch,tail,shared,0.05,16,0.00020119865876040423,0.00019702433492057024,9.639790514484049e-05,0.00036483593285083774,16,0.002959893241613756,0.002416451741854531,0.0008847935285351569,0.006897241569414772,16,0.13516458010889587,0.12045171078670117,0.04563210197206826,0.3620049017472846,16,0.06090324790948902,0.057152415845244615,0.02275048885126603,0.15689402319572698
Battery,50,batch,tail,shared,0.1,16,0.00040239731752080845,0.0003940486698411405,0.00019279581028968097,0.0007296718657016755,16,0.005919786483227512,0.004832903483709062,0.0017695870570703137,0.013794483138829545,16,0.27032916021779174,0.24090342157340233,0.09126420394413652,0.7240098034945692,16,0.12180649581897804,0.11430483169048923,0.04550097770253206,0.31378804639145397
Battery,50,batch,tail,temporal,0.01,16,4.0239731752080844e-05,3.940486698411405e-05,1.9279581028968095e-05,7.296718657016754e-05,16,2.92590784089262e-06,2.100915650483368e-06,5.200671139547657e-07,9.450085238127111e-06,16,0.014441886373245307,0.009612321707901907,0.002604624423740439,0.05055620544983483,16,0.006800777990985501,0.004237389919393614,0.0012761371808189365,0.02293562324891662
Battery,50,batch,tail,temporal,0.025,16,0.00010059932938020211,9.851216746028512e-05,4.8198952572420244e-05,0.00018241796642541887,16,7.314769602231551e-06,5.25228912620842e-06,1.3001677848869145e-06,2.3625213095317777e-05,16,0.03610471593311327,0.02403080426975477,0.006511561059351097,0.12639051362458706,16,0.017001944977463757,0.010593474798484034,0.0031903429520473412,0.05733905812229154
Battery,50,batch,tail,temporal,0.05,16,0.00020119865876040423,0.00019702433492057024,9.639790514484049e-05,0.00036483593285083774,16,1.4629539204463102e-05,1.050457825241684e-05,2.600335569773829e-06,4.7250426190635555e-05,16,0.07220943186622654,0.04806160853950954,0.013023122118702194,0.2527810272491741,16,0.034003889954927514,0.02118694959696807,0.0063806859040946825,0.11467811624458309
Battery,50,batch,tail,temporal,0.1,16,0.00040239731752080845,0.0003940486698411405,0.00019279581028968097,0.0007296718657016755,16,2.9259078408926205e-05,2.100915650483368e-05,5.200671139547658e-06,9.450085238127111e-05,16,0.14441886373245308,0.09612321707901908,0.026046244237404387,0.5055620544983482,16,0.06800777990985503,0.04237389919393614,0.012761371808189365,0.22935623248916617
Boston,50,accum4,amp_true,excess,0.0001,4,3.7799585406901314e-07,4.008760690339841e-07,2.775937377009541e-07,4.3263754050713034e-07,4,2.7759170110229766e-06,2.7421829377988906e-06,1.607773461918743e-06,4.011528706575382e-06,4,0.006550931948384719,0.0060575433457385084,0.005322502792904577,0.008766138309157286,4,0.0028274909741766267,0.002523800229963415,0.0020787302642475245,0.004183633172532152
Boston,50,accum4,amp_true,excess,0.0003,4,1.1339875622070395e-06,1.2026282071019521e-06,8.327812131028621e-07,1.297912621521391e-06,4,8.32775103306893e-06,8.22654881339667e-06,4.823320385756228e-06,1.2034586119726145e-05,4,0.01965279584515416,0.018172630037215524,0.01596750837871373,0.026298414927471855,4,0.008482472922529878,0.007571400689890245,0.006236190792742572,0.012550899517596453
Boston,50,accum4,amp_true,excess,0.0007,4,2.645970978483092e-06,2.8061324832378887e-06,1.9431561639066787e-06,3.028462783549912e-06,4,1.9431419077160833e-05,1.919528056459223e-05,1.1254414233431201e-05,2.8080700946027674e-05,4,0.04585652363869304,0.04240280342016956,0.03725751955033203,0.061362968164101,4,0.019792436819236384,0.017666601609743905,0.01455111184973267,0.02928543220772506
Boston,50,accum4,amp_true,excess,0.001,4,3.779958540690132e-06,4.0087606903398415e-06,2.775937377009541e-06,4.3263754050713035e-06,4,2.7759170110229762e-05,2.74218293779889e-05,1.607773461918743e-05,4.011528706575382e-05,4,0.0655093194838472,0.060575433457385086,0.053225027929045765,0.08766138309157286,4,0.028274909741766267,0.02523800229963415,0.020787302642475244,0.041836331725321516
Boston,50,accum4,amp_true,excess,0.003,4,1.1339875622070395e-05,1.2026282071019523e-05,8.327812131028622e-06,1.297912621521391e-05,4,8.327751033068928e-05,8.226548813396672e-05,4.823320385756229e-05,0.00012034586119726145,4,0.19652795845154158,0.18172630037215526,0.1596750837871373,0.2629841492747186,4,0.0848247292252988,0.07571400689890245,0.06236190792742573,0.12550899517596453
Boston,50,accum4,amp_true,full,0.0001,4,3.7799585406901314e-07,4.008760690339841e-07,2.775937377009541e-07,4.3263754050713034e-07,4,8.4016562364119e-06,8.536917827258646e-06,6.1610237129604045e-06,1.0371765578169906e-05,4,0.0006234621085114657,0.0005692148714031829,0.0004972810653221398,0.0008581376259173573,4,0.00029574418940789634,0.0002655699201877932,0.00023666992674050317,0.00041516699051549576
Boston,50,accum4,amp_true,full,0.0003,4,1.1339875622070395e-06,1.2026282071019521e-06,8.327812131028621e-07,1.297912621521391e-06,4,2.52049687092357e-05,2.5610753481775935e-05,1.848307113888121e-05,3.1115296734509715e-05,4,0.0018703863255343969,0.0017076446142095486,0.001491843195966419,0.0025744128777520714,4,0.0008872325682236889,0.0007967097605633795,0.0007100097802215094,0.001245500971546487
Boston,50,accum4,amp_true,full,0.0007,4,2.645970978483092e-06,2.8061324832378887e-06,1.9431561639066787e-06,3.028462783549912e-06,4,5.8811593654883305e-05,5.9758424790810525e-05,4.312716599072283e-05,7.260235904718934e-05,4,0.00436423475958026,0.0039845040998222805,0.003480967457254978,0.0060069633814215,4,0.002070209325855274,0.0018589894413145523,0.001656689487183522,0.0029061689336084703
Boston,50,accum4,amp_true,full,0.001,4,3.779958540690132e-06,4.0087606903398415e-06,2.775937377009541e-06,4.3263754050713035e-06,4,8.4016562364119e-05,8.536917827258646e-05,6.161023712960404e-05,0.00010371765578169905,4,0.006234621085114656,0.0056921487140318295,0.004972810653221397,0.008581376259173571,4,0.0029574418940789635,0.002655699201877932,0.0023666992674050316,0.004151669905154957
Boston,50,accum4,amp_true,full,0.003,4,1.1339875622070395e-05,1.2026282071019523e-05,8.327812131028622e-06,1.297912621521391e-05,4,0.00025204968709235703,0.0002561075348177594,0.00018483071138881212,0.0003111529673450972,4,0.01870386325534397,0.017076446142095487,0.014918431959664191,0.025744128777520716,4,0.00887232568223689,0.007967097605633796,0.007100097802215095,0.012455009715464873
Boston,50,accum4,amp_true,shared,0.0001,4,3.7799585406901314e-07,4.008760690339841e-07,2.775937377009541e-07,4.3263754050713034e-07,4,7.908272826216112e-06,8.060484568824718e-06,5.947543836476552e-06,9.564578330738463e-06,4,0.0006558225128663759,0.0006051432786180148,0.000536463636911503,0.0008765398573179715,4,0.00030707509587533493,0.00027735618704189627,0.0002527822285381006,0.00042080578087944667
Boston,50,accum4,amp_true,shared,0.0003,4,1.1339875622070395e-06,1.2026282071019521e-06,8.327812131028621e-07,1.297912621521391e-06,4,2.3724818478648333e-05,2.418145370647415e-05,1.7842631509429656e-05,2.8693734992215386e-05,4,0.0019674675385991276,0.001815429835854044,0.0016093909107345087,0.002629619571953914,4,0.0009212252876260047,0.0008320685611256887,0.0007583466856143017,0.0012624173426383398
Boston,50,accum4,amp_true,shared,0.0007,4,2.645970978483092e-06,2.8061324832378887e-06,1.9431561639066787e-06,3.028462783549912e-06,4,5.5357909783512786e-05,5.642339198177302e-05,4.1632806855335864e-05,6.695204831516924e-05,4,0.004590757590064632,0.004236002950326103,0.0037552454583805205,0.0061357790012258,4,0.0021495256711273445,0.0019414933092932736,0.0017694755997667041,0.0029456404661561265
Boston,50,accum4,amp_true,shared,0.001,4,3.779958540690132e-06,4.0087606903398415e-06,2.775937377009541e-06,4.3263754050713035e-06,4,7.908272826216112e-05,8.060484568824718e-05,5.9475438364765523e-05,9.564578330738464e-05,4,0.006558225128663759,0.006051432786180148,0.005364636369115029,0.008765398573179714,4,0.0030707509587533494,0.0027735618704189625,0.002527822285381006,0.004208057808794467
Boston,50,accum4,amp_true,shared,0.003,4,1.1339875622070395e-05,1.2026282071019523e-05,8.327812131028622e-06,1.297912621521391e-05,4,0.00023724818478648339,0.0002418145370647415,0.00017842631509429658,0.0002869373499221539,4,0.01967467538599128,0.018154298358540443,0.016093909107345088,0.026296195719539145,4,0.009212252876260048,0.008320685611256887,0.007583466856143018,0.0126241734263834
Boston,50,accum4,amp_true,temporal,0.0001,4,3.7799585406901314e-07,4.008760690339841e-07,2.775937377009541e-07,4.3263754050713034e-07,4,1.1001018759065191e-07,1.1136909301878983e-07,8.062955207558568e-08,1.3667301224944235e-07,4,0.0005158765259536961,0.0004694880187144209,0.00040589347143671567,0.0007186365949492272,4,0.0002492781220367366,0.00022387637478702124,0.00019679987355924615,0.0003525598650136577
Boston,50,accum4,amp_true,temporal,0.0003,4,1.1339875622070395e-06,1.2026282071019521e-06,8.327812131028621e-07,1.297912621521391e-06,4,3.300305627719557e-07,3.341072790563694e-07,2.41888656226757e-07,4.10019036748327e-07,4,0.0015476295778610884,0.0014084640561432627,0.0012176804143101468,0.0021559097848476813,4,0.0007478343661102096,0.0006716291243610636,0.0005903996206777383,0.001057679595040973
Boston,50,accum4,amp_true,temporal,0.0007,4,2.645970978483092e-06,2.8061324832378887e-06,1.9431561639066787e-06,3.028462783549912e-06,4,7.700713131345633e-07,7.795836511315288e-07,5.644068645290997e-07,9.567110857460964e-07,4,0.003611135681675873,0.0032864161310009465,0.0028412543000570093,0.0050304561646445905,4,0.0017449468542571562,0.0015671346235091486,0.0013775991149147229,0.0024679190550956037
Boston,50,accum4,amp_true,temporal,0.001,4,3.779958540690132e-06,4.0087606903398415e-06,2.775937377009541e-06,4.3263754050713035e-06,4,1.1001018759065192e-06,1.1136909301878981e-06,8.062955207558568e-07,1.3667301224944235e-06,4,0.005158765259536962,0.004694880187144209,0.004058934714367157,0.007186365949492272,4,0.0024927812203673658,0.0022387637478702123,0.0019679987355924614,0.003525598650136577
Boston,50,accum4,amp_true,temporal,0.003,4,1.1339875622070395e-05,1.2026282071019523e-05,8.327812131028622e-06,1.297912621521391e-05,4,3.3003056277195576e-06,3.3410727905636943e-06,2.4188865622675705e-06,4.100190367483271e-06,4,0.015476295778610885,0.014084640561432627,0.01217680414310147,0.021559097848476816,4,0.007478343661102097,0.006716291243610637,0.005903996206777384,0.010576795950409732
Boston,50,accum4,body,excess,1.0,4,0.0009179441804008093,0.0009169101540464908,0.0008360474021174014,0.0010019090113928542,4,0.0,0.0,0.0,0.0,4,0.0,0.0,0.0,0.0,4,0.0,0.0,0.0,0.0
Boston,50,accum4,body,full,1.0,4,0.0009179441804008093,0.0009169101540464908,0.0008360474021174014,0.0010019090113928542,4,0.012489127769306716,0.012493964095440409,0.01060375370932521,0.01436482917702084,4,0.9173275400369293,0.927546273459859,0.8773318260378872,0.9368857871901122,4,0.43459351815347563,0.4253736766257752,0.42107204801451903,0.4665546713478331
Boston,50,accum4,body,shared,1.0,4,0.0009179441804008093,0.0009169101540464908,0.0008360474021174014,0.0010019090113928542,4,0.01094921821523558,0.010941641608208638,0.009329858651510422,0.012583730993014616,4,0.9002710231233373,0.9116556456474687,0.8550291176882838,0.9227436835101278,4,0.4209143920727026,0.4105489940081265,0.4037998765467661,0.45875970372779135
Boston,50,accum4,body,temporal,1.0,4,0.0009179441804008093,0.0009169101540464908,0.0008360474021174014,0.0010019090113928542,4,0.00020024364123843156,0.00020475834983114613,0.00016851545248968146,0.00022294241280175245,4,0.9270033948395392,0.9319423538867169,0.8860664514548816,0.9580624201298413,4,0.44864502521568006,0.4320221436577977,0.42805221575543595,0.5024835977916888
Boston,50,accum4,excess,excess,2.0,4,0.00016288120878016343,0.00016911286638787715,0.0001193772695842199,0.00019392183276067954,4,0.0006668568759450045,0.0006235077601797058,0.00024343693535026776,0.0011769750480703388,4,1.3868818641009175,1.4094275724211074,1.1670599092208767,1.5616124023405786,4,0.5843620163896712,0.5852869904946796,0.5569784982115112,0.6098955863578145
Boston,50,accum4,excess,full,2.0,4,0.00016288120878016343,0.00016911286638787715,0.0001193772695842199,0.00019392183276067954,4,0.002780391948109287,0.002690575971843946,0.001881088993276247,0.003859326855473008,4,0.20897864740922728,0.19326235496207073,0.13007745788505826,0.3193124218277095,4,0.09962781854788655,0.09241579458019246,0.05919633271024628,0.154483352320915
Boston,50,accum4,excess,shared,2.0,4,0.00016288120878016343,0.00016911286638787715,0.0001193772695842199,0.00019392183276067954,4,0.0026897451500624515,0.0026091163616141955,0.0018652705592305677,0.0036754773177908474,4,0.22572951281542158,0.2102557582874471,0.1455696922974123,0.3368368423893799,4,0.10637195324680151,0.09957317285998771,0.06463417089358527,0.16170729637364542
Boston,50,accum4,excess,temporal,2.0,4,0.00016288120878016343,0.00016911286638787715,0.0001193772695842199,0.00019392183276067954,4,3.114936648434112e-05,2.8115287394609248e-05,1.958006328642543e-05,4.8786827861720545e-05,4,0.14803531621498223,0.12444340420285373,0.0867297828856546,0.25652467356856684,4,0.07159765635104597,0.060180560528145535,0.04017965906914482,0.12584984527874798
Boston,50,accum4,gate,excess,0.5,4,0.00036739638107974315,0.0003979190169047797,0.00022521102073369548,0.0004485364697757177,4,0.0,0.0,0.0,0.0,4,0.0,0.0,0.0,0.0,4,0.0,0.0,0.0,0.0
Boston,50,accum4,gate,full,0.5,4,0.00036739638107974315,0.0003979190169047797,0.00022521102073369548,0.0004485364697757177,4,0.0032053111423521793,0.0033120754312083722,0.0012673052602014264,0.0049297884467905465,4,0.22841310372296167,0.23395151132040642,0.10485411756613608,0.3408952746848978,4,0.10704720920552338,0.11116200093351003,0.050728422945625545,0.15513641200944792
Boston,50,accum4,gate,shared,0.5,4,0.00036739638107974315,0.0003979190169047797,0.00022521102073369548,0.0004485364697757177,4,0.0031609860216176085,0.003262585694830538,0.00123400426205599,0.004884768434753369,4,0.2526868463344336,0.25822004158460354,0.11308955631803726,0.3812177458504902,4,0.1165133812929307,0.12124902269598188,0.054291586011083866,0.16926389376867523
Boston,50,accum4,gate,temporal,0.5,4,0.00036739638107974315,0.0003979190169047797,0.00022521102073369548,0.0004485364697757177,4,3.52536084887436e-05,3.582366505587303e-05,1.2057669522223346e-05,5.7309434321004965e-05,4,0.1565718064004402,0.16063686926264722,0.06340009944800946,0.24161338762845674,4,0.0743894507150769,0.07804354127919638,0.031103802200362362,0.11036691810155246
Boston,50,accum4,tail,excess,0.01,4,3.132508769340347e-05,3.12662820215337e-05,2.4843327119015156e-05,3.792445961153135e-05,4,9.174045578040643e-05,8.733384311930721e-05,4.1723932337903706e-05,0.00015057020454510762,4,0.20327756824514642,0.20003649822674266,0.19977679155229275,0.2132604849748076,4,0.08663370143707111,0.08652375485064909,0.07802383180477278,0.09546346424221346
Boston,50,accum4,tail,excess,0.025,4,7.831271923350869e-05,7.816570505383425e-05,6.21083177975379e-05,9.481114902882838e-05,4,0.0002293511394510161,0.00021833460779826803,0.00010430983084475928,0.0003764255113627691,4,0.5081939206128661,0.5000912455668567,0.4994419788807319,0.533151212437019,4,0.21658425359267777,0.21630938712662273,0.19505957951193198,0.23865866060553365
Boston,50,accum4,tail,excess,0.05,4,0.00015662543846701739,0.0001563314101076685,0.0001242166355950758,0.00018962229805765676,4,0.0004587022789020322,0.00043666921559653606,0.00020861966168951856,0.0007528510227255382,4,1.0163878412257321,1.0001824911337134,0.9988839577614638,1.066302424874038,4,0.43316850718535554,0.43261877425324546,0.39011915902386396,0.4773173212110673
Boston,50,accum4,tail,excess,0.1,4,0.00031325087693403477,0.000312662820215337,0.0002484332711901516,0.0003792445961153135,4,0.0009174045578040644,0.0008733384311930721,0.0004172393233790371,0.0015057020454510763,4,2.0327756824514642,2.0003649822674268,1.9977679155229275,2.132604849748076,4,0.8663370143707111,0.8652375485064909,0.7802383180477279,0.9546346424221346
Boston,50,accum4,tail,full,0.01,4,3.132508769340347e-05,3.12662820215337e-05,2.4843327119015156e-05,3.792445961153135e-05,4,0.0007546550526177649,0.0007551067178128007,0.0006068375124776614,0.0009015692623677966,4,0.05562082060121182,0.05413446288807249,0.04898030242076883,0.06523405420793346,4,0.02635509964522282,0.02557331330123305,0.02271353601315047,0.03156023596527472
Boston,50,accum4,tail,full,0.025,4,7.831271923350869e-05,7.816570505383425e-05,6.21083177975379e-05,9.481114902882838e-05,4,0.0018866376315444123,0.0018877667945320017,0.0015170937811941534,0.002253923155919492,4,0.13905205150302954,0.13533615722018122,0.12245075605192209,0.16308513551983364,4,0.06588774911305706,0.06393328325308262,0.056783840032876176,0.07890058991318681
Boston,50,accum4,tail,full,0.05,4,0.00015662543846701739,0.0001563314101076685,0.0001242166355950758,0.00018962229805765676,4,0.0037732752630888246,0.0037755335890640035,0.0030341875623883068,0.004507846311838984,4,0.2781041030060591,0.27067231444036244,0.24490151210384417,0.3261702710396673,4,0.13177549822611412,0.12786656650616524,0.11356768006575235,0.15780117982637362
Boston,50,accum4,tail,full,0.1,4,0.00031325087693403477,0.000312662820215337,0.0002484332711901516,0.0003792445961153135,4,0.007546550526177649,0.007551067178128007,0.0060683751247766135,0.009015692623677967,4,0.5562082060121182,0.5413446288807249,0.48980302420768834,0.6523405420793346,4,0.26355099645222824,0.25573313301233047,0.2271353601315047,0.31560235965274724
Boston,50,accum4,tail,shared,0.01,4,3.132508769340347e-05,3.12662820215337e-05,2.4843327119015156e-05,3.792445961153135e-05,4,0.0007261085236168998,0.0007271474003305151,0.0005842994098286906,0.0008658398839778785,4,0.059856814063092054,0.05850347041160449,0.052703333520554854,0.06971698190860438,4,0.027989482382842802,0.027227821648866432,0.024032833854855988,0.03346945237878235
Boston,50,accum4,tail,shared,0.025,4,7.831271923350869e-05,7.816570505383425e-05,6.21083177975379e-05,9.481114902882838e-05,4,0.0018152713090422495,0.0018178685008262878,0.0014607485245717263,0.002164599709944696,4,0.14964203515773014,0.14625867602901121,0.13175833380138713,0.17429245477151098,4,0.069973705957107,0.06806955412216609,0.06008208463713997,0.08367363094695589
Boston,50,accum4,tail,shared,0.05,4,0.00015662543846701739,0.0001563314101076685,0.0001242166355950758,0.00018962229805765676,4,0.003630542618084499,0.0036357370016525756,0.0029214970491434527,0.004329199419889392,4,0.2992840703154603,0.29251735205802243,0.26351666760277426,0.34858490954302196,4,0.139947411914214,0.13613910824433217,0.12016416927427993,0.16734726189391178
Boston,50,accum4,tail,shared,0.1,4,0.00031325087693403477,0.000312662820215337,0.0002484332711901516,0.0003792445961153135,4,0.007261085236168998,0.007271474003305151,0.005842994098286905,0.008658398839778784,4,0.5985681406309206,0.5850347041160449,0.5270333352055485,0.6971698190860439,4,0.279894823828428,0.27227821648866435,0.24032833854855987,0.33469452378782355
Boston,50,accum4,tail,temporal,0.01,4,3.132508769340347e-05,3.12662820215337e-05,2.4843327119015156e-05,3.792445961153135e-05,4,1.041933081461625e-05,1.0435768915965878e-05,8.151004104725588e-06,1.2654781321807662e-05,4,0.04851452036756369,0.04719222210321401,0.040703404058705844,0.0589702332051209,4,0.023419690101535662,0.02294569955239426,0.01885683145533338,0.02893052984602075
Boston,50,accum4,tail,temporal,0.025,4,7.831271923350869e-05,7.816570505383425e-05,6.21083177975379e-05,9.481114902882838e-05,4,2.604832703654063e-05,2.6089422289914693e-05,2.0377510261813974e-05,3.163695330451915e-05,4,0.12128630091890924,0.11798055525803502,0.10175851014676461,0.14742558301280226,4,0.058549225253839154,0.05736424888098565,0.04714207863833345,0.07232632461505188
Boston,50,accum4,tail,temporal,0.05,4,0.00015662543846701739,0.0001563314101076685,0.0001242166355950758,0.00018962229805765676,4,5.209665407308126e-05,5.217884457982939e-05,4.075502052362795e-05,6.32739066090383e-05,4,0.24257260183781848,0.23596111051607005,0.20351702029352922,0.2948511660256045,4,0.11709845050767831,0.1147284977619713,0.0942841572766669,0.14465264923010376
Boston,50,accum4,tail,temporal,0.1,4,0.00031325087693403477,0.000312662820215337,0.0002484332711901516,0.0003792445961153135,4,0.00010419330814616251,0.00010435768915965877,8.15100410472559e-05,0.0001265478132180766,4,0.48514520367563696,0.4719222210321401,0.40703404058705844,0.589702332051209,4,0.23419690101535662,0.2294569955239426,0.1885683145533338,0.2893052984602075
Boston,50,batch,amp_true,excess,0.0001,16,3.779958540690132e-07,3.304616664536298e-07,1.2410640483722091e-07,9.567459113895893e-07,16,2.9080311970564343e-06,2.628032674146455e-06,4.72717842929676e-07,5.581801895318166e-06,16,0.005407802430641934,0.004707945789965262,0.0007684496104664512,0.011217427681343647,16,0.002010371046960992,0.001975053305303815,0.0002424918624093081,0.0034005226180226604
Boston,50,batch,amp_true,excess,0.0003,16,1.1339875622070395e-06,9.91384999360889e-07,3.723192145116627e-07,2.870237734168768e-06,16,8.724093591169303e-06,7.884098022439366e-06,1.418153528789028e-06,1.67454056859545e-05,16,0.0162234072919258,0.014123837369895784,0.0023053488313993535,0.03365228304403094,16,0.006031113140882975,0.005925159915911444,0.0007274755872279242,0.01020156785406798
Boston,50,batch,amp_true,excess,0.0007,16,2.645970978483092e-06,2.313231665175408e-06,8.687448338605463e-07,6.697221379727125e-06,16,2.0356218379395038e-05,1.8396228719025183e-05,3.309024900507732e-06,3.907261326722716e-05,16,0.03785461701449354,0.032955620529756834,0.005379147273265159,0.07852199376940552,16,0.014072597328726942,0.013825373137126704,0.0016974430368651564,0.02380365832615862
Boston,50,batch,amp_true,excess,0.001,16,3.7799585406901313e-06,3.304616664536297e-06,1.241064048372209e-06,9.567459113895893e-06,16,2.908031197056434e-05,2.6280326741464552e-05,4.72717842929676e-06,5.581801895318166e-05,16,0.05407802430641934,0.04707945789965262,0.007684496104664512,0.11217427681343646,16,0.020103710469609917,0.01975053305303815,0.002424918624093081,0.034005226180226604
Boston,50,batch,amp_true,excess,0.003,16,1.1339875622070396e-05,9.913849993608892e-06,3.723192145116627e-06,2.870237734168768e-05,16,8.724093591169303e-05,7.884098022439365e-05,1.418153528789028e-05,0.000167454056859545,16,0.162234072919258,0.14123837369895786,0.023053488313993536,0.3365228304403094,16,0.06031113140882975,0.059251599159114446,0.007274755872279242,0.1020156785406798
Boston,50,batch,amp_true,full,0.0001,16,3.779958540690132e-07,3.304616664536298e-07,1.2410640483722091e-07,9.567459113895893e-07,16,9.042127439509789e-06,8.532660084170256e-06,2.194609537759632e-06,2.0061284762530864e-05,16,0.0006270608367413586,0.0005891109767271243,0.00016574074040483298,0.0014647067064121292,16,0.0002926451268962173,0.00028445926489734444,7.348987617842444e-05,0.000653512033137194
Boston,50,batch,amp_true,full,0.0003,16,1.1339875622070395e-06,9.91384999360889e-07,3.723192145116627e-07,2.870237734168768e-06,16,2.7126382318529365e-05,2.5597980252510767e-05,6.583828613278896e-06,6.018385428759258e-05,16,0.0018811825102240751,0.0017673329301813728,0.0004972222212144988,0.004394120119236387,16,0.0008779353806886518,0.0008533777946920331,0.00022046962853527327,0.0019605360994115815
Boston,50,batch,amp_true,full,0.0007,16,2.645970978483092e-06,2.313231665175408e-06,8.687448338605463e-07,6.697221379727125e-06,16,6.329489207656852e-05,5.972862058919179e-05,1.5362266764317426e-05,0.00014042899333771604,16,0.004389425857189509,0.0041237768370898705,0.0011601851828338307,0.010252946944884904,16,0.0020485158882735206,0.0019912148542814106,0.000514429133248971,0.004574584231960358
Boston,50,batch,amp_true,full,0.001,16,3.7799585406901313e-06,3.304616664536297e-06,1.241064048372209e-06,9.567459113895893e-06,16,9.042127439509788e-05,8.532660084170255e-05,2.194609537759632e-05,0.00020061284762530862,16,0.006270608367413584,0.005891109767271243,0.0016574074040483298,0.014647067064121291,16,0.002926451268962173,0.002844592648973444,0.0007348987617842443,0.00653512033137194
Boston,50,batch,amp_true,full,0.003,16,1.1339875622070396e-05,9.913849993608892e-06,3.723192145116627e-06,2.870237734168768e-05,16,0.0002712638231852937,0.0002559798025251077,6.583828613278896e-05,0.0006018385428759259,16,0.018811825102240755,0.01767332930181373,0.004972222212144989,0.043941201192363874,16,0.00877935380688652,0.008533777946920333,0.002204696285352733,0.01960536099411582
Boston,50,batch,amp_true,shared,0.0001,16,3.779958540690132e-07,3.304616664536298e-07,1.2410640483722091e-07,9.567459113895893e-07,16,8.476390855294051e-06,7.521603784661841e-06,1.5720007761762066e-06,1.9269110875304433e-05,16,0.0006533850304141881,0.0005906468966597304,0.00011392852403401111,0.0015147163298619437,16,0.00030109305765547664,0.00028446309363046047,4.919539509530283e-05,0.0006651542658924576
Boston,50,batch,amp_true,shared,0.0003,16,1.1339875622070395e-06,9.91384999360889e-07,3.723192145116627e-07,2.870237734168768e-06,16,2.5429172565882147e-05,2.256481135398552e-05,4.716002328528619e-06,5.7807332625913294e-05,16,0.001960155091242564,0.001771940689979191,0.0003417855721020333,0.00454414898958583,16,0.00090327917296643,0.0008533892808913812,0.00014758618528590845,0.001995462797677373
Boston,50,batch,amp_true,shared,0.0007,16,2.645970978483092e-06,2.313231665175408e-06,8.687448338605463e-07,6.697221379727125e-06,16,5.933473598705835e-05,5.2651226492632884e-05,1.1004005433233445e-05,0.00013488377612713102,16,0.004573695212899317,0.004134528276618112,0.0007974996682380777,0.010603014309033605,16,0.0021076514035883367,0.001991241655413223,0.00034436776566711976,0.004656079861247203
Boston,50,batch,amp_true,shared,0.001,16,3.7799585406901313e-06,3.304616664536297e-06,1.241064048372209e-06,9.567459113895893e-06,16,8.47639085529405e-05,7.521603784661841e-05,1.5720007761762064e-05,0.00019269110875304432,16,0.006533850304141881,0.005906468966597304,0.001139285240340111,0.015147163298619436,16,0.003010930576554767,0.0028446309363046045,0.0004919539509530283,0.006651542658924576
Boston,50,batch,amp_true,shared,0.003,16,1.1339875622070396e-05,9.913849993608892e-06,3.723192145116627e-06,2.870237734168768e-05,16,0.00025429172565882147,0.00022564811353985523,4.716002328528619e-05,0.000578073326259133,16,0.019601550912425644,0.01771940689979191,0.0034178557210203333,0.045441489895858306,16,0.0090327917296643,0.008533892808913812,0.0014758618528590848,0.01995462797677373
Boston,50,batch,amp_true,temporal,0.0001,16,3.779958540690132e-07,3.304616664536298e-07,1.2410640483722091e-07,9.567459113895893e-07,16,1.1068588089529287e-07,1.0152508312647397e-07,1.844382851897621e-08,2.2638989891261964e-07,16,0.0005154247176717957,0.0005285911785749396,7.549943479420305e-05,0.001073619322157003,16,0.0002491394747900429,0.0002577283889385097,3.315228442490429e-05,0.0004845549719232514
Boston,50,batch,amp_true,temporal,0.0003,16,1.1339875622070395e-06,9.91384999360889e-07,3.723192145116627e-07,2.870237734168768e-06,16,3.320576426858785e-07,3.0457524937942186e-07,5.533148555692862e-08,6.791696967378588e-07,16,0.001546274153015387,0.0015857735357248186,0.0002264983043826091,0.003220857966471008,16,0.0007474184243701285,0.0007731851668155289,9.945685327471285e-05,0.001453664915769754
Boston,50,batch,amp_true,temporal,0.0007,16,2.645970978483092e-06,2.313231665175408e-06,8.687448338605463e-07,6.697221379727125e-06,16,7.7480116626705e-07,7.106755818853177e-07,1.2910679963283346e-07,1.5847292923883373e-06,16,0.0036079730237025703,0.003700138250024577,0.0005284960435594212,0.00751533525509902,16,0.0017439763235302997,0.0018040987225695676,0.00023206599097433002,0.0033918848034627594
Boston,50,batch,amp_true,temporal,0.001,16,3.7799585406901313e-06,3.304616664536297e-06,1.241064048372209e-06,9.567459113895893e-06,16,1.1068588089529286e-06,1.0152508312647396e-06,1.844382851897621e-07,2.263898989126196e-06,16,0.005154247176717957,0.005285911785749396,0.0007549943479420304,0.010736193221570028,16,0.0024913947479004283,0.0025772838893850965,0.0003315228442490429,0.004845549719232514
Boston,50,batch,amp_true,temporal,0.003,16,1.1339875622070396e-05,9.913849993608892e-06,3.723192145116627e-06,2.870237734168768e-05,16,3.320576426858786e-06,3.045752493794219e-06,5.533148555692862e-07,6.791696967378588e-06,16,0.01546274153015387,0.015857735357248187,0.002264983043826091,0.03220857966471009,16,0.007474184243701285,0.007731851668155289,0.0009945685327471287,0.014536649157697541
Boston,50,batch,body,excess,1.0,16,0.0009179441804008093,0.0008796110632829368,0.0008010723395273089,0.00111946533434093,16,0.0,0.0,0.0,0.0,16,0.0,0.0,0.0,0.0,16,0.0,0.0,0.0,0.0
Boston,50,batch,body,full,1.0,16,0.0009179441804008093,0.0008796110632829368,0.0008010723395273089,0.00111946533434093,16,0.013280864722511106,0.01361720752642201,0.008845792149061468,0.017483086250981036,16,0.9164698806767505,0.941563607414027,0.7167205691355166,0.9878651139390027,16,0.4358583514411546,0.45322271095729494,0.3197810962949242,0.5023443306730325
Boston,50,batch,body,shared,1.0,16,0.0009179441804008093,0.0008796110632829368,0.0008010723395273089,0.00111946533434093,16,0.011679681404804697,0.012052281555486263,0.007365966588069762,0.015965893750369844,16,0.9004810984216352,0.9282936167081348,0.6812248805115235,0.9863260299065201,16,0.4248160297212007,0.445533259301082,0.2991448803787693,0.5027283454045504
Boston,50,batch,body,temporal,1.0,16,0.0009179441804008093,0.0008796110632829368,0.0008010723395273089,0.00111946533434093,16,0.00020246876730065978,0.00020831301020253566,0.00012458993473404633,0.00024815091869775094,16,0.9239891516403834,0.9422356768091019,0.7641750518643432,0.9881838625524586,16,0.45271941883922096,0.4654655945607793,0.3321405417116863,0.5283576478461436
Boston,50,batch,excess,excess,2.0,16,0.00016288120878016343,0.00013999094517203048,3.6438221286516637e-05,0.000366855034371838,16,0.001103609547793399,0.0009716997192738368,8.367433249451273e-05,0.0025367212527137523,16,1.7504385519815127,1.6228570944511327,1.1663425506752527,3.048246374765141,16,0.6305698719599281,0.6192624906149906,0.539506093254631,0.755283208213393
Boston,50,batch,excess,full,2.0,16,0.00016288120878016343,0.00013999094517203048,3.6438221286516637e-05,0.000366855034371838,16,0.003776686631253167,0.003437062505802866,0.0004579511446438272,0.007898055178939593,16,0.2637689976979194,0.27866847571579223,0.03787258158491113,0.6040947141446181,16,0.12217081360208601,0.1348643330050301,0.019298314920556666,0.2695305231551251
Boston,50,batch,excess,shared,2.0,16,0.00016288120878016343,0.00013999094517203048,3.6438221286516637e-05,0.000366855034371838,16,0.003586820834632936,0.003243532473783622,0.0004502419982211669,0.0076506011649865036,16,0.27849211607276003,0.2806920835011659,0.04335239589270399,0.6294709080573916,16,0.12712996150032613,0.1355218868491213,0.022271571266641203,0.2764182649220757
Boston,50,batch,excess,temporal,2.0,16,0.00016288120878016343,0.00013999094517203048,3.6438221286516637e-05,0.000366855034371838,16,3.8719954709195157e-05,3.7409513223957744e-05,5.195981695282052e-06,9.184053967674963e-05,16,0.1784827434323951,0.1506743927928217,0.028167692714809758,0.4269509378217917,16,0.08503262970078643,0.07713564910494276,0.01471075005196603,0.19269511587515045
Boston,50,batch,gate,excess,0.5,16,0.00036739638107974315,0.0003988726093666628,0.00020447532006073743,0.0006800623959861696,16,0.0,0.0,0.0,0.0,16,0.0,0.0,0.0,0.0,16,0.0,0.0,0.0,0.0
Boston,50,batch,gate,full,0.5,16,0.00036739638107974315,0.0003988726093666628,0.00020447532006073743,0.0006800623959861696,16,0.004357374474246917,0.003557345724952931,0.0017680003850919811,0.0144322129793266,16,0.2867718176861638,0.24633118483264296,0.1409509286843347,0.7433071396882169,16,0.13205526694847652,0.12073157459951336,0.06903446220401532,0.2852487220946683
Boston,50,batch,gate,shared,0.5,16,0.00036739638107974315,0.0003988726093666628,0.00020447532006073743,0.0006800623959861696,16,0.004300194492471929,0.003529760250001534,0.0017577374800993937,0.014253816790547947,16,0.3166586625766123,0.27789280020528045,0.15383547696246994,0.8123110890580659,16,0.14385664455525543,0.13536601642458834,0.07447516179741795,0.2982633767976125
Boston,50,batch,gate,temporal,0.5,16,0.00036739638107974315,0.0003988726093666628,0.00020447532006073743,0.0006800623959861696,16,4.0045084405953195e-05,2.5997939795232516e-05,3.5865505450106046e-06,0.0001625167033711095,16,0.17199360629004046,0.12017179594798752,0.0156250387782733,0.5552550589791286,16,0.07999028765173156,0.05929305555289684,0.00780762015113893,0.21752241006459333
Boston,50,batch,tail,excess,0.01,16,3.132508769340347e-05,2.8629865264520047e-05,1.0234860237687826e-05,7.003521546721459e-05,16,0.00012741345484538325,0.00012187657253372432,1.1238324694066674e-05,0.0002397521110526851,16,0.2026620827405684,0.20000313138579068,0.1980724164519724,0.22826618201466278,16,0.07570704484399036,0.07626694136345193,0.0490776504795979,0.10558733024837609
Boston,50,batch,tail,excess,0.025,16,7.831271923350869e-05,7.157466316130013e-05,2.5587150594219567e-05,0.00017508803866803647,16,0.0003185336371134581,0.0003046914313343109,2.8095811735166685e-05,0.0005993802776317128,16,0.506655206851421,0.5000078284644768,0.49518104112993105,0.570665455036657,16,0.18926761210997592,0.19066735340862984,0.12269412619899474,0.26396832562094025
Boston,50,batch,tail,excess,0.05,16,0.00015662543846701739,0.00014314932632260026,5.1174301188439133e-05,0.00035017607733607293,16,0.0006370672742269162,0.0006093828626686218,5.619162347033337e-05,0.0011987605552634256,16,1.013310413702842,1.0000156569289536,0.9903620822598621,1.141330910073314,16,0.37853522421995184,0.38133470681725967,0.24538825239798948,0.5279366512418805
Boston,50,batch,tail,excess,0.1,16,0.00031325087693403477,0.0002862986526452005,0.00010234860237687827,0.0007003521546721459,16,0.0012741345484538324,0.0012187657253372435,0.00011238324694066674,0.0023975211105268512,16,2.026620827405684,2.000031313857907,1.9807241645197242,2.282661820146628,16,0.7570704484399037,0.7626694136345193,0.49077650479597895,1.055873302483761
Boston,50,batch,tail,full,0.01,16,3.132508769340347e-05,2.8629865264520047e-05,1.0234860237687826e-05,7.003521546721459e-05,16,0.0008140488233703198,0.0007356420953067481,0.00021829312092240587,0.0016484967582733481,16,0.05553833822660562,0.05158057746564007,0.016410064237933474,0.11157818583317684,16,0.02584456785418315,0.02527065657662065,0.008330682844257212,0.04978313184365388
Boston,50,batch,tail,full,0.025,16,7.831271923350869e-05,7.157466316130013e-05,2.5587150594219567e-05,0.00017508803866803647,16,0.0020351220584257992,0.0018391052382668702,0.0005457328023060146,0.004121241895683371,16,0.13884584556651408,0.1289514436641002,0.04102516059483369,0.2789454645829421,16,0.06461141963545788,0.06317664144155162,0.020826707110643033,0.1244578296091347
Boston,50,batch,tail,full,0.05,16,0.00015662543846701739,0.00014314932632260026,5.1174301188439133e-05,0.00035017607733607293,16,0.0040702441168515985,0.0036782104765337403,0.0010914656046120293,0.008242483791366741,16,0.27769169113302816,0.2579028873282004,0.08205032118966737,0.5578909291658842,16,0.12922283927091577,0.12635328288310324,0.041653414221286066,0.2489156592182694
Boston,50,batch,tail,full,0.1,16,0.00031325087693403477,0.0002862986526452005,0.00010234860237687827,0.0007003521546721459,16,0.008140488233703197,0.007356420953067481,0.0021829312092240586,0.016484967582733483,16,0.5553833822660563,0.5158057746564008,0.16410064237933475,1.1157818583317685,16,0.25844567854183154,0.2527065657662065,0.08330682844257213,0.4978313184365388
Boston,50,batch,tail,shared,0.01,16,3.132508769340347e-05,2.8629865264520047e-05,1.0234860237687826e-05,7.003521546721459e-05,16,0.0007794446173588717,0.0007011788606231796,0.00020937375437092868,0.0015957013601275388,16,0.059231262397113044,0.055016791251205614,0.01746546947453779,0.11667119999795526,16,0.02722023153148183,0.026192295256297408,0.008906094758684988,0.05123358404177576
Boston,50,batch,tail,shared,0.025,16,7.831271923350869e-05,7.157466316130013e-05,2.5587150594219567e-05,0.00017508803866803647,16,0.0019486115433971795,0.001752947151557949,0.0005234343859273217,0.003989253400318847,16,0.14807815599278262,0.13754197812801405,0.04366367368634447,0.29167799999488814,16,0.06805057882870458,0.06548073814074352,0.02226523689671247,0.12808396010443943
Boston,50,batch,tail,shared,0.05,16,0.00015662543846701739,0.00014314932632260026,5.1174301188439133e-05,0.00035017607733607293,16,0.003897223086794359,0.003505894303115898,0.0010468687718546434,0.007978506800637695,16,0.29615631198556525,0.2750839562560281,0.08732734737268893,0.5833559999897763,16,0.13610115765740916,0.13096147628148705,0.04453047379342494,0.25616792020887885
Boston,50,batch,tail,shared,0.1,16,0.00031325087693403477,0.0002862986526452005,0.00010234860237687827,0.0007003521546721459,16,0.007794446173588718,0.007011788606231796,0.002093737543709287,0.01595701360127539,16,0.5923126239711305,0.5501679125120562,0.17465469474537787,1.1667119999795525,16,0.2722023153148183,0.2619229525629741,0.08906094758684988,0.5123358404177577
Boston,50,batch,tail,temporal,0.01,16,3.132508769340347e-05,2.8629865264520047e-05,1.0234860237687826e-05,7.003521546721459e-05,16,1.0549471158315694e-05,9.85570660238205e-06,3.1355369208638122e-06,2.1391361730381738e-05,16,0.04827182024947267,0.047984242455762265,0.014506445722361858,0.0980200041173525,16,0.023285426192185335,0.024770011405977756,0.007508109252601868,0.044239219025582185
Boston,50,batch,tail,temporal,0.025,16,7.831271923350869e-05,7.157466316130013e-05,2.5587150594219567e-05,0.00017508803866803647,16,2.6373677895789236e-05,2.463926650595512e-05,7.83884230215953e-06,5.347840432595435e-05,16,0.12067955062368169,0.11996060613940565,0.036266114305904644,0.24505001029338125,16,0.058213565480463345,0.06192502851494439,0.018770273131504672,0.11059804756395547
Boston,50,batch,tail,temporal,0.05,16,0.00015662543846701739,0.00014314932632260026,5.1174301188439133e-05,0.00035017607733607293,16,5.274735579157847e-05,4.927853301191024e-05,1.567768460431906e-05,0.0001069568086519087,16,0.24135910124736337,0.2399212122788113,0.07253222861180929,0.4901000205867625,16,0.11642713096092669,0.12385005702988879,0.037540546263009344,0.22119609512791094
Boston,50,batch,tail,temporal,0.1,16,0.00031325087693403477,0.0002862986526452005,0.00010234860237687827,0.0007003521546721459,16,0.00010549471158315694,9.855706602382048e-05,3.135536920863812e-05,0.0002139136173038174,16,0.48271820249472674,0.4798424245576226,0.14506445722361858,0.980200041173525,16,0.23285426192185338,0.24770011405977757,0.07508109252601869,0.4423921902558219
CBBT,0,accum4,amp_true,excess,0.0001,4,1.2678107217652724e-06,1.3091461383737624e-06,9.277287055738271e-07,1.5252219047397377e-06,4,1.5028418253372701e-06,1.5209225917058665e-06,1.1777686424797937e-06,1.7917534754575537e-06,4,0.0027812231246381832,0.0028446246746968206,0.002169387370895998,0.0032662557782630938,4,0.0008792306488775302,0.0008932710066596012,0.0008096052257982173,0.000920775356392701
CBBT,0,accum4,amp_true,excess,0.0003,4,3.8034321652958165e-06,3.927438415121287e-06,2.783186116721481e-06,4.575665714219212e-06,4,4.508525476011809e-06,4.562767775117598e-06,3.5333059274393807e-06,5.37526042637266e-06,4,0.008343669373914548,0.00853387402409046,0.006508162112687994,0.00979876733478928,4,0.00263769194663259,0.0026798130199788034,0.0024288156773946516,0.0027623260691781028
CBBT,0,accum4,amp_true,excess,0.0007,4,8.874675052356905e-06,9.164022968616337e-06,6.494100939016789e-06,1.0676553333178162e-05,4,1.051989277736089e-05,1.0646458141941064e-05,8.244380497358557e-06,1.2542274328202876e-05,4,0.01946856187246728,0.01991237272287774,0.015185711596271986,0.022863790447841655,4,0.006154614542142712,0.006252897046617209,0.005667236580587521,0.006445427494748907
CBBT,0,accum4,amp_true,excess,0.001,4,1.2678107217652724e-05,1.3091461383737623e-05,9.27728705573827e-06,1.5252219047397375e-05,4,1.50284182533727e-05,1.5209225917058664e-05,1.1777686424797937e-05,1.7917534754575536e-05,4,0.02781223124638183,0.028446246746968204,0.02169387370895998,0.032662557782630934,4,0.008792306488775303,0.008932710066596013,0.008096052257982173,0.00920775356392701
CBBT,0,accum4,amp_true,excess,0.003,4,3.803432165295817e-05,3.927438415121288e-05,2.783186116721481e-05,4.575665714219212e-05,4,4.50852547601181e-05,4.5627677751175984e-05,3.533305927439381e-05,5.375260426372661e-05,4,0.0834366937391455,0.08533874024090461,0.06508162112687994,0.09798767334789281,4,0.026376919466325907,0.026798130199788037,0.02428815677394652,0.027623260691781032
CBBT,0,accum4,amp_true,full,0.0001,4,1.2678107217652724e-06,1.3091461383737624e-06,9.277287055738271e-07,1.5252219047397377e-06,4,1.5028418253372701e-06,1.5209225917058665e-06,1.1777686424797937e-06,1.7917534754575537e-06,4,8.807418484691257e-06,9.002246361044091e-06,6.859393095115912e-06,1.0365788121560933e-05,4,4.526661264112581e-06,4.62585217391736e-06,3.4993931127262515e-06,5.355547595889354e-06
CBBT,0,accum4,amp_true,full,0.0003,4,3.8034321652958165e-06,3.927438415121287e-06,2.783186116721481e-06,4.575665714219212e-06,4,4.508525476011809e-06,4.562767775117598e-06,3.5333059274393807e-06,5.37526042637266e-06,4,2.6422255454073766e-05,2.700673908313227e-05,2.0578179285347736e-05,3.10973643646828e-05,4,1.3579983792337742e-05,1.3877556521752079e-05,1.0498179338178753e-05,1.6066642787668058e-05
CBBT,0,accum4,amp_true,full,0.0007,4,8.874675052356905e-06,9.164022968616337e-06,6.494100939016789e-06,1.0676553333178162e-05,4,1.051989277736089e-05,1.0646458141941064e-05,8.244380497358557e-06,1.2542274328202876e-05,4,6.16519293928388e-05,6.301572452730864e-05,4.801575166581138e-05,7.256051685092653e-05,4,3.1686628848788066e-05,3.238096521742152e-05,2.4495751789083757e-05,3.748883317122547e-05
CBBT,0,accum4,amp_true,full,0.001,4,1.2678107217652724e-05,1.3091461383737623e-05,9.27728705573827e-06,1.5252219047397375e-05,4,1.50284182533727e-05,1.5209225917058664e-05,1.1777686424797937e-05,1.7917534754575536e-05,4,8.807418484691257e-05,9.00224636104409e-05,6.859393095115912e-05,0.00010365788121560933,4,4.5266612641125815e-05,4.62585217391736e-05,3.4993931127262515e-05,5.355547595889353e-05
CBBT,0,accum4,amp_true,full,0.003,4,3.803432165295817e-05,3.927438415121288e-05,2.783186116721481e-05,4.575665714219212e-05,4,4.50852547601181e-05,4.5627677751175984e-05,3.533305927439381e-05,5.375260426372661e-05,4,0.0002642225545407377,0.00027006739083132274,0.00020578179285347736,0.000310973643646828,4,0.00013579983792337742,0.0001387755652175208,0.00010498179338178754,0.0001606664278766806
CBBT,0,accum4,amp_true,shared,0.0001,4,1.2678107217652724e-06,1.3091461383737624e-06,9.277287055738271e-07,1.5252219047397377e-06,4,0.0,0.0,0.0,0.0,4,0.0,0.0,0.0,0.0,4,0.0,0.0,0.0,0.0
CBBT,0,accum4,amp_true,shared,0.0003,4,3.8034321652958165e-06,3.927438415121287e-06,2.783186116721481e-06,4.575665714219212e-06,4,0.0,0.0,0.0,0.0,4,0.0,0.0,0.0,0.0,4,0.0,0.0,0.0,0.0
CBBT,0,accum4,amp_true,shared,0.0007,4,8.874675052356905e-06,9.164022968616337e-06,6.494100939016789e-06,1.0676553333178162e-05,4,0.0,0.0,0.0,0.0,4,0.0,0.0,0.0,0.0,4,0.0,0.0,0.0,0.0
CBBT,0,accum4,amp_true,shared,0.001,4,1.2678107217652724e-05,1.3091461383737623e-05,9.27728705573827e-06,1.5252219047397375e-05,4,0.0,0.0,0.0,0.0,4,0.0,0.0,0.0,0.0,4,0.0,0.0,0.0,0.0
CBBT,0,accum4,amp_true,shared,0.003,4,3.803432165295817e-05,3.927438415121288e-05,2.783186116721481e-05,4.575665714219212e-05,4,0.0,0.0,0.0,0.0,4,0.0,0.0,0.0,0.0,4,0.0,0.0,0.0,0.0
CBBT,0,accum4,amp_true,temporal,0.0001,4,1.2678107217652724e-06,1.3091461383737624e-06,9.277287055738271e-07,1.5252219047397377e-06,4,0.0,0.0,0.0,0.0,4,0.0,0.0,0.0,0.0,4,0.0,0.0,0.0,0.0
CBBT,0,accum4,amp_true,temporal,0.0003,4,3.8034321652958165e-06,3.927438415121287e-06,2.783186116721481e-06,4.575665714219212e-06,4,0.0,0.0,0.0,0.0,4,0.0,0.0,0.0,0.0,4,0.0,0.0,0.0,0.0
CBBT,0,accum4,amp_true,temporal,0.0007,4,8.874675052356905e-06,9.164022968616337e-06,6.494100939016789e-06,1.0676553333178162e-05,4,0.0,0.0,0.0,0.0,4,0.0,0.0,0.0,0.0,4,0.0,0.0,0.0,0.0
CBBT,0,accum4,amp_true,temporal,0.001,4,1.2678107217652724e-05,1.3091461383737623e-05,9.27728705573827e-06,1.5252219047397375e-05,4,0.0,0.0,0.0,0.0,4,0.0,0.0,0.0,0.0,4,0.0,0.0,0.0,0.0
CBBT,0,accum4,amp_true,temporal,0.003,4,3.803432165295817e-05,3.927438415121288e-05,2.783186116721481e-05,4.575665714219212e-05,4,0.0,0.0,0.0,0.0,4,0.0,0.0,0.0,0.0,4,0.0,0.0,0.0,0.0
CBBT,0,accum4,body,excess,1.0,4,0.022855272400192916,0.022539435187354684,0.02191705908626318,0.024425160139799118,4,0.0,0.0,0.0,0.0,4,0.0,0.0,0.0,0.0,4,0.0,0.0,0.0,0.0
CBBT,0,accum4,body,full,1.0,4,0.022855272400192916,0.022539435187354684,0.02191705908626318,0.024425160139799118,4,0.16097738775303902,0.16330342279528715,0.1426172948517792,0.17468541056980266,4,0.9471072848768174,0.946262312786623,0.9357259592142211,0.9601785547198023,4,0.4863968457891984,0.4861467274090708,0.48344851857982507,0.4898454097588269
CBBT,0,accum4,body,shared,1.0,4,0.022855272400192916,0.022539435187354684,0.02191705908626318,0.024425160139799118,4,0.1051888210269497,0.10669587455619298,0.09332012377799029,0.11404341121742252,4,0.9473817949174105,0.9464673463589295,0.9360871522822074,0.9605053346695753,4,0.4864890514582886,0.4862406082793027,0.4835557919587103,0.4899191973158385
CBBT,0,accum4,body,temporal,1.0,4,0.022855272400192916,0.022539435187354684,0.02191705908626318,0.024425160139799118,4,0.004297081892954092,0.0043578257217007366,0.00381543723118556,0.004657238897229336,4,0.9471594886751558,0.9462063379806198,0.9358774197578501,0.9603478589815335,4,0.48643331347167185,0.48617466120973507,0.4835025344413627,0.4898813970258546
CBBT,0,accum4,excess,excess,2.0,4,0.0009796129561436828,0.0010101037842105143,0.0007005186635069549,0.0011977255926467478,4,0.0011602184220978072,0.001164660731319876,0.0009124308899547108,0.0013991213357967662,4,2.1487326539174623,2.1818848211239352,1.6806493041922752,2.550511669229702,4,0.6793044910935202,0.6857817729726292,0.6272104639597972,0.7184439544690255
CBBT,0,accum4,excess,full,2.0,4,0.0009796129561436828,0.0010101037842105143,0.0007005186635069549,0.0011977255926467478,4,0.0011602184220978072,0.001164660731319876,0.0009124308899547108,0.0013991213357967662,4,0.0068043912166604065,0.006904605697812737,0.0053140505873446086,0.008094302883671542,4,0.0034971590068012728,0.0035478225488019305,0.0027110200229337306,0.004181970906667501
CBBT,0,accum4,excess,shared,2.0,4,0.0009796129561436828,0.0010101037842105143,0.0007005186635069549,0.0011977255926467478,4,0.0,0.0,0.0,0.0,4,0.0,0.0,0.0,0.0,4,0.0,0.0,0.0,0.0
CBBT,0,accum4,excess,temporal,2.0,4,0.0009796129561436828,0.0010101037842105143,0.0007005186635069549,0.0011977255926467478,4,0.0,0.0,0.0,0.0,4,0.0,0.0,0.0,0.0,4,0.0,0.0,0.0,0.0
CBBT,0,accum4,gate,excess,0.5,4,0.0022283215075731277,0.0022115677129477262,0.0019770145881921053,0.002513136016204953,4,0.0,0.0,0.0,0.0,4,0.0,0.0,0.0,0.0,4,0.0,0.0,0.0,0.0
CBBT,0,accum4,gate,full,0.5,4,0.0022283215075731277,0.0022115677129477262,0.0019770145881921053,0.002513136016204953,4,0.0005818969803748537,0.0006186978891235035,0.000283275615602413,0.0008069165276499944,4,0.003505124378729599,0.0034994964676212407,0.001638827579552763,0.005382677000123153,4,0.0017970118096074096,0.0017917116694063516,0.0008467102550065735,0.002757913644610361
CBBT,0,accum4,gate,shared,0.5,4,0.0022283215075731277,0.0022115677129477262,0.0019770145881921053,0.002513136016204953,4,0.0,0.0,0.0,0.0,4,0.0,0.0,0.0,0.0,4,0.0,0.0,0.0,0.0
CBBT,0,accum4,gate,temporal,0.5,4,0.0022283215075731277,0.0022115677129477262,0.0019770145881921053,0.002513136016204953,4,0.0,0.0,0.0,0.0,4,0.0,0.0,0.0,0.0,4,0.0,0.0,0.0,0.0
CBBT,0,accum4,tail,excess,0.01,4,0.001661497657187283,0.0016604885086417198,0.0013927901349961758,0.001932223476469517,4,3.762315774339553e-05,3.7325213116188406e-05,3.18226071792381e-05,4.401959756196722e-05,4,0.06967953687786704,0.07101287082305921,0.059040534585997534,0.0776518712793522,4,0.022135296164369392,0.021964158599064722,0.021873460979187218,0.022739406480160908
CBBT,0,accum4,tail,excess,0.025,4,0.004153744142968208,0.0041512212716043,0.0034819753374904397,0.004830558691173792,4,9.405789435848884e-05,9.3313032790471e-05,7.955651794809527e-05,0.00011004899390491806,4,0.1741988421946676,0.177532177057648,0.14760133646499382,0.19412967819838053,4,0.05533824041092349,0.054910396497661815,0.05468365244796805,0.056848516200402266
CBBT,0,accum4,tail,excess,0.05,4,0.008307488285936415,0.0083024425432086,0.006963950674980879,0.009661117382347584,4,0.00018811578871697767,0.000186626065580942,0.00015911303589619054,0.00022009798780983612,4,0.3483976843893352,0.355064354115296,0.29520267292998764,0.38825935639676107,4,0.11067648082184697,0.10982079299532363,0.1093673048959361,0.11369703240080453
CBBT,0,accum4,tail,excess,0.1,4,0.01661497657187283,0.0166048850864172,0.013927901349961759,0.01932223476469517,4,0.00037623157743395534,0.000373252131161884,0.0003182260717923811,0.00044019597561967223,4,0.6967953687786704,0.710128708230592,0.5904053458599753,0.7765187127935221,4,0.22135296164369395,0.21964158599064726,0.2187346097918722,0.22739406480160906
CBBT,0,accum4,tail,full,0.01,4,0.001661497657187283,0.0016604885086417198,0.0013927901349961758,0.001932223476469517,4,0.01183364677739953,0.011725474652636967,0.010054151350307381,0.013829486454016809,4,0.06941040010126412,0.07078927977628727,0.05899246898779639,0.0770705718646855,4,0.03566567772442784,0.03637404410630801,0.030095642109445722,0.039818980575649594
CBBT,0,accum4,tail,full,0.025,4,0.004153744142968208,0.0041512212716043,0.0034819753374904397,0.004830558691173792,4,0.029584116943498828,0.029313686631592416,0.025135378375768454,0.034573716135042024,4,0.17352600025316028,0.1769731994407182,0.14748117246949097,0.19267642966171375,4,0.08916419431106959,0.09093511026577003,0.07523910527361431,0.09954745143912398
CBBT,0,accum4,tail,full,0.05,4,0.008307488285936415,0.0083024425432086,0.006963950674980879,0.009661117382347584,4,0.059168233886997657,0.05862737326318483,0.05027075675153691,0.06914743227008405,4,0.34705200050632057,0.3539463988814364,0.29496234493898194,0.3853528593234275,4,0.17832838862213918,0.18187022053154006,0.15047821054722862,0.19909490287824796
CBBT,0,accum4,tail,full,0.1,4,0.01661497657187283,0.0166048850864172,0.013927901349961759,0.01932223476469517,4,0.11833646777399531,0.11725474652636966,0.10054151350307382,0.1382948645401681,4,0.6941040010126411,0.7078927977628728,0.5899246898779639,0.770705718646855,4,0.35665677724427836,0.3637404410630801,0.30095642109445725,0.39818980575649593
CBBT,0,accum4,tail,shared,0.01,4,0.001661497657187283,0.0016604885086417198,0.0013927901349961758,0.001932223476469517,4,0.007723389624740505,0.00764069824750337,0.006553246888864724,0.009058915115090558,4,0.06934552189734186,0.07079740751303845,0.058935439450156696,0.07685183311313383,4,0.03562916966354707,0.036378189104066705,0.030060846251114073,0.039699454194940795
CBBT,0,accum4,tail,shared,0.025,4,0.004153744142968208,0.0041512212716043,0.0034819753374904397,0.004830558691173792,4,0.019308474061851266,0.019101745618758423,0.016383117222161812,0.022647287787726393,4,0.1733638047433546,0.17699351878259612,0.14733859862539175,0.19212958278283457,4,0.08907292415886767,0.09094547276016676,0.07515211562778518,0.099248635487352
CBBT,0,accum4,tail,shared,0.05,4,0.008307488285936415,0.0083024425432086,0.006963950674980879,0.009661117382347584,4,0.03861694812370253,0.038203491237516846,0.032766234444323625,0.045294575575452786,4,0.3467276094867092,0.35398703756519223,0.2946771972507835,0.38425916556566914,4,0.17814584831773533,0.18189094552033352,0.15030423125557035,0.198497270974704
CBBT,0,accum4,tail,shared,0.1,4,0.01661497657187283,0.0166048850864172,0.013927901349961759,0.01932223476469517,4,0.07723389624740506,0.07640698247503369,0.06553246888864725,0.09058915115090557,4,0.6934552189734184,0.7079740751303845,0.589354394501567,0.7685183311313383,4,0.35629169663547067,0.36378189104066705,0.3006084625111407,0.396994541949408
CBBT,0,accum4,tail,temporal,0.01,4,0.001661497657187283,0.0016604885086417198,0.0013927901349961758,0.001932223476469517,4,0.00031596652970437237,0.00031244776201666893,0.00026877168220973673,0.00037019891257441477,4,0.0694396848745402,0.07090877580488436,0.05899642775067542,0.07694476013771666,4,0.03568177324096605,0.03644027002200566,0.030094566438338376,0.03975198648151451
CBBT,0,accum4,tail,temporal,0.025,4,0.004153744142968208,0.0041512212716043,0.0034819753374904397,0.004830558691173792,4,0.0007899163242609309,0.0007811194050416724,0.0006719292055243418,0.000925497281436037,4,0.17359921218635052,0.1772719395122109,0.14749106937668854,0.19236190034429165,4,0.08920443310241513,0.09110067505501415,0.07523641609584594,0.09937996620378628
CBBT,0,accum4,tail,temporal,0.05,4,0.008307488285936415,0.0083024425432086,0.006963950674980879,0.009661117382347584,4,0.0015798326485218618,0.0015622388100833449,0.0013438584110486837,0.001850994562872074,4,0.34719842437270104,0.3545438790244218,0.2949821387533771,0.3847238006885833,4,0.17840886620483026,0.1822013501100283,0.15047283219169189,0.19875993240757256
CBBT,0,accum4,tail,temporal,0.1,4,0.01661497657187283,0.0166048850864172,0.013927901349961759,0.01932223476469517,4,0.0031596652970437237,0.0031244776201666898,0.0026877168220973673,0.003701989125744148,4,0.6943968487454021,0.7090877580488436,0.5899642775067542,0.7694476013771666,4,0.3568177324096605,0.3644027002200566,0.30094566438338377,0.3975198648151451
CBBT,0,batch,amp_true,excess,0.0001,16,1.2678107217652724e-06,1.3520448002964258e-06,3.834121860563755e-07,2.194000966846943e-06,16,1.5099070906824583e-06,1.6177081819167735e-06,5.67392167835156e-07,2.4479935237026253e-06,16,0.0027934037338783538,0.0028475569772575485,0.001344203353278526,0.0040897730721513904,16,0.0008781427205825595,0.0008642217775962957,0.0007219142586894552,0.0010356212190013744
CBBT,0,batch,amp_true,excess,0.0003,16,3.8034321652958165e-06,4.056134400889277e-06,1.1502365581691265e-06,6.582002900540828e-06,16,4.529721272047375e-06,4.85312454575032e-06,1.7021765035054675e-06,7.343980571107874e-06,16,0.008380211201635058,0.008542670931772644,0.004032610059835577,0.01226931921645417,16,0.002634428161747678,0.002592665332788887,0.0021657427760683654,0.0031068636570041226
CBBT,0,batch,amp_true,excess,0.0007,16,8.874675052356905e-06,9.464313602074982e-06,2.6838853023946285e-06,1.53580067679286e-05,16,1.0569349634777209e-05,1.1323957273417415e-05,3.971745174846091e-06,1.7135954665918374e-05,16,0.01955382613714847,0.019932898840802835,0.009409423472949681,0.02862841150505973,16,0.006146999044077916,0.00604955244317407,0.005053399810826187,0.00724934853300962
CBBT,0,batch,amp_true,excess,0.001,16,1.2678107217652723e-05,1.3520448002964258e-05,3.834121860563755e-06,2.1940009668469428e-05,16,1.5099070906824583e-05,1.6177081819167738e-05,5.673921678351559e-06,2.447993523702625e-05,16,0.02793403733878353,0.028475569772575482,0.01344203353278526,0.040897730721513904,16,0.008781427205825596,0.008642217775962956,0.0072191425868945525,0.010356212190013743
CBBT,0,batch,amp_true,excess,0.003,16,3.803432165295817e-05,4.0561344008892776e-05,1.1502365581691265e-05,6.58200290054083e-05,16,4.5297212720473747e-05,4.853124545750321e-05,1.7021765035054677e-05,7.343980571107876e-05,16,0.0838021120163506,0.08542670931772645,0.04032610059835578,0.1226931921645417,16,0.026344281617476782,0.02592665332788887,0.02165742776068366,0.03106863657004123
CBBT,0,batch,amp_true,full,0.0001,16,1.2678107217652724e-06,1.3520448002964258e-06,3.834121860563755e-07,2.194000966846943e-06,16,1.5099070906824583e-06,1.6177081819167735e-06,5.67392167835156e-07,2.4479935237026253e-06,16,8.835126527351226e-06,9.054923173635606e-06,4.225983783033644e-06,1.3019367568963087e-05,16,4.544876266139994e-06,4.654297175351255e-06,2.1311877423979024e-06,6.784256726721523e-06
CBBT,0,batch,amp_true,full,0.0003,16,3.8034321652958165e-06,4.056134400889277e-06,1.1502365581691265e-06,6.582002900540828e-06,16,4.529721272047375e-06,4.85312454575032e-06,1.7021765035054675e-06,7.343980571107874e-06,16,2.6505379582053677e-05,2.7164769520906814e-05,1.2677951349100932e-05,3.9058102706889256e-05,16,1.3634628798419981e-05,1.3962891526053764e-05,6.393563227193706e-06,2.0352770180164566e-05
CBBT,0,batch,amp_true,full,0.0007,16,8.874675052356905e-06,9.464313602074982e-06,2.6838853023946285e-06,1.53580067679286e-05,16,1.0569349634777209e-05,1.1323957273417415e-05,3.971745174846091e-06,1.7135954665918374e-05,16,6.184588569145858e-05,6.338446221544924e-05,2.9581886481235508e-05,9.11355729827416e-05,16,3.1814133862979956e-05,3.258008022745879e-05,1.4918314196785316e-05,4.748979708705066e-05
CBBT,0,batch,amp_true,full,0.001,16,1.2678107217652723e-05,1.3520448002964258e-05,3.834121860563755e-06,2.1940009668469428e-05,16,1.5099070906824583e-05,1.6177081819167738e-05,5.673921678351559e-06,2.447993523702625e-05,16,8.835126527351227e-05,9.054923173635606e-05,4.225983783033644e-05,0.00013019367568963087,16,4.544876266139994e-05,4.654297175351255e-05,2.1311877423979024e-05,6.784256726721524e-05
CBBT,0,batch,amp_true,full,0.003,16,3.803432165295817e-05,4.0561344008892776e-05,1.1502365581691265e-05,6.58200290054083e-05,16,4.5297212720473747e-05,4.853124545750321e-05,1.7021765035054677e-05,7.343980571107876e-05,16,0.00026505379582053676,0.00027164769520906823,0.00012677951349100933,0.00039058102706889257,16,0.00013634628798419983,0.00013962891526053765,6.393563227193707e-05,0.0002035277018016457
CBBT,0,batch,amp_true,shared,0.0001,16,1.2678107217652724e-06,1.3520448002964258e-06,3.834121860563755e-07,2.194000966846943e-06,16,0.0,0.0,0.0,0.0,16,0.0,0.0,0.0,0.0,16,0.0,0.0,0.0,0.0
CBBT,0,batch,amp_true,shared,0.0003,16,3.8034321652958165e-06,4.056134400889277e-06,1.1502365581691265e-06,6.582002900540828e-06,16,0.0,0.0,0.0,0.0,16,0.0,0.0,0.0,0.0,16,0.0,0.0,0.0,0.0
CBBT,0,batch,amp_true,shared,0.0007,16,8.874675052356905e-06,9.464313602074982e-06,2.6838853023946285e-06,1.53580067679286e-05,16,0.0,0.0,0.0,0.0,16,0.0,0.0,0.0,0.0,16,0.0,0.0,0.0,0.0
CBBT,0,batch,amp_true,shared,0.001,16,1.2678107217652723e-05,1.3520448002964258e-05,3.834121860563755e-06,2.1940009668469428e-05,16,0.0,0.0,0.0,0.0,16,0.0,0.0,0.0,0.0,16,0.0,0.0,0.0,0.0
CBBT,0,batch,amp_true,shared,0.003,16,3.803432165295817e-05,4.0561344008892776e-05,1.1502365581691265e-05,6.58200290054083e-05,16,0.0,0.0,0.0,0.0,16,0.0,0.0,0.0,0.0,16,0.0,0.0,0.0,0.0
CBBT,0,batch,amp_true,temporal,0.0001,16,1.2678107217652724e-06,1.3520448002964258e-06,3.834121860563755e-07,2.194000966846943e-06,16,0.0,0.0,0.0,0.0,16,0.0,0.0,0.0,0.0,16,0.0,0.0,0.0,0.0
CBBT,0,batch,amp_true,temporal,0.0003,16,3.8034321652958165e-06,4.056134400889277e-06,1.1502365581691265e-06,6.582002900540828e-06,16,0.0,0.0,0.0,0.0,16,0.0,0.0,0.0,0.0,16,0.0,0.0,0.0,0.0
CBBT,0,batch,amp_true,temporal,0.0007,16,8.874675052356905e-06,9.464313602074982e-06,2.6838853023946285e-06,1.53580067679286e-05,16,0.0,0.0,0.0,0.0,16,0.0,0.0,0.0,0.0,16,0.0,0.0,0.0,0.0
CBBT,0,batch,amp_true,temporal,0.001,16,1.2678107217652723e-05,1.3520448002964258e-05,3.834121860563755e-06,2.1940009668469428e-05,16,0.0,0.0,0.0,0.0,16,0.0,0.0,0.0,0.0,16,0.0,0.0,0.0,0.0
CBBT,0,batch,amp_true,temporal,0.003,16,3.803432165295817e-05,4.0561344008892776e-05,1.1502365581691265e-05,6.58200290054083e-05,16,0.0,0.0,0.0,0.0,16,0.0,0.0,0.0,0.0,16,0.0,0.0,0.0,0.0
CBBT,0,batch,body,excess,1.0,16,0.022855272400192916,0.022668628953397274,0.01897033303976059,0.027045821771025658,16,0.0,0.0,0.0,0.0,16,0.0,0.0,0.0,0.0,16,0.0,0.0,0.0,0.0
CBBT,0,batch,body,full,1.0,16,0.022855272400192916,0.022668628953397274,0.01897033303976059,0.027045821771025658,16,0.1611100383470431,0.17350502974035226,0.08047636958523043,0.1963055711395262,16,0.948163836043628,0.9452090080184936,0.9195070666199509,0.9829727272170127,16,0.4866434160673352,0.4858481005060301,0.4791455475038262,0.4957187568411585
CBBT,0,batch,body,shared,1.0,16,0.022855272400192916,0.022668628953397274,0.01897033303976059,0.027045821771025658,16,0.10531628286963268,0.11329831627395706,0.05303509870705048,0.12853602869548214,16,0.9484938238724347,0.9463236424161545,0.9191430454287088,0.9829739988090148,16,0.486757935665209,0.48620763449147253,0.4789895098839819,0.4957052002145953
CBBT,0,batch,body,temporal,1.0,16,0.022855272400192916,0.022668628953397274,0.01897033303976059,0.027045821771025658,16,0.00430130978989237,0.004620713656149356,0.0021533254535797118,0.0052651784725033625,16,0.9482284601595361,0.9463858443556823,0.9188034411439656,0.9828376284213973,16,0.48668953340540677,0.48621168860665365,0.47892760735678397,0.49570620836987456
CBBT,0,batch,excess,excess,2.0,16,0.0009796129561436828,0.001080331567209214,0.0003006202168762684,0.0017414495814591646,16,0.0011619506024288487,0.001307096760002096,0.0003643223542466869,0.0017871998384603686,16,2.1347170682902163,2.351664618057091,0.8631126018556579,2.9858092773191642,16,0.6677996183398989,0.7021543162700068,0.46354094610344715,0.7491200592327171
CBBT,0,batch,excess,full,2.0,16,0.0009796129561436828,0.001080331567209214,0.0003006202168762684,0.0017414495814591646,16,0.0011619506024288487,0.001307096760002096,0.0003643223542466869,0.0017871998384603686,16,0.0067533818698226325,0.0074586147036422405,0.002713503019820397,0.009505013551226021,16,0.003474474806150986,0.0038399064286322405,0.001368435060735036,0.004952963481591
CBBT,0,batch,excess,shared,2.0,16,0.0009796129561436828,0.001080331567209214,0.0003006202168762684,0.0017414495814591646,16,0.0,0.0,0.0,0.0,16,0.0,0.0,0.0,0.0,16,0.0,0.0,0.0,0.0
CBBT,0,batch,excess,temporal,2.0,16,0.0009796129561436828,0.001080331567209214,0.0003006202168762684,0.0017414495814591646,16,0.0,0.0,0.0,0.0,16,0.0,0.0,0.0,0.0,16,0.0,0.0,0.0,0.0
CBBT,0,batch,gate,excess,0.5,16,0.0022283215075731277,0.0021445525344461203,0.0016754462849348783,0.00314978021197021,16,0.0,0.0,0.0,0.0,16,0.0,0.0,0.0,0.0,16,0.0,0.0,0.0,0.0
CBBT,0,batch,gate,full,0.5,16,0.0022283215075731277,0.0021445525344461203,0.0016754462849348783,0.00314978021197021,16,0.0009688958982398301,0.0009294592626470427,0.0003020351394377339,0.001876999007969187,16,0.006379284587059226,0.00569297438108029,0.001682244190140277,0.017350638051416418,16,0.003274572849629766,0.0029012408354666475,0.0008575154176914594,0.008924284309514764
CBBT,0,batch,gate,shared,0.5,16,0.0022283215075731277,0.0021445525344461203,0.0016754462849348783,0.00314978021197021,16,0.0,0.0,0.0,0.0,16,0.0,0.0,0.0,0.0,16,0.0,0.0,0.0,0.0
CBBT,0,batch,gate,temporal,0.5,16,0.0022283215075731277,0.0021445525344461203,0.0016754462849348783,0.00314978021197021,16,0.0,0.0,0.0,0.0,16,0.0,0.0,0.0,0.0,16,0.0,0.0,0.0,0.0
CBBT,0,batch,tail,excess,0.01,16,0.001661497657187283,0.001628772094845772,0.0010842490941286088,0.002550037205219269,16,3.7646356384591575e-05,3.5435780680646636e-05,2.470598242580008e-05,5.899256375188701e-05,16,0.07048110587350653,0.06901796715671028,0.05285450982287457,0.09855671444944147,16,0.022894857019389977,0.022588173859132407,0.01596901785758043,0.0355438609697199
CBBT,0,batch,tail,excess,0.025,16,0.004153744142968208,0.00407193023711443,0.0027106227353215218,0.006375093013048172,16,9.411589096147894e-05,8.858945170161658e-05,6.176495606450019e-05,0.00014748140937971752,16,0.17620276468376633,0.1725449178917757,0.13213627455718643,0.24639178612360368,16,0.057237142548474944,0.056470434647831025,0.03992254464395108,0.08885965242429976
CBBT,0,batch,tail,excess,0.05,16,0.008307488285936415,0.00814386047422886,0.0054212454706430435,0.012750186026096344,16,0.00018823178192295788,0.00017717890340323317,0.00012352991212900038,0.00029496281875943505,16,0.35240552936753267,0.3450898357835514,0.26427254911437287,0.49278357224720737,16,0.11447428509694989,0.11294086929566205,0.07984508928790215,0.17771930484859952
CBBT,0,batch,tail,excess,0.1,16,0.01661497657187283,0.01628772094845772,0.010842490941286087,0.025500372052192688,16,0.00037646356384591576,0.00035435780680646633,0.00024705982425800077,0.0005899256375188701,16,0.7048110587350653,0.6901796715671028,0.5285450982287457,0.9855671444944147,16,0.22894857019389978,0.2258817385913241,0.1596901785758043,0.35543860969719904
CBBT,0,batch,tail,full,0.01,16,0.001661497657187283,0.001628772094845772,0.0010842490941286088,0.002550037205219269,16,0.011845692275093153,0.011197115051604083,0.00781611551847583,0.018453048943680744,16,0.07013109442898818,0.06875534601891567,0.05310315234591799,0.09814038502947858,16,0.036038832587830576,0.035078037602408574,0.027300255187664848,0.051139931626671783
CBBT,0,batch,tail,full,0.025,16,0.004153744142968208,0.00407193023711443,0.0027106227353215218,0.006375093013048172,16,0.02961423068773288,0.027992787629010207,0.019540288796189575,0.04613262235920186,16,0.17532773607247049,0.17188836504728916,0.13275788086479498,0.24535096257369646,16,0.09009708146957646,0.08769509400602145,0.06825063796916213,0.12784982906667947
CBBT,0,batch,tail,full,0.05,16,0.008307488285936415,0.00814386047422886,0.0054212454706430435,0.012750186026096344,16,0.05922846137546576,0.05598557525802041,0.03908057759237915,0.09226524471840372,16,0.35065547214494097,0.3437767300945783,0.26551576172958996,0.4907019251473929,16,0.1801941629391529,0.1753901880120429,0.13650127593832426,0.25569965813335893
CBBT,0,batch,tail,full,0.1,16,0.01661497657187283,0.01628772094845772,0.010842490941286087,0.025500372052192688,16,0.11845692275093152,0.11197115051604083,0.0781611551847583,0.18453048943680744,16,0.7013109442898819,0.6875534601891566,0.5310315234591799,0.9814038502947858,16,0.3603883258783058,0.3507803760240858,0.2730025518766485,0.5113993162667179
CBBT,0,batch,tail,shared,0.01,16,0.001661497657187283,0.001628772094845772,0.0010842490941286088,0.002550037205219269,16,0.0077344484922318435,0.007372539902152458,0.005095106861826586,0.012099115070847415,16,0.07004500424052221,0.06868622861078424,0.05278654810898692,0.09856166590180308,16,0.03598969941141991,0.035031736349376716,0.027137036263732445,0.05136306506201505
CBBT,0,batch,tail,shared,0.025,16,0.004153744142968208,0.00407193023711443,0.0027106227353215218,0.006375093013048172,16,0.01933612123057961,0.018431349755381146,0.012737767154566466,0.03024778767711854,16,0.1751125106013055,0.1717155715269606,0.1319663702724673,0.24640416475450772,16,0.0899742485285498,0.0875793408734418,0.06784259065933111,0.12840766265503764
CBBT,0,batch,tail,shared,0.05,16,0.008307488285936415,0.00814386047422886,0.0054212454706430435,0.012750186026096344,16,0.03867224246115922,0.03686269951076229,0.025475534309132932,0.06049557535423708,16,0.350225021202611,0.3434311430539212,0.2639327405449346,0.49280832950901543,16,0.1799484970570996,0.1751586817468836,0.13568518131866222,0.2568153253100753
CBBT,0,batch,tail,shared,0.1,16,0.01661497657187283,0.01628772094845772,0.010842490941286087,0.025500372052192688,16,0.07734448492231843,0.07372539902152458,0.050951068618265864,0.12099115070847416,16,0.700450042405222,0.6868622861078424,0.5278654810898692,0.9856166590180309,16,0.3598969941141992,0.3503173634937672,0.27137036263732445,0.5136306506201506
CBBT,0,batch,tail,temporal,0.01,16,0.001661497657187283,0.001628772094845772,0.0010842490941286088,0.002550037205219269,16,0.00031635633210588506,0.0003027098446792715,0.00020976690783238602,0.0004950829902888779,16,0.07017068907676753,0.06874608822074307,0.05292981930145858,0.09878917230831256,16,0.03605983282827694,0.03506684019973366,0.027212312203377782,0.05149399730966379
CBBT,0,batch,tail,temporal,0.025,16,0.004153744142968208,0.00407193023711443,0.0027106227353215218,0.006375093013048172,16,0.0007908908302647127,0.0007567746116981786,0.0005244172695809651,0.001237707475722195,16,0.17542672269191883,0.1718652205518577,0.13232454825364645,0.24697293077078142,16,0.09014958207069236,0.08766710049933417,0.06803078050844445,0.12873499327415946
CBBT,0,batch,tail,temporal,0.05,16,0.008307488285936415,0.00814386047422886,0.0054212454706430435,0.012750186026096344,16,0.0015817816605294254,0.0015135492233963573,0.0010488345391619302,0.00247541495144439,16,0.35085344538383767,0.3437304411037154,0.2646490965072929,0.49394586154156284,16,0.18029916414138472,0.17533420099866834,0.1360615610168889,0.25746998654831893
CBBT,0,batch,tail,temporal,0.1,16,0.01661497657187283,0.01628772094845772,0.010842490941286087,0.025500372052192688,16,0.003163563321058851,0.0030270984467927146,0.0020976690783238603,0.00495082990288878,16,0.7017068907676753,0.6874608822074308,0.5292981930145858,0.9878917230831257,16,0.36059832828276944,0.3506684019973367,0.2721231220337778,0.5149399730966379
CBBT,5,accum4,amp_true,excess,0.0001,4,1.2213722482556477e-06,1.2615915271453561e-06,8.91275831963867e-07,1.471030106768012e-06,4,9.33569806955752e-07,9.511478685884475e-07,7.359238578244068e-07,1.096059632821706e-06,4,0.009988761482663496,0.009987399606015641,0.00774759128928487,0.012232655429337833,4,0.001472282353332406,0.001494197316608143,0.0013737271102998625,0.001527007669813475
CBBT,5,accum4,amp_true,excess,0.0003,4,3.6641167447669426e-06,3.7847745814360676e-06,2.6738274958916005e-06,4.4130903203040355e-06,4,2.800709420867256e-06,2.8534436057653423e-06,2.2077715734732203e-06,3.288178898465118e-06,4,0.029966284447990488,0.029962198818046917,0.023242773867854605,0.036697966288013494,4,0.004416847059997217,0.0044825919498244285,0.004121181330899587,0.004581023009440424
CBBT,5,accum4,amp_true,excess,0.0007,4,8.549605737789535e-06,8.831140690017491e-06,6.238930823747069e-06,1.0297210747376085e-05,4,6.534988648690264e-06,6.6580350801191325e-06,5.151467004770847e-06,7.672417429751942e-06,4,0.06992133037864447,0.06991179724210948,0.05423313902499409,0.08562858800536483,4,0.010305976473326841,0.010459381216257,0.009616089772099037,0.010689053688694324
CBBT,5,accum4,amp_true,excess,0.001,4,1.2213722482556477e-05,1.261591527145356e-05,8.91275831963867e-06,1.4710301067680121e-05,4,9.33569806955752e-06,9.511478685884477e-06,7.359238578244068e-06,1.0960596328217061e-05,4,0.09988761482663497,0.0998739960601564,0.0774759128928487,0.12232655429337833,4,0.014722823533324058,0.01494197316608143,0.013737271102998624,0.01527007669813475
CBBT,5,accum4,amp_true,excess,0.003,4,3.664116744766943e-05,3.7847745814360674e-05,2.6738274958916008e-05,4.413090320304036e-05,4,2.800709420867256e-05,2.8534436057653427e-05,2.2077715734732202e-05,3.2881788984651184e-05,4,0.2996628444799049,0.2996219881804692,0.2324277386785461,0.36697966288013495,4,0.04416847059997217,0.04482591949824429,0.04121181330899588,0.04581023009440425
CBBT,5,accum4,amp_true,full,0.0001,4,1.2213722482556477e-06,1.2615915271453561e-06,8.91275831963867e-07,1.471030106768012e-06,4,9.357309057456455e-07,9.533320381141013e-07,7.376825843760572e-07,1.098576962378322e-06,4,4.657370374355369e-06,4.627196791506291e-06,3.7022993873224283e-06,5.672788527086468e-06,4,2.3138077715924603e-06,2.299642643914782e-06,1.8426530767447582e-06,2.81329272179552e-06
CBBT,5,accum4,amp_true,full,0.0003,4,3.6641167447669426e-06,3.7847745814360676e-06,2.6738274958916005e-06,4.4130903203040355e-06,4,2.807192717236936e-06,2.859996114342303e-06,2.2130477531281715e-06,3.2957308871349654e-06,4,1.3972111123066108e-05,1.388159037451887e-05,1.1106898161967284e-05,1.7018365581259403e-05,4,6.9414233147773795e-06,6.898927931744344e-06,5.527959230234274e-06,8.43987816538656e-06
CBBT,5,accum4,amp_true,full,0.0007,4,8.549605737789535e-06,8.831140690017491e-06,6.238930823747069e-06,1.0297210747376085e-05,4,6.550116340219518e-06,6.673324266798709e-06,5.1637780906324e-06,7.690038736648254e-06,4,3.260159262048759e-05,3.2390377540544034e-05,2.5916095711257e-05,3.9709519689605276e-05,4,1.6196654401147222e-05,1.609749850740347e-05,1.2898571537213307e-05,1.969304905256864e-05
CBBT,5,accum4,amp_true,full,0.001,4,1.2213722482556477e-05,1.261591527145356e-05,8.91275831963867e-06,1.4710301067680121e-05,4,9.357309057456455e-06,9.533320381141011e-06,7.376825843760572e-06,1.0985769623783219e-05,4,4.6573703743553696e-05,4.627196791506291e-05,3.7022993873224285e-05,5.672788527086468e-05,4,2.3138077715924602e-05,2.2996426439147816e-05,1.842653076744758e-05,2.81329272179552e-05
CBBT,5,accum4,amp_true,full,0.003,4,3.664116744766943e-05,3.7847745814360674e-05,2.6738274958916008e-05,4.413090320304036e-05,4,2.807192717236936e-05,2.8599961143423038e-05,2.2130477531281716e-05,3.2957308871349656e-05,4,0.00013972111123066106,0.00013881590374518872,0.00011106898161967285,0.00017018365581259403,4,6.94142331477738e-05,6.898927931744344e-05,5.527959230234274e-05,8.43987816538656e-05
CBBT,5,accum4,amp_true,shared,0.0001,4,1.2213722482556477e-06,1.2615915271453561e-06,8.91275831963867e-07,1.471030106768012e-06,4,6.353366527389558e-08,6.34823474083395e-08,5.090845486342251e-08,7.626151141548079e-08,4,3.914444691879879e-07,3.8840713390756997e-07,3.100830038389745e-07,4.788806050978373e-07,4,1.95478707888752e-07,1.939827412389963e-07,1.549452493822003e-07,2.3900409969481494e-07
CBBT,5,accum4,amp_true,shared,0.0003,4,3.6641167447669426e-06,3.7847745814360676e-06,2.6738274958916005e-06,4.4130903203040355e-06,4,1.906009958216867e-07,1.9044704222501846e-07,1.5272536459026752e-07,2.2878453424644235e-07,4,1.1743334075639637e-06,1.1652214017227096e-06,9.302490115169235e-07,1.4366418152935118e-06,4,5.864361236662559e-07,5.819482237169888e-07,4.648357481466008e-07,7.170122990844448e-07
CBBT,5,accum4,amp_true,shared,0.0007,4,8.549605737789535e-06,8.831140690017491e-06,6.238930823747069e-06,1.0297210747376085e-05,4,4.44735656917269e-07,4.443764318583764e-07,3.5635918404395757e-07,5.338305799083655e-07,4,2.7401112843159154e-06,2.7188499373529894e-06,2.1705810268728217e-06,3.352164235684861e-06,4,1.3683509552212636e-06,1.357879188672974e-06,1.0846167456754019e-06,1.6730286978637046e-06
CBBT,5,accum4,amp_true,shared,0.001,4,1.2213722482556477e-05,1.261591527145356e-05,8.91275831963867e-06,1.4710301067680121e-05,4,6.353366527389557e-07,6.348234740833949e-07,5.090845486342251e-07,7.62615114154808e-07,4,3.914444691879879e-06,3.8840713390756995e-06,3.100830038389745e-06,4.788806050978373e-06,4,1.9547870788875197e-06,1.939827412389963e-06,1.5494524938220028e-06,2.3900409969481497e-06
CBBT,5,accum4,amp_true,shared,0.003,4,3.664116744766943e-05,3.7847745814360674e-05,2.6738274958916008e-05,4.413090320304036e-05,4,1.9060099582168673e-06,1.9044704222501847e-06,1.5272536459026754e-06,2.287845342464424e-06,4,1.1743334075639639e-05,1.1652214017227097e-05,9.302490115169236e-06,1.436641815293512e-05,4,5.864361236662559e-06,5.819482237169889e-06,4.648357481466008e-06,7.170122990844449e-06
CBBT,5,accum4,amp_true,temporal,0.0001,4,1.2213722482556477e-06,1.2615915271453561e-06,8.91275831963867e-07,1.471030106768012e-06,4,1.5005196376977427e-09,1.4941157810087724e-09,1.216090277217162e-09,1.7977567115562628e-09,4,4.5758387024495675e-07,4.552739063700567e-07,3.5823585838266817e-07,5.615518098570455e-07,4,2.28445609351973e-07,2.273223058037403e-07,1.7895785061854805e-07,2.8017997518186335e-07
CBBT,5,accum4,amp_true,temporal,0.0003,4,3.6641167447669426e-06,3.7847745814360676e-06,2.6738274958916005e-06,4.4130903203040355e-06,4,4.501558913093226e-09,4.482347343026317e-09,3.6482708316514856e-09,5.393270134668788e-09,4,1.37275161073487e-06,1.36582171911017e-06,1.0747075751480043e-06,1.684655429571136e-06,4,6.853368280559189e-07,6.819669174112209e-07,5.368735518556441e-07,8.405399255455898e-07
CBBT,5,accum4,amp_true,temporal,0.0007,4,8.549605737789535e-06,8.831140690017491e-06,6.238930823747069e-06,1.0297210747376085e-05,4,1.0503637463884197e-08,1.0458810467061407e-08,8.512631940520134e-09,1.258429698089384e-08,4,3.203087091714697e-06,3.1869173445903965e-06,2.507651008678677e-06,3.930862668999317e-06,4,1.599119265463811e-06,1.591256140626182e-06,1.2527049543298364e-06,1.961259826273043e-06
CBBT,5,accum4,amp_true,temporal,0.001,4,1.2213722482556477e-05,1.261591527145356e-05,8.91275831963867e-06,1.4710301067680121e-05,4,1.5005196376977427e-08,1.4941157810087728e-08,1.216090277217162e-08,1.797756711556263e-08,4,4.575838702449567e-06,4.552739063700567e-06,3.5823585838266813e-06,5.615518098570454e-06,4,2.28445609351973e-06,2.2732230580374034e-06,1.7895785061854805e-06,2.8017997518186333e-06
CBBT,5,accum4,amp_true,temporal,0.003,4,3.664116744766943e-05,3.7847745814360674e-05,2.6738274958916008e-05,4.413090320304036e-05,4,4.501558913093228e-08,4.4823473430263176e-08,3.648270831651486e-08,5.3932701346687883e-08,4,1.3727516107348701e-05,1.36582171911017e-05,1.0747075751480044e-05,1.684655429571136e-05,4,6.85336828055919e-06,6.8196691741122085e-06,5.368735518556442e-06,8.405399255455899e-06
CBBT,5,accum4,body,excess,1.0,4,0.017330748378299177,0.01740953209809959,0.01641356386244297,0.018090365454554558,4,0.0,0.0,0.0,0.0,4,0.0,0.0,0.0,0.0,4,0.0,0.0,0.0,0.0
CBBT,5,accum4,body,full,1.0,4,0.017330748378299177,0.01740953209809959,0.01641356386244297,0.018090365454554558,4,0.20446565177001458,0.20368491838915867,0.1973853785101848,0.21310739179155622,4,1.0143987803821264,1.0137067590815063,1.0109307461446306,1.0192508572208627,4,0.504102723223422,0.5038954364136083,0.5031453307471402,0.5054746893193311
CBBT,5,accum4,body,shared,1.0,4,0.017330748378299177,0.01740953209809959,0.01641356386244297,0.018090365454554558,4,0.1637686121655306,0.16408526846449206,0.15652377966013492,0.17038013207300332,4,1.0055546862605131,1.0050289527498144,1.003706523843429,1.0084543156989947,4,0.5022028783078214,0.5019886167088838,0.5015257030175411,0.5033085767959772
CBBT,5,accum4,body,temporal,1.0,4,0.017330748378299177,0.01740953209809959,0.01641356386244297,0.018090365454554558,4,0.0033150238442997593,0.003323034104970199,0.0031653566401625946,0.0034486705270960435,4,1.0072689522803482,1.0067432677423358,1.0051510295727641,1.0104382440639572,4,0.5029275731603728,0.5027136424023887,0.5021361826012737,0.5041468252354403
CBBT,5,accum4,excess,excess,2.0,4,0.0009436269210709725,0.0009740215900819749,0.0006720888632116839,0.0011543756409082562,4,0.0007178302289765374,0.0007196188482985204,0.0005657011335299991,0.0008663820857791098,4,7.684450380245206,7.527834932656826,5.955536198313262,9.726595457353907,4,1.1304686387626304,1.1331357558136625,1.092296594788482,1.1633064486347142
CBBT,5,accum4,excess,full,2.0,4,0.0009436269210709725,0.0009740215900819749,0.0006720888632116839,0.0011543756409082562,4,0.0007195132555368962,0.0007212781948429569,0.0005670310528286071,0.0008684655796330639,4,0.003580317185489095,0.0035945783612003875,0.0028458293091679506,0.004286282710387654,4,0.001778726751846828,0.001785235757364085,0.0014163835994422923,0.00212805189321685
CBBT,5,accum4,excess,shared,2.0,4,0.0009436269210709725,0.0009740215900819749,0.0006720888632116839,0.0011543756409082562,4,4.9178808077333274e-05,4.889061771807551e-05,3.881291530911816e-05,6.012108156406391e-05,4,0.00030286522581979833,0.0003027102512626045,0.0002412953112545474,0.000364745089499437,4,0.0001512443612175787,0.00015118428239604669,0.0001205685744030578,0.00018204030567516363
CBBT,5,accum4,excess,temporal,2.0,4,0.0009436269210709725,0.0009740215900819749,0.0006720888632116839,0.0011543756409082562,4,1.1700266921949267e-06,1.159026109296827e-06,9.268563235444315e-07,1.4351982266416215e-06,4,0.0003565751214434616,0.0003566890810231482,0.0002840047710788779,0.00042891755264867196,4,0.0001780178239530874,0.0001780961089302885,0.00014187547731025167,0.00021400360064152094
CBBT,5,accum4,gate,excess,0.5,4,0.002345391512790229,0.0023144311853684485,0.0020120049302931875,0.002740698750130832,4,0.0,0.0,0.0,0.0,4,0.0,0.0,0.0,0.0,4,0.0,0.0,0.0,0.0
CBBT,5,accum4,gate,full,0.5,4,0.002345391512790229,0.0023144311853684485,0.0020120049302931875,0.002740698750130832,4,0.0038258342440507,0.0037502499659643205,0.003003710999204475,0.004799126045069683,4,0.01907666653611659,0.01863767665441937,0.014249774444749045,0.024781538390878575,4,0.009476798576531841,0.009262702956189391,0.007091938127505385,0.012289850266243194
CBBT,5,accum4,gate,shared,0.5,4,0.002345391512790229,0.0023144311853684485,0.0020120049302931875,0.002740698750130832,4,0.001322851093388866,0.0013074898466253551,0.0010521533438702406,0.0016242713364345135,4,0.00816103216907723,0.007990512642724044,0.0061982178466310186,0.010464885544229816,4,0.004075406423358678,0.00399076511856511,0.00309718494106879,0.005222910515235702
CBBT,5,accum4,gate,temporal,0.5,4,0.002345391512790229,0.0023144311853684485,0.0020120049302931875,0.002740698750130832,4,3.761895045236195e-05,3.787323660399254e-05,2.9725045410132466e-05,4.500428319133024e-05,4,0.011481860460093085,0.011448714206849177,0.0086638442859768,0.014366169140697185,4,0.005732243988262095,0.005716543179518181,0.004328050682899505,0.007167838911112518
CBBT,5,accum4,tail,excess,0.01,4,0.00041690043872222304,0.00042276978492736814,0.0003280551265925169,0.000494007058441639,4,4.329967112299807e-06,4.329721690516762e-06,3.6680433462159123e-06,4.992381721949791e-06,4,0.04630689680932873,0.046278392017461374,0.03662292527977094,0.05604787792262123,4,0.0068706485326874836,0.006822731184540701,0.006294176258118449,0.007542955503550083
CBBT,5,accum4,tail,excess,0.025,4,0.0010422510968055576,0.0010569244623184204,0.0008201378164812923,0.0012350176461040975,4,1.0824917780749519e-05,1.0824304226291908e-05,9.170108365539781e-06,1.2480954304874477e-05,4,0.11576724202332184,0.11569598004365345,0.09155731319942736,0.1401196948065531,4,0.017176621331718708,0.017056827961351752,0.015735440645296122,0.01885738875887521
CBBT,5,accum4,tail,excess,0.05,4,0.0020845021936111152,0.002113848924636841,0.0016402756329625845,0.002470035292208195,4,2.1649835561499038e-05,2.1648608452583815e-05,1.8340216731079563e-05,2.4961908609748953e-05,4,0.23153448404664367,0.2313919600873069,0.18311462639885473,0.2802393896131062,4,0.034353242663437415,0.034113655922703504,0.031470881290592244,0.03771477751775042
CBBT,5,accum4,tail,excess,0.1,4,0.0041690043872222304,0.004227697849273682,0.003280551265925169,0.00494007058441639,4,4.3299671122998077e-05,4.329721690516763e-05,3.6680433462159125e-05,4.992381721949791e-05,4,0.46306896809328735,0.4627839201746138,0.36622925279770946,0.5604787792262124,4,0.06870648532687483,0.06822731184540701,0.06294176258118449,0.07542955503550083
CBBT,5,accum4,tail,full,0.01,4,0.00041690043872222304,0.00042276978492736814,0.0003280551265925169,0.000494007058441639,4,0.0026090383122257957,0.0025871972864919437,0.002156505083068991,0.003105253592850306,4,0.012991927817909397,0.012659466051354854,0.010613992751161235,0.01603478641776664,4,0.006454536119932953,0.006291798146746224,0.005282454130687244,0.007952094055552117
CBBT,5,accum4,tail,full,0.025,4,0.0010422510968055576,0.0010569244623184204,0.0008201378164812923,0.0012350176461040975,4,0.006522595780564491,0.0064679932162298595,0.005391262707672477,0.007763133982125765,4,0.03247981954477349,0.031648665128387134,0.026534981877903086,0.0400869660444166,4,0.01613634029983238,0.015729495366865562,0.013206135326718112,0.019880235138880292
CBBT,5,accum4,tail,full,0.05,4,0.0020845021936111152,0.002113848924636841,0.0016402756329625845,0.002470035292208195,4,0.013045191561128981,0.012935986432459719,0.010782525415344954,0.01552626796425153,4,0.06495963908954698,0.06329733025677427,0.05306996375580617,0.0801739320888332,4,0.03227268059966476,0.031458990733731124,0.026412270653436223,0.039760470277760585
CBBT,5,accum4,tail,full,0.1,4,0.0041690043872222304,0.004227697849273682,0.003280551265925169,0.00494007058441639,4,0.026090383122257962,0.025871972864919438,0.021565050830689908,0.03105253592850306,4,0.12991927817909396,0.12659466051354853,0.10613992751161234,0.1603478641776664,4,0.06454536119932952,0.06291798146746225,0.05282454130687245,0.07952094055552117
CBBT,5,accum4,tail,shared,0.01,4,0.00041690043872222304,0.00042276978492736814,0.0003280551265925169,0.000494007058441639,4,0.0010665471811335569,0.0010440952179673522,0.0008649030996896792,0.0013130951889098442,4,0.006577328971064297,0.006240315614852401,0.005368650575034315,0.008460034079518071,4,0.00328457708240541,0.0031166692784495515,0.002682658810369888,0.00422231096235265
CBBT,5,accum4,tail,shared,0.025,4,0.0010422510968055576,0.0010569244623184204,0.0008201378164812923,0.0012350176461040975,4,0.0026663679528338923,0.0026102380449183806,0.002162257749224198,0.0032827379722746106,4,0.016443322427660743,0.015600789037131003,0.013421626437585788,0.021150085198795177,4,0.008211442706013527,0.007791673196123878,0.00670664702592472,0.010555777405881626
CBBT,5,accum4,tail,shared,0.05,4,0.0020845021936111152,0.002113848924636841,0.0016402756329625845,0.002470035292208195,4,0.005332735905667785,0.005220476089836761,0.004324515498448396,0.006565475944549221,4,0.03288664485532149,0.031201578074262007,0.026843252875171576,0.042300170397590355,4,0.016422885412027053,0.015583346392247757,0.01341329405184944,0.02111155481176325
CBBT,5,accum4,tail,shared,0.1,4,0.0041690043872222304,0.004227697849273682,0.003280551265925169,0.00494007058441639,4,0.01066547181133557,0.010440952179673522,0.008649030996896793,0.013130951889098443,4,0.06577328971064297,0.062403156148524014,0.05368650575034315,0.08460034079518071,4,0.032845770824054106,0.031166692784495513,0.02682658810369888,0.0422231096235265
CBBT,5,accum4,tail,temporal,0.01,4,0.00041690043872222304,0.00042276978492736814,0.0003280551265925169,0.000494007058441639,4,2.9499423476116858e-05,2.9139314478359488e-05,2.4517330875874228e-05,3.5201734071874234e-05,4,0.008998938633194058,0.008721431848246801,0.007315870049340942,0.011237020786941688,4,0.004492702253033051,0.00435477882718981,0.0036546659101784887,0.005606585447574092
CBBT,5,accum4,tail,temporal,0.025,4,0.0010422510968055576,0.0010569244623184204,0.0008201378164812923,0.0012350176461040975,4,7.374855869029215e-05,7.284828619589872e-05,6.129332718968557e-05,8.800433517968558e-05,4,0.022497346582985148,0.021803579620617006,0.018289675123352358,0.028092551967354218,4,0.011231755632582625,0.010886947067974526,0.009136664775446222,0.01401646361893523
CBBT,5,accum4,tail,temporal,0.05,4,0.0020845021936111152,0.002113848924636841,0.0016402756329625845,0.002470035292208195,4,0.0001474971173805843,0.00014569657239179743,0.00012258665437937113,0.00017600867035937116,4,0.044994693165970295,0.04360715924123401,0.036579350246704716,0.056185103934708436,4,0.02246351126516525,0.021773894135949053,0.018273329550892444,0.02803292723787046
CBBT,5,accum4,tail,temporal,0.1,4,0.0041690043872222304,0.004227697849273682,0.003280551265925169,0.00494007058441639,4,0.0002949942347611686,0.00029139314478359487,0.00024517330875874227,0.0003520173407187423,4,0.08998938633194059,0.08721431848246802,0.07315870049340943,0.11237020786941687,4,0.0449270225303305,0.043547788271898105,0.03654665910178489,0.05606585447574092
CBBT,5,batch,amp_true,excess,0.0001,16,1.2213722482556479e-06,1.2983018532395364e-06,3.6678598262369635e-07,2.128864824771881e-06,16,9.373937820741561e-07,1.000761214259072e-06,3.264066030548309e-07,1.4984265469187568e-06,16,0.010437697972926735,0.01091884711771688,0.0031545533241182297,0.018397792077434725,16,0.0015864439427769662,0.0014400778257347914,0.0012790240126961195,0.0026803718059637514
CBBT,5,batch,amp_true,excess,0.0003,16,3.6641167447669426e-06,3.8949055597186085e-06,1.1003579478710888e-06,6.386594474315643e-06,16,2.8121813462224675e-06,3.0022836427772156e-06,9.792198091644926e-07,4.49527964075627e-06,16,0.031313093918780205,0.03275654135315064,0.009463659972354687,0.055193376232304164,16,0.004759331828330899,0.004320233477204373,0.003837072038088358,0.008041115417891254
CBBT,5,batch,amp_true,excess,0.0007,16,8.549605737789533e-06,9.088112972676754e-06,2.5675018783658744e-06,1.4902053773403167e-05,16,6.561756474519091e-06,7.005328499813504e-06,2.2848462213838164e-06,1.0488985828431297e-05,16,0.07306388581048714,0.07643192982401817,0.022081873268827604,0.12878454454204308,16,0.011105107599438764,0.01008054478014354,0.008953168088872835,0.01876260264174626
CBBT,5,batch,amp_true,excess,0.001,16,1.2213722482556477e-05,1.2983018532395363e-05,3.667859826236963e-06,2.128864824771881e-05,16,9.37393782074156e-06,1.000761214259072e-05,3.264066030548309e-06,1.4984265469187568e-05,16,0.10437697972926735,0.10918847117716882,0.0315455332411823,0.18397792077434724,16,0.01586443942776966,0.014400778257347913,0.012790240126961195,0.026803718059637514
CBBT,5,batch,amp_true,excess,0.003,16,3.664116744766943e-05,3.8949055597186085e-05,1.100357947871089e-05,6.386594474315644e-05,16,2.812181346222468e-05,3.002283642777216e-05,9.792198091644927e-06,4.4952796407562706e-05,16,0.3131309391878021,0.3275654135315064,0.09463659972354689,0.5519337623230417,16,0.04759331828330898,0.043202334772043736,0.038370720380883586,0.08041115417891255
CBBT,5,batch,amp_true,full,0.0001,16,1.2213722482556479e-06,1.2983018532395364e-06,3.6678598262369635e-07,2.128864824771881e-06,16,9.395940465841033e-07,1.0032385497823353e-06,3.272691005603879e-07,1.5020873954522632e-06,16,4.776718415051513e-06,5.442992218273643e-06,1.5157854674957663e-06,7.592774377570259e-06,16,2.3708404276853695e-06,2.7006761715201226e-06,7.567905085333687e-07,3.7610590965923087e-06
CBBT,5,batch,amp_true,full,0.0003,16,3.6641167447669426e-06,3.8949055597186085e-06,1.1003579478710888e-06,6.386594474315643e-06,16,2.81878213975231e-06,3.0097156493470053e-06,9.818073016811635e-07,4.506262186356789e-06,16,1.4330155245154538e-05,1.6328976654820927e-05,4.547356402487299e-06,2.2778323132710776e-05,16,7.112521283056106e-06,8.102028514560367e-06,2.2703715256001057e-06,1.1283177289776925e-05
CBBT,5,batch,amp_true,full,0.0007,16,8.549605737789533e-06,9.088112972676754e-06,2.5675018783658744e-06,1.4902053773403167e-05,16,6.5771583260887234e-06,7.022669848476347e-06,2.290883703922715e-06,1.0514611768165843e-05,16,3.343702890536059e-05,3.81009455279155e-05,1.0610498272470364e-05,5.3149420642991815e-05,16,1.6595882993797583e-05,1.890473320064086e-05,5.2975335597335805e-06,2.6327413676146158e-05
CBBT,5,batch,amp_true,full,0.001,16,1.2213722482556477e-05,1.2983018532395363e-05,3.667859826236963e-06,2.128864824771881e-05,16,9.395940465841033e-06,1.0032385497823352e-05,3.272691005603879e-06,1.5020873954522633e-05,16,4.776718415051513e-05,5.442992218273643e-05,1.5157854674957664e-05,7.592774377570259e-05,16,2.370840427685369e-05,2.7006761715201228e-05,7.5679050853336875e-06,3.761059096592308e-05
CBBT,5,batch,amp_true,full,0.003,16,3.664116744766943e-05,3.8949055597186085e-05,1.100357947871089e-05,6.386594474315644e-05,16,2.8187821397523098e-05,3.009715649347006e-05,9.818073016811637e-06,4.506262186356789e-05,16,0.0001433015524515454,0.0001632897665482093,4.5473564024872986e-05,0.0002277832313271078,16,7.112521283056107e-05,8.102028514560368e-05,2.270371525600106e-05,0.00011283177289776925
CBBT,5,batch,amp_true,shared,0.0001,16,1.2213722482556479e-06,1.2983018532395364e-06,3.6678598262369635e-07,2.128864824771881e-06,16,6.420592503428742e-08,7.041979363436665e-08,2.3744339616239014e-08,1.0480661747091415e-07,16,4.038347602573235e-07,4.6622739509127133e-07,1.3582511274488553e-07,6.461395189310004e-07,16,2.0160056604449238e-07,2.32824612914749e-07,6.795281485794439e-08,3.225802534809773e-07
CBBT,5,batch,amp_true,shared,0.0003,16,3.6641167447669426e-06,3.8949055597186085e-06,1.1003579478710888e-06,6.386594474315643e-06,16,1.9261777510286221e-07,2.1125938090309994e-07,7.123301884871703e-08,3.1441985241274245e-07,16,1.2115042807719704e-06,1.398682185273814e-06,4.074753382346565e-07,1.938418556793001e-06,16,6.048016981334771e-07,6.984738387442469e-07,2.0385844457383316e-07,9.677407604429319e-07
CBBT,5,batch,amp_true,shared,0.0007,16,8.549605737789533e-06,9.088112972676754e-06,2.5675018783658744e-06,1.4902053773403167e-05,16,4.4944147524001185e-07,4.929385554405666e-07,1.662103773136731e-07,7.33646322296399e-07,16,2.8268433218012645e-06,3.2635917656388992e-06,9.507757892141987e-07,4.522976632517003e-06,16,1.4112039623114467e-06,1.6297722904032429e-06,4.756697040056107e-07,2.258061774366841e-06
CBBT,5,batch,amp_true,shared,0.001,16,1.2213722482556477e-05,1.2983018532395363e-05,3.667859826236963e-06,2.128864824771881e-05,16,6.420592503428742e-07,7.041979363436666e-07,2.3744339616239014e-07,1.0480661747091416e-06,16,4.038347602573235e-06,4.6622739509127135e-06,1.3582511274488553e-06,6.461395189310005e-06,16,2.0160056604449236e-06,2.32824612914749e-06,6.795281485794439e-07,3.225802534809773e-06
CBBT,5,batch,amp_true,shared,0.003,16,3.664116744766943e-05,3.8949055597186085e-05,1.100357947871089e-05,6.386594474315644e-05,16,1.9261777510286227e-06,2.1125938090309995e-06,7.123301884871704e-07,3.1441985241274247e-06,16,1.2115042807719705e-05,1.398682185273814e-05,4.074753382346566e-06,1.9384185567930013e-05,16,6.048016981334771e-06,6.9847383874424695e-06,2.0385844457383316e-06,9.67740760442932e-06
CBBT,5,batch,amp_true,temporal,0.0001,16,1.2213722482556479e-06,1.2983018532395364e-06,3.6678598262369635e-07,2.128864824771881e-06,16,1.5109455580259249e-09,1.632656970672145e-09,5.360199595365592e-10,2.5172577542131197e-09,16,4.70188083187345e-07,5.427321419460535e-07,1.5164440206422856e-07,7.733041133580708e-07,16,2.3465224888423808e-07,2.709408547022136e-07,7.588536259009724e-08,3.859297908584476e-07
CBBT,5,batch,amp_true,temporal,0.0003,16,3.6641167447669426e-06,3.8949055597186085e-06,1.1003579478710888e-06,6.386594474315643e-06,16,4.532836674077774e-09,4.897970912016434e-09,1.6080598786096775e-09,7.551773262639358e-09,16,1.4105642495620346e-06,1.6281964258381603e-06,4.549332061926856e-07,2.319912340074212e-06,16,7.039567466527142e-07,8.128225641066407e-07,2.2765608777029166e-07,1.1577893725753428e-06
CBBT,5,batch,amp_true,temporal,0.0007,16,8.549605737789533e-06,9.088112972676754e-06,2.5675018783658744e-06,1.4902053773403167e-05,16,1.0576618906181473e-08,1.1428598794705014e-08,3.752139716755915e-09,1.762080427949184e-08,16,3.2913165823114137e-06,3.7991249936223737e-06,1.0615108144495998e-06,5.413128793506495e-06,16,1.6425657421896665e-06,1.896585982915495e-06,5.311975381306806e-07,2.701508536009133e-06
CBBT,5,batch,amp_true,temporal,0.001,16,1.2213722482556477e-05,1.2983018532395363e-05,3.667859826236963e-06,2.128864824771881e-05,16,1.5109455580259248e-08,1.632656970672145e-08,5.360199595365593e-09,2.5172577542131196e-08,16,4.701880831873449e-06,5.427321419460535e-06,1.5164440206422854e-06,7.733041133580707e-06,16,2.3465224888423808e-06,2.709408547022136e-06,7.588536259009723e-07,3.8592979085844765e-06
CBBT,5,batch,amp_true,temporal,0.003,16,3.664116744766943e-05,3.8949055597186085e-05,1.100357947871089e-05,6.386594474315644e-05,16,4.5328366740777744e-08,4.897970912016435e-08,1.6080598786096776e-08,7.551773262639359e-08,16,1.4105642495620347e-05,1.6281964258381603e-05,4.5493320619268564e-06,2.319912340074212e-05,16,7.039567466527142e-06,8.128225641066408e-06,2.276560877702917e-06,1.1577893725753429e-05
CBBT,5,batch,body,excess,1.0,16,0.017330748378299177,0.016981443390250206,0.015536880120635033,0.02101164124906063,16,0.0,0.0,0.0,0.0,16,0.0,0.0,0.0,0.0,16,0.0,0.0,0.0,0.0
CBBT,5,batch,body,full,1.0,16,0.017330748378299177,0.016981443390250206,0.015536880120635033,0.02101164124906063,16,0.2046152659869781,0.20095226546391115,0.185809699586494,0.2476005102938494,16,1.0147358737593746,1.0168070838843979,1.0047421226745836,1.0268831946377885,16,0.5041937962310581,0.5048062626609975,0.5016404486447672,0.507913682139336
CBBT,5,batch,body,shared,1.0,16,0.017330748378299177,0.016981443390250206,0.015536880120635033,0.02101164124906063,16,0.16386599778563418,0.16279341086172305,0.14327713158145014,0.19999002386229864,16,1.0057352449129788,1.0055915590243045,1.0013934025826303,1.013898237228614,16,0.502263042866235,0.5022285286821926,0.5006707590372774,0.5054665059232784
CBBT,5,batch,body,temporal,1.0,16,0.017330748378299177,0.016981443390250206,0.015536880120635033,0.02101164124906063,16,0.003317597381112103,0.0032868586666853104,0.00292671892056318,0.004065824878133226,16,1.0074716865959479,1.0081590758789234,1.0018194351694298,1.0154614852208075,16,0.5029953074451735,0.5032872752898134,0.5010713831466547,0.5061274422885138
CBBT,5,batch,excess,excess,2.0,16,0.0009436269210709725,0.0010368661605753005,0.00029014877509325743,0.0016908127581700683,16,0.0007185814753762635,0.0008130026902364797,0.00020452646548206995,0.001129997061273342,16,8.022562483083725,8.871029513100714,1.9766439634440693,14.215509184874842,16,1.1779719856454196,1.1084210189997088,1.05670567498869,1.679521696316508
CBBT,5,batch,excess,full,2.0,16,0.0009436269210709725,0.0010368661605753005,0.00029014877509325743,0.0016908127581700683,16,0.0007202927188534373,0.0008150389465613195,0.00020514206001121907,0.0011325876709704632,16,0.00367080081629926,0.004249837238379227,0.0009501396642845397,0.005783681641056632,16,0.001821783946294543,0.0021086764662260242,0.0004743789244130812,0.002866926943746247
CBBT,5,batch,excess,shared,2.0,16,0.0009436269210709725,0.0010368661605753005,0.00029014877509325743,0.0016908127581700683,16,4.9585643319581126e-05,5.6936284366155174e-05,1.5880481827017785e-05,7.656026350470148e-05,16,0.0003126009000529773,0.0003725443440837491,9.084136554055275e-05,0.00047595326123418244,16,0.00015604893546385622,0.0001860412709582989,4.5447608098911524e-05,0.00023749964499484875
CBBT,5,batch,excess,temporal,2.0,16,0.0009436269210709725,0.0010368661605753005,0.00029014877509325743,0.0016908127581700683,16,1.1757010180895637e-06,1.3400621756004284e-06,3.5050723708200646e-07,1.8621702193041166e-06,16,0.00036659570763450475,0.0004359780149364018,9.916134547012218e-05,0.0005730996153536471,16,0.0001829443371367784,0.0002175413754037476,4.962197452389288e-05,0.0002858853129157633
CBBT,5,batch,gate,excess,0.5,16,0.002345391512790229,0.0022380019072443247,0.0015934666153043509,0.0035721149761229753,16,0.0,0.0,0.0,0.0,16,0.0,0.0,0.0,0.0,16,0.0,0.0,0.0,0.0
CBBT,5,batch,gate,full,0.5,16,0.002345391512790229,0.0022380019072443247,0.0015934666153043509,0.0035721149761229753,16,0.0038459818617334962,0.003517301505207654,0.0020182819074642945,0.00685895684316247,16,0.019568010461278724,0.01906513389838891,0.00820492232877255,0.036893521470652564,16,0.00971334060854169,0.009465884142695788,0.0040914421254721065,0.0182481556179868
CBBT,5,batch,gate,shared,0.5,16,0.002345391512790229,0.0022380019072443247,0.0015934666153043509,0.0035721149761229753,16,0.0013365201250329522,0.001227974394012626,0.0007555927709093374,0.002289524147708027,16,0.00838399723053203,0.00840781386021943,0.0037851644696741044,0.015093472950855816,16,0.004185827741230753,0.004196616107300442,0.0018920268549955672,0.007524665449237149
CBBT,5,batch,gate,temporal,0.5,16,0.002345391512790229,0.0022380019072443247,0.0015934666153043509,0.0035721149761229753,16,3.779513319295995e-05,3.4269060762614416e-05,2.113345817091704e-05,6.498851807743723e-05,16,0.011722436960670598,0.011607243002366114,0.005211267733519025,0.019964538103503526,16,0.005851065189298812,0.005787280918415338,0.002604482837744688,0.009963622178876143
CBBT,5,batch,tail,excess,0.01,16,0.00041690043872222304,0.00044951150193810467,0.00022720225155353546,0.0006880133599042892,16,4.332844331411895e-06,4.3836887423845785e-06,2.6302764343275878e-06,6.729000445833536e-06,16,0.048023429525269,0.04699300030126602,0.02442008641482764,0.08261916564811315,16,0.007945839473256317,0.006688238306677448,0.005179095615677628,0.02159919171512051
CBBT,5,batch,tail,excess,0.025,16,0.0010422510968055576,0.0011237787548452616,0.0005680056288838387,0.0017200333997607232,16,1.083211082852974e-05,1.0959221855961446e-05,6.57569108581897e-06,1.682250111458384e-05,16,0.12005857381317248,0.11748250075316505,0.06105021603706911,0.2065479141202829,16,0.01986459868314079,0.016720595766693623,0.012947739039194071,0.053997979287801284
CBBT,5,batch,tail,excess,0.05,16,0.0020845021936111152,0.002247557509690523,0.0011360112577676774,0.0034400667995214463,16,2.166422165705948e-05,2.1918443711922892e-05,1.315138217163794e-05,3.364500222916768e-05,16,0.24011714762634495,0.2349650015063301,0.12210043207413822,0.4130958282405658,16,0.03972919736628158,0.033441191533387246,0.025895478078388143,0.10799595857560257
CBBT,5,batch,tail,excess,0.1,16,0.0041690043872222304,0.004495115019381046,0.0022720225155353547,0.006880133599042893,16,4.332844331411896e-05,4.3836887423845785e-05,2.630276434327588e-05,6.729000445833535e-05,16,0.4802342952526899,0.4699300030126602,0.24420086414827644,0.8261916564811316,16,0.07945839473256316,0.06688238306677449,0.051790956156776286,0.21599191715120514
CBBT,5,batch,tail,full,0.01,16,0.00041690043872222304,0.00044951150193810467,0.00022720225155353546,0.0006880133599042892,16,0.0026153639881979886,0.0026121164918112543,0.0016400481427901665,0.004134150143572387,16,0.013284797336785802,0.014138422401035081,0.007026233580185792,0.02284751181446108,16,0.006594709631356583,0.007014422244028863,0.0035036807054917526,0.01130076323578182
CBBT,5,batch,tail,full,0.025,16,0.0010422510968055576,0.0011237787548452616,0.0005680056288838387,0.0017200333997607232,16,0.006538409970494971,0.006530291229528136,0.004100120356975416,0.010335375358930969,16,0.03321199334196451,0.0353460560025877,0.01756558395046448,0.0571187795361527,16,0.016486774078391456,0.01753605561007216,0.008759201763729381,0.028251908089454547
CBBT,5,batch,tail,full,0.05,16,0.0020845021936111152,0.002247557509690523,0.0011360112577676774,0.0034400667995214463,16,0.013076819940989942,0.013060582459056272,0.008200240713950832,0.020670750717861938,16,0.06642398668392901,0.0706921120051754,0.03513116790092896,0.1142375590723054,16,0.03297354815678291,0.03507211122014432,0.017518403527458763,0.056503816178909094
CBBT,5,batch,tail,full,0.1,16,0.0041690043872222304,0.004495115019381046,0.0022720225155353547,0.006880133599042893,16,0.026153639881979884,0.026121164918112543,0.016400481427901663,0.041341501435723876,16,0.13284797336785803,0.1413842240103508,0.07026233580185792,0.2284751181446108,16,0.06594709631356582,0.07014422244028864,0.035036807054917525,0.11300763235781819
CBBT,5,batch,tail,shared,0.01,16,0.00041690043872222304,0.00044951150193810467,0.00022720225155353546,0.0006880133599042892,16,0.0010746426713556653,0.0010738060183938035,0.0006398854594861567,0.0018712084259843995,16,0.006760794910311101,0.007036471748793611,0.003565352050708041,0.012671549837088177,16,0.0033752032696329334,0.003512760548384273,0.0017821528975817335,0.006317245444960209
CBBT,5,batch,tail,shared,0.025,16,0.0010422510968055576,0.0011237787548452616,0.0005680056288838387,0.0017200333997607232,16,0.0026866066783891637,0.002684515045984509,0.0015997136487153917,0.0046780210649609985,16,0.016901987275777755,0.017591179371984025,0.008913380126770103,0.031678874592720445,16,0.008438008174082334,0.008781901370960684,0.004455382243954334,0.015793113612400524
CBBT,5,batch,tail,shared,0.05,16,0.0020845021936111152,0.002247557509690523,0.0011360112577676774,0.0034400667995214463,16,0.005373213356778327,0.005369030091969018,0.0031994272974307835,0.009356042129921997,16,0.03380397455155551,0.03518235874396805,0.017826760253540207,0.06335774918544089,16,0.016876016348164668,0.017563802741921368,0.008910764487908668,0.03158622722480105
CBBT,5,batch,tail,shared,0.1,16,0.0041690043872222304,0.004495115019381046,0.0022720225155353547,0.006880133599042893,16,0.010746426713556655,0.010738060183938036,0.006398854594861567,0.018712084259843994,16,0.06760794910311102,0.0703647174879361,0.03565352050708041,0.12671549837088178,16,0.033752032696329336,0.035127605483842736,0.017821528975817336,0.0631724544496021
CBBT,5,batch,tail,temporal,0.01,16,0.00041690043872222304,0.00044951150193810467,0.00022720225155353546,0.0006880133599042892,16,2.9591462819315192e-05,2.9382182636833063e-05,1.8532592307529536e-05,4.7327902633342584e-05,16,0.009198389270066276,0.009850654159327812,0.004755668531099453,0.015865636045348117,16,0.004590920580463444,0.004914449632808543,0.0023767838661567006,0.007907767954553587
CBBT,5,batch,tail,temporal,0.025,16,0.0010422510968055576,0.0011237787548452616,0.0005680056288838387,0.0017200333997607232,16,7.397865704828797e-05,7.345545659208266e-05,4.633148076882384e-05,0.00011831975658335647,16,0.02299597317516569,0.02462663539831953,0.011889171327748633,0.0396640901133703,16,0.01147730145115861,0.012286124082021357,0.005941959665391751,0.01976941988638397
CBBT,5,batch,tail,temporal,0.05,16,0.0020845021936111152,0.002247557509690523,0.0011360112577676774,0.0034400667995214463,16,0.00014795731409657594,0.00014691091318416532,9.266296153764768e-05,0.00023663951316671295,16,0.04599194635033138,0.04925327079663906,0.023778342655497265,0.0793281802267406,16,0.02295460290231722,0.024572248164042715,0.011883919330783503,0.03953883977276794
CBBT,5,batch,tail,temporal,0.1,16,0.0041690043872222304,0.004495115019381046,0.0022720225155353547,0.006880133599042893,16,0.0002959146281931519,0.00029382182636833063,0.00018532592307529536,0.0004732790263334259,16,0.09198389270066276,0.09850654159327812,0.04755668531099453,0.1586563604534812,16,0.04590920580463444,0.04914449632808543,0.023767838661567006,0.07907767954553588
CBBT,20,accum4,amp_true,excess,0.0001,4,1.9396511597733483e-07,1.9316980833536945e-07,1.2637758627533913e-07,2.6314326096326115e-07,4,2.6596709721825215e-06,2.174344133045189e-06,1.8877705484270588e-06,4.40222507421265e-06,4,0.002977018233381772,0.0030016683968317505,0.002630285750012125,0.003274450389851461,4,0.0013035926123612647,0.0013390790001947866,0.0010072277282413811,0.0015289847208141047
CBBT,20,accum4,amp_true,excess,0.0003,4,5.818953479320043e-07,5.795094250061083e-07,3.7913275882601735e-07,7.894297828897833e-07,4,7.979012916547564e-06,6.523032399135567e-06,5.663311645281175e-06,1.3206675222637948e-05,4,0.008931054700145314,0.00900500519049525,0.007890857250036375,0.009823351169554382,4,0.003910777837083794,0.00401723700058436,0.003021683184724143,0.004586954162442314
CBBT,20,accum4,amp_true,excess,0.0007,4,1.3577558118413435e-06,1.352188658347586e-06,8.846431039273739e-07,1.842002826742828e-06,4,1.8617696805277654e-05,1.5220408931316325e-05,1.3214393838989412e-05,3.081557551948855e-05,4,0.020839127633672398,0.02101167877782225,0.018412000250084874,0.022921152728960226,4,0.009125148286528854,0.009373553001363506,0.007050594097689667,0.010702893045698733
CBBT,20,accum4,amp_true,excess,0.001,4,1.939651159773348e-06,1.9316980833536947e-06,1.2637758627533913e-06,2.631432609632611e-06,4,2.6596709721825215e-05,2.174344133045189e-05,1.8877705484270587e-05,4.40222507421265e-05,4,0.029770182333817716,0.0300166839683175,0.02630285750012125,0.03274450389851461,4,0.01303592612361265,0.013390790001947867,0.010072277282413812,0.015289847208141048
CBBT,20,accum4,amp_true,excess,0.003,4,5.818953479320045e-06,5.795094250061084e-06,3.791327588260174e-06,7.894297828897835e-06,4,7.979012916547564e-05,6.523032399135567e-05,5.663311645281176e-05,0.00013206675222637949,4,0.08931054700145315,0.09005005190495251,0.07890857250036375,0.09823351169554383,4,0.039107778370837946,0.0401723700058436,0.030216831847241433,0.045869541624423145
CBBT,20,accum4,amp_true,full,0.0001,4,1.9396511597733483e-07,1.9316980833536945e-07,1.2637758627533913e-07,2.6314326096326115e-07,4,6.77302139367674e-06,5.816077783090979e-06,4.5539697872954634e-06,1.0905960221229538e-05,4,0.0004983305245012424,0.00047012229366684606,0.00028430017214739635,0.0007687773385238811,4,0.00021420006019721248,0.00020435277123688407,0.00013449050748120126,0.0003136041908338805
CBBT,20,accum4,amp_true,full,0.0003,4,5.818953479320043e-07,5.795094250061083e-07,3.7913275882601735e-07,7.894297828897833e-07,4,2.0319064181030217e-05,1.7448233349272935e-05,1.3661909361886387e-05,3.271788066368861e-05,4,0.001494991573503727,0.001410366881000538,0.0008529005164421889,0.002306332015571643,4,0.0006426001805916374,0.0006130583137106522,0.00040347152244360376,0.0009408125725016413
CBBT,20,accum4,amp_true,full,0.0007,4,1.3577558118413435e-06,1.352188658347586e-06,8.846431039273739e-07,1.842002826742828e-06,4,4.741114975573718e-05,4.0712544481636846e-05,3.187778851106824e-05,7.634172154860677e-05,4,0.0034883136715086966,0.0032908560556679225,0.0019901012050317743,0.005381441369667167,4,0.0014994004213804873,0.0014304693986581885,0.0009414335523684088,0.002195229335837163
CBBT,20,accum4,amp_true,full,0.001,4,1.939651159773348e-06,1.9316980833536947e-06,1.2637758627533913e-06,2.631432609632611e-06,4,6.77302139367674e-05,5.816077783090979e-05,4.553969787295463e-05,0.00010905960221229539,4,0.004983305245012424,0.00470122293666846,0.0028430017214739634,0.007687773385238811,4,0.0021420006019721247,0.002043527712368841,0.0013449050748120127,0.0031360419083388048
CBBT,20,accum4,amp_true,full,0.003,4,5.818953479320045e-06,5.795094250061084e-06,3.791327588260174e-06,7.894297828897835e-06,4,0.00020319064181030218,0.00017448233349272936,0.0001366190936188639,0.00032717880663688616,4,0.01494991573503727,0.014103668810005382,0.00852900516442189,0.02306332015571643,4,0.006426001805916374,0.0061305831371065225,0.004034715224436038,0.009408125725016415
CBBT,20,accum4,amp_true,shared,0.0001,4,1.9396511597733483e-07,1.9316980833536945e-07,1.2637758627533913e-07,2.6314326096326115e-07,4,6.227375242905267e-06,5.393618665440079e-06,4.144268714754304e-06,9.977994925986606e-06,4,0.0005054162935135313,0.0004784816441731523,0.00029226081956102833,0.0007724410661467918,4,0.00021229542037067275,0.00020339092397989196,0.00013633266785470618,0.00030606716566820093
CBBT,20,accum4,amp_true,shared,0.0003,4,5.818953479320043e-07,5.795094250061083e-07,3.7913275882601735e-07,7.894297828897833e-07,4,1.86821257287158e-05,1.6180855996320237e-05,1.2432806144262911e-05,2.9933984777959814e-05,4,0.0015162488805405936,0.0014354449325194567,0.0008767824586830848,0.0023173231984403753,4,0.0006368862611120182,0.0006101727719396758,0.00040899800356411855,0.0009182014970046027
CBBT,20,accum4,amp_true,shared,0.0007,4,1.3577558118413435e-06,1.352188658347586e-06,8.846431039273739e-07,1.842002826742828e-06,4,4.3591626700336865e-05,3.7755330658080554e-05,2.9009881003280128e-05,6.984596448190624e-05,4,0.0035379140545947186,0.003349371509212066,0.002045825736927198,0.005407087463027543,4,0.0014860679425947093,0.0014237364678592436,0.0009543286749829433,0.0021424701596774063
CBBT,20,accum4,amp_true,shared,0.001,4,1.939651159773348e-06,1.9316980833536947e-06,1.2637758627533913e-06,2.631432609632611e-06,4,6.227375242905268e-05,5.393618665440079e-05,4.144268714754304e-05,9.977994925986606e-05,4,0.005054162935135312,0.004784816441731524,0.002922608195610283,0.007724410661467919,4,0.0021229542037067275,0.00203390923979892,0.0013633266785470618,0.0030606716566820096
CBBT,20,accum4,amp_true,shared,0.003,4,5.818953479320045e-06,5.795094250061084e-06,3.791327588260174e-06,7.894297828897835e-06,4,0.00018682125728715802,0.00016180855996320237,0.0001243280614426291,0.0002993398477795982,4,0.015162488805405935,0.01435444932519457,0.008767824586830848,0.023173231984403755,4,0.006368862611120183,0.006101727719396759,0.004089980035641186,0.009182014970046028
CBBT,20,accum4,amp_true,temporal,0.0001,4,1.9396511597733483e-07,1.9316980833536945e-07,1.2637758627533913e-07,2.6314326096326115e-07,4,4.272762091730958e-08,3.6681480940637635e-08,2.9744748708403186e-08,6.780277307955987e-08,4,0.000425221160759643,0.00041123589934311466,0.0002474221930245265,0.0006309906513278161,4,0.00017955569745305126,0.0001747082885782487,0.00011497959528136985,0.0002538266173743377
CBBT,20,accum4,amp_true,temporal,0.0003,4,5.818953479320043e-07,5.795094250061083e-07,3.7913275882601735e-07,7.894297828897833e-07,4,1.281828627519287e-07,1.1004444282191288e-07,8.923424612520954e-08,2.0340831923867957e-07,4,0.0012756634822789288,0.0012337076980293439,0.0007422665790735793,0.0018929719539834482,4,0.0005386670923591537,0.000524124865734746,0.00034493878584410955,0.0007614798521230131
CBBT,20,accum4,amp_true,temporal,0.0007,4,1.3577558118413435e-06,1.352188658347586e-06,8.846431039273739e-07,1.842002826742828e-06,4,2.99093346421167e-07,2.567703665844634e-07,2.082132409588223e-07,4.74619411556919e-07,4,0.002976548125317501,0.0028786512954018023,0.0017319553511716853,0.004416934559294713,4,0.0012568898821713585,0.001222958020047741,0.000804857166969589,0.001776786321620364
CBBT,20,accum4,amp_true,temporal,0.001,4,1.939651159773348e-06,1.9316980833536947e-06,1.2637758627533913e-06,2.631432609632611e-06,4,4.2727620917309575e-07,3.668148094063763e-07,2.9744748708403186e-07,6.780277307955986e-07,4,0.00425221160759643,0.004112358993431146,0.002474221930245265,0.006309906513278161,4,0.0017955569745305123,0.001747082885782487,0.0011497959528136985,0.0025382661737433773
CBBT,20,accum4,amp_true,temporal,0.003,4,5.818953479320045e-06,5.795094250061084e-06,3.791327588260174e-06,7.894297828897835e-06,4,1.2818286275192875e-06,1.100444428219129e-06,8.923424612520956e-07,2.034083192386796e-06,4,0.01275663482278929,0.012337076980293439,0.007422665790735795,0.018929719539834484,4,0.005386670923591537,0.005241248657347461,0.0034493878584410955,0.007614798521230132
CBBT,20,accum4,body,excess,1.0,4,0.001305505124037154,0.001300201314734295,0.0012126629590056837,0.0014089549076743424,4,0.0,0.0,0.0,0.0,4,0.0,0.0,0.0,0.0,4,0.0,0.0,0.0,0.0
CBBT,20,accum4,body,full,1.0,4,0.001305505124037154,0.001300201314734295,0.0012126629590056837,0.0014089549076743424,4,0.012257735967980972,0.011956461492840726,0.009965022718406527,0.015152998167835913,4,0.8893920218288804,0.8992483537864235,0.8130835517857856,0.9459878279568891,4,0.390547799665073,0.39150306193675166,0.33167784293396946,0.44750723185281926
CBBT,20,accum4,body,shared,1.0,4,0.001305505124037154,0.001300201314734295,0.0012126629590056837,0.0014089549076743424,4,0.010823667393180025,0.01051715181373774,0.009025907144908502,0.013234458800336123,4,0.8706120715154382,0.882622098739013,0.7838877325128796,0.9333163560708468,4,0.3742329996641909,0.37547978324162856,0.31060272039795456,0.43536971177555184
CBBT,20,accum4,body,temporal,1.0,4,0.001305505124037154,0.001300201314734295,0.0012126629590056837,0.0014089549076743424,4,8.678648144554629e-05,8.573467479948338e-05,6.487439557122324e-05,0.00011080218061199517,4,0.8497491738852774,0.8429576205352827,0.7914089001761275,0.9216725542944166,4,0.36606685222954216,0.35879964606528686,0.3183575599241147,0.42831055686348013
CBBT,20,accum4,excess,excess,2.0,4,0.00015380898184957914,0.00015290401734091574,0.0001047860314429272,0.00020464186127355788,4,0.0012833083363542283,0.0008238180703387045,0.0007855231843929664,0.002700074020346538,4,1.309235993974681,1.2395485004107178,1.1445795705328592,1.6132674045444289,4,0.5646603883263464,0.5532054892863929,0.5344544783835004,0.6177760963490996
CBBT,20,accum4,excess,full,2.0,4,0.00015380898184957914,0.00015290401734091574,0.0001047860314429272,0.00020464186127355788,4,0.0035565661979638386,0.0027540176067211066,0.002149475521468614,0.006568754056944528,4,0.26111782629282293,0.22362014014002551,0.13418979249378435,0.46304123239745626,4,0.11161067390118407,0.09703830505516589,0.06347957215421415,0.18888651334019033
CBBT,20,accum4,excess,shared,2.0,4,0.00015380898184957914,0.00015290401734091574,0.0001047860314429272,0.00020464186127355788,4,0.0033106809289219115,0.002628136170620181,0.00199828553295,0.005988165841497284,4,0.2681742250230123,0.23410191135838682,0.14092246612718434,0.46357061124809124,4,0.11202091357633637,0.09933220618700797,0.06573695302928449,0.18368228890204505
CBBT,20,accum4,excess,temporal,2.0,4,0.00015380898184957914,0.00015290401734091574,0.0001047860314429272,0.00020464186127355788,4,2.0662878670734862e-05,1.539277925014447e-05,1.274262163007525e-05,3.912333455257526e-05,4,0.20443783514274846,0.17383187415373602,0.10599542862180192,0.3640921636417199,4,0.08577191655820124,0.07368415666568556,0.04925714761327819,0.1464622052881556
CBBT,20,accum4,gate,excess,0.5,4,0.0004057425167047768,0.0003923848653357709,0.00032925407867878675,0.0005089462574687786,4,0.0,0.0,0.0,0.0,4,0.0,0.0,0.0,0.0,4,0.0,0.0,0.0,0.0
CBBT,20,accum4,gate,full,0.5,4,0.0004057425167047768,0.0003923848653357709,0.00032925407867878675,0.0005089462574687786,4,0.0059983676186055514,0.006137503635230782,0.0039501112562710635,0.007768351947689577,4,0.45619723244792226,0.4368462325178254,0.24660183589539691,0.7044946288606416,4,0.19559439545445417,0.1860036536467657,0.11665700307129265,0.2937132714529927
CBBT,20,accum4,gate,shared,0.5,4,0.0004057425167047768,0.0003923848653357709,0.00032925407867878675,0.0005089462574687786,4,0.005856097402740889,0.005984082232355515,0.003817824056478857,0.00763840108977367,4,0.4906444785999325,0.4692974760011367,0.26923939167213756,0.7547435707253191,4,0.20544169948286617,0.19490888164621425,0.12559372348771475,0.3063553111513214
CBBT,20,accum4,gate,temporal,0.5,4,0.0004057425167047768,0.0003923848653357709,0.00032925407867878675,0.0005089462574687786,4,4.142210690957088e-05,4.0145253240904676e-05,2.985741508997346e-05,5.5540506066500703e-05,4,0.42232495488286936,0.43175031281446213,0.2483593723391522,0.577439821563401,4,0.17819218337849962,0.18028504905408502,0.11541511198657929,0.2367835234192492
CBBT,20,accum4,tail,excess,0.01,4,2.959668636322022e-05,3.0404933932004495e-05,2.362109284149483e-05,3.395578474737704e-05,4,0.0001928851701285826,0.00014788005378046335,0.0001321351599409158,0.0003436454130124879,4,0.21033236950498224,0.2042351286941498,0.20100683505465428,0.2318523855769751,4,0.09188477149983684,0.0903255295771422,0.07862596365113056,0.10826206319393242
CBBT,20,accum4,tail,excess,0.025,4,7.399171590805054e-05,7.601233483001124e-05,5.905273210373707e-05,8.48894618684426e-05,4,0.0004822129253214565,0.00036970013445115836,0.0003303378998522895,0.0008591135325312197,4,0.5258309237624557,0.5105878217353745,0.5025170876366357,0.5796309639424377,4,0.22971192874959212,0.2258138239428555,0.1965649091278264,0.27065515798483103
CBBT,20,accum4,tail,excess,0.05,4,0.00014798343181610107,0.00015202466966002248,0.00011810546420747415,0.0001697789237368852,4,0.000964425850642913,0.0007394002689023167,0.000660675799704579,0.0017182270650624395,4,1.0516618475249113,1.021175643470749,1.0050341752732714,1.1592619278848755,4,0.45942385749918424,0.451627647885711,0.3931298182556528,0.5413103159696621
CBBT,20,accum4,tail,excess,0.1,4,0.00029596686363220215,0.00030404933932004496,0.0002362109284149483,0.0003395578474737704,4,0.001928851701285826,0.0014788005378046335,0.001321351599409158,0.003436454130124879,4,2.1033236950498226,2.042351286941498,2.010068350546543,2.318523855769751,4,0.9188477149983685,0.903255295771422,0.7862596365113056,1.0826206319393241
CBBT,20,accum4,tail,full,0.01,4,2.959668636322022e-05,3.0404933932004495e-05,2.362109284149483e-05,3.395578474737704e-05,4,0.001064471120072951,0.0009860177135718583,0.0008120801758532628,0.0014737688772948245,4,0.07897553053308823,0.08065827060048592,0.05069742325402724,0.10388815767735388,4,0.034042425290796444,0.03490410116882324,0.023982828184459896,0.04237867064107939
CBBT,20,accum4,tail,full,0.025,4,7.399171590805054e-05,7.601233483001124e-05,5.905273210373707e-05,8.48894618684426e-05,4,0.0026611778001823776,0.002465044283929646,0.002030200439633157,0.0036844221932370615,4,0.19743882633272059,0.2016456765012148,0.1267435581350681,0.2597203941933847,4,0.0851060632269911,0.0872602529220581,0.059957070461149745,0.10594667660269848
CBBT,20,accum4,tail,full,0.05,4,0.00014798343181610107,0.00015202466966002248,0.00011810546420747415,0.0001697789237368852,4,0.005322355600364755,0.004930088567859292,0.004060400879266314,0.007368844386474123,4,0.39487765266544117,0.4032913530024296,0.2534871162701362,0.5194407883867694,4,0.1702121264539822,0.1745205058441162,0.11991414092229949,0.21189335320539696
CBBT,20,accum4,tail,full,0.1,4,0.00029596686363220215,0.00030404933932004496,0.0002362109284149483,0.0003395578474737704,4,0.01064471120072951,0.009860177135718583,0.008120801758532628,0.014737688772948246,4,0.7897553053308823,0.8065827060048592,0.5069742325402724,1.0388815767735389,4,0.3404242529079644,0.3490410116882324,0.23982828184459898,0.4237867064107939
CBBT,20,accum4,tail,shared,0.01,4,2.959668636322022e-05,3.0404933932004495e-05,2.362109284149483e-05,3.395578474737704e-05,4,0.0010296425087764844,0.0009567400338852276,0.000786711069765616,0.0014183788975698666,4,0.08425978532025497,0.0858779582946658,0.05548019152060788,0.1098030331710804,4,0.03550518580292559,0.036316451851949545,0.025880179678053276,0.04350765982974998
CBBT,20,accum4,tail,shared,0.025,4,7.399171590805054e-05,7.601233483001124e-05,5.905273210373707e-05,8.48894618684426e-05,4,0.0025741062719412114,0.002391850084713069,0.00196677767441404,0.0035459472439246667,4,0.21064946330063744,0.2146948957366645,0.1387004788015197,0.274507582927701,4,0.08876296450731397,0.09079112962987387,0.0647004491951332,0.10876914957437496
CBBT,20,accum4,tail,shared,0.05,4,0.00014798343181610107,0.00015202466966002248,0.00011810546420747415,0.0001697789237368852,4,0.005148212543882423,0.004783700169426138,0.00393355534882808,0.0070918944878493335,4,0.4212989266012749,0.429389791473329,0.2774009576030394,0.549015165855402,4,0.17752592901462794,0.18158225925974775,0.1294008983902664,0.21753829914874992
CBBT,20,accum4,tail,shared,0.1,4,0.00029596686363220215,0.00030404933932004496,0.0002362109284149483,0.0003395578474737704,4,0.010296425087764845,0.009567400338852276,0.00786711069765616,0.014183788975698667,4,0.8425978532025498,0.858779582946658,0.5548019152060788,1.098030331710804,4,0.3550518580292559,0.3631645185194955,0.2588017967805328,0.43507659829749984
CBBT,20,accum4,tail,temporal,0.01,4,2.959668636322022e-05,3.0404933932004495e-05,2.362109284149483e-05,3.395578474737704e-05,4,7.416366237170656e-06,6.882506445403968e-06,5.884688776474921e-06,1.0015763281399767e-05,4,0.07455844210688609,0.07803725272244505,0.04894990428784182,0.09320935869481238,4,0.03157952742704474,0.033037779839741786,0.022747515553384196,0.03749503447531121
CBBT,20,accum4,tail,temporal,0.025,4,7.399171590805054e-05,7.601233483001124e-05,5.905273210373707e-05,8.48894618684426e-05,4,1.854091559292664e-05,1.7206266113509918e-05,1.4711721941187303e-05,2.503940820349942e-05,4,0.1863961052672152,0.19509313180611265,0.12237476071960457,0.23302339673703096,4,0.07894881856761186,0.08259444959935447,0.05686878888346049,0.09373758618827803
CBBT,20,accum4,tail,temporal,0.05,4,0.00014798343181610107,0.00015202466966002248,0.00011810546420747415,0.0001697789237368852,4,3.708183118585328e-05,3.4412532227019836e-05,2.9423443882374605e-05,5.007881640699884e-05,4,0.3727922105344304,0.3901862636122253,0.24474952143920914,0.4660467934740619,4,0.15789763713522373,0.16518889919870894,0.11373757776692098,0.18747517237655606
CBBT,20,accum4,tail,temporal,0.1,4,0.00029596686363220215,0.00030404933932004496,0.0002362109284149483,0.0003395578474737704,4,7.416366237170656e-05,6.882506445403967e-05,5.884688776474921e-05,0.00010015763281399768,4,0.7455844210688608,0.7803725272244506,0.4894990428784183,0.9320935869481238,4,0.31579527427044746,0.3303777983974179,0.22747515553384196,0.3749503447531121
CBBT,20,batch,amp_true,excess,0.0001,16,1.9396511597733483e-07,1.891709864139557e-07,7.08041712641716e-08,4.594918340444565e-07,16,2.6971239092350154e-06,2.3835639817432325e-06,9.737335559626976e-07,5.883846648198168e-06,16,0.004889956856566199,0.0026457921480348198,0.0013057946352626202,0.030186048231176082,16,0.0017142432886399688,0.0010848625381816531,0.0005958903051737698,0.007135420732549985
CBBT,20,batch,amp_true,excess,0.0003,16,5.818953479320044e-07,5.67512959241867e-07,2.1241251379251477e-07,1.3784755021333692e-06,16,8.091371727705045e-06,7.150691945229697e-06,2.921200667888092e-06,1.7651539944594502e-05,16,0.014669870569698594,0.007937376444104458,0.0039173839057878605,0.09055814469352823,16,0.005142729865919906,0.003254587614544959,0.001787670915521309,0.02140626219764995
CBBT,20,batch,amp_true,excess,0.0007,16,1.3577558118413435e-06,1.32419690489769e-06,4.956291988492012e-07,3.2164428383111952e-06,16,1.8879867364645107e-05,1.6684947872202628e-05,6.816134891738882e-06,4.118692653738717e-05,16,0.03422969799596339,0.018520545036243737,0.00914056244683834,0.21130233761823256,16,0.01199970302047978,0.007594037767271571,0.0041712321362163875,0.04994794512784989
CBBT,20,batch,amp_true,excess,0.001,16,1.9396511597733476e-06,1.891709864139557e-06,7.08041712641716e-07,4.594918340444565e-06,16,2.6971239092350153e-05,2.3835639817432323e-05,9.737335559626975e-06,5.883846648198168e-05,16,0.04889956856566199,0.026457921480348194,0.013057946352626202,0.30186048231176077,16,0.017142432886399685,0.01084862538181653,0.005958903051737697,0.07135420732549984
CBBT,20,batch,amp_true,excess,0.003,16,5.818953479320044e-06,5.6751295924186705e-06,2.124125137925148e-06,1.3784755021333694e-05,16,8.091371727705047e-05,7.150691945229698e-05,2.9212006678880926e-05,0.00017651539944594504,16,0.14669870569698595,0.07937376444104459,0.03917383905787861,0.9055814469352824,16,0.05142729865919906,0.032545876145449584,0.01787670915521309,0.21406262197649953
CBBT,20,batch,amp_true,full,0.0001,16,1.9396511597733483e-07,1.891709864139557e-07,7.08041712641716e-08,4.594918340444565e-07,16,7.099342594680526e-06,5.699568445252482e-06,2.543548874586337e-06,1.603500338552013e-05,16,0.00048000661219486094,0.0004032268800062536,0.00021726869567033967,0.0011734184839313096,16,0.00020941026620707813,0.0001765057472013455,0.00010632566653920906,0.000473149956313953
CBBT,20,batch,amp_true,full,0.0003,16,5.818953479320044e-07,5.67512959241867e-07,2.1241251379251477e-07,1.3784755021333692e-06,16,2.1298027784041572e-05,1.7098705335757443e-05,7.63064662375901e-06,4.810501015656039e-05,16,0.0014400198365845825,0.0012096806400187607,0.0006518060870110189,0.0035202554517939286,16,0.0006282307986212343,0.0005295172416040364,0.0003189769996176271,0.001419449868941859
CBBT,20,batch,amp_true,full,0.0007,16,1.3577558118413435e-06,1.32419690489769e-06,4.956291988492012e-07,3.2164428383111952e-06,16,4.9695398162763676e-05,3.989697911676737e-05,1.7804842122104357e-05,0.00011224502369864092,16,0.003360046285364027,0.002822588160043775,0.0015208808696923776,0.008213929387519168,16,0.0014658718634495468,0.0012355402304094184,0.0007442796657744634,0.0033120496941976708
CBBT,20,batch,amp_true,full,0.001,16,1.9396511597733476e-06,1.891709864139557e-06,7.08041712641716e-07,4.594918340444565e-06,16,7.099342594680525e-05,5.6995684452524814e-05,2.5435488745863367e-05,0.0001603500338552013,16,0.00480006612194861,0.004032268800062536,0.0021726869567033967,0.011734184839313096,16,0.002094102662070781,0.0017650574720134548,0.0010632566653920904,0.00473149956313953
CBBT,20,batch,amp_true,full,0.003,16,5.818953479320044e-06,5.6751295924186705e-06,2.124125137925148e-06,1.3784755021333694e-05,16,0.00021298027784041575,0.00017098705335757443,7.63064662375901e-05,0.0004810501015656039,16,0.014400198365845829,0.012096806400187607,0.00651806087011019,0.03520255451793929,16,0.006282307986212343,0.005295172416040364,0.0031897699961762715,0.01419449868941859
CBBT,20,batch,amp_true,shared,0.0001,16,1.9396511597733483e-07,1.891709864139557e-07,7.08041712641716e-08,4.594918340444565e-07,16,6.53414228382269e-06,5.147116111396763e-06,2.349783785670856e-06,1.496425122918434e-05,16,0.0004871056598488242,0.0004335003739357058,0.0002254930158810538,0.001201796583681781,16,0.00020866677112852633,0.00018357644026911486,0.0001041786660266918,0.00046909651962872314
CBBT,20,batch,amp_true,shared,0.0003,16,5.818953479320044e-07,5.67512959241867e-07,2.1241251379251477e-07,1.3784755021333692e-06,16,1.9602426851468064e-05,1.5441348334190285e-05,7.049351357012567e-06,4.489275368755301e-05,16,0.0014613169795464724,0.0013005011218071173,0.0006764790476431613,0.0036053897510453427,16,0.000626000313385579,0.0005507293208073446,0.00031253599808007536,0.0014072895588861693
CBBT,20,batch,amp_true,shared,0.0007,16,1.3577558118413435e-06,1.32419690489769e-06,4.956291988492012e-07,3.2164428383111952e-06,16,4.573899598675882e-05,3.6029812779777337e-05,1.644848649969599e-05,0.00010474975860429037,16,0.003409739618941769,0.0030345026175499406,0.0015784511111673765,0.008412576085772467,16,0.0014606673978996845,0.0012850350818838041,0.0007292506621868425,0.003283675637401062
CBBT,20,batch,amp_true,shared,0.001,16,1.9396511597733476e-06,1.891709864139557e-06,7.08041712641716e-07,4.594918340444565e-06,16,6.53414228382269e-05,5.147116111396763e-05,2.349783785670856e-05,0.0001496425122918434,16,0.004871056598488242,0.004335003739357058,0.002254930158810538,0.01201796583681781,16,0.0020866677112852637,0.0018357644026911488,0.001041786660266918,0.004690965196287231
CBBT,20,batch,amp_true,shared,0.003,16,5.818953479320044e-06,5.6751295924186705e-06,2.124125137925148e-06,1.3784755021333694e-05,16,0.0001960242685146807,0.0001544134833419029,7.049351357012568e-05,0.00044892753687553015,16,0.014613169795464724,0.013005011218071173,0.006764790476431614,0.03605389751045343,16,0.00626000313385579,0.005507293208073446,0.003125359980800754,0.014072895588861694
CBBT,20,batch,amp_true,temporal,0.0001,16,1.9396511597733483e-07,1.891709864139557e-07,7.08041712641716e-08,4.594918340444565e-07,16,4.302550509130677e-08,3.700251885877562e-08,1.474281656035326e-08,9.669237420987099e-08,16,0.00042779035056843035,0.0003847328833858839,0.0001611687661102265,0.0010073244250085756,16,0.00018164615686224223,0.00015850475127927735,7.765714047927566e-05,0.00041065513738663164
CBBT,20,batch,amp_true,temporal,0.0003,16,5.818953479320044e-07,5.67512959241867e-07,2.1241251379251477e-07,1.3784755021333692e-06,16,1.290765152739203e-07,1.1100755657632684e-07,4.422844968105977e-08,2.9007712262961293e-07,16,0.0012833710517052908,0.0011541986501576516,0.0004835062983306794,0.0030219732750257264,16,0.0005449384705867267,0.00047551425383783206,0.00023297142143782697,0.0012319654121598948
CBBT,20,batch,amp_true,temporal,0.0007,16,1.3577558118413435e-06,1.32419690489769e-06,4.956291988492012e-07,3.2164428383111952e-06,16,3.011785356391474e-07,2.590176320114293e-07,1.0319971592247281e-07,6.768466194690968e-07,16,0.0029945324539790118,0.0026931301837011873,0.0011281813627715854,0.0070512709750600285,16,0.0012715230980356955,0.0011095332589549415,0.0005435999833549297,0.0028745859617064213
CBBT,20,batch,amp_true,temporal,0.001,16,1.9396511597733476e-06,1.891709864139557e-06,7.08041712641716e-07,4.594918340444565e-06,16,4.3025505091306767e-07,3.700251885877561e-07,1.4742816560353258e-07,9.669237420987098e-07,16,0.004277903505684303,0.0038473288338588393,0.0016116876611022648,0.010073244250085756,16,0.0018164615686224225,0.0015850475127927735,0.0007765714047927567,0.004106551373866316
CBBT,20,batch,amp_true,temporal,0.003,16,5.818953479320044e-06,5.6751295924186705e-06,2.124125137925148e-06,1.3784755021333694e-05,16,1.2907651527392031e-06,1.1100755657632685e-06,4.4228449681059774e-07,2.9007712262961293e-06,16,0.012833710517052909,0.011541986501576517,0.004835062983306795,0.03021973275025727,16,0.005449384705867267,0.0047551425383783215,0.00232971421437827,0.012319654121598949
CBBT,20,batch,body,excess,1.0,16,0.001305505124037154,0.0013012115377932787,0.0011501829139888287,0.0015382387209683657,16,0.0,0.0,0.0,0.0,16,0.0,0.0,0.0,0.0,16,0.0,0.0,0.0,0.0
CBBT,20,batch,body,full,1.0,16,0.001305505124037154,0.0013012115377932787,0.0011501829139888287,0.0015382387209683657,16,0.013298454518902101,0.013286399729649052,0.009156076305685015,0.020801756122831378,16,0.8953044760617568,0.9031853938868155,0.7370752253999314,1.0062257155415328,16,0.4004458612807846,0.4036968595685405,0.2652655837244037,0.5097319817698043
CBBT,20,batch,body,shared,1.0,16,0.001305505124037154,0.0013012115377932787,0.0011501829139888287,0.0015382387209683657,16,0.011765747758728233,0.011993174158866103,0.00857031924147594,0.018206721449195485,16,0.8777496335178581,0.8831702747221746,0.7037335034466417,1.008562130237911,16,0.3863065747452925,0.38591503452790943,0.24431599814729535,0.5127007505617126
CBBT,20,batch,body,temporal,1.0,16,0.001305505124037154,0.0013012115377932787,0.0011501829139888287,0.0015382387209683657,16,9.006390818313116e-05,8.719926478300907e-05,2.9519690552466422e-05,0.0001551508120003383,16,0.8539750118079825,0.8649092253826272,0.711144944294052,0.9830644797393702,16,0.3694973161725421,0.37594483886489377,0.26661080983374624,0.4819875409035539
CBBT,20,batch,excess,excess,2.0,16,0.00015380898184957914,0.00013873353236704133,5.5816490203142166e-05,0.0003336971567478031,16,0.0014456043492575839,0.0009959583745306096,0.00026470776381927366,0.004797475552096382,16,1.633606900692075,1.5104025613157972,0.9451905075887689,3.6183272560749526,16,0.6300759936385351,0.601416763892408,0.48843839982601284,0.9071022504315818
CBBT,20,batch,excess,full,2.0,16,0.00015380898184957914,0.00013873353236704133,5.5816490203142166e-05,0.0003336971567478031,16,0.004154748576183112,0.002737873357890919,0.0017142446883239657,0.009650683652419393,16,0.2776519382591004,0.21180904569501768,0.12345439059063754,0.5295774652454175,16,0.12076328511542347,0.09735966304499644,0.06211408932746525,0.22891952802899634
CBBT,20,batch,excess,shared,2.0,16,0.00015380898184957914,0.00013873353236704133,5.5816490203142166e-05,0.0003336971567478031,16,0.003844887020161501,0.002606450243744157,0.001683885578835245,0.008373763985574972,16,0.2833135662198438,0.2236871663561553,0.12916254580875725,0.5625627042956147,16,0.12123681237308966,0.10066085635156659,0.05920959166760376,0.22891050661964538
CBBT,20,batch,excess,temporal,2.0,16,0.00015380898184957914,0.00013873353236704133,5.5816490203142166e-05,0.0003336971567478031,16,2.2085217602241706e-05,1.769162479818611e-05,5.440221954374402e-06,5.292161652429761e-05,16,0.20941669685790693,0.17033800198720234,0.057800280148230666,0.41532304036007706,16,0.0893879432901461,0.06703953622084924,0.022450764743168122,0.18741914220631473
CBBT,20,batch,gate,excess,0.5,16,0.0004057425167047768,0.0004148255247855559,0.0001242924336111173,0.0007762392633594573,16,0.0,0.0,0.0,0.0,16,0.0,0.0,0.0,0.0,16,0.0,0.0,0.0,0.0
CBBT,20,batch,gate,full,0.5,16,0.0004057425167047768,0.0004148255247855559,0.0001242924336111173,0.0007762392633594573,16,0.006871411786343778,0.0057824552631022515,0.001596429901356211,0.017012450674695305,16,0.480445575143722,0.45799163740172333,0.07239214784382071,1.021555106085439,16,0.20149474697990716,0.2162220689438197,0.036422943860201264,0.36940742592039233
CBBT,20,batch,gate,shared,0.5,16,0.0004057425167047768,0.0004148255247855559,0.0001242924336111173,0.0007762392633594573,16,0.006734050936581923,0.005667281162385934,0.0015363980197783279,0.016776050338780095,16,0.5206853988383617,0.48910365732793804,0.07838551132933708,1.1197857361277495,16,0.21241474062169668,0.22799753432226988,0.03951260119088761,0.3847862864374014
CBBT,20,batch,gate,temporal,0.5,16,0.0004057425167047768,0.0004148255247855559,0.0001242924336111173,0.0007762392633594573,16,4.223180356316964e-05,3.8988193994324484e-05,5.9690066077945125e-06,0.00010278449804089612,16,0.4396464558365006,0.46919768543765916,0.03694671646241493,0.9040656481172429,16,0.1764329770381463,0.1942543852400328,0.018488743421168106,0.32755949545295765
CBBT,20,batch,tail,excess,0.01,16,2.9596686363220216e-05,2.915747230872512e-05,1.2392887147143483e-05,4.824387840926647e-05,16,0.00019732783123735834,0.0001540512768018972,3.995278588055722e-05,0.0005635899096881295,16,0.2619085226491785,0.20209385358190934,0.1999453958554577,1.1214525347003448,16,0.09685117838446408,0.08566009222524432,0.06979244146288581,0.2650905347195161
CBBT,20,batch,tail,excess,0.025,16,7.399171590805054e-05,7.289368077181279e-05,3.098221786785871e-05,0.00012060969602316618,16,0.0004933195780933958,0.00038512819200474304,9.988196470139306e-05,0.0014089747742203236,16,0.6547713066229462,0.5052346339547733,0.49986348963864424,2.803631336750862,16,0.24212794596116022,0.2141502305631108,0.17448110365721453,0.6627263367987903
CBBT,20,batch,tail,excess,0.05,16,0.00014798343181610107,0.00014578736154362558,6.196443573571742e-05,0.00024121939204633236,16,0.0009866391561867917,0.0007702563840094861,0.00019976392940278611,0.002817949548440647,16,1.3095426132458925,1.0104692679095466,0.9997269792772885,5.607262673501724,16,0.48425589192232044,0.4283004611262216,0.34896220731442906,1.3254526735975807
CBBT,20,batch,tail,excess,0.1,16,0.00029596686363220215,0.00029157472308725116,0.00012392887147143485,0.00048243878409266473,16,0.0019732783123735833,0.0015405127680189722,0.00039952785880557223,0.005635899096881294,16,2.619085226491785,2.020938535819093,1.999453958554577,11.214525347003448,16,0.9685117838446409,0.8566009222524432,0.6979244146288581,2.6509053471951614
CBBT,20,batch,tail,full,0.01,16,2.9596686363220216e-05,2.915747230872512e-05,1.2392887147143483e-05,4.824387840926647e-05,16,0.0011076269730292418,0.0010805080738609716,0.0005743901438863716,0.0020713959907742207,16,0.0754989604262424,0.07782745286645651,0.030528464673059124,0.12068570338898188,16,0.03282967792956423,0.03166763364953053,0.015359905570475254,0.04866331668383551
CBBT,20,batch,tail,full,0.025,16,7.399171590805054e-05,7.289368077181279e-05,3.098221786785871e-05,0.00012060969602316618,16,0.002769067432573105,0.002701270184652429,0.0014359753597159288,0.005178489976935552,16,0.188747401065606,0.19456863216614126,0.07632116168264781,0.3017142584724547,16,0.08207419482391057,0.07916908412382631,0.03839976392618814,0.12165829170958878
CBBT,20,batch,tail,full,0.05,16,0.00014798343181610107,0.00014578736154362558,6.196443573571742e-05,0.00024121939204633236,16,0.00553813486514621,0.005402540369304858,0.0028719507194318577,0.010356979953871104,16,0.377494802131212,0.3891372643322825,0.15264232336529562,0.6034285169449094,16,0.16414838964782114,0.15833816824765262,0.07679952785237627,0.24331658341917756
CBBT,20,batch,tail,full,0.1,16,0.00029596686363220215,0.00029157472308725116,0.00012392887147143485,0.00048243878409266473,16,0.01107626973029242,0.010805080738609717,0.005743901438863715,0.02071395990774221,16,0.754989604262424,0.778274528664565,0.30528464673059125,1.2068570338898188,16,0.32829677929564227,0.31667633649530524,0.15359905570475255,0.4866331668383551
CBBT,20,batch,tail,shared,0.01,16,2.9596686363220216e-05,2.915747230872512e-05,1.2392887147143483e-05,4.824387840926647e-05,16,0.0010702621349353968,0.0010504883747722367,0.0005570650606470164,0.0019708328919724937,16,0.08046467762590159,0.08319722641320043,0.03315609359193733,0.12925303518429723,16,0.03428516297313228,0.03299552481011141,0.016713337464134698,0.05045125754198123
CBBT,20,batch,tail,shared,0.025,16,7.399171590805054e-05,7.289368077181279e-05,3.098221786785871e-05,0.00012060969602316618,16,0.0026756553373384916,0.0026262209369305916,0.0013926626516175412,0.004927082229931234,16,0.201161694064754,0.2079930660330011,0.08289023397984333,0.3231325879607431,16,0.08571290743283068,0.08248881202527852,0.041783343660336744,0.12612814385495308
CBBT,20,batch,tail,shared,0.05,16,0.00014798343181610107,0.00014578736154362558,6.196443573571742e-05,0.00024121939204633236,16,0.005351310674676983,0.005252441873861183,0.0027853253032350824,0.009854164459862468,16,0.402323388129508,0.4159861320660022,0.16578046795968665,0.6462651759214862,16,0.17142581486566136,0.16497762405055705,0.08356668732067349,0.25225628770990616
CBBT,20,batch,tail,shared,0.1,16,0.00029596686363220215,0.00029157472308725116,0.00012392887147143485,0.00048243878409266473,16,0.010702621349353967,0.010504883747722366,0.005570650606470165,0.019708328919724936,16,0.804646776259016,0.8319722641320044,0.3315609359193733,1.2925303518429725,16,0.3428516297313227,0.3299552481011141,0.16713337464134698,0.5045125754198123
CBBT,20,batch,tail,temporal,0.01,16,2.9596686363220216e-05,2.915747230872512e-05,1.2392887147143483e-05,4.824387840926647e-05,16,7.448006602351947e-06,7.5002009761487965e-06,3.9433369082890725e-06,1.2998694497938974e-05,16,0.07411940936669278,0.07753405011154632,0.02814667652580333,0.10959440437815841,16,0.03134658085906315,0.030013490092840208,0.014085058978747978,0.04556706781385321
CBBT,20,batch,tail,temporal,0.025,16,7.399171590805054e-05,7.289368077181279e-05,3.098221786785871e-05,0.00012060969602316618,16,1.862001650587987e-05,1.875050244037199e-05,9.858342270722682e-06,3.249673624484744e-05,16,0.18529852341673198,0.19383512527886582,0.07036669131450833,0.27398601094539604,16,0.07836645214765789,0.07503372523210053,0.035212647446869944,0.11391766953463303
CBBT,20,batch,tail,temporal,0.05,16,0.00014798343181610107,0.00014578736154362558,6.196443573571742e-05,0.00024121939204633236,16,3.724003301175974e-05,3.750100488074398e-05,1.9716684541445364e-05,6.499347248969488e-05,16,0.37059704683346395,0.38767025055773163,0.14073338262901666,0.5479720218907921,16,0.15673290429531578,0.15006745046420106,0.07042529489373989,0.22783533906926606
CBBT,20,batch,tail,temporal,0.1,16,0.00029596686363220215,0.00029157472308725116,0.00012392887147143485,0.00048243878409266473,16,7.448006602351947e-05,7.500200976148796e-05,3.943336908289073e-05,0.00012998694497938975,16,0.7411940936669279,0.7753405011154633,0.2814667652580333,1.0959440437815842,16,0.31346580859063156,0.3001349009284021,0.14085058978747977,0.4556706781385321
CBBT,50,accum4,amp_true,excess,0.0001,4,1.2436857286957093e-07,1.2723267464025412e-07,7.233108408399858e-08,1.706778581137769e-07,4,1.709338882009946e-06,1.361792077129851e-06,1.2019676892547893e-06,2.9118036845252926e-06,4,0.005705044600776598,0.004181874850887897,0.0033910322650365465,0.01106539643629405,4,0.004141564742975714,0.0021319322190082065,0.001324654293172787,0.010977740240713655
CBBT,50,accum4,amp_true,excess,0.0003,4,3.7310571860871267e-07,3.816980239207623e-07,2.1699325225199572e-07,5.120335743413306e-07,4,5.128016646029838e-06,4.085376231389553e-06,3.6059030677643675e-06,8.735411053575877e-06,4,0.01711513380232979,0.012545624552663687,0.010173096795109639,0.03319618930888214,4,0.012424694228927141,0.006395796657024619,0.00397396287951836,0.032933220722140964
CBBT,50,accum4,amp_true,excess,0.0007,4,8.705800100869964e-07,8.906287224817788e-07,5.0631758858799e-07,1.1947450067964382e-06,4,1.196537217406962e-05,9.532544539908956e-06,8.413773824783525e-06,2.0382625791677046e-05,4,0.039935312205436176,0.02927312395621528,0.023737225855255825,0.07745777505405833,4,0.028990953200829995,0.014923525533057445,0.009272580052209508,0.07684418168499559
CBBT,50,accum4,amp_true,excess,0.001,4,1.2436857286957092e-06,1.272326746402541e-06,7.233108408399858e-07,1.7067785811377689e-06,4,1.709338882009946e-05,1.361792077129851e-05,1.2019676892547894e-05,2.9118036845252924e-05,4,0.05705044600776597,0.04181874850887897,0.03391032265036547,0.11065396436294049,4,0.04141564742975714,0.021319322190082066,0.01324654293172787,0.10977740240713656
CBBT,50,accum4,amp_true,excess,0.003,4,3.7310571860871276e-06,3.816980239207623e-06,2.1699325225199573e-06,5.120335743413307e-06,4,5.128016646029838e-05,4.085376231389553e-05,3.605903067764368e-05,8.735411053575877e-05,4,0.1711513380232979,0.1254562455266369,0.1017309679510964,0.33196189308882146,4,0.12424694228927141,0.0639579665702462,0.03973962879518361,0.32933220722140966
CBBT,50,accum4,amp_true,full,0.0001,4,1.2436857286957093e-07,1.2723267464025412e-07,7.233108408399858e-08,1.706778581137769e-07,4,4.621154934910498e-06,3.989744314014386e-06,3.0946166939547763e-06,7.410514417658442e-06,4,0.0003247578342170281,0.00030258491083299995,0.00018548669525435553,0.0005083748199477568,4,0.0001553104378241663,0.00014362739928944188,9.019207547002202e-05,0.00024379487724775944
CBBT,50,accum4,amp_true,full,0.0003,4,3.7310571860871267e-07,3.816980239207623e-07,2.1699325225199572e-07,5.120335743413306e-07,4,1.386346480473149e-05,1.1969232942043157e-05,9.283850081864327e-06,2.223154325297532e-05,4,0.0009742735026510842,0.0009077547324989998,0.0005564600857630665,0.0015251244598432705,4,0.0004659313134724989,0.0004308821978683256,0.000270576226410066,0.0007313846317432782
CBBT,50,accum4,amp_true,full,0.0007,4,8.705800100869964e-07,8.906287224817788e-07,5.0631758858799e-07,1.1947450067964382e-06,4,3.234808454437348e-05,2.79282101981007e-05,2.1662316857683433e-05,5.187360092360909e-05,4,0.0022733048395191966,0.0021180943758309996,0.0012984068667804887,0.003558623739634298,4,0.001087173064769164,0.0010053917950260931,0.0006313445282901541,0.001706564140734316
CBBT,50,accum4,amp_true,full,0.001,4,1.2436857286957092e-06,1.272326746402541e-06,7.233108408399858e-07,1.7067785811377689e-06,4,4.621154934910498e-05,3.989744314014386e-05,3.094616693954776e-05,7.410514417658442e-05,4,0.0032475783421702805,0.003025849108329999,0.0018548669525435553,0.005083748199477569,4,0.001553104378241663,0.0014362739928944189,0.0009019207547002201,0.0024379487724775946
CBBT,50,accum4,amp_true,full,0.003,4,3.7310571860871276e-06,3.816980239207623e-06,2.1699325225199573e-06,5.120335743413307e-06,4,0.00013863464804731492,0.00011969232942043158,9.283850081864328e-05,0.00022231543252975323,4,0.009742735026510843,0.009077547324989999,0.0055646008576306655,0.015251244598432707,4,0.004659313134724989,0.004308821978683257,0.0027057622641006606,0.007313846317432783
CBBT,50,accum4,amp_true,shared,0.0001,4,1.2436857286957093e-07,1.2723267464025412e-07,7.233108408399858e-08,1.706778581137769e-07,4,4.291205973741198e-06,3.7493458609103908e-06,2.851653232160441e-06,6.81447894098357e-06,4,0.00032994173477489457,0.00031002323914007236,0.00018684853772937642,0.000512871923090057,4,0.00015648368472191492,0.00014573414664766646,9.035011931121432e-05,0.00024411632628111235
CBBT,50,accum4,amp_true,shared,0.0003,4,3.7310571860871267e-07,3.816980239207623e-07,2.1699325225199572e-07,5.120335743413306e-07,4,1.2873617921223592e-05,1.1248037582731169e-05,8.554959696481323e-06,2.044343682295071e-05,4,0.0009898252043246834,0.0009300697174202169,0.0005605456131881291,0.001538615769270171,4,0.00046945105416574466,0.00043720243994299933,0.0002710503579336429,0.000732348978843337
CBBT,50,accum4,amp_true,shared,0.0007,4,8.705800100869964e-07,8.906287224817788e-07,5.0631758858799e-07,1.1947450067964382e-06,4,3.0038441816188387e-05,2.6245421026372732e-05,1.9961572625123087e-05,4.770135258688499e-05,4,0.0023095921434242617,0.0021701626739805066,0.0013079397641056348,0.003590103461630399,4,0.0010953857930534041,0.0010201390265336652,0.0006324508351785003,0.0017088142839677865
CBBT,50,accum4,amp_true,shared,0.001,4,1.2436857286957092e-06,1.272326746402541e-06,7.233108408399858e-07,1.7067785811377689e-06,4,4.291205973741198e-05,3.74934586091039e-05,2.851653232160441e-05,6.814478940983571e-05,4,0.003299417347748945,0.0031002323914007235,0.001868485377293764,0.00512871923090057,4,0.001564836847219149,0.0014573414664766646,0.0009035011931121432,0.0024411632628111237
CBBT,50,accum4,amp_true,shared,0.003,4,3.7310571860871276e-06,3.816980239207623e-06,2.1699325225199573e-06,5.120335743413307e-06,4,0.00012873617921223593,0.00011248037582731172,8.554959696481324e-05,0.0002044343682295071,4,0.009898252043246836,0.00930069717420217,0.005605456131881292,0.015386157692701711,4,0.004694510541657446,0.004372024399429993,0.0027105035793364295,0.0073234897884333705
CBBT,50,accum4,amp_true,temporal,0.0001,4,1.2436857286957093e-07,1.2723267464025412e-07,7.233108408399858e-08,1.706778581137769e-07,4,4.750256682088921e-08,4.166410454114816e-08,3.3749465436869994e-08,7.293259276439052e-08,4,0.0002754948134931175,0.0002621846040805148,0.00016735681102535214,0.0004102532347860881,4,0.00013044776167811823,0.00012281536365259498,8.097949652192911e-05,0.00019518082288535378
CBBT,50,accum4,amp_true,temporal,0.0003,4,3.7310571860871267e-07,3.816980239207623e-07,2.1699325225199572e-07,5.120335743413306e-07,4,1.4250770046266763e-07,1.2499231362344447e-07,1.0124839631060997e-07,2.1879777829317154e-07,4,0.0008264844404793523,0.0007865538122415444,0.0005020704330760563,0.001230759704358264,4,0.00039134328503435457,0.00036844609095778495,0.0002429384895657873,0.0005855424686560612
CBBT,50,accum4,amp_true,temporal,0.0007,4,8.705800100869964e-07,8.906287224817788e-07,5.0631758858799e-07,1.1947450067964382e-06,4,3.325179677462245e-07,2.9164873178803715e-07,2.3624625805808996e-07,5.105281493507336e-07,4,0.0019284636944518225,0.001835292228563604,0.001171497677177465,0.0028717726435026165,4,0.0009131343317468275,0.000859707545568165,0.0005668564756535037,0.0013662657601974763
CBBT,50,accum4,amp_true,temporal,0.001,4,1.2436857286957092e-06,1.272326746402541e-06,7.233108408399858e-07,1.7067785811377689e-06,4,4.7502566820889214e-07,4.1664104541148165e-07,3.374946543686999e-07,7.293259276439052e-07,4,0.0027549481349311744,0.0026218460408051485,0.0016735681102535214,0.004102532347860881,4,0.0013044776167811822,0.0012281536365259498,0.0008097949652192911,0.0019518082288535377
CBBT,50,accum4,amp_true,temporal,0.003,4,3.7310571860871276e-06,3.816980239207623e-06,2.1699325225199573e-06,5.120335743413307e-06,4,1.4250770046266766e-06,1.249923136234445e-06,1.0124839631060998e-06,2.1879777829317156e-06,4,0.008264844404793524,0.007865538122415444,0.005020704330760564,0.012307597043582643,4,0.003913432850343546,0.0036844609095778493,0.002429384895657873,0.005855424686560613
CBBT,50,accum4,body,excess,1.0,4,0.000846936945890775,0.0008391763039981015,0.0008319439075421542,0.0008774512680247426,4,0.0,0.0,0.0,0.0,4,0.0,0.0,0.0,0.0,4,0.0,0.0,0.0,0.0
CBBT,50,accum4,body,full,1.0,4,0.000846936945890775,0.0008391763039981015,0.0008319439075421542,0.0008774512680247426,4,0.014422755476608162,0.014254616760817393,0.012427596706086915,0.016754191678710954,4,1.0039599194620477,1.005369181844069,0.9954273347410009,1.0096739794190521,4,0.48067660717724103,0.48086666372804115,0.4726750437657029,0.4882980574871791
CBBT,50,accum4,body,shared,1.0,4,0.000846936945890775,0.0008391763039981015,0.0008319439075421542,0.0008774512680247426,4,0.013230705859310462,0.013095086053033538,0.011383281094864401,0.015349370236310372,4,1.0068310205705255,1.007740542548031,0.9963166167149521,1.0155263804710883,4,0.47814764490166217,0.47878569386635994,0.46869868959042443,0.48632050228350426
CBBT,50,accum4,body,temporal,1.0,4,0.000846936945890775,0.0008391763039981015,0.0008319439075421542,0.0008774512680247426,4,0.00017537845121961767,0.0001732401310659417,0.00015169094070289279,0.00020334260204369457,4,1.0080194906231301,1.0086818436492893,1.0043896323602517,1.0103246428336907,4,0.47806665709788476,0.47686982927393,0.4706205297917939,0.4879064400518851
CBBT,50,accum4,excess,excess,2.0,4,0.0001010524619005082,0.00010204289173998404,6.885654102006811e-05,0.00013126752310199663,4,0.0005286639826678116,0.00033846679337251097,7.037012887702635e-05,0.001367352215049198,4,1.0733180611155728,1.0011021599522663,0.6478322006976508,1.6432357238601079,4,0.5644202466611455,0.584960073972405,0.44506053783188004,0.6427003008678921
CBBT,50,accum4,excess,full,2.0,4,0.0001010524619005082,0.00010204289173998404,6.885654102006811e-05,0.00013126752310199663,4,0.0016375415900839103,0.0015088122885172453,0.0004458811189902015,0.003086660664310949,4,0.11692881100277064,0.11461961961591849,0.026725447257932737,0.2117505575213129,4,0.0558382192051585,0.05440560661158325,0.01299512912638925,0.10154653447107827
CBBT,50,accum4,excess,shared,2.0,4,0.0001010524619005082,0.00010204289173998404,6.885654102006811e-05,0.00013126752310199663,4,0.0015335759773454877,0.0014633669044397503,0.0004402931037772281,0.0027672769967252214,4,0.1198278771561345,0.12109559348489216,0.028849273006022715,0.20827104864873094,4,0.05673235439043328,0.05692337855437116,0.013949990135385183,0.09913267031760564
CBBT,50,accum4,excess,temporal,2.0,4,0.0001010524619005082,0.00010204289173998404,6.885654102006811e-05,0.00013126752310199663,4,1.310274147110533e-05,1.159135945707537e-05,1.6031994509937404e-06,2.7625047519276844e-05,4,0.07759029015141508,0.07350876078311823,0.007949943623782358,0.15539369541564155,4,0.03667917585787892,0.03447015451404053,0.003846765650512379,0.07392962875292226
CBBT,50,accum4,gate,excess,0.5,4,0.0002779807177830662,0.00026063441418955335,0.00022639031885773875,0.0003642637238954194,4,0.0,0.0,0.0,0.0,4,0.0,0.0,0.0,0.0,4,0.0,0.0,0.0,0.0
CBBT,50,accum4,gate,full,0.5,4,0.0002779807177830662,0.00026063441418955335,0.00022639031885773875,0.0003642637238954194,4,0.003115441049564894,0.0031930972199713014,0.002733067565981193,0.0033425021923357803,4,0.2203740497514457,0.23276241540808748,0.16381598138180442,0.2521553868078034,4,0.10535539653716074,0.11106650355508138,0.07965478783113145,0.11963379120734874
CBBT,50,accum4,gate,shared,0.5,4,0.0002779807177830662,0.00026063441418955335,0.00022639031885773875,0.0003642637238954194,4,0.0030820553168007837,0.003150825670664855,0.002721729642232635,0.0033048402836407882,4,0.23825789136686407,0.25092399321096237,0.17833556970059194,0.27284800934493963,4,0.11295872375802667,0.1187324740055477,0.08623369599615885,0.1281362510248524
CBBT,50,accum4,gate,temporal,0.5,4,0.0002779807177830662,0.00026063441418955335,0.00022639031885773875,0.0003642637238954194,4,3.162482620368075e-05,3.5113800011293276e-05,1.531940580476927e-05,4.0952298987367176e-05,4,0.1883025608973503,0.2148192022566039,0.07596585217283451,0.24760598690335897,4,0.08888671341066083,0.10172568170833046,0.036757849436337205,0.11533764078964519
CBBT,50,accum4,tail,excess,0.01,4,1.4396010228665546e-05,1.4288825404946692e-05,1.102947018807754e-05,1.797691991669126e-05,4,8.316746430558279e-05,6.838141997252267e-05,2.2356342433868185e-05,0.00017355067484341766,4,0.2060584359194085,0.20544862847701434,0.20476939942600467,0.20856708729760062,4,0.12273272460506288,0.10389730665242586,0.07895266007668612,0.20418362503871365
CBBT,50,accum4,tail,excess,0.025,4,3.5990025571663865e-05,3.5722063512366733e-05,2.757367547019385e-05,4.494229979172815e-05,4,0.000207918660763957,0.00017095354993130666,5.589085608467046e-05,0.0004338766871085442,4,0.5151460897985213,0.5136215711925358,0.5119234985650117,0.5214177182440015,4,0.3068318115126572,0.2597432666310647,0.19738165019171533,0.5104590625967841
CBBT,50,accum4,tail,excess,0.05,4,7.198005114332773e-05,7.144412702473347e-05,5.51473509403877e-05,8.98845995834563e-05,4,0.000415837321527914,0.0003419070998626133,0.00011178171216934092,0.0008677533742170884,4,1.0302921795970426,1.0272431423850716,1.0238469971300235,1.042835436488003,4,0.6136636230253144,0.5194865332621293,0.39476330038343066,1.0209181251935682
CBBT,50,accum4,tail,excess,0.1,4,0.00014396010228665546,0.00014288825404946693,0.0001102947018807754,0.0001797691991669126,4,0.000831674643055828,0.0006838141997252266,0.00022356342433868184,0.0017355067484341768,4,2.060584359194085,2.0544862847701433,2.047693994260047,2.085670872976006,4,1.2273272460506288,1.0389730665242587,0.7895266007668613,2.0418362503871363
CBBT,50,accum4,tail,full,0.01,4,1.4396010228665546e-05,1.4288825404946692e-05,1.102947018807754e-05,1.797691991669126e-05,4,0.0004081897646678449,0.00037249589327485635,0.00032933490297795204,0.0005584323691437146,4,0.028728340414600064,0.028432020036766772,0.01973984141707304,0.03830948016779368,4,0.013740067611137085,0.013495134212179495,0.009598409548531282,0.018371592471658066
CBBT,50,accum4,tail,full,0.025,4,3.5990025571663865e-05,3.5722063512366733e-05,2.757367547019385e-05,4.494229979172815e-05,4,0.001020474411669612,0.0009312397331871409,0.00082333725744488,0.0013960809228592864,4,0.07182085103650017,0.07108005009191692,0.0493496035426826,0.09577370041948421,4,0.034350169027842714,0.03373783553044874,0.023996023871328206,0.04592898117914517
CBBT,50,accum4,tail,full,0.05,4,7.198005114332773e-05,7.144412702473347e-05,5.51473509403877e-05,8.98845995834563e-05,4,0.002040948823339224,0.0018624794663742819,0.00164667451488976,0.002792161845718573,4,0.14364170207300034,0.14216010018383385,0.0986992070853652,0.19154740083896843,4,0.06870033805568543,0.06747567106089748,0.04799204774265641,0.09185796235829034
CBBT,50,accum4,tail,full,0.1,4,0.00014396010228665546,0.00014288825404946693,0.0001102947018807754,0.0001797691991669126,4,0.004081897646678448,0.0037249589327485637,0.00329334902977952,0.005584323691437146,4,0.2872834041460007,0.2843202003676677,0.1973984141707304,0.38309480167793686,4,0.13740067611137086,0.13495134212179496,0.09598409548531282,0.1837159247165807
CBBT,50,accum4,tail,shared,0.01,4,1.4396010228665546e-05,1.4288825404946692e-05,1.102947018807754e-05,1.797691991669126e-05,4,0.00039385026034716197,0.0003625688572526063,0.0003219125191939793,0.000528350807689456,4,0.030308172781246877,0.030187634731901926,0.02109263595230527,0.039764785708878383,4,0.014376159840442836,0.014189071502169848,0.010199288675402738,0.018927207682028914
CBBT,50,accum4,tail,shared,0.025,4,3.5990025571663865e-05,3.5722063512366733e-05,2.757367547019385e-05,4.494229979172815e-05,4,0.000984625650867905,0.0009064221431315158,0.0008047812979849483,0.00132087701922364,4,0.0757704319531172,0.07546908682975481,0.05273158988076318,0.09941196427219597,4,0.03594039960110709,0.035472678755424626,0.025498221688506847,0.04731801920507228
CBBT,50,accum4,tail,shared,0.05,4,7.198005114332773e-05,7.144412702473347e-05,5.51473509403877e-05,8.98845995834563e-05,4,0.00196925130173581,0.0018128442862630316,0.0016095625959698966,0.00264175403844728,4,0.1515408639062344,0.15093817365950962,0.10546317976152636,0.19882392854439193,4,0.07188079920221419,0.07094535751084925,0.050996443377013694,0.09463603841014456
CBBT,50,accum4,tail,shared,0.1,4,0.00014396010228665546,0.00014288825404946693,0.0001102947018807754,0.0001797691991669126,4,0.00393850260347162,0.003625688572526063,0.0032191251919397933,0.00528350807689456,4,0.3030817278124688,0.30187634731901924,0.21092635952305272,0.39764785708878386,4,0.14376159840442837,0.1418907150216985,0.10199288675402739,0.18927207682028913
CBBT,50,accum4,tail,temporal,0.01,4,1.4396010228665546e-05,1.4288825404946692e-05,1.102947018807754e-05,1.797691991669126e-05,4,4.345789694165117e-06,4.106384125831767e-06,3.470611130058997e-06,5.699779394937937e-06,4,0.02530263611820355,0.02596932223660088,0.01721006254520501,0.03206183745440743,4,0.011981828794236845,0.012173091688666723,0.00832749017791987,0.015253641621694061
CBBT,50,accum4,tail,temporal,0.025,4,3.5990025571663865e-05,3.5722063512366733e-05,2.757367547019385e-05,4.494229979172815e-05,4,1.0864474235412792e-05,1.0265960314579417e-05,8.676527825147492e-06,1.4249448487344842e-05,4,0.06325659029550888,0.0649233055915022,0.04302515636301253,0.08015459363601858,4,0.02995457198559211,0.03043272922166681,0.020818725444799676,0.03813410405423515
CBBT,50,accum4,tail,temporal,0.05,4,7.198005114332773e-05,7.144412702473347e-05,5.51473509403877e-05,8.98845995834563e-05,4,2.1728948470825584e-05,2.0531920629158835e-05,1.7353055650294985e-05,2.8498896974689684e-05,4,0.12651318059101777,0.1298466111830044,0.08605031272602506,0.16030918727203716,4,0.05990914397118422,0.06086545844333362,0.04163745088959935,0.0762682081084703
CBBT,50,accum4,tail,temporal,0.1,4,0.00014396010228665546,0.00014288825404946693,0.0001102947018807754,0.0001797691991669126,4,4.345789694165117e-05,4.106384125831767e-05,3.470611130058997e-05,5.699779394937937e-05,4,0.25302636118203553,0.2596932223660088,0.17210062545205013,0.3206183745440743,4,0.11981828794236844,0.12173091688666723,0.0832749017791987,0.1525364162169406
CBBT,50,batch,amp_true,excess,0.0001,16,1.243685728695709e-07,1.3222462730482223e-07,2.063257561530918e-08,2.539191162213683e-07,16,1.7562475201599779e-06,1.726052501138591e-06,1.8479705181405235e-07,4.08264198417804e-06,16,0.0046097059717584675,0.003375016895414166,0.0014089646476363757,0.012409720499682803,16,0.002009911463083204,0.0013911977830272206,0.00028764268565407443,0.006186064307308837
CBBT,50,batch,amp_true,excess,0.0003,16,3.731057186087127e-07,3.966738819144666e-07,6.189772684592753e-08,7.617573486641049e-07,16,5.2687425604799325e-06,5.1781575034157716e-06,5.54391155442157e-07,1.2247925952534118e-05,16,0.0138291179152754,0.010125050686242497,0.0042268939429091264,0.037229161499048403,16,0.00602973438924961,0.004173593349081662,0.0008629280569622231,0.01855819292192651
CBBT,50,batch,amp_true,excess,0.0007,16,8.705800100869965e-07,9.255723911337554e-07,1.4442802930716424e-07,1.7774338135495781e-06,16,1.2293732641119844e-05,1.2082367507970135e-05,1.2935793626983663e-06,2.857849388924628e-05,16,0.03226794180230927,0.023625118267899158,0.009862752533454628,0.08686804349777962,16,0.014069380241582427,0.009738384481190545,0.002013498799578521,0.04330245015116186
CBBT,50,batch,amp_true,excess,0.001,16,1.2436857286957092e-06,1.3222462730482223e-06,2.063257561530918e-07,2.5391911622136832e-06,16,1.7562475201599776e-05,1.726052501138591e-05,1.8479705181405233e-06,4.08264198417804e-05,16,0.04609705971758467,0.03375016895414166,0.014089646476363757,0.12409720499682803,16,0.020099114630832037,0.013911977830272208,0.0028764268565407442,0.06186064307308837
CBBT,50,batch,amp_true,excess,0.003,16,3.731057186087128e-06,3.966738819144666e-06,6.189772684592754e-07,7.617573486641049e-06,16,5.2687425604799334e-05,5.1781575034157726e-05,5.54391155442157e-06,0.0001224792595253412,16,0.13829117915275402,0.10125050686242498,0.04226893942909127,0.3722916149904841,16,0.06029734389249611,0.041735933490816626,0.008629280569622233,0.1855819292192651
CBBT,50,batch,amp_true,full,0.0001,16,1.243685728695709e-07,1.3222462730482223e-07,2.063257561530918e-08,2.539191162213683e-07,16,4.952728686340669e-06,5.176001981426231e-06,7.564988569165077e-07,1.1743619658597835e-05,16,0.0003550731132830416,0.0003277101725054451,5.090656980152172e-05,0.0008444670758134698,16,0.0001648178375832688,0.00015597279106005805,2.3981790754559413e-05,0.000340993467820609
CBBT,50,batch,amp_true,full,0.0003,16,3.731057186087127e-07,3.966738819144666e-07,6.189772684592753e-08,7.617573486641049e-07,16,1.4858186059022004e-05,1.552800594427869e-05,2.269496570749523e-06,3.52308589757935e-05,16,0.0010652193398491246,0.0009831305175163352,0.00015271970940456515,0.0025334012274404087,16,0.0004944535127498063,0.0004679183731801741,7.194537226367823e-05,0.0010229804034618268
CBBT,50,batch,amp_true,full,0.0007,16,8.705800100869965e-07,9.255723911337554e-07,1.4442802930716424e-07,1.7774338135495781e-06,16,3.466910080438468e-05,3.6232013869983614e-05,5.295491998415554e-06,8.220533761018483e-05,16,0.002485511792981291,0.0022939712075381157,0.000356345988610652,0.005911269530694287,16,0.0011537248630828813,0.0010918095374204064,0.0001678725352819159,0.0023869542747442627
CBBT,50,batch,amp_true,full,0.001,16,1.2436857286957092e-06,1.3222462730482223e-06,2.063257561530918e-07,2.5391911622136832e-06,16,4.952728686340669e-05,5.176001981426231e-05,7.564988569165077e-06,0.00011743619658597835,16,0.0035507311328304156,0.0032771017250544507,0.0005090656980152172,0.008444670758134697,16,0.001648178375832688,0.0015597279106005805,0.00023981790754559412,0.0034099346782060897
CBBT,50,batch,amp_true,full,0.003,16,3.731057186087128e-06,3.966738819144666e-06,6.189772684592754e-07,7.617573486641049e-06,16,0.00014858186059022005,0.0001552800594427869,2.2694965707495233e-05,0.00035230858975793505,16,0.010652193398491248,0.009831305175163351,0.0015271970940456516,0.02533401227440409,16,0.004944535127498064,0.0046791837318017416,0.0007194537226367823,0.010229804034618269
CBBT,50,batch,amp_true,shared,0.0001,16,1.243685728695709e-07,1.3222462730482223e-07,2.063257561530918e-08,2.539191162213683e-07,16,4.608884057862877e-06,4.886740673494203e-06,7.335806500697911e-07,1.1011114254008642e-05,16,0.00036472103555510295,0.00033279825765518997,5.3720676556188074e-05,0.000936772793620143,16,0.00016657359039075944,0.00015756492610576316,2.503508820873558e-05,0.0003602629180605934
CBBT,50,batch,amp_true,shared,0.0003,16,3.731057186087127e-07,3.966738819144666e-07,6.189772684592753e-08,7.617573486641049e-07,16,1.3826652173588628e-05,1.4660222020482608e-05,2.200741950209373e-06,3.303334276202592e-05,16,0.0010941631066653087,0.0009983947729655697,0.0001611620296685642,0.0028103183808604287,16,0.0004997207711722783,0.0004726947783172894,7.510526462620672e-05,0.00108078875418178
CBBT,50,batch,amp_true,shared,0.0007,16,8.705800100869965e-07,9.255723911337554e-07,1.4442802930716424e-07,1.7774338135495781e-06,16,3.2262188405040135e-05,3.420718471445942e-05,5.135064550488537e-06,7.707779977806049e-05,16,0.0025530472488857208,0.0023295878035863296,0.0003760447358933165,0.006557409555341001,16,0.001166015132735316,0.0011029544827403418,0.00017524561746114906,0.0025218404264241534
CBBT,50,batch,amp_true,shared,0.001,16,1.2436857286957092e-06,1.3222462730482223e-06,2.063257561530918e-07,2.5391911622136832e-06,16,4.6088840578628766e-05,4.8867406734942023e-05,7.335806500697911e-06,0.00011011114254008641,16,0.00364721035555103,0.0033279825765519,0.0005372067655618807,0.00936772793620143,16,0.0016657359039075944,0.0015756492610576314,0.0002503508820873558,0.003602629180605934
CBBT,50,batch,amp_true,shared,0.003,16,3.731057186087128e-06,3.966738819144666e-06,6.189772684592754e-07,7.617573486641049e-06,16,0.0001382665217358863,0.00014660222020482607,2.2007419502093732e-05,0.0003303334276202592,16,0.01094163106665309,0.0099839477296557,0.0016116202966856422,0.028103183808604288,16,0.004997207711722783,0.004726947783172894,0.0007510526462620674,0.010807887541817801
CBBT,50,batch,amp_true,temporal,0.0001,16,1.243685728695709e-07,1.3222462730482223e-07,2.063257561530918e-08,2.539191162213683e-07,16,4.7695262353898335e-08,4.9052466791885905e-08,2.7976482516601838e-09,1.093883397841261e-07,16,0.00029727112583496397,0.00025306120352103586,1.504658345646695e-05,0.0007105481438509981,16,0.00013828765558790011,0.0001263410283697867,7.066477131675092e-06,0.0002845867954807167
CBBT,50,batch,amp_true,temporal,0.0003,16,3.731057186087127e-07,3.966738819144666e-07,6.189772684592753e-08,7.617573486641049e-07,16,1.4308578706169498e-07,1.471574003756577e-07,8.39294475498055e-09,3.2816501935237824e-07,16,0.0008918133775048917,0.0007591836105631075,4.513975036940085e-05,0.002131644431552994,16,0.00041486296676370024,0.00037902308510936,2.1199431395025274e-05,0.0008537603864421499
CBBT,50,batch,amp_true,temporal,0.0007,16,8.705800100869965e-07,9.255723911337554e-07,1.4442802930716424e-07,1.7774338135495781e-06,16,3.338668364772883e-07,3.433672675432013e-07,1.9583537761621285e-08,7.657183784888826e-07,16,0.002080897880844748,0.0017714284246472508,0.00010532608419526865,0.004973837006956987,16,0.0009680135891153006,0.0008843871985885069,4.946533992172564e-05,0.001992107568365017
CBBT,50,batch,amp_true,temporal,0.001,16,1.2436857286957092e-06,1.3222462730482223e-06,2.063257561530918e-07,2.5391911622136832e-06,16,4.769526235389833e-07,4.90524667918859e-07,2.7976482516601838e-08,1.0938833978412609e-06,16,0.0029727112583496393,0.0025306120352103587,0.0001504658345646695,0.007105481438509981,16,0.001382876555879001,0.0012634102836978668,7.066477131675092e-05,0.0028458679548071667
CBBT,50,batch,amp_true,temporal,0.003,16,3.731057186087128e-06,3.966738819144666e-06,6.189772684592754e-07,7.617573486641049e-06,16,1.43085787061695e-06,1.4715740037565773e-06,8.392944754980552e-08,3.281650193523783e-06,16,0.008918133775048919,0.007591836105631076,0.0004513975036940085,0.021316444315529946,16,0.004148629667637003,0.003790230851093601,0.00021199431395025275,0.008537603864421501
CBBT,50,batch,body,excess,1.0,16,0.000846936945890775,0.0008481120748911053,0.0007499007042497396,0.000951538560912013,16,0.0,0.0,0.0,0.0,16,0.0,0.0,0.0,0.0,16,0.0,0.0,0.0,0.0
CBBT,50,batch,body,full,1.0,16,0.000846936945890775,0.0008481120748911053,0.0007499007042497396,0.000951538560912013,16,0.014857453434051489,0.015063162548288085,0.009160987617775805,0.021073848197526567,16,1.0023320144612122,0.9962491050391447,0.9620039712217759,1.063630478525467,16,0.4760772486307334,0.47744488114904526,0.41093854941307206,0.5364992136623236
CBBT,50,batch,body,shared,1.0,16,0.000846936945890775,0.0008481120748911053,0.0007499007042497396,0.000951538560912013,16,0.01359428230169675,0.013721826150543105,0.007978983430784337,0.018978991137426116,16,1.0053296439303558,0.9971943393566776,0.9584447109212623,1.0882299743373143,16,0.4733931501589096,0.4744068176345349,0.40076405753126676,0.5471219515537208
CBBT,50,batch,body,temporal,1.0,16,0.000846936945890775,0.0008481120748911053,0.0007499007042497396,0.000951538560912013,16,0.00017713373667690665,0.0001855923424233425,0.00010334384359339599,0.0002532046582231067,16,1.0134311099396411,1.0001248157645395,0.9695597230320077,1.1148260626127042,16,0.4824495436981382,0.47499047720823906,0.39739184419374063,0.5483937316837321
CBBT,50,batch,excess,excess,2.0,16,0.0001010524619005082,9.940416930476204e-05,2.4189668692997657e-05,0.0001867092796601355,16,0.0007691545145937854,0.0006260224229537309,0.00014660418148430813,0.002320726980100134,16,1.8498576919751877,1.510691253571909,1.0428232280529122,4.825872781012966,16,0.665932018196162,0.6201936635976868,0.5111752837096901,1.0622248917183723
CBBT,50,batch,excess,full,2.0,16,0.0001010524619005082,9.940416930476204e-05,2.4189668692997657e-05,0.0001867092796601355,16,0.002469953673507991,0.0022628021646227906,0.0004412557968233952,0.006967270126326909,16,0.18014191857267275,0.15172633248946438,0.0259092962543539,0.6260049476178314,16,0.08283635789083378,0.07487854818451309,0.012583609815864752,0.252779065134582
CBBT,50,batch,excess,shared,2.0,16,0.0001010524619005082,9.940416930476204e-05,2.4189668692997657e-05,0.0001867092796601355,16,0.002307448875816442,0.0022137655905810575,0.00041618973101407184,0.006781524651184649,16,0.18710635950046567,0.15351811805918156,0.02662514038490349,0.6999889959705067,16,0.08430254247137597,0.07569172036701577,0.01285445990195582,0.2692008991039267
CBBT,50,batch,excess,temporal,2.0,16,0.0001010524619005082,9.940416930476204e-05,2.4189668692997657e-05,0.0001867092796601355,16,1.792857487281752e-05,1.725669090400822e-05,4.265823391436948e-06,6.066389693204339e-05,16,0.11661767244532492,0.08954274204612273,0.02081702199421042,0.4780787814522495,16,0.0536831884712031,0.041736341643654896,0.010477066157690795,0.19147880348182608
CBBT,50,batch,gate,excess,0.5,16,0.0002779807177830662,0.000268362695351243,8.089016046142206e-05,0.0004962387611158192,16,0.0,0.0,0.0,0.0,16,0.0,0.0,0.0,0.0,16,0.0,0.0,0.0,0.0
CBBT,50,batch,gate,full,0.5,16,0.0002779807177830662,0.000268362695351243,8.089016046142206e-05,0.0004962387611158192,16,0.005584363335490737,0.005176794191309479,0.0024366834727991525,0.010475690728821435,16,0.4007727648017313,0.3304434474826482,0.11517029529604794,0.9412343869339401,16,0.18549088814371917,0.1678511264093609,0.05652194586499853,0.3859300206267379
CBBT,50,batch,gate,shared,0.5,16,0.0002779807177830662,0.000268362695351243,8.089016046142206e-05,0.0004962387611158192,16,0.005525312430115854,0.005120166763194314,0.0024117487106836933,0.010362638816892405,16,0.4384281684732129,0.36110415519636196,0.12655574824287988,1.0696316114952669,16,0.19991761037843997,0.18319158024817614,0.06184254191406339,0.42690257930121656
CBBT,50,batch,gate,temporal,0.5,16,0.0002779807177830662,0.000268362695351243,8.089016046142206e-05,0.0004962387611158192,16,5.019396727470082e-05,3.433070996980173e-05,6.9318280151595445e-06,0.00013681173836949432,16,0.31051016078386706,0.21077670595258657,0.033827001966683055,0.8366813201395648,16,0.14041958062645557,0.11123266103528481,0.017024900949801657,0.3457057760872158
CBBT,50,batch,tail,excess,0.01,16,1.4396010228665546e-05,1.21885456610471e-05,5.54874655790627e-06,2.6529049500823023e-05,16,9.660757773151521e-05,9.349481101275063e-05,1.1534879994413593e-05,0.0002717626259060938,16,0.2053724258047106,0.2032842743808867,0.18599602824655936,0.2354805471663689,16,0.08233162499523969,0.08249086435012887,0.032040465931281,0.13375109132684807
CBBT,50,batch,tail,excess,0.025,16,3.5990025571663865e-05,3.0471364152617752e-05,1.3871866394765675e-05,6.632262375205755e-05,16,0.00024151894432878805,0.0002337370275318766,2.883719998603398e-05,0.0006794065647652346,16,0.5134310645117764,0.5082106859522167,0.4649900706163984,0.5887013679159223,16,0.20582906248809918,0.20622716087532217,0.08010116482820251,0.33437772831712015
CBBT,50,batch,tail,excess,0.05,16,7.198005114332773e-05,6.0942728305235504e-05,2.774373278953135e-05,0.0001326452475041151,16,0.0004830378886575761,0.0004674740550637532,5.767439997206796e-05,0.0013588131295304692,16,1.026862129023553,1.0164213719044335,0.9299801412327968,1.1774027358318446,16,0.41165812497619836,0.41245432175064434,0.16020232965640502,0.6687554566342403
CBBT,50,batch,tail,excess,0.1,16,0.00014396010228665546,0.00012188545661047101,5.54874655790627e-05,0.0002652904950082302,16,0.0009660757773151522,0.0009349481101275064,0.00011534879994413592,0.0027176262590609384,16,2.053724258047106,2.032842743808867,1.8599602824655936,2.3548054716636893,16,0.8233162499523967,0.8249086435012887,0.32040465931281004,1.3375109132684806
CBBT,50,batch,tail,full,0.01,16,1.4396010228665546e-05,1.21885456610471e-05,5.54874655790627e-06,2.6529049500823023e-05,16,0.0004675677203126321,0.0004626146579096525,0.00011493189614061605,0.000914663590716432,16,0.033754046145590424,0.032793035225366376,0.005432277341399492,0.08218196263566421,16,0.01578078513923406,0.015254800349314049,0.0026659902627233813,0.03318484904156149
CBBT,50,batch,tail,full,0.025,16,3.5990025571663865e-05,3.0471364152617752e-05,1.3871866394765675e-05,6.632262375205755e-05,16,0.0011689193007815802,0.0011565366447741313,0.0002873297403515401,0.00228665897679108,16,0.08438511536397607,0.08198258806341595,0.01358069335349873,0.20545490658916055,16,0.03945196284808516,0.03813700087328513,0.006664975656808453,0.08296212260390373
CBBT,50,batch,tail,full,0.05,16,7.198005114332773e-05,6.0942728305235504e-05,2.774373278953135e-05,0.0001326452475041151,16,0.0023378386015631605,0.0023130732895482627,0.0005746594807030802,0.00457331795358216,16,0.16877023072795214,0.1639651761268319,0.02716138670699746,0.4109098131783211,16,0.07890392569617032,0.07627400174657026,0.013329951313616906,0.16592424520780746
CBBT,50,batch,tail,full,0.1,16,0.00014396010228665546,0.00012188545661047101,5.54874655790627e-05,0.0002652904950082302,16,0.004675677203126321,0.004626146579096525,0.0011493189614061605,0.00914663590716432,16,0.3375404614559043,0.3279303522536638,0.05432277341399492,0.8218196263566422,16,0.15780785139234063,0.15254800349314052,0.026659902627233813,0.3318484904156149
CBBT,50,batch,tail,shared,0.01,16,1.4396010228665546e-05,1.21885456610471e-05,5.54874655790627e-06,2.6529049500823023e-05,16,0.00044942940106604387,0.00045025165970994903,9.923226844977592e-05,0.0008927879767731719,16,0.03580104304499024,0.034836800721235024,0.005207181796290709,0.09215357778974127,16,0.016508564736660885,0.0159757276578954,0.002544533638039419,0.03544030854691787
CBBT,50,batch,tail,shared,0.025,16,3.5990025571663865e-05,3.0471364152617752e-05,1.3871866394765675e-05,6.632262375205755e-05,16,0.0011235735026651097,0.0011256291492748726,0.0002480806711244398,0.00223196994193293,16,0.08950260761247561,0.08709200180308757,0.013017954490726772,0.23038394447435318,16,0.041271411841652214,0.03993931914473851,0.006361334095098548,0.08860077136729466
CBBT,50,batch,tail,shared,0.05,16,7.198005114332773e-05,6.0942728305235504e-05,2.774373278953135e-05,0.0001326452475041151,16,0.0022471470053302195,0.002251258298549745,0.0004961613422488796,0.00446393988386586,16,0.17900521522495122,0.17418400360617514,0.026035908981453543,0.46076788894870635,16,0.08254282368330443,0.07987863828947701,0.012722668190197095,0.17720154273458932
CBBT,50,batch,tail,shared,0.1,16,0.00014396010228665546,0.00012188545661047101,5.54874655790627e-05,0.0002652904950082302,16,0.004494294010660439,0.00450251659709949,0.0009923226844977592,0.00892787976773172,16,0.35801043044990244,0.3483680072123503,0.05207181796290709,0.9215357778974127,16,0.16508564736660886,0.15975727657895403,0.02544533638039419,0.35440308546917865
CBBT,50,batch,tail,temporal,0.01,16,1.4396010228665546e-05,1.21885456610471e-05,5.54874655790627e-06,2.6529049500823023e-05,16,4.392804142459792e-06,3.9197622566789075e-06,4.10577124509611e-07,8.696581462943796e-06,16,0.02767597795572361,0.023358244623060513,0.0016118012687993376,0.06853583892346801,16,0.013026810389749788,0.01194384020830293,0.0007812860257636467,0.027505603679498995
CBBT,50,batch,tail,temporal,0.025,16,3.5990025571663865e-05,3.0471364152617752e-05,1.3871866394765675e-05,6.632262375205755e-05,16,1.0982010356149478e-05,9.79940564169727e-06,1.0264428112740274e-06,2.174145365735949e-05,16,0.06918994488930902,0.058395611557651286,0.004029503171998344,0.17133959730867004,16,0.03256702597437447,0.029859600520757326,0.001953215064409117,0.06876400919874749
CBBT,50,batch,tail,temporal,0.05,16,7.198005114332773e-05,6.0942728305235504e-05,2.774373278953135e-05,0.0001326452475041151,16,2.1964020712298957e-05,1.959881128339454e-05,2.052885622548055e-06,4.348290731471898e-05,16,0.13837988977861804,0.11679122311530257,0.008059006343996688,0.3426791946173401,16,0.06513405194874894,0.05971920104151465,0.003906430128818234,0.13752801839749498
CBBT,50,batch,tail,temporal,0.1,16,0.00014396010228665546,0.00012188545661047101,5.54874655790627e-05,0.0002652904950082302,16,4.3928041424597913e-05,3.919762256678908e-05,4.10577124509611e-06,8.696581462943795e-05,16,0.2767597795572361,0.23358244623060515,0.016118012687993375,0.6853583892346802,16,0.13026810389749788,0.1194384020830293,0.007812860257636467,0.27505603679498997
Lewes,50,accum4,amp_true,excess,0.0001,4,2.830637290571758e-07,2.61547209629498e-07,2.163366647437215e-07,3.928238322259858e-07,4,5.248531389754913e-06,5.574454684785617e-06,3.701447160155043e-06,6.143769029293373e-06,4,0.004297648715991969,0.004448976334641629,0.0034426156998394078,0.004850026494845211,4,0.0016387567727831392,0.001701178818485678,0.0012926437001423553,0.001860025754018846
Lewes,50,accum4,amp_true,excess,0.0003,4,8.491911871715273e-07,7.846416288884938e-07,6.490099942311644e-07,1.1784714966779573e-06,4,1.5745594169264736e-05,1.672336405435685e-05,1.1104341480465128e-05,1.8431307087880116e-05,4,0.012892946147975908,0.013346929003924887,0.010327847099518223,0.014550079484535633,4,0.004916270318349417,0.005103536455457034,0.0038779311004270654,0.005580077262056537
Lewes,50,accum4,amp_true,excess,0.0007,4,1.9814461034002305e-06,1.8308304674064856e-06,1.5143566532060503e-06,2.749766825581901e-06,4,3.6739719728284385e-05,3.902118279349932e-05,2.5910130121085298e-05,4.300638320505361e-05,4,0.030083541011943785,0.031142834342491404,0.024098309898875854,0.033950185463916475,4,0.011471297409481974,0.011908251729399745,0.009048505900996488,0.013020180278131921
Lewes,50,accum4,amp_true,excess,0.001,4,2.8306372905717583e-06,2.6154720962949794e-06,2.163366647437215e-06,3.9282383222598585e-06,4,5.248531389754913e-05,5.574454684785617e-05,3.701447160155043e-05,6.143769029293374e-05,4,0.042976487159919696,0.04448976334641629,0.034426156998394075,0.04850026494845212,4,0.01638756772783139,0.01701178818485678,0.012926437001423553,0.01860025754018846
Lewes,50,accum4,amp_true,excess,0.003,4,8.491911871715275e-06,7.846416288884939e-06,6.4900999423116445e-06,1.1784714966779575e-05,4,0.0001574559416926474,0.00016723364054356852,0.00011104341480465128,0.0001843130708788012,4,0.1289294614797591,0.13346929003924887,0.10327847099518224,0.14550079484535633,4,0.04916270318349418,0.051035364554570334,0.03877931100427066,0.055800772620565375
Lewes,50,accum4,amp_true,full,0.0001,4,2.830637290571758e-07,2.61547209629498e-07,2.163366647437215e-07,3.928238322259858e-07,4,9.592762938206923e-06,9.65195745078813e-06,6.572271499189903e-06,1.2494865352061532e-05,4,0.0010471335681871948,0.0009877673634707766,0.0006426544489416442,0.001570345096865582,4,0.00045835491148217805,0.000461359509326374,0.0002819395257788857,0.0006287611014970785
Lewes,50,accum4,amp_true,full,0.0003,4,8.491911871715273e-07,7.846416288884938e-07,6.490099942311644e-07,1.1784714966779573e-06,4,2.8778288814620766e-05,2.8955872352364386e-05,1.9716814497569704e-05,3.748459605618459e-05,4,0.003141400704561584,0.002963302090412329,0.0019279633468249323,0.004711035290596746,4,0.001375064734446534,0.0013840785279791218,0.000845818577336657,0.0018862833044912353
Lewes,50,accum4,amp_true,full,0.0007,4,1.9814461034002305e-06,1.8308304674064856e-06,1.5143566532060503e-06,2.749766825581901e-06,4,6.714934056744846e-05,6.75637021555169e-05,4.6005900494329315e-05,8.746405746443072e-05,4,0.007329934977310363,0.006914371544295434,0.004498581142591509,0.010992415678059074,4,0.0032084843803752462,0.0032295165652846177,0.0019735766804521997,0.004401327710479549
Lewes,50,accum4,amp_true,full,0.001,4,2.8306372905717583e-06,2.6154720962949794e-06,2.163366647437215e-06,3.9282383222598585e-06,4,9.592762938206923e-05,9.651957450788129e-05,6.572271499189903e-05,0.0001249486535206153,4,0.010471335681871948,0.009877673634707766,0.006426544489416442,0.01570345096865582,4,0.00458354911482178,0.00461359509326374,0.0028193952577888572,0.006287611014970784
Lewes,50,accum4,amp_true,full,0.003,4,8.491911871715275e-06,7.846416288884939e-06,6.4900999423116445e-06,1.1784714966779575e-05,4,0.0002877828881462077,0.00028955872352364386,0.00019716814497569706,0.00037484596056184595,4,0.031414007045615845,0.029633020904123293,0.019279633468249326,0.04711035290596746,4,0.013750647344465341,0.01384078527979122,0.00845818577336657,0.018862833044912354
Lewes,50,accum4,amp_true,shared,0.0001,4,2.830637290571758e-07,2.61547209629498e-07,2.163366647437215e-07,3.928238322259858e-07,4,7.982884385297833e-06,7.788033048512873e-06,5.423421973073439e-06,1.0932049471092146e-05,4,0.0010439239452108685,0.000978129601061328,0.0006421611909714814,0.0015772753877493367,4,0.0004433077549156484,0.00044878224159866154,0.00026927140813056105,0.0006063951283347094
Lewes,50,accum4,amp_true,shared,0.0003,4,8.491911871715273e-07,7.846416288884938e-07,6.490099942311644e-07,1.1784714966779573e-06,4,2.3948653155893495e-05,2.3364099145538613e-05,1.6270265919220317e-05,3.2796148413276435e-05,4,0.003131771835632605,0.0029343888031839833,0.0019264835729144439,0.0047318261632480095,4,0.0013299232647469449,0.0013463467247959843,0.000807814224391683,0.001819185385004128
Lewes,50,accum4,amp_true,shared,0.0007,4,1.9814461034002305e-06,1.8308304674064856e-06,1.5143566532060503e-06,2.749766825581901e-06,4,5.588019069708482e-05,5.451623133959011e-05,3.796395381151407e-05,7.652434629764502e-05,4,0.007307467616476078,0.006846907207429295,0.004495128336800369,0.011040927714245356,4,0.0031031542844095384,0.0031414756911906302,0.0018848998569139272,0.004244765898342965
Lewes,50,accum4,amp_true,shared,0.001,4,2.8306372905717583e-06,2.6154720962949794e-06,2.163366647437215e-06,3.9282383222598585e-06,4,7.982884385297832e-05,7.788033048512872e-05,5.423421973073439e-05,0.00010932049471092146,4,0.010439239452108685,0.00978129601061328,0.006421611909714814,0.015772753877493367,4,0.004433077549156484,0.004487822415986615,0.0026927140813056104,0.006063951283347094
Lewes,50,accum4,amp_true,shared,0.003,4,8.491911871715275e-06,7.846416288884939e-06,6.4900999423116445e-06,1.1784714966779575e-05,4,0.00023948653155893496,0.00023364099145538615,0.00016270265919220318,0.00032796148413276435,4,0.03131771835632605,0.029343888031839835,0.01926483572914444,0.0473182616324801,4,0.01329923264746945,0.013463467247959845,0.008078142243916831,0.01819185385004128
Lewes,50,accum4,amp_true,temporal,0.0001,4,2.830637290571758e-07,2.61547209629498e-07,2.163366647437215e-07,3.928238322259858e-07,4,7.672801165814511e-08,7.789560268753714e-08,4.782989319651867e-08,1.0329094806098749e-07,4,0.0008049822976517405,0.0007111964582838049,0.0005103417966430187,0.0012871944773963336,4,0.0003428820648147525,0.0003332280138133674,0.0002228816847654416,0.00048219054686683346
Lewes,50,accum4,amp_true,temporal,0.0003,4,8.491911871715273e-07,7.846416288884938e-07,6.490099942311644e-07,1.1784714966779573e-06,4,2.3018403497443531e-07,2.336868080626114e-07,1.43489679589556e-07,3.0987284418296245e-07,4,0.0024149468929552213,0.002133589374851414,0.001531025389929056,0.0038615834321890003,4,0.0010286461944442574,0.000999684041440102,0.0006686450542963248,0.0014465716406005002
Lewes,50,accum4,amp_true,temporal,0.0007,4,1.9814461034002305e-06,1.8308304674064856e-06,1.5143566532060503e-06,2.749766825581901e-06,4,5.370960816070158e-07,5.4526921881276e-07,3.348092523756307e-07,7.230366364269124e-07,4,0.005634876083562183,0.004978375207986633,0.003572392576501131,0.009010361341774334,4,0.0024001744537032674,0.0023325960966935717,0.0015601717933580912,0.0033753338280678342
Lewes,50,accum4,amp_true,temporal,0.001,4,2.8306372905717583e-06,2.6154720962949794e-06,2.163366647437215e-06,3.9282383222598585e-06,4,7.672801165814512e-07,7.789560268753715e-07,4.782989319651867e-07,1.032909480609875e-06,4,0.008049822976517405,0.007111964582838049,0.005103417966430187,0.012871944773963336,4,0.0034288206481475248,0.0033322801381336737,0.002228816847654416,0.004821905468668335
Lewes,50,accum4,amp_true,temporal,0.003,4,8.491911871715275e-06,7.846416288884939e-06,6.4900999423116445e-06,1.1784714966779575e-05,4,2.3018403497443534e-06,2.3368680806261143e-06,1.4348967958955602e-06,3.0987284418296245e-06,4,0.024149468929552213,0.021335893748514148,0.015310253899290562,0.03861583432189001,4,0.010286461944442573,0.00999684041440102,0.006686450542963248,0.014465716406005004
Lewes,50,accum4,body,excess,1.0,4,0.0007915522692201193,0.0007944771277834661,0.0007478567713405937,0.0008293980499729514,4,0.0,0.0,0.0,0.0,4,0.0,0.0,0.0,0.0,4,0.0,0.0,0.0,0.0
Lewes,50,accum4,body,full,1.0,4,0.0007915522692201193,0.0007944771277834661,0.0007478567713405937,0.0008293980499729514,4,0.00818454792668697,0.00859227401035365,0.0062764642575560085,0.009277179428484567,4,0.8679535169614871,0.8603815662969054,0.788821215338585,0.9622297199135527,4,0.3891341178781962,0.3802344148360357,0.31584146518528444,0.480226176655429
Lewes,50,accum4,body,shared,1.0,4,0.0007915522692201193,0.0007944771277834661,0.0007478567713405937,0.0008293980499729514,4,0.0063358300076055175,0.006473359634876096,0.005046670548677648,0.007349930211992231,4,0.8170654396618335,0.8019418659504618,0.7281332990266343,0.9362447277197763,4,0.35830837154065037,0.34017692687367007,0.2799362043796761,0.4729434280355852
Lewes,50,accum4,body,temporal,1.0,4,0.0007915522692201193,0.0007944771277834661,0.0007478567713405937,0.0008293980499729514,4,7.877357378507296e-05,8.434679536282522e-05,5.7771518024973875e-05,8.862918638966756e-05,4,0.8037244507609618,0.790904536675229,0.7199389718897907,0.9131497578035987,4,0.35889825223531197,0.3432123358936146,0.269693331242747,0.4794750059112717
Lewes,50,accum4,excess,excess,2.0,4,0.00020074346844012325,0.0001898891773635114,0.00015503867143706884,0.00026815684759640135,4,0.001980379655571688,0.001904582846328536,0.0017561038246286281,0.0023562491050010525,4,1.6276442967480307,1.635997580002273,1.5679393936959172,1.67064263329166,4,0.6198868938207849,0.6207351000256689,0.6111610215103072,0.6269163537214943
Lewes,50,accum4,excess,full,2.0,4,0.00020074346844012325,0.0001898891773635114,0.00015503867143706884,0.00026815684759640135,4,0.0035841048326146945,0.003608324402226544,0.0024510727415228586,0.004668697784482832,4,0.3904343457689852,0.35664103531995317,0.2616969546598783,0.5867583577761565,4,0.1703454634528397,0.16045396022566877,0.12553778328425708,0.23493615007576432
Lewes,50,accum4,excess,shared,2.0,4,0.00020074346844012325,0.0001898891773635114,0.00015503867143706884,0.00026815684759640135,4,0.0029602011237346974,0.0030501940535432263,0.0017099289287456033,0.004030487459106732,4,0.3854359348538703,0.3617372857916189,0.23675069897680498,0.5815184688554385,4,0.16282831021327074,0.15648730306585595,0.1147695805856973,0.22356905413567377
Lewes,50,accum4,excess,temporal,2.0,4,0.00020074346844012325,0.0001898891773635114,0.00015503867143706884,0.00026815684759640135,4,2.381172904766012e-05,2.6576780109626546e-05,9.612848863900421e-06,3.2480507107486964e-05,4,0.24686344038417923,0.25261718243556575,0.10256846152476494,0.37965093514082054,4,0.10406898133402752,0.11010000695893823,0.05385646031838973,0.14221945109984388
Lewes,50,accum4,gate,excess,0.5,4,0.00030383264765987406,0.0003026417034561746,0.0002663197410583962,0.0003437274426687509,4,0.0,0.0,0.0,0.0,4,0.0,0.0,0.0,0.0,4,0.0,0.0,0.0,0.0
Lewes,50,accum4,gate,full,0.5,4,0.00030383264765987406,0.0003026417034561746,0.0002663197410583962,0.0003437274426687509,4,0.0035828841493306795,0.003641875768472793,0.002375288355377144,0.00467249670499999,4,0.3896761054018202,0.3589315182264782,0.2536055819604374,0.5872358031938869,4,0.16969673522143958,0.15854552694562724,0.1265685693165634,0.23512731767794048
Lewes,50,accum4,gate,shared,0.5,4,0.00030383264765987406,0.0003026417034561746,0.0002663197410583962,0.0003437274426687509,4,0.0035290787754255854,0.003597295132858936,0.002366600572734828,0.004555124263249641,4,0.45934340583722494,0.4262447315492689,0.3276711273637011,0.6572130328866611,4,0.19490558559208676,0.18335055560991753,0.16025084491416744,0.25267038623434457
Lewes,50,accum4,gate,temporal,0.5,4,0.00030383264765987406,0.0003026417034561746,0.0002663197410583962,0.0003437274426687509,4,3.063344410394328e-05,3.182838727760701e-05,8.021445655708907e-06,5.08555562048502e-05,4,0.3268889616460896,0.2941070684181903,0.08558829455857496,0.6337534151894026,4,0.1342436143086637,0.1273130960644779,0.04494054528154928,0.2374077198241496
Lewes,50,accum4,tail,excess,0.01,4,2.7229391234868673e-05,2.6303597478545272e-05,1.9896636076737194e-05,3.641373390564695e-05,4,0.0002459261726824307,0.00023894623418028223,0.00021235763638199082,0.0002934545859871675,4,0.201690731014475,0.20190114612273977,0.2001072247727098,0.20285340703971058,4,0.07684281502621275,0.07645521597875198,0.07581013902390786,0.0786506891234392
Lewes,50,accum4,tail,excess,0.025,4,6.807347808717168e-05,6.575899369636318e-05,4.974159019184299e-05,9.103433476411738e-05,4,0.0006148154317060768,0.0005973655854507056,0.000530894090954977,0.0007336364649679188,4,0.5042268275361875,0.5047528653068495,0.5002680619317745,0.5071335175992765,4,0.19210703756553188,0.19113803994687995,0.18952534755976969,0.196626722808598
Lewes,50,accum4,tail,excess,0.05,4,0.00013614695617434336,0.00013151798739272636,9.948318038368598e-05,0.00018206866952823477,4,0.0012296308634121536,0.0011947311709014112,0.001061788181909954,0.0014672729299358377,4,1.008453655072375,1.009505730613699,1.000536123863549,1.014267035198553,4,0.38421407513106376,0.3822760798937599,0.37905069511953937,0.393253445617196
Lewes,50,accum4,tail,excess,0.1,4,0.00027229391234868673,0.0002630359747854527,0.00019896636076737197,0.00036413733905646953,4,0.0024592617268243072,0.0023894623418028223,0.002123576363819908,0.0029345458598716754,4,2.01690731014475,2.019011461227398,2.001072247727098,2.028534070397106,4,0.7684281502621275,0.7645521597875198,0.7581013902390787,0.786506891234392
Lewes,50,accum4,tail,full,0.01,4,2.7229391234868673e-05,2.6303597478545272e-05,1.9896636076737194e-05,3.641373390564695e-05,4,0.0006897492946817145,0.0006863710588654512,0.0004668865085191968,0.0009193685524767591,4,0.07434359568357436,0.07473668580591308,0.04984869497399926,0.09805231614847201,4,0.03258456257156118,0.03233989875854711,0.02487830889361537,0.0407801438755351
Lewes,50,accum4,tail,full,0.025,4,6.807347808717168e-05,6.575899369636318e-05,4.974159019184299e-05,9.103433476411738e-05,4,0.0017243732367042863,0.001715927647163628,0.001167216271297992,0.0022984213811918976,4,0.18585898920893593,0.18684171451478274,0.12462173743499816,0.24513079037118005,4,0.08146140642890294,0.08084974689636779,0.06219577223403843,0.10195035968883776
Lewes,50,accum4,tail,full,0.05,4,0.00013614695617434336,0.00013151798739272636,9.948318038368598e-05,0.00018206866952823477,4,0.0034487464734085727,0.003431855294327256,0.002334432542595984,0.004596842762383795,4,0.37171797841787185,0.3736834290295655,0.24924347486999632,0.4902615807423601,4,0.16292281285780588,0.16169949379273557,0.12439154446807686,0.2039007193776755
Lewes,50,accum4,tail,full,0.1,4,0.00027229391234868673,0.0002630359747854527,0.00019896636076737197,0.00036413733905646953,4,0.006897492946817145,0.006863710588654512,0.004668865085191968,0.00919368552476759,4,0.7434359568357437,0.747366858059131,0.49848694973999264,0.9805231614847202,4,0.32584562571561176,0.32339898758547114,0.24878308893615372,0.407801438755351
Lewes,50,accum4,tail,shared,0.01,4,2.7229391234868673e-05,2.6303597478545272e-05,1.9896636076737194e-05,3.641373390564695e-05,4,0.0006366717874894294,0.0006320730745332436,0.0004110572208851617,0.000871483780006068,4,0.0821695951001693,0.08393928568071493,0.05691352589456281,0.10388628314468451,4,0.03504636452322355,0.034344838654981,0.02697817030656337,0.044517610476368825
Lewes,50,accum4,tail,shared,0.025,4,6.807347808717168e-05,6.575899369636318e-05,4.974159019184299e-05,9.103433476411738e-05,4,0.0015916794687235733,0.0015801826863331096,0.0010276430522129043,0.00217870945001517,4,0.20542398775042325,0.20984821420178734,0.14228381473640703,0.2597157078617113,4,0.08761591130805887,0.0858620966374525,0.06744542576640843,0.11129402619092206
Lewes,50,accum4,tail,shared,0.05,4,0.00013614695617434336,0.00013151798739272636,9.948318038368598e-05,0.00018206866952823477,4,0.0031833589374471467,0.003160365372666219,0.0020552861044258086,0.00435741890003034,4,0.4108479755008465,0.4196964284035747,0.28456762947281405,0.5194314157234226,4,0.17523182261611775,0.171724193274905,0.13489085153281685,0.22258805238184412
Lewes,50,accum4,tail,shared,0.1,4,0.00027229391234868673,0.0002630359747854527,0.00019896636076737197,0.00036413733905646953,4,0.006366717874894293,0.006320730745332438,0.004110572208851617,0.00871483780006068,4,0.821695951001693,0.8393928568071494,0.5691352589456281,1.038862831446845,4,0.3504636452322355,0.34344838654981,0.2697817030656337,0.44517610476368824
Lewes,50,accum4,tail,temporal,0.01,4,2.7229391234868673e-05,2.6303597478545272e-05,1.9896636076737194e-05,3.641373390564695e-05,4,6.557745698889402e-06,6.535399309842913e-06,3.853107751187689e-06,9.307076424684092e-06,4,0.06716729877670903,0.07094651636209784,0.041112404836885406,0.08566375754575503,4,0.0288873510247245,0.028507150217358366,0.021587226392751215,0.036947877271430056
Lewes,50,accum4,tail,temporal,0.025,4,6.807347808717168e-05,6.575899369636318e-05,4.974159019184299e-05,9.103433476411738e-05,4,1.6394364247223505e-05,1.6338498274607283e-05,9.632769377969224e-06,2.326769106171023e-05,4,0.1679182469417726,0.17736629090524458,0.10278101209221352,0.2141593938643876,4,0.07221837756181125,0.07126787554339592,0.05396806598187803,0.09236969317857514
Lewes,50,accum4,tail,temporal,0.05,4,0.00013614695617434336,0.00013151798739272636,9.948318038368598e-05,0.00018206866952823477,4,3.278872849444701e-05,3.2676996549214565e-05,1.9265538755938448e-05,4.653538212342046e-05,4,0.3358364938835452,0.35473258181048917,0.20556202418442704,0.4283187877287752,4,0.1444367551236225,0.14253575108679184,0.10793613196375607,0.1847393863571503
Lewes,50,accum4,tail,temporal,0.1,4,0.00027229391234868673,0.0002630359747854527,0.00019896636076737197,0.00036413733905646953,4,6.557745698889402e-05,6.535399309842913e-05,3.8531077511876896e-05,9.307076424684092e-05,4,0.6716729877670904,0.7094651636209783,0.4111240483688541,0.8566375754575504,4,0.288873510247245,0.2850715021735837,0.21587226392751213,0.3694787727143006
Lewes,50,batch,amp_true,excess,0.0001,16,2.830637290571758e-07,2.59750138502568e-07,1.6878794122021646e-08,5.738559179008007e-07,16,5.505206767046926e-06,2.8267212677341206e-06,5.033128394589294e-07,1.2662368457380619e-05,16,0.005157504923644726,0.003649005118978513,0.001070733558440783,0.01594512638506519,16,0.002289235512333017,0.0013461379132764704,0.00031773003999100807,0.010449004928500096
Lewes,50,batch,amp_true,excess,0.0003,16,8.491911871715274e-07,7.792504155077039e-07,5.063638236606493e-08,1.721567753702402e-06,16,1.6515620301140775e-05,8.48016380320236e-06,1.509938518376788e-06,3.798710537214185e-05,16,0.015472514770934177,0.010947015356935538,0.0032122006753223485,0.04783537915519556,16,0.006867706536999051,0.004038413739829411,0.0009531901199730241,0.03134701478550028
Lewes,50,batch,amp_true,excess,0.0007,16,1.981446103400231e-06,1.8182509695179758e-06,1.1815155885415151e-07,4.016991425305605e-06,16,3.8536447369328484e-05,1.9787048874138842e-05,3.523189876212506e-06,8.863657920166433e-05,16,0.03610253446551308,0.025543035832849594,0.00749513490908548,0.11161588469545632,16,0.016024648586331118,0.009422965392935294,0.0022241102799370562,0.07314303449950066
Lewes,50,batch,amp_true,excess,0.001,16,2.8306372905717583e-06,2.59750138502568e-06,1.6878794122021646e-07,5.738559179008007e-06,16,5.505206767046926e-05,2.8267212677341205e-05,5.033128394589294e-06,0.0001266236845738062,16,0.05157504923644726,0.03649005118978513,0.01070733558440783,0.1594512638506519,16,0.02289235512333017,0.013461379132764704,0.0031773003999100804,0.10449004928500095
Lewes,50,batch,amp_true,excess,0.003,16,8.491911871715273e-06,7.79250415507704e-06,5.063638236606494e-07,1.721567753702402e-05,16,0.00016515620301140778,8.480163803202361e-05,1.5099385183767883e-05,0.00037987105372141853,16,0.1547251477093418,0.1094701535693554,0.032122006753223485,0.4783537915519557,16,0.0686770653699905,0.04038413739829411,0.009531901199730242,0.3134701478550029
Lewes,50,batch,amp_true,full,0.0001,16,2.830637290571758e-07,2.59750138502568e-07,1.6878794122021646e-08,5.738559179008007e-07,16,1.0716000322252753e-05,7.350538191579248e-06,1.0634192962479631e-06,2.8212627090254507e-05,16,0.0009316237552787234,0.000799872659540266,0.00019003046534751887,0.0018647434015687846,16,0.0004015698466590492,0.0003226334360491873,8.37889692152085e-05,0.0007899842380608564
Lewes,50,batch,amp_true,full,0.0003,16,8.491911871715274e-07,7.792504155077039e-07,5.063638236606493e-08,1.721567753702402e-06,16,3.2148000966758254e-05,2.2051614574737742e-05,3.1902578887438892e-06,8.463788127076351e-05,16,0.0027948712658361695,0.002399617978620798,0.0005700913960425565,0.005594230204706353,16,0.0012047095399771474,0.0009679003081475617,0.0002513669076456255,0.002369952714182569
Lewes,50,batch,amp_true,full,0.0007,16,1.981446103400231e-06,1.8182509695179758e-06,1.1815155885415151e-07,4.016991425305605e-06,16,7.501200225576928e-05,5.1453767341054735e-05,7.443935073735742e-06,0.00019748838963178154,16,0.0065213662869510625,0.005599108616781862,0.001330213257432632,0.013053203810981491,16,0.002810988926613344,0.002258434052344311,0.0005865227845064595,0.005529889666425995
Lewes,50,batch,amp_true,full,0.001,16,2.8306372905717583e-06,2.59750138502568e-06,1.6878794122021646e-07,5.738559179008007e-06,16,0.00010716000322252753,7.350538191579248e-05,1.0634192962479632e-05,0.0002821262709025451,16,0.009316237552787234,0.00799872659540266,0.0019003046534751887,0.018647434015687848,16,0.004015698466590492,0.0032263343604918724,0.000837889692152085,0.007899842380608564
Lewes,50,batch,amp_true,full,0.003,16,8.491911871715273e-06,7.79250415507704e-06,5.063638236606494e-07,1.721567753702402e-05,16,0.0003214800096675826,0.00022051614574737744,3.1902578887438894e-05,0.0008463788127076352,16,0.027948712658361703,0.02399617978620798,0.005700913960425566,0.05594230204706354,16,0.012047095399771475,0.009679003081475618,0.002513669076456255,0.02369952714182569
Lewes,50,batch,amp_true,shared,0.0001,16,2.830637290571758e-07,2.59750138502568e-07,1.6878794122021646e-08,5.738559179008007e-07,16,8.926999999918796e-06,6.783080490491202e-06,9.367693340776603e-07,2.538400779402321e-05,16,0.0009120603613891904,0.0008173105831081053,0.00018509325054988338,0.0019266104721051098,16,0.00038790645799066865,0.0003431380022810692,8.098186731745211e-05,0.0006906221083772929
Lewes,50,batch,amp_true,shared,0.0003,16,8.491911871715274e-07,7.792504155077039e-07,5.063638236606493e-08,1.721567753702402e-06,16,2.6780999999756386e-05,2.0349241471473602e-05,2.8103080022329807e-06,7.615202338206961e-05,16,0.002736181084167571,0.0024519317493243158,0.0005552797516496501,0.005779831416315329,16,0.0011637193739720058,0.0010294140068432076,0.0002429456019523563,0.0020718663251318784
Lewes,50,batch,amp_true,shared,0.0007,16,1.981446103400231e-06,1.8182509695179758e-06,1.1815155885415151e-07,4.016991425305605e-06,16,6.248899999943157e-05,4.7481563433438416e-05,6.557385338543622e-06,0.00017768805455816244,16,0.006384422529724333,0.0057211740817567375,0.0012956527538491836,0.013486273304735768,16,0.0027153452059346804,0.0024019660159674844,0.0005668730712221647,0.00483435475864105
Lewes,50,batch,amp_true,shared,0.001,16,2.8306372905717583e-06,2.59750138502568e-06,1.6878794122021646e-07,5.738559179008007e-06,16,8.926999999918795e-05,6.783080490491202e-05,9.367693340776604e-06,0.00025384007794023204,16,0.009120603613891904,0.008173105831081053,0.0018509325054988338,0.019266104721051096,16,0.003879064579906686,0.003431380022810692,0.000809818673174521,0.006906221083772928
Lewes,50,batch,amp_true,shared,0.003,16,8.491911871715273e-06,7.79250415507704e-06,5.063638236606494e-07,1.721567753702402e-05,16,0.00026780999999756385,0.00020349241471473605,2.810308002232981e-05,0.0007615202338206962,16,0.027361810841675716,0.02451931749324316,0.005552797516496501,0.05779831416315329,16,0.011637193739720057,0.010294140068432076,0.0024294560195235633,0.020718663251318787
Lewes,50,batch,amp_true,temporal,0.0001,16,2.830637290571758e-07,2.59750138502568e-07,1.6878794122021646e-08,5.738559179008007e-07,16,7.769061496391507e-08,5.576108796454612e-08,1.0074872148098246e-08,2.2737728866104037e-07,16,0.0006824261190309182,0.0005845466661643107,0.00010187032555457203,0.0014770223960986436,16,0.0003045543639433108,0.0002543880514596184,3.849896557859393e-05,0.0005864979874287406
Lewes,50,batch,amp_true,temporal,0.0003,16,8.491911871715274e-07,7.792504155077039e-07,5.063638236606493e-08,1.721567753702402e-06,16,2.3307184489174517e-07,1.6728326389363832e-07,3.022461644429474e-08,6.821318659831209e-07,16,0.0020472783570927543,0.001753639998492932,0.00030561097666371604,0.00443106718829593,16,0.000913663091829932,0.0007631641543788552,0.00011549689673578177,0.0017594939622862216
Lewes,50,batch,amp_true,temporal,0.0007,16,1.981446103400231e-06,1.8182509695179758e-06,1.1815155885415151e-07,4.016991425305605e-06,16,5.438343047474054e-07,3.903276157518228e-07,7.052410503668772e-08,1.5916410206272824e-06,16,0.004776982833216427,0.004091826663150175,0.0007130922788820042,0.010339156772690504,16,0.002131880547603175,0.0017807163602173285,0.0002694927590501575,0.0041054859120011845
Lewes,50,batch,amp_true,temporal,0.001,16,2.8306372905717583e-06,2.59750138502568e-06,1.6878794122021646e-07,5.738559179008007e-06,16,7.769061496391507e-07,5.576108796454612e-07,1.0074872148098246e-07,2.2737728866104035e-06,16,0.0068242611903091815,0.005845466661643107,0.0010187032555457204,0.014770223960986435,16,0.0030455436394331075,0.002543880514596184,0.0003849896557859393,0.005864979874287406
Lewes,50,batch,amp_true,temporal,0.003,16,8.491911871715273e-06,7.79250415507704e-06,5.063638236606494e-07,1.721567753702402e-05,16,2.3307184489174514e-06,1.6728326389363834e-06,3.022461644429474e-07,6.821318659831211e-06,16,0.020472783570927543,0.01753639998492932,0.003056109766637161,0.044310671882959306,16,0.009136630918299323,0.007631641543788552,0.001154968967357818,0.017594939622862217
Lewes,50,batch,body,excess,1.0,16,0.0007915522692201193,0.000796700274804607,0.0006863668095320463,0.0009301492827944458,16,0.0,0.0,0.0,0.0,16,0.0,0.0,0.0,0.0,16,0.0,0.0,0.0,0.0
Lewes,50,batch,body,full,1.0,16,0.0007915522692201193,0.000796700274804607,0.0006863668095320463,0.0009301492827944458,16,0.00925641382330053,0.0093104179201682,0.005491125677251715,0.012155976624323175,16,0.8671390118794388,0.8954965944369647,0.6634174154506405,1.0065794649055708,16,0.38179658154321905,0.38363434221389914,0.2664504406978621,0.5034532255728387
Lewes,50,batch,body,shared,1.0,16,0.0007915522692201193,0.000796700274804607,0.0006863668095320463,0.0009301492827944458,16,0.007448035980631419,0.007398398671408769,0.004524346029436542,0.009466081027009769,16,0.8341800201654771,0.8734073082173861,0.5800698710081725,0.9985290428003675,16,0.3627386387682262,0.3621385517459939,0.22441103227011988,0.5038643200088584
Lewes,50,batch,body,temporal,1.0,16,0.0007915522692201193,0.000796700274804607,0.0006863668095320463,0.0009301492827944458,16,8.49059555980318e-05,8.40673959602535e-05,3.7688238630239716e-05,0.00012359141656742372,16,0.8696633906240255,0.8670869419015688,0.5781460414676542,1.4226072388648103,16,0.38604736825641084,0.374363256443863,0.21244453951912248,0.5343465396334467
Lewes,50,batch,excess,excess,2.0,16,0.00020074346844012325,0.00020616295660147443,2.98109334835317e-05,0.00038212520303204656,16,0.0028412652473809707,0.00212742315722135,0.00010483173661819981,0.007199007589681447,16,1.9164735424059773,1.775534511159502,0.8613341310760346,5.701880274903357,16,0.6644497587831659,0.6419907611088435,0.5404058778844921,0.908063858558842
Lewes,50,batch,excess,full,2.0,16,0.00020074346844012325,0.00020616295660147443,2.98109334835317e-05,0.00038212520303204656,16,0.006187241169295361,0.005376088156562032,0.0010062182203500443,0.014162098947626472,16,0.5674822223386515,0.4943736432879652,0.09051089387017423,1.0858002846472425,16,0.2392484250767184,0.23440430305916288,0.04556755846562414,0.47682262006909404
Lewes,50,batch,excess,shared,2.0,16,0.00020074346844012325,0.00020616295660147443,2.98109334835317e-05,0.00038212520303204656,16,0.005311787975545086,0.004175116020567435,0.0010007424313788352,0.01299322805731449,16,0.5729239968426807,0.4526547236859133,0.11712443526251975,1.1243516267245013,16,0.23712161275599905,0.206622109334621,0.059588827032854945,0.4540276774587166
Lewes,50,batch,excess,temporal,2.0,16,0.00020074346844012325,0.00020616295660147443,2.98109334835317e-05,0.00038212520303204656,16,4.2340608718137166e-05,4.084604348106482e-05,1.2514895061398566e-06,0.0001115088297676197,16,0.4268478352814696,0.35946806601928155,0.012386568474986141,1.2292250220574434,16,0.18077062528476323,0.17320402082051128,0.006741616591951777,0.43850755983419093
Lewes,50,batch,gate,excess,0.5,16,0.00030383264765987406,0.0002889564202632755,8.294690633192658e-05,0.0005890827160328627,16,0.0,0.0,0.0,0.0,16,0.0,0.0,0.0,0.0,16,0.0,0.0,0.0,0.0
Lewes,50,batch,gate,full,0.5,16,0.00030383264765987406,0.0002889564202632755,8.294690633192658e-05,0.0005890827160328627,16,0.005635598045596761,0.005317703396975168,0.0013390027176807778,0.0093759703897524,16,0.5407951316615016,0.5296009524946127,0.13899944926938426,1.1831394493399454,16,0.2297246298434929,0.23138513047681988,0.05888072968406928,0.43371202124969976
Lewes,50,batch,gate,shared,0.5,16,0.00030383264765987406,0.0002889564202632755,8.294690633192658e-05,0.0005890827160328627,16,0.005567405188032319,0.00528187582855477,0.0013156341883517185,0.009207864445374584,16,0.638740245488705,0.6124222489800879,0.14842220897859307,1.391422089255417,16,0.26677631010421465,0.2525984275440038,0.06320412757063341,0.5182048976964492
Lewes,50,batch,gate,temporal,0.5,16,0.00030383264765987406,0.0002889564202632755,8.294690633192658e-05,0.0005890827160328627,16,4.5296837392461384e-05,4.3358153455782966e-05,5.382392527740135e-06,9.331614509944407e-05,16,0.5076867111021255,0.4295283801495469,0.05775536697568542,1.517953931633738,16,0.20953503165125623,0.20798626197871184,0.026718222116467703,0.516923252139573
Lewes,50,batch,tail,excess,0.01,16,2.7229391234868673e-05,2.543681301176548e-05,4.2204081546515225e-06,5.462360568344593e-05,16,0.00030735934613022864,0.0002174114547537334,1.772839204245698e-05,0.0007616656496221954,16,0.20101096156303405,0.20015557075334062,0.19449348983575096,0.2139101511793049,16,0.08371885992576378,0.07207990910675154,0.03192827467449339,0.20318834312721834
Lewes,50,batch,tail,excess,0.025,16,6.807347808717168e-05,6.35920325294137e-05,1.0551020386628808e-05,0.00013655901420861483,16,0.0007683983653255717,0.0005435286368843336,4.432098010614245e-05,0.0019041641240554884,16,0.5025274039075851,0.5003889268833516,0.4862337245893774,0.5347753779482622,16,0.20929714981440944,0.18019977276687887,0.07982068668623349,0.5079708578180459
Lewes,50,batch,tail,excess,0.05,16,0.00013614695617434336,0.0001271840650588274,2.1102040773257616e-05,0.00027311802841722965,16,0.0015367967306511433,0.0010870572737686672,8.86419602122849e-05,0.003808328248110977,16,1.0050548078151702,1.0007778537667031,0.9724674491787548,1.0695507558965245,16,0.4185942996288189,0.36039954553375775,0.15964137337246698,1.0159417156360917
Lewes,50,batch,tail,excess,0.1,16,0.00027229391234868673,0.0002543681301176548,4.220408154651523e-05,0.0005462360568344593,16,0.0030735934613022866,0.0021741145475373345,0.0001772839204245698,0.007616656496221954,16,2.0101096156303404,2.0015557075334063,1.9449348983575097,2.139101511793049,16,0.8371885992576378,0.7207990910675155,0.31928274674493395,2.0318834312721834
Lewes,50,batch,tail,full,0.01,16,2.7229391234868673e-05,2.543681301176548e-05,4.2204081546515225e-06,5.462360568344593e-05,16,0.0008547157745052681,0.0007710787504800231,9.89809820458777e-05,0.002038135297976755,16,0.07630343738938097,0.0743143371161517,0.016318288540925124,0.14081191653253805,16,0.03272024528803262,0.0297246815266056,0.008215415132393926,0.06070807267487432
Lewes,50,batch,tail,full,0.025,16,6.807347808717168e-05,6.35920325294137e-05,1.0551020386628808e-05,0.00013655901420861483,16,0.0021367894362631706,0.0019276968762000578,0.00024745245511469425,0.005095338244941888,16,0.19075859347345248,0.18578584279037924,0.04079572135231281,0.3520297913313451,16,0.08180061322008156,0.074311703816514,0.020538537830984815,0.1517701816871858
Lewes,50,batch,tail,full,0.05,16,0.00013614695617434336,0.0001271840650588274,2.1102040773257616e-05,0.00027311802841722965,16,0.004273578872526341,0.0038553937524001157,0.0004949049102293885,0.010190676489883777,16,0.38151718694690495,0.3715716855807585,0.08159144270462562,0.7040595826626902,16,0.16360122644016312,0.148623407633028,0.04107707566196963,0.3035403633743716
Lewes,50,batch,tail,full,0.1,16,0.00027229391234868673,0.0002543681301176548,4.220408154651523e-05,0.0005462360568344593,16,0.008547157745052682,0.007710787504800231,0.000989809820458777,0.020381352979767554,16,0.7630343738938099,0.743143371161517,0.16318288540925124,1.4081191653253804,16,0.32720245288032623,0.297246815266056,0.08215415132393926,0.6070807267487432
Lewes,50,batch,tail,shared,0.01,16,2.7229391234868673e-05,2.543681301176548e-05,4.2204081546515225e-06,5.462360568344593e-05,16,0.0007785195612428867,0.0006812280654805689,9.565671454224524e-05,0.0019310364796125293,16,0.08185878620167204,0.08430030668309124,0.018900503664521808,0.1536477057440998,16,0.03472673700664916,0.030821713561245134,0.009338976608633568,0.06872822302632872
Lewes,50,batch,tail,shared,0.025,16,6.807347808717168e-05,6.35920325294137e-05,1.0551020386628808e-05,0.00013655901420861483,16,0.0019462989031072168,0.0017030701637014223,0.00023914178635561312,0.0048275911990313235,16,0.20464696550418013,0.21075076670772813,0.047251259161304515,0.38411926436024957,16,0.08681684251662292,0.07705428390311284,0.02334744152158392,0.17182055756582182
Lewes,50,batch,tail,shared,0.05,16,0.00013614695617434336,0.0001271840650588274,2.1102040773257616e-05,0.00027311802841722965,16,0.0038925978062144336,0.0034061403274028446,0.00047828357271122624,0.009655182398062647,16,0.40929393100836026,0.42150153341545626,0.09450251832260903,0.7682385287204991,16,0.17363368503324583,0.15410856780622567,0.04669488304316784,0.34364111513164364
Lewes,50,batch,tail,shared,0.1,16,0.00027229391234868673,0.0002543681301176548,4.220408154651523e-05,0.0005462360568344593,16,0.007785195612428867,0.006812280654805689,0.0009565671454224525,0.019310364796125294,16,0.8185878620167205,0.8430030668309125,0.18900503664521806,1.5364770574409983,16,0.34726737006649167,0.30821713561245134,0.09338976608633567,0.6872822302632873
Lewes,50,batch,tail,temporal,0.01,16,2.7229391234868673e-05,2.543681301176548e-05,4.2204081546515225e-06,5.462360568344593e-05,16,6.933759029754695e-06,6.111346408244473e-06,8.085879955715694e-07,1.8571389091173823e-05,16,0.062296077981309705,0.06496483251404753,0.012826834743695979,0.12265953429362092,16,0.027716718373688942,0.027107363818858424,0.006981239566466861,0.05063387801155087
Lewes,50,batch,tail,temporal,0.025,16,6.807347808717168e-05,6.35920325294137e-05,1.0551020386628808e-05,0.00013655901420861483,16,1.7334397574386743e-05,1.5278366020611184e-05,2.0214699889289237e-06,4.6428472727934566e-05,16,0.1557401949532743,0.1624120812851188,0.032067086859239945,0.3066488357340523,16,0.06929179593422236,0.06776840954714605,0.017453098916167153,0.12658469502887718
Lewes,50,batch,tail,temporal,0.05,16,0.00013614695617434336,0.0001271840650588274,2.1102040773257616e-05,0.00027311802841722965,16,3.4668795148773486e-05,3.055673204122237e-05,4.042939977857847e-06,9.285694545586913e-05,16,0.3114803899065486,0.3248241625702376,0.06413417371847989,0.6132976714681047,16,0.1385835918684447,0.1355368190942921,0.034906197832334306,0.25316939005775435
Lewes,50,batch,tail,temporal,0.1,16,0.00027229391234868673,0.0002543681301176548,4.220408154651523e-05,0.0005462360568344593,16,6.933759029754697e-05,6.111346408244474e-05,8.085879955715695e-06,0.00018571389091173827,16,0.6229607798130972,0.6496483251404752,0.12826834743695978,1.2265953429362093,16,0.2771671837368894,0.2710736381885842,0.06981239566466861,0.5063387801155087
