station,epoch,unit,unit_id,component,group,weight,weighted_loss,weighted_grad_norm,weighted_ratio_base,weighted_ratio_dual_base
Battery,50,batch,0,tail,shared,0.01,3.8419000338763e-05,0.0013794483138829545,0.07240098034945693,0.0313788046391454
Battery,50,batch,0,tail,shared,0.025,9.60475008469075e-05,0.003448620784707386,0.1810024508736423,0.07844701159786349
Battery,50,batch,0,tail,shared,0.05,0.000192095001693815,0.006897241569414772,0.3620049017472846,0.15689402319572698
Battery,50,batch,0,tail,shared,0.1,0.00038419000338763,0.013794483138829545,0.7240098034945692,0.31378804639145397
Battery,50,batch,0,body,shared,1.0,0.002276601968333125,0.016974847272436904,0.890932680433155,0.38613292791071757
Battery,50,batch,0,excess,shared,2.0,0.0003325008729007095,0.014087685761719801,0.7393986782531548,0.3204576314210378
Battery,50,batch,0,gate,shared,0.5,0.0002772949810605496,0.004296427001713717,0.2254999508088454,0.09773236313119527
Battery,50,batch,0,amp_true,shared,0.0001,2.790996339172125e-07,7.676372604117322e-06,0.0004028979530964617,0.00017461719577144188
Battery,50,batch,0,amp_true,shared,0.0003,8.372989017516374e-07,2.3029117812351965e-05,0.001208693859289385,0.0005238515873143256
Battery,50,batch,0,amp_true,shared,0.0007,1.9536974374204874e-06,5.3734608228821255e-05,0.0028202856716752316,0.0012223203704000932
Battery,50,batch,0,amp_true,shared,0.001,2.7909963391721247e-06,7.676372604117322e-05,0.004028979530964617,0.0017461719577144188
Battery,50,batch,0,amp_true,shared,0.003,8.372989017516375e-06,0.00023029117812351966,0.01208693859289385,0.0052385158731432565
Battery,50,batch,0,tail,temporal,0.01,3.8419000338763e-05,9.450085238127111e-06,0.05055620544983483,0.02293562324891662
Battery,50,batch,0,tail,temporal,0.025,9.60475008469075e-05,2.3625213095317777e-05,0.12639051362458706,0.05733905812229154
Battery,50,batch,0,tail,temporal,0.05,0.000192095001693815,4.7250426190635555e-05,0.2527810272491741,0.11467811624458309
Battery,50,batch,0,tail,temporal,0.1,0.00038419000338763,9.450085238127111e-05,0.5055620544983482,0.22935623248916617
Battery,50,batch,0,body,temporal,1.0,0.002276601968333125,0.0001747153972977794,0.9346950105168187,0.4240391940634846
Battery,50,batch,0,excess,temporal,2.0,0.0003325008729007095,9.994765844418906e-05,0.5347014579453442,0.24257578433669638
Battery,50,batch,0,gate,temporal,0.5,0.0002772949810605496,1.9943280208206748e-05,0.10669285473551442,0.04840290322012573
Battery,50,batch,0,amp_true,temporal,0.0001,2.790996339172125e-07,3.4516879077244735e-08,0.00018465890900917797,8.377343847122761e-05
Battery,50,batch,0,amp_true,temporal,0.0003,8.372989017516374e-07,1.0355063723173419e-07,0.0005539767270275338,0.00025132031541368283
Battery,50,batch,0,amp_true,temporal,0.0007,1.9536974374204874e-06,2.4161815354071316e-07,0.0012926123630642458,0.0005864140692985933
Battery,50,batch,0,amp_true,temporal,0.001,2.7909963391721247e-06,3.451687907724473e-07,0.0018465890900917796,0.0008377343847122762
Battery,50,batch,0,amp_true,temporal,0.003,8.372989017516375e-06,1.035506372317342e-06,0.005539767270275339,0.0025132031541368286
Battery,50,batch,0,tail,excess,0.01,3.8419000338763e-05,0.0005236639357557805,0.20018444288179407,0.06357296293220717
Battery,50,batch,0,tail,excess,0.025,9.60475008469075e-05,0.0013091598393894515,0.5004611072044852,0.15893240733051794
Battery,50,batch,0,tail,excess,0.05,0.000192095001693815,0.002618319678778903,1.0009222144089704,0.3178648146610359
Battery,50,batch,0,tail,excess,0.1,0.00038419000338763,0.005236639357557806,2.001844428817941,0.6357296293220718
Battery,50,batch,0,body,excess,1.0,0.002276601968333125,0.0,0.0,0.0
Battery,50,batch,0,excess,excess,2.0,0.0003325008729007095,0.005617146535091239,2.14730340001312,0.6819233177567343
Battery,50,batch,0,gate,excess,0.5,0.0002772949810605496,0.0,0.0,0.0
Battery,50,batch,0,amp_true,excess,0.0001,2.790996339172125e-07,2.0764976073580597e-06,0.0007937963420650989,0.00025208744847182957
Battery,50,batch,0,amp_true,excess,0.0003,8.372989017516374e-07,6.229492822074179e-06,0.0023813890261952966,0.0007562623454154887
Battery,50,batch,0,amp_true,excess,0.0007,1.9536974374204874e-06,1.4535483251506418e-05,0.005556574394455693,0.001764612139302807
Battery,50,batch,0,amp_true,excess,0.001,2.7909963391721247e-06,2.0764976073580596e-05,0.007937963420650989,0.0025208744847182957
Battery,50,batch,0,amp_true,excess,0.003,8.372989017516375e-06,6.229492822074179e-05,0.02381389026195297,0.007562623454154887
Battery,50,batch,0,tail,full,0.01,3.8419000338763e-05,0.001475870859508173,0.0669388293498023,0.029710835329499224
Battery,50,batch,0,tail,full,0.025,9.60475008469075e-05,0.0036896771487704323,0.16734707337450577,0.07427708832374806
Battery,50,batch,0,tail,full,0.05,0.000192095001693815,0.007379354297540865,0.33469414674901155,0.14855417664749612
Battery,50,batch,0,tail,full,0.1,0.00038419000338763,0.01475870859508173,0.6693882934980231,0.29710835329499224
Battery,50,batch,0,body,full,1.0,0.002276601968333125,0.020134157203279934,0.9131943384135804,0.4053217971687909
Battery,50,batch,0,excess,full,2.0,0.0003325008729007095,0.01516625284365424,0.6878726579882738,0.30531264839358746
Battery,50,batch,0,gate,full,0.5,0.0002772949810605496,0.004323494611716133,0.19609416782231234,0.08703650162147801
Battery,50,batch,0,amp_true,full,0.0001,2.790996339172125e-07,7.952266260042273e-06,0.00036067884306798485,0.000160087498053308
Battery,50,batch,0,amp_true,full,0.0003,8.372989017516374e-07,2.3856798780126814e-05,0.0010820365292039545,0.0004802624941599239
Battery,50,batch,0,amp_true,full,0.0007,1.9536974374204874e-06,5.56658638202959e-05,0.002524751901475894,0.0011206124863731557
Battery,50,batch,0,amp_true,full,0.001,2.7909963391721247e-06,7.952266260042272e-05,0.0036067884306798486,0.0016008749805330798
Battery,50,batch,0,amp_true,full,0.003,8.372989017516375e-06,0.00023856798780126816,0.010820365292039546,0.00480262494159924
Battery,50,batch,1,tail,shared,0.01,3.6842795088887216e-05,0.0006891148319288279,0.03327351539112166,0.015572199924681673
Battery,50,batch,1,tail,shared,0.025,9.210698772221804e-05,0.0017227870798220699,0.08318378847780417,0.03893049981170418
Battery,50,batch,1,tail,shared,0.05,0.00018421397544443607,0.0034455741596441398,0.16636757695560833,0.07786099962340837
Battery,50,batch,1,tail,shared,0.1,0.00036842795088887215,0.0068911483192882796,0.33273515391121666,0.15572199924681673
Battery,50,batch,1,body,shared,1.0,0.0017945372965186834,0.020486519796609086,0.9891798872693442,0.4629419760721304
Battery,50,batch,1,excess,shared,2.0,0.00030364873236976564,0.006944419506418963,0.3353073227033682,0.15692578929426387
Battery,50,batch,1,gate,shared,0.5,0.00044840536429546773,0.007628263888996391,0.3683263574629802,0.17237889079413993
Battery,50,batch,1,amp_true,shared,0.0001,2.9089248273521664e-07,1.1527422300013065e-05,0.0005565949904834698,0.0002604897128242001
Battery,50,batch,1,amp_true,shared,0.0003,8.726774482056498e-07,3.458226690003919e-05,0.001669784971450409,0.0007814691384726002
Battery,50,batch,1,amp_true,shared,0.0007,2.0362473791465165e-06,8.069195610009145e-05,0.0038961649333842875,0.0018234279897694006
Battery,50,batch,1,amp_true,shared,0.001,2.9089248273521664e-06,0.00011527422300013064,0.0055659499048346965,0.002604897128242001
Battery,50,batch,1,amp_true,shared,0.003,8.7267744820565e-06,0.00034582266900039195,0.016697849714504092,0.007814691384726003
Battery,50,batch,1,tail,temporal,0.01,3.6842795088887216e-05,3.849486324166369e-06,0.019112664905209346,0.009181712228505537
Battery,50,batch,1,tail,temporal,0.025,9.210698772221804e-05,9.623715810415925e-06,0.04778166226302337,0.022954280571263846
Battery,50,batch,1,tail,temporal,0.05,0.00018421397544443607,1.924743162083185e-05,0.09556332452604674,0.04590856114252769
Battery,50,batch,1,tail,temporal,0.1,0.00036842795088887215,3.84948632416637e-05,0.19112664905209348,0.09181712228505538
Battery,50,batch,1,body,temporal,1.0,0.0017945372965186834,0.00020563066505621208,1.0209543987159952,0.4904658525605273
Battery,50,batch,1,excess,temporal,2.0,0.00030364873236976564,6.238492493205388e-05,0.30974059003085175,0.14879918510869958
Battery,50,batch,1,gate,temporal,0.5,0.00044840536429546773,2.629624464008574e-05,0.13056061763778457,0.06272123879487604
Battery,50,batch,1,amp_true,temporal,0.0001,2.9089248273521664e-07,7.215568689288285e-08,0.0003582523351053927,0.00017210419700453686
Battery,50,batch,1,amp_true,temporal,0.0003,8.726774482056498e-07,2.1646706067864855e-07,0.0010747570053161778,0.0005163125910136106
Battery,50,batch,1,amp_true,temporal,0.0007,2.0362473791465165e-06,5.0508980825018e-07,0.0025077663457377486,0.0012047293790317579
Battery,50,batch,1,amp_true,temporal,0.001,2.9089248273521664e-06,7.215568689288286e-07,0.0035825233510539266,0.0017210419700453687
Battery,50,batch,1,amp_true,temporal,0.003,8.7267744820565e-06,2.164670606786486e-06,0.01074757005316178,0.0051631259101361055
Battery,50,batch,1,tail,excess,0.01,3.6842795088887216e-05,0.0004127387735320777,0.1989431880450356,0.06300463798348775
Battery,50,batch,1,tail,excess,0.025,9.210698772221804e-05,0.0010318469338301943,0.497357970112589,0.1575115949587194
Battery,50,batch,1,tail,excess,0.05,0.00018421397544443607,0.0020636938676603885,0.994715940225178,0.3150231899174388
Battery,50,batch,1,tail,excess,0.1,0.00036842795088887215,0.004127387735320777,1.989431880450356,0.6300463798348775
Battery,50,batch,1,body,excess,1.0,0.0017945372965186834,0.0,0.0,0.0
Battery,50,batch,1,excess,excess,2.0,0.00030364873236976564,0.004487990183191305,2.163244968041534,0.6850923995960337
Battery,50,batch,1,gate,excess,0.5,0.00044840536429546773,0.0,0.0,0.0
Battery,50,batch,1,amp_true,excess,0.0001,2.9089248273521664e-07,5.066185234124703e-06,0.0024419393241839967,0.000773353964062479
Battery,50,batch,1,amp_true,excess,0.0003,8.726774482056498e-07,1.5198555702374108e-05,0.0073258179725519896,0.0023200618921874368
Battery,50,batch,1,amp_true,excess,0.0007,2.0362473791465165e-06,3.546329663887292e-05,0.017093575269287977,0.005413477748437353
Battery,50,batch,1,amp_true,excess,0.001,2.9089248273521664e-06,5.066185234124703e-05,0.024419393241839966,0.00773353964062479
Battery,50,batch,1,amp_true,excess,0.003,8.7267744820565e-06,0.00015198555702374109,0.0732581797255199,0.02320061892187437
Battery,50,batch,1,tail,full,0.01,3.6842795088887216e-05,0.0008059977033805496,0.031852446101715295,0.01514789780316756
Battery,50,batch,1,tail,full,0.025,9.210698772221804e-05,0.002014994258451374,0.07963111525428823,0.037869744507918905
Battery,50,batch,1,tail,full,0.05,0.00018421397544443607,0.004029988516902748,0.15926223050857646,0.07573948901583781
Battery,50,batch,1,tail,full,0.1,0.00036842795088887215,0.008059977033805496,0.3185244610171529,0.15147897803167562
Battery,50,batch,1,body,full,1.0,0.0017945372965186834,0.025050293279366895,0.9899694666207534,0.4707944959938232
Battery,50,batch,1,excess,full,2.0,0.00030364873236976564,0.00826843504936416,0.3267625709735505,0.1553967320186778
Battery,50,batch,1,gate,full,0.5,0.00044840536429546773,0.007655223484250084,0.30252889357618146,0.14387205138856096
Battery,50,batch,1,amp_true,full,0.0001,2.9089248273521664e-07,1.2591572487553e-05,0.0004976098347593651,0.0002366456534834241
Battery,50,batch,1,amp_true,full,0.0003,8.726774482056498e-07,3.7774717462658994e-05,0.0014928295042780952,0.0007099369604502721
Battery,50,batch,1,amp_true,full,0.0007,2.0362473791465165e-06,8.814100741287098e-05,0.0034832688433155557,0.0016565195743839685
Battery,50,batch,1,amp_true,full,0.001,2.9089248273521664e-06,0.00012591572487552998,0.004976098347593651,0.002366456534834241
Battery,50,batch,1,amp_true,full,0.003,8.7267744820565e-06,0.00037774717462659,0.014928295042780954,0.0070993696045027225
Battery,50,batch,2,tail,shared,0.01,4.389246460050345e-05,0.0002966830350202361,0.009352903451419996,0.004619352664898523
Battery,50,batch,2,tail,shared,0.025,0.00010973116150125861,0.0007417075875505904,0.023382258628549993,0.011548381662246306
Battery,50,batch,2,tail,shared,0.05,0.00021946232300251722,0.0014834151751011808,0.046764517257099986,0.023096763324492613
Battery,50,batch,2,tail,shared,0.1,0.00043892464600503445,0.0029668303502023616,0.09352903451419997,0.046193526648985225
Battery,50,batch,2,body,shared,1.0,0.0024424958974123,0.031242332917970947,0.9849114674149542,0.486442892875328
Battery,50,batch,2,excess,shared,2.0,0.00014371846918947995,0.0023960178996638576,0.07553422824430006,0.03730598100832382
Battery,50,batch,2,gate,shared,0.5,0.0014435604680329561,0.006402341692221519,0.20183319112353174,0.09968441288035616
Battery,50,batch,2,amp_true,shared,0.0001,1.917300163768232e-07,7.971616954831356e-06,0.0002513044391808751,0.00012411801713346635
Battery,50,batch,2,amp_true,shared,0.0003,5.751900491304695e-07,2.3914850864494068e-05,0.0007539133175426252,0.000372354051400399
Battery,50,batch,2,amp_true,shared,0.0007,1.3421101146377623e-06,5.5801318683819497e-05,0.0017591310742661255,0.0008688261199342644
Battery,50,batch,2,amp_true,shared,0.001,1.917300163768232e-06,7.971616954831356e-05,0.0025130443918087507,0.0012411801713346636
Battery,50,batch,2,amp_true,shared,0.003,5.751900491304696e-06,0.0002391485086449407,0.007539133175426252,0.0037235405140039904
Battery,50,batch,2,tail,temporal,0.01,4.389246460050345e-05,1.6572057125114764e-06,0.005612991314499866,0.002819130794386851
Battery,50,batch,2,tail,temporal,0.025,0.00010973116150125861,4.143014281278691e-06,0.014032478286249664,0.0070478269859671275
Battery,50,batch,2,tail,temporal,0.05,0.00021946232300251722,8.286028562557382e-06,0.028064956572499328,0.014095653971934255
Battery,50,batch,2,tail,temporal,0.1,0.00043892464600503445,1.6572057125114765e-05,0.056129913144998655,0.02819130794386851
Battery,50,batch,2,body,temporal,1.0,0.0024424958974123,0.0002923068941275525,0.9900497237726132,0.49725351561679076
Battery,50,batch,2,excess,temporal,2.0,0.00014371846918947995,1.5603482882466414e-05,0.05284933139803233,0.02654363230922338
Battery,50,batch,2,gate,temporal,0.5,0.0014435604680329561,2.8901806119816386e-05,0.09789103760572815,0.04916587665045747
Battery,50,batch,2,amp_true,temporal,0.0001,1.917300163768232e-07,5.414971987990068e-08,0.0001834062633708055,9.21159887805979e-05
Battery,50,batch,2,amp_true,temporal,0.0003,5.751900491304695e-07,1.6244915963970204e-07,0.0005502187901124165,0.00027634796634179367
Battery,50,batch,2,amp_true,temporal,0.0007,1.3421101146377623e-06,3.7904803915930475e-07,0.0012838438435956384,0.0006448119214641852
Battery,50,batch,2,amp_true,temporal,0.001,1.917300163768232e-06,5.414971987990068e-07,0.001834062633708055,0.000921159887805979
Battery,50,batch,2,amp_true,temporal,0.003,5.751900491304696e-06,1.6244915963970205e-06,0.005502187901124165,0.0027634796634179366
Battery,50,batch,2,tail,excess,0.01,4.389246460050345e-05,5.883709469221894e-05,0.17299601186342883,0.05229770561806576
Battery,50,batch,2,tail,excess,0.025,0.00010973116150125861,0.00014709273673054737,0.4324900296585721,0.1307442640451644
Battery,50,batch,2,tail,excess,0.05,0.00021946232300251722,0.00029418547346109474,0.8649800593171442,0.2614885280903288
Battery,50,batch,2,tail,excess,0.1,0.00043892464600503445,0.0005883709469221895,1.7299601186342883,0.5229770561806576
Battery,50,batch,2,body,excess,1.0,0.0024424958974123,0.0,0.0,0.0
Battery,50,batch,2,excess,excess,2.0,0.00014371846918947995,0.0007875449938233777,2.3155824366778384,0.7000141061248436
Battery,50,batch,2,gate,excess,0.5,0.0014435604680329561,0.0,0.0,0.0
Battery,50,batch,2,amp_true,excess,0.0001,1.917300163768232e-07,2.776061145842273e-06,0.008162325305692657,0.002467518652007972
Battery,50,batch,2,amp_true,excess,0.0003,5.751900491304695e-07,8.328183437526818e-06,0.024486975917077967,0.007402555956023915
Battery,50,batch,2,amp_true,excess,0.0007,1.3421101146377623e-06,1.943242802089591e-05,0.05713627713984859,0.017272630564055803
Battery,50,batch,2,amp_true,excess,0.001,1.917300163768232e-06,2.776061145842273e-05,0.08162325305692655,0.02467518652007972
Battery,50,batch,2,amp_true,excess,0.003,5.751900491304696e-06,8.328183437526818e-05,0.2448697591707797,0.07402555956023917
Battery,50,batch,2,tail,full,0.01,4.389246460050345e-05,0.00030886106396779375,0.008400975846588797,0.004159597429012589
Battery,50,batch,2,tail,full,0.025,0.00010973116150125861,0.0007721526599194844,0.021002439616471993,0.01039899357253147
Battery,50,batch,2,tail,full,0.05,0.00021946232300251722,0.0015443053198389688,0.042004879232943985,0.02079798714506294
Battery,50,batch,2,tail,full,0.1,0.00043892464600503445,0.0030886106396779377,0.08400975846588797,0.04159597429012588
Battery,50,batch,2,body,full,1.0,0.0024424958974123,0.03636906949656229,0.9892333804671108,0.4898017446098526
Battery,50,batch,2,excess,full,2.0,0.00014371846918947995,0.0025221278502101886,0.06860150929815523,0.03396684705609022
Battery,50,batch,2,gate,full,0.5,0.0014435604680329561,0.006546386840024956,0.17806076628425746,0.08816369897608418
Battery,50,batch,2,amp_true,full,0.0001,1.917300163768232e-07,8.44116060503589e-06,0.00022959833605791725,0.00011368163244510127
Battery,50,batch,2,amp_true,full,0.0003,5.751900491304695e-07,2.5323481815107666e-05,0.0006887950081737517,0.00034104489733530376
Battery,50,batch,2,amp_true,full,0.0007,1.3421101146377623e-06,5.908812423525123e-05,0.0016071883524054207,0.0007957714271157088
Battery,50,batch,2,amp_true,full,0.001,1.917300163768232e-06,8.44116060503589e-05,0.0022959833605791726,0.0011368163244510126
Battery,50,batch,2,amp_true,full,0.003,5.751900491304696e-06,0.0002532348181510767,0.006887950081737517,0.003410448973353038
Battery,50,batch,3,tail,shared,0.01,4.730198532342911e-05,0.0007864022136908516,0.03215205973066173,0.015693699154927625
Battery,50,batch,3,tail,shared,0.025,0.00011825496330857277,0.001966005534227129,0.08038014932665433,0.039234247887319065
Battery,50,batch,3,tail,shared,0.05,0.00023650992661714554,0.003932011068454258,0.16076029865330865,0.07846849577463813
Battery,50,batch,3,tail,shared,0.1,0.0004730198532342911,0.007864022136908516,0.3215205973066173,0.15693699154927626
Battery,50,batch,3,body,shared,1.0,0.001944994437508285,0.02338189139753943,0.9559687851095873,0.4666166535111355
Battery,50,batch,3,excess,shared,2.0,0.0002851853787433356,0.007899522590299017,0.3229720335793103,0.1576454501798277
Battery,50,batch,3,gate,shared,0.5,0.0006537807057611644,0.005724740481144889,0.23405605259990495,0.11424478884598119
Battery,50,batch,3,amp_true,shared,0.0001,2.5042539928108453e-07,7.0437858789254835e-06,0.000287985232450317,0.00014056808916746057
Battery,50,batch,3,amp_true,shared,0.0003,7.512761978432535e-07,2.1131357636776447e-05,0.000863955697350951,0.00042170426750238164
Battery,50,batch,3,amp_true,shared,0.0007,1.7529777949675917e-06,4.930650115247838e-05,0.002015896627152219,0.0009839766241722238
Battery,50,batch,3,amp_true,shared,0.001,2.5042539928108454e-06,7.043785878925484e-05,0.0028798523245031704,0.0014056808916746055
Battery,50,batch,3,amp_true,shared,0.003,7.512761978432536e-06,0.0002113135763677645,0.00863955697350951,0.004217042675023817
Battery,50,batch,3,tail,temporal,0.01,4.730198532342911e-05,3.3878290231200016e-06,0.014661711500892752,0.007483713495442912
Battery,50,batch,3,tail,temporal,0.025,0.00011825496330857277,8.469572557800004e-06,0.03665427875223188,0.01870928373860728
Battery,50,batch,3,tail,temporal,0.05,0.00023650992661714554,1.693914511560001e-05,0.07330855750446376,0.03741856747721456
Battery,50,batch,3,tail,temporal,0.1,0.0004730198532342911,3.387829023120002e-05,0.14661711500892752,0.07483713495442912
Battery,50,batch,3,body,temporal,1.0,0.001944994437508285,0.0002244403652150044,0.9713240725787475,0.49578871265905944
Battery,50,batch,3,excess,temporal,2.0,0.0002851853787433356,4.677527564627409e-05,0.2024321747703834,0.10332657262753611
Battery,50,batch,3,gate,temporal,0.5,0.0006537807057611644,3.085182805641671e-05,0.1335193125601569,0.06815168073985524
Battery,50,batch,3,amp_true,temporal,0.0001,2.5042539928108453e-07,3.554059210910408e-08,0.00015381115886264486,7.850915940202477e-05
Battery,50,batch,3,amp_true,temporal,0.0003,7.512761978432535e-07,1.0662177632731223e-07,0.0004614334765879345,0.00023552747820607426
Battery,50,batch,3,amp_true,temporal,0.0007,1.7529777949675917e-06,2.4878414476372856e-07,0.0010766781120385138,0.0005495641158141734
Battery,50,batch,3,amp_true,temporal,0.001,2.5042539928108454e-06,3.554059210910408e-07,0.0015381115886264486,0.0007850915940202476
Battery,50,batch,3,amp_true,temporal,0.003,7.512761978432536e-06,1.0662177632731224e-06,0.0046143347658793455,0.002355274782060743
Battery,50,batch,3,tail,excess,0.01,4.730198532342911e-05,0.00011528375242180847,0.1991722903592025,0.05504659911561758
Battery,50,batch,3,tail,excess,0.025,0.00011825496330857277,0.0002882093810545212,0.4979307258980063,0.13761649778904395
Battery,50,batch,3,tail,excess,0.05,0.00023650992661714554,0.0005764187621090424,0.9958614517960126,0.2752329955780879
Battery,50,batch,3,tail,excess,0.1,0.0004730198532342911,0.0011528375242180848,1.9917229035920252,0.5504659911561758
Battery,50,batch,3,body,excess,1.0,0.001944994437508285,0.0,0.0,0.0
Battery,50,batch,3,excess,excess,2.0,0.0002851853787433356,0.0015241910747895296,2.633299323916324,0.7277828254805289
Battery,50,batch,3,gate,excess,0.5,0.0006537807057611644,0.0,0.0,0.0
Battery,50,batch,3,amp_true,excess,0.0001,2.5042539928108453e-07,4.423389318336472e-06,0.007642157400116366,0.0021121149635020963
Battery,50,batch,3,amp_true,excess,0.0003,7.512761978432535e-07,1.3270167955009416e-05,0.022926472200349098,0.006336344890506288
Battery,50,batch,3,amp_true,excess,0.0007,1.7529777949675917e-06,3.09637252283553e-05,0.053495101800814564,0.014784804744514674
Battery,50,batch,3,amp_true,excess,0.001,2.5042539928108454e-06,4.423389318336472e-05,0.07642157400116366,0.02112114963502096
Battery,50,batch,3,amp_true,excess,0.003,7.512761978432536e-06,0.00013270167955009416,0.229264722003491,0.06336344890506289
Battery,50,batch,3,tail,full,0.01,4.730198532342911e-05,0.0007952818042073875,0.028717511117917795,0.014077539213017931
Battery,50,batch,3,tail,full,0.025,0.00011825496330857277,0.001988204510518469,0.0717937777947945,0.03519384803254483
Battery,50,batch,3,tail,full,0.05,0.00023650992661714554,0.003976409021036938,0.143587555589589,0.07038769606508966
Battery,50,batch,3,tail,full,0.1,0.0004730198532342911,0.007952818042073876,0.287175111179178,0.1407753921301793
Battery,50,batch,3,body,full,1.0,0.001944994437508285,0.02675522910182182,0.9661274596364876,0.47360292268922055
Battery,50,batch,3,excess,full,2.0,0.0002851853787433356,0.008045223153344633,0.2905118464046433,0.14241108474946895
Battery,50,batch,3,gate,full,0.5,0.0006537807057611644,0.0057821814713747855,0.20879373803291804,0.10235225547652248
Battery,50,batch,3,amp_true,full,0.0001,2.5042539928108453e-07,8.317529234678002e-06,0.0003003447796828809,0.00014723126234894804
Battery,50,batch,3,amp_true,full,0.0003,7.512761978432535e-07,2.4952587704034002e-05,0.0009010343390486426,0.00044169378704684404
Battery,50,batch,3,amp_true,full,0.0007,1.7529777949675917e-06,5.8222704642746014e-05,0.0021024134577801662,0.0010306188364426361
Battery,50,batch,3,amp_true,full,0.001,2.5042539928108454e-06,8.317529234678002e-05,0.003003447796828809,0.0014723126234894805
Battery,50,batch,3,amp_true,full,0.003,7.512761978432536e-06,0.00024952587704034005,0.009010343390486427,0.004416937870468441
Battery,50,accum4,0,tail,shared,0.01,4.161406133789569e-05,0.0006115826963734657,0.02631013000110194,0.01251001881975193
Battery,50,accum4,0,tail,shared,0.025,0.00010403515334473924,0.0015289567409336642,0.06577532500275485,0.03127504704937983
Battery,50,accum4,0,tail,shared,0.05,0.00020807030668947848,0.0030579134818673284,0.1315506500055097,0.06255009409875965
Battery,50,accum4,0,tail,shared,0.1,0.00041614061337895696,0.006115826963734657,0.2631013000110194,0.1251001881975193
Battery,50,accum4,0,body,shared,1.0,0.0021146573999430984,0.022513942853286773,0.968544019998952,0.46052618962496994
Battery,50,accum4,0,excess,shared,2.0,0.0002662633633008227,0.007250553503682581,0.3119169433553489,0.14831119539931892
Battery,50,accum4,0,gate,shared,0.5,0.0007057603797875345,0.00411447183388041,0.17700351804780484,0.08416215890410264
Battery,50,accum4,0,amp_true,shared,0.0001,2.530368830775842e-07,4.9424529264170776e-06,0.0002126230512888033,0.00010109864044854987
Battery,50,accum4,0,amp_true,shared,0.0003,7.591106492327525e-07,1.482735877925123e-05,0.0006378691538664098,0.00030329592134564954
Battery,50,accum4,0,amp_true,shared,0.0007,1.7712581815430895e-06,3.459717048491954e-05,0.001488361359021623,0.0007076904831398491
Battery,50,accum4,0,amp_true,shared,0.001,2.530368830775842e-06,4.942452926417077e-05,0.002126230512888033,0.0010109864044854987
Battery,50,accum4,0,amp_true,shared,0.003,7.591106492327527e-06,0.00014827358779251232,0.006378691538664099,0.003032959213456496
Battery,50,accum4,0,tail,temporal,0.01,4.161406133789569e-05,4.4003563765715384e-06,0.01943312379263169,0.009541900712091692
Battery,50,accum4,0,tail,temporal,0.025,0.00010403515334473924,1.1000890941428846e-05,0.048582809481579226,0.023854751780229232
Battery,50,accum4,0,tail,temporal,0.05,0.00020807030668947848,2.2001781882857692e-05,0.09716561896315845,0.047709503560458465
Battery,50,accum4,0,tail,temporal,0.1,0.00041614061337895696,4.4003563765715384e-05,0.1943312379263169,0.09541900712091693
Battery,50,accum4,0,body,temporal,1.0,0.0021146573999430984,0.0002235045298118349,0.9870544165860051,0.4846557527753899
Battery,50,accum4,0,excess,temporal,2.0,0.0002662633633008227,5.582040436742377e-05,0.2465174943562368,0.12104309528624105
Battery,50,accum4,0,gate,temporal,0.5,0.0007057603797875345,1.0582148426792627e-05,0.04673353309853688,0.02294673452965747
Battery,50,accum4,0,amp_true,temporal,0.0001,2.530368830775842e-07,3.147533525993092e-08,0.00013900330659067896,6.825231827338041e-05
Battery,50,accum4,0,amp_true,temporal,0.0003,7.591106492327525e-07,9.442600577979275e-08,0.0004170099197720369,0.0002047569548201412
Battery,50,accum4,0,amp_true,temporal,0.0007,1.7712581815430895e-06,2.2032734681951644e-07,0.0009730231461347528,0.00047776622791366284
Battery,50,accum4,0,amp_true,temporal,0.001,2.530368830775842e-06,3.1475335259930923e-07,0.0013900330659067897,0.0006825231827338041
Battery,50,accum4,0,amp_true,temporal,0.003,7.591106492327527e-06,9.442600577979276e-07,0.004170099197720369,0.002047569548201412
Battery,50,accum4,0,tail,excess,0.01,4.161406133789569e-05,0.00026768137584664615,0.1975675930817654,0.06119227328587124
Battery,50,accum4,0,tail,excess,0.025,0.00010403515334473924,0.0006692034396166154,0.49391898270441353,0.15298068321467811
Battery,50,accum4,0,tail,excess,0.05,0.00020807030668947848,0.0013384068792332308,0.9878379654088271,0.30596136642935623
Battery,50,accum4,0,tail,excess,0.1,0.00041614061337895696,0.0026768137584664616,1.9756759308176541,0.6119227328587125
Battery,50,accum4,0,body,excess,1.0,0.0021146573999430984,0.0,0.0,0.0
Battery,50,accum4,0,excess,excess,2.0,0.0002662633633008227,0.003022645143165313,2.2309237009360707,0.6909801888972198
Battery,50,accum4,0,gate,excess,0.5,0.0007057603797875345,0.0,0.0,0.0
Battery,50,accum4,0,amp_true,excess,0.0001,2.530368830775842e-07,2.5377153916441824e-06,0.0018730115992116102,0.0005801246847155214
Battery,50,accum4,0,amp_true,excess,0.0003,7.591106492327525e-07,7.613146174932546e-06,0.00561903479763483,0.0017403740541465638
Battery,50,accum4,0,amp_true,excess,0.0007,1.7712581815430895e-06,1.7764007741509275e-05,0.01311108119448127,0.004060872793008649
Battery,50,accum4,0,amp_true,excess,0.001,2.530368830775842e-06,2.5377153916441822e-05,0.0187301159921161,0.0058012468471552135
Battery,50,accum4,0,amp_true,excess,0.003,7.591106492327527e-06,7.613146174932547e-05,0.0561903479763483,0.01740374054146564
Battery,50,accum4,0,tail,full,0.01,4.161406133789569e-05,0.0006677753619191274,0.024558127055957803,0.01180415230430339
Battery,50,accum4,0,tail,full,0.025,0.00010403515334473924,0.0016694384047978184,0.06139531763989451,0.029510380760758476
Battery,50,accum4,0,tail,full,0.05,0.00020807030668947848,0.003338876809595637,0.12279063527978902,0.05902076152151695
Battery,50,accum4,0,tail,full,0.1,0.00041614061337895696,0.006677753619191274,0.24558127055957804,0.1180415230430339
Battery,50,accum4,0,body,full,1.0,0.0021146573999430984,0.02655292997690443,0.9765113618548609,0.46937165916409224
Battery,50,accum4,0,excess,full,2.0,0.0002662633633008227,0.007855374578673165,0.2888894948456631,0.1388581298769764
Battery,50,accum4,0,gate,full,0.5,0.0007057603797875345,0.004127436609215749,0.15179073449674194,0.07295999993399085
Battery,50,accum4,0,amp_true,full,0.0001,2.530368830775842e-07,5.5558833985997685e-06,0.00020432333714555934,9.821041260573633e-05
Battery,50,accum4,0,amp_true,full,0.0003,7.591106492327525e-07,1.6667650195799302e-05,0.0006129700114366779,0.00029463123781720896
Battery,50,accum4,0,amp_true,full,0.0007,1.7712581815430895e-06,3.8891183790198376e-05,0.0014302633600189153,0.0006874728882401543
Battery,50,accum4,0,amp_true,full,0.001,2.530368830775842e-06,5.5558833985997685e-05,0.0020432333714555935,0.0009821041260573633
Battery,50,accum4,0,amp_true,full,0.003,7.591106492327527e-06,0.00016667650195799304,0.00612970011436678,0.00294631237817209
Battery,50,batch,4,tail,shared,0.01,5.108538083732128e-05,0.0005853091507938873,0.025929510971847085,0.012392577356417024
Battery,50,batch,4,tail,shared,0.025,0.0001277134520933032,0.0014632728769847182,0.06482377742961772,0.030981443391042564
Battery,50,batch,4,tail,shared,0.05,0.0002554269041866064,0.0029265457539694364,0.12964755485923543,0.06196288678208513
Battery,50,batch,4,tail,shared,0.1,0.0005108538083732128,0.005853091507938873,0.25929510971847086,0.12392577356417026
Battery,50,batch,4,body,shared,1.0,0.0018885968020185828,0.022356403104548464,0.9904007118360599,0.4733455038394251
Battery,50,batch,4,excess,shared,2.0,0.00040965070365928113,0.0044873230498034605,0.19879083061709124,0.09500876236514723
Battery,50,batch,4,gate,shared,0.5,0.00025585698313079774,0.007751331868560104,0.34338818120243925,0.1641166547047855
Battery,50,batch,4,amp_true,shared,0.0001,9.236427024006844e-07,1.5563913974198875e-05,0.0006894897809328571,0.00032953014254478974
Battery,50,batch,4,amp_true,shared,0.0003,2.770928107202053e-06,4.669174192259661e-05,0.0020684693427985706,0.000988590427634369
Battery,50,batch,4,amp_true,shared,0.0007,6.465498916804791e-06,0.0001089473978193921,0.0048264284665299985,0.002306710997813528
Battery,50,batch,4,amp_true,shared,0.001,9.236427024006844e-06,0.00015563913974198874,0.00689489780932857,0.0032953014254478974
Battery,50,batch,4,amp_true,shared,0.003,2.7709281072020532e-05,0.0004669174192259662,0.02068469342798571,0.009885904276343692
Battery,50,batch,4,tail,temporal,0.01,5.108538083732128e-05,4.229826893289616e-06,0.02053109957142466,0.009569306366686084
Battery,50,batch,4,tail,temporal,0.025,0.0001277134520933032,1.057456723322404e-05,0.05132774892856166,0.02392326591671521
Battery,50,batch,4,tail,temporal,0.05,0.0002554269041866064,2.114913446644808e-05,0.10265549785712332,0.04784653183343042
Battery,50,batch,4,tail,temporal,0.1,0.0005108538083732128,4.229826893289616e-05,0.20531099571424663,0.09569306366686084
Battery,50,batch,4,body,temporal,1.0,0.0018885968020185828,0.00020573984453759448,0.9986378498637913,0.4654534698188192
Battery,50,batch,4,excess,temporal,2.0,0.00040965070365928113,3.06246307286726e-05,0.14864848105864023,0.06928332558342157
Battery,50,batch,4,gate,temporal,0.5,0.00025585698313079774,6.552973169093041e-05,0.3180738787134841,0.1482505299855342
Battery,50,batch,4,amp_true,temporal,0.0001,9.236427024006844e-07,1.1806081671288736e-07,0.0005730538020980051,0.00026709370230235504
Battery,50,batch,4,amp_true,temporal,0.0003,2.770928107202053e-06,3.5418245013866205e-07,0.001719161406294015,0.000801281106907065
Battery,50,batch,4,amp_true,temporal,0.0007,6.465498916804791e-06,8.264257169902115e-07,0.004011376614686035,0.001869655916116485
Battery,50,batch,4,amp_true,temporal,0.001,9.236427024006844e-06,1.1806081671288736e-06,0.0057305380209800505,0.00267093702302355
Battery,50,batch,4,amp_true,temporal,0.003,2.7709281072020532e-05,3.5418245013866205e-06,0.017191614062940154,0.00801281106907065
Battery,50,batch,4,tail,excess,0.01,5.108538083732128e-05,0.0001973302645844697,0.2011686906109125,0.0719511937085771
Battery,50,batch,4,tail,excess,0.025,0.0001277134520933032,0.0004933256614611743,0.5029217265272813,0.17987798427144275
Battery,50,batch,4,tail,excess,0.05,0.0002554269041866064,0.0009866513229223486,1.0058434530545626,0.3597559685428855
Battery,50,batch,4,tail,excess,0.1,0.0005108538083732128,0.0019733026458446973,2.011686906109125,0.719511937085771
Battery,50,batch,4,body,excess,1.0,0.0018885968020185828,0.0,0.0,0.0
Battery,50,batch,4,excess,excess,2.0,0.00040965070365928113,0.0017630058521583534,1.7972994642504754,0.6428328459657074
Battery,50,batch,4,gate,excess,0.5,0.00025585698313079774,0.0,0.0,0.0
Battery,50,batch,4,amp_true,excess,0.0001,9.236427024006844e-07,5.310855544023983e-06,0.005414161168155113,0.0019364611749292408
Battery,50,batch,4,amp_true,excess,0.0003,2.770928107202053e-06,1.5932566632071948e-05,0.016242483504465336,0.0058093835247877215
Battery,50,batch,4,amp_true,excess,0.0007,6.465498916804791e-06,3.7175988808167876e-05,0.03789912817708579,0.013555228224504685
Battery,50,batch,4,amp_true,excess,0.001,9.236427024006844e-06,5.310855544023983e-05,0.05414161168155113,0.01936461174929241
Battery,50,batch,4,amp_true,excess,0.003,2.7709281072020532e-05,0.00015932566632071948,0.16242483504465338,0.05809383524787722
Battery,50,batch,4,tail,full,0.01,5.108538083732128e-05,0.0006187380085855058,0.024061200216230542,0.011604672220215564
Battery,50,batch,4,tail,full,0.025,0.0001277134520933032,0.0015468450214637644,0.06015300054057635,0.02901168055053891
Battery,50,batch,4,tail,full,0.05,0.0002554269041866064,0.003093690042927529,0.1203060010811527,0.05802336110107782
Battery,50,batch,4,tail,full,0.1,0.0005108538083732128,0.006187380085855058,0.2406120021623054,0.11604672220215564
Battery,50,batch,4,body,full,1.0,0.0018885968020185828,0.025500286023841114,0.9916434404821199,0.47826779141130704
Battery,50,batch,4,excess,full,2.0,0.00040965070365928113,0.004821229904084853,0.18748577976623929,0.09042404371296073
Battery,50,batch,4,gate,full,0.5,0.00025585698313079774,0.007881764245899307,0.3065024371320852,0.14782555673244377
Battery,50,batch,4,amp_true,full,0.0001,9.236427024006844e-07,1.6445078437202824e-05,0.0006395086763034553,0.00030843384801226533
Battery,50,batch,4,amp_true,full,0.0003,2.770928107202053e-06,4.933523531160846e-05,0.0019185260289103657,0.0009253015440367958
Battery,50,batch,4,amp_true,full,0.0007,6.465498916804791e-06,0.00011511554906041975,0.004476560734124187,0.002159036936085857
Battery,50,batch,4,amp_true,full,0.001,9.236427024006844e-06,0.00016445078437202822,0.006395086763034553,0.003084338480122653
Battery,50,batch,4,amp_true,full,0.003,2.7709281072020532e-05,0.0004933523531160847,0.01918526028910366,0.009253015440367959
Battery,50,batch,5,tail,shared,0.01,1.9279581028968095e-05,0.00017695870570703137,0.009658289408838835,0.00470264135865435
Battery,50,batch,5,tail,shared,0.025,4.8198952572420244e-05,0.00044239676426757843,0.02414572352209709,0.011756603396635874
Battery,50,batch,5,tail,shared,0.05,9.639790514484049e-05,0.0008847935285351569,0.04829144704419418,0.02351320679327175
Battery,50,batch,5,tail,shared,0.1,0.00019279581028968097,0.0017695870570703137,0.09658289408838835,0.0470264135865435
Battery,50,batch,5,body,shared,1.0,0.0017962319543585181,0.018035530749141264,0.9843673693319557,0.47929053553664136
Battery,50,batch,5,excess,shared,2.0,0.00010626014409353957,0.001817534323917007,0.09919982427963232,0.04830060238221085
Battery,50,batch,5,gate,shared,0.5,0.0005416387575678527,0.004883192274923386,0.26652141267521795,0.12976983450780108
Battery,50,batch,5,amp_true,shared,0.0001,5.494296783581376e-08,3.1378941148713086e-06,0.00017126419056146525,8.338889338455169e-05
Battery,50,batch,5,amp_true,shared,0.0003,1.6482890350744126e-07,9.413682344613925e-06,0.0005137925716843957,0.00025016668015365504
Battery,50,batch,5,amp_true,shared,0.0007,3.846007748506963e-07,2.1965258804099158e-05,0.0011988493339302568,0.0005837222536918618
Battery,50,batch,5,amp_true,shared,0.001,5.494296783581377e-07,3.1378941148713084e-05,0.0017126419056146525,0.0008338889338455169
Battery,50,batch,5,amp_true,shared,0.003,1.6482890350744128e-06,9.413682344613926e-05,0.005137925716843957,0.0025016668015365507
Battery,50,batch,5,tail,temporal,0.01,1.9279581028968095e-05,1.0262142826661499e-06,0.005766873471677653,0.002799806951571817
Battery,50,batch,5,tail,temporal,0.025,4.8198952572420244e-05,2.565535706665375e-06,0.014417183679194132,0.006999517378929543
Battery,50,batch,5,tail,temporal,0.05,9.639790514484049e-05,5.13107141333075e-06,0.028834367358388263,0.013999034757859087
Battery,50,batch,5,tail,temporal,0.1,0.00019279581028968097,1.02621428266615e-05,0.057668734716776526,0.027998069515718173
Battery,50,batch,5,body,temporal,1.0,0.0017962319543585181,0.000173065335102376,0.9725511588826539,0.47217188113661535
Battery,50,batch,5,excess,temporal,2.0,0.00010626014409353957,1.3393530021612432e-05,0.07526575519206882,0.03654139207960689
Battery,50,batch,5,gate,temporal,0.5,0.0005416387575678527,1.2003371284862008e-05,0.06745367376248791,0.03274864025312667
Battery,50,batch,5,amp_true,temporal,0.0001,5.494296783581376e-08,2.536815115397276e-08,0.0001425578657269062,6.921159366919848e-05
Battery,50,batch,5,amp_true,temporal,0.0003,1.6482890350744126e-07,7.610445346191827e-08,0.0004276735971807185,0.00020763478100759537
Battery,50,batch,5,amp_true,temporal,0.0007,3.846007748506963e-07,1.775770580778093e-07,0.0009979050600883433,0.00048448115568438925
Battery,50,batch,5,amp_true,temporal,0.001,5.494296783581377e-07,2.536815115397276e-07,0.001425578657269062,0.0006921159366919847
Battery,50,batch,5,amp_true,temporal,0.003,1.6482890350744128e-06,7.610445346191828e-07,0.004276735971807185,0.002076347810075954
Battery,50,batch,5,tail,excess,0.01,1.9279581028968095e-05,2.543872734893092e-05,0.17854772421365744,0.04403919895224883
Battery,50,batch,5,tail,excess,0.025,4.8198952572420244e-05,6.359681837232731e-05,0.44636931053414364,0.11009799738062208
Battery,50,batch,5,tail,excess,0.05,9.639790514484049e-05,0.00012719363674465462,0.8927386210682873,0.22019599476124416
Battery,50,batch,5,tail,excess,0.1,0.00019279581028968097,0.00025438727348930923,1.7854772421365745,0.4403919895224883
Battery,50,batch,5,body,excess,1.0,0.0017962319543585181,0.0,0.0,0.0
Battery,50,batch,5,excess,excess,2.0,0.00010626014409353957,0.0004395141626030446,3.084834096299355,0.760881288741827
Battery,50,batch,5,gate,excess,0.5,0.0005416387575678527,0.0,0.0,0.0
Battery,50,batch,5,amp_true,excess,0.0001,5.494296783581376e-08,1.5394563898234106e-06,0.010805038756810862,0.0026650871837970735
Battery,50,batch,5,amp_true,excess,0.0003,1.6482890350744126e-07,4.618369169470231e-06,0.03241511627043258,0.00799526155139122
Battery,50,batch,5,amp_true,excess,0.0007,3.846007748506963e-07,1.0776194728763874e-05,0.07563527129767603,0.018655610286579513
Battery,50,batch,5,amp_true,excess,0.001,5.494296783581377e-07,1.5394563898234106e-05,0.10805038756810863,0.026650871837970734
Battery,50,batch,5,amp_true,excess,0.003,1.6482890350744128e-06,4.618369169470232e-05,0.32415116270432587,0.0799526155139122
Battery,50,batch,5,tail,full,0.01,1.9279581028968095e-05,0.00018003978143921713,0.008425105144458257,0.004128368634894207
Battery,50,batch,5,tail,full,0.025,4.8198952572420244e-05,0.00045009945359804284,0.02106276286114564,0.010320921587235517
Battery,50,batch,5,tail,full,0.05,9.639790514484049e-05,0.0009001989071960857,0.04212552572229128,0.020641843174471035
Battery,50,batch,5,tail,full,0.1,0.00019279581028968097,0.0018003978143921713,0.08425105144458256,0.04128368634894207
Battery,50,batch,5,body,full,1.0,0.0017962319543585181,0.02114628732960737,0.989557378611991,0.48489099830131105
Battery,50,batch,5,excess,full,2.0,0.00010626014409353957,0.001869920778467662,0.08750443398930728,0.04287786971219522
Battery,50,batch,5,gate,full,0.5,0.0005416387575678527,0.004911278353228747,0.22982718701879534,0.11261715243500019
Battery,50,batch,5,amp_true,full,0.0001,5.494296783581376e-08,3.495183178649171e-06,0.00016355988406486003,8.014564610442251e-05
Battery,50,batch,5,amp_true,full,0.0003,1.6482890350744126e-07,1.0485549535947511e-05,0.00049067965219458,0.0002404369383132675
Battery,50,batch,5,amp_true,full,0.0007,3.846007748506963e-07,2.4466282250544195e-05,0.00114491918845402,0.0005610195227309575
Battery,50,batch,5,amp_true,full,0.001,5.494296783581377e-07,3.4951831786491706e-05,0.0016355988406486003,0.0008014564610442251
Battery,50,batch,5,amp_true,full,0.003,1.6482890350744128e-06,0.00010485549535947513,0.0049067965219458005,0.0024043693831326753
Battery,50,batch,6,tail,shared,0.01,2.552179852500558e-05,0.00020173245253486878,0.00912642039441365,0.004550097770253206
Battery,50,batch,6,tail,shared,0.025,6.380449631251396e-05,0.0005043311313371719,0.02281605098603413,0.011375244425633015
Battery,50,batch,6,tail,shared,0.05,0.0001276089926250279,0.0010086622626743439,0.04563210197206826,0.02275048885126603
Battery,50,batch,6,tail,shared,0.1,0.0002552179852500558,0.0020173245253486878,0.09126420394413652,0.04550097770253206
Battery,50,batch,6,body,shared,1.0,0.0019382903119549155,0.021998793399960005,0.9952302379468915,0.49618521729971826
Battery,50,batch,6,excess,shared,2.0,0.0001740580628393218,0.0016584768984858663,0.07502985860635938,0.03740712980482232
Battery,50,batch,6,gate,shared,0.5,0.000384690472856164,0.0054353127393745575,0.2458947403421383,0.12259407975909237
Battery,50,batch,6,amp_true,shared,0.0001,2.269886201247573e-07,9.509394995396844e-06,0.00043020711508736596,0.00021448545546995384
Battery,50,batch,6,amp_true,shared,0.0003,6.809658603742718e-07,2.8528184986190532e-05,0.0012906213452620976,0.0006434563664098615
Battery,50,batch,6,amp_true,shared,0.0007,1.588920340873301e-06,6.656576496777791e-05,0.003011449805611561,0.0015013981882896767
Battery,50,batch,6,amp_true,shared,0.001,2.269886201247573e-06,9.509394995396844e-05,0.004302071150873659,0.0021448545546995383
Battery,50,batch,6,amp_true,shared,0.003,6.809658603742719e-06,0.0002852818498619053,0.012906213452620977,0.006434563664098615
Battery,50,batch,6,tail,temporal,0.01,2.552179852500558e-05,5.200671139547657e-07,0.002604624423740439,0.0012761371808189365
Battery,50,batch,6,tail,temporal,0.025,6.380449631251396e-05,1.3001677848869145e-06,0.006511561059351097,0.0031903429520473412
Battery,50,batch,6,tail,temporal,0.05,0.0001276089926250279,2.600335569773829e-06,0.013023122118702194,0.0063806859040946825
Battery,50,batch,6,tail,temporal,0.1,0.0002552179852500558,5.200671139547658e-06,0.026046244237404387,0.012761371808189365
Battery,50,batch,6,body,temporal,1.0,0.0019382903119549155,0.00019937647411235836,0.9985265748556243,0.4892286490883455
Battery,50,batch,6,excess,temporal,2.0,0.0001740580628393218,1.1902496885495318e-05,0.059610641126122146,0.029206266677118314
Battery,50,batch,6,gate,temporal,0.5,0.000384690472856164,8.623541486255682e-06,0.04318882346441557,0.021160388006965274
Battery,50,batch,6,amp_true,temporal,0.0001,2.269886201247573e-07,7.164844748246776e-08,0.00035883310293707827,0.00017581047777668688
Battery,50,batch,6,amp_true,temporal,0.0003,6.809658603742718e-07,2.1494534244740322e-07,0.0010764993088112347,0.0005274314333300606
Battery,50,batch,6,amp_true,temporal,0.0007,1.588920340873301e-06,5.015391323772742e-07,0.0025118317205595478,0.0012306733444368081
Battery,50,batch,6,amp_true,temporal,0.001,2.269886201247573e-06,7.164844748246775e-07,0.0035883310293707824,0.0017581047777668688
Battery,50,batch,6,amp_true,temporal,0.003,6.809658603742719e-06,2.1494534244740326e-06,0.010764993088112348,0.005274314333300606
Battery,50,batch,6,tail,excess,0.01,2.552179852500558e-05,5.919292708168443e-05,0.20094759923492334,0.05376257948790158
Battery,50,batch,6,tail,excess,0.025,6.380449631251396e-05,0.0001479823177042111,0.5023689980873084,0.13440644871975393
Battery,50,batch,6,tail,excess,0.05,0.0001276089926250279,0.0002959646354084222,1.0047379961746168,0.26881289743950787
Battery,50,batch,6,tail,excess,0.1,0.0002552179852500558,0.0005919292708168444,2.0094759923492336,0.5376257948790157
Battery,50,batch,6,body,excess,1.0,0.0019382903119549155,0.0,0.0,0.0
Battery,50,batch,6,excess,excess,2.0,0.0001740580628393218,0.0008151729086073038,2.7673414210440814,0.7403891048487234
Battery,50,batch,6,gate,excess,0.5,0.000384690472856164,0.0,0.0,0.0
Battery,50,batch,6,amp_true,excess,0.0001,2.269886201247573e-07,3.4300721227386575e-06,0.011644376993146601,0.003115397974719055
Battery,50,batch,6,amp_true,excess,0.0003,6.809658603742718e-07,1.0290216368215972e-05,0.0349331309794398,0.009346193924157163
Battery,50,batch,6,amp_true,excess,0.0007,1.588920340873301e-06,2.40105048591706e-05,0.0815106389520262,0.021807785823033384
Battery,50,batch,6,amp_true,excess,0.001,2.269886201247573e-06,3.430072122738658e-05,0.116443769931466,0.031153979747190547
Battery,50,batch,6,amp_true,excess,0.003,6.809658603742719e-06,0.00010290216368215973,0.349331309794398,0.09346193924157165
Battery,50,batch,6,tail,full,0.01,2.552179852500558e-05,0.00021202414891489048,0.008291908391023046,0.004136319319407853
Battery,50,batch,6,tail,full,0.025,6.380449631251396e-05,0.0005300603722872263,0.020729770977557616,0.010340798298519633
Battery,50,batch,6,tail,full,0.05,0.0001276089926250279,0.0010601207445744526,0.04145954195511523,0.020681596597039265
Battery,50,batch,6,tail,full,0.1,0.0002552179852500558,0.002120241489148905,0.08291908391023046,0.04136319319407853
Battery,50,batch,6,body,full,1.0,0.0019382903119549155,0.02547514619321346,0.9962901846941938,0.4969874417749773
Battery,50,batch,6,excess,full,2.0,0.0001740580628393218,0.001847986064270667,0.0722716314685956,0.03605183890023582
Battery,50,batch,6,gate,full,0.5,0.000384690472856164,0.0054540848607833245,0.21330009932328453,0.10640220321508657
Battery,50,batch,6,amp_true,full,0.0001,2.269886201247573e-07,1.0109104210842198e-05,0.0003953500884715584,0.00019721566275923968
Battery,50,batch,6,amp_true,full,0.0003,6.809658603742718e-07,3.032731263252659e-05,0.0011860502654146752,0.0005916469882777189
Battery,50,batch,6,amp_true,full,0.0007,1.588920340873301e-06,7.076372947589538e-05,0.0027674506193009086,0.0013805096393146776
Battery,50,batch,6,amp_true,full,0.001,2.269886201247573e-06,0.00010109104210842197,0.003953500884715584,0.001972156627592397
Battery,50,batch,6,amp_true,full,0.003,6.809658603742719e-06,0.0003032731263252659,0.011860502654146753,0.0059164698827771905
Battery,50,batch,7,tail,shared,0.01,4.0390733629465104e-05,0.0004323674756202261,0.016540474792170502,0.007799992894410896
Battery,50,batch,7,tail,shared,0.025,0.00010097683407366276,0.0010809186890505652,0.04135118698042626,0.019499982236027242
Battery,50,batch,7,tail,shared,0.05,0.00020195366814732552,0.0021618373781011305,0.08270237396085252,0.038999964472054484
Battery,50,batch,7,tail,shared,0.1,0.00040390733629465104,0.004323674756202261,0.16540474792170504,0.07799992894410897
Battery,50,batch,7,body,shared,1.0,0.0019700461998581886,0.025290722987449686,0.9675116414563854,0.45624953475893165
Battery,50,batch,7,excess,shared,2.0,0.00019340214203111827,0.003051809542440821,0.11674878813406848,0.05505523446690128
Battery,50,batch,7,gate,shared,0.5,0.0008483608835376799,0.007798281883497304,0.2983279089880577,0.1406825136248679
Battery,50,batch,7,amp_true,shared,0.0001,1.9637697841972114e-07,9.520189416398904e-06,0.00036420050521318196,0.0001717460585924875
Battery,50,batch,7,amp_true,shared,0.0003,5.891309352591634e-07,2.8560568249196705e-05,0.0010926015156395457,0.0005152381757774624
Battery,50,batch,7,amp_true,shared,0.0007,1.374638848938048e-06,6.664132591479232e-05,0.0025494035364922738,0.0012022224101474123
Battery,50,batch,7,amp_true,shared,0.001,1.963769784197211e-06,9.520189416398903e-05,0.0036420050521318195,0.0017174605859248749
Battery,50,batch,7,amp_true,shared,0.003,5.891309352591634e-06,0.0002856056824919671,0.010926015156395458,0.0051523817577746244
Battery,50,batch,7,tail,temporal,0.01,4.0390733629465104e-05,1.3989044813571956e-06,0.005949237511112932,0.0028335883451960525
Battery,50,batch,7,tail,temporal,0.025,0.00010097683407366276,3.497261203392989e-06,0.014873093777782329,0.007083970862990132
Battery,50,batch,7,tail,temporal,0.05,0.00020195366814732552,6.994522406785978e-06,0.029746187555564657,0.014167941725980264
Battery,50,batch,7,tail,temporal,0.1,0.00040390733629465104,1.3989044813571956e-05,0.059492375111129314,0.028335883451960527
Battery,50,batch,7,body,temporal,1.0,0.0019700461998581886,0.00022825896035245143,0.9707358774481621,0.4623560352839578
Battery,50,batch,7,excess,temporal,2.0,0.00019340214203111827,1.9813528685650425e-05,0.08426264241417164,0.040133822365339245
Battery,50,batch,7,gate,temporal,0.5,0.0008483608835376799,3.8122993493152667e-05,0.16212882719865013,0.07722104795988521
Battery,50,batch,7,amp_true,temporal,0.0001,1.9637697841972114e-07,7.487774016631005e-08,0.0003184387972741323,0.00015167060701959278
Battery,50,batch,7,amp_true,temporal,0.0003,5.891309352591634e-07,2.246332204989301e-07,0.0009553163918223967,0.0004550118210587783
Battery,50,batch,7,amp_true,temporal,0.0007,1.374638848938048e-06,5.241441811641703e-07,0.002229071580918926,0.0010616942491371495
Battery,50,batch,7,amp_true,temporal,0.001,1.963769784197211e-06,7.487774016631004e-07,0.0031843879727413227,0.0015167060701959279
Battery,50,batch,7,amp_true,temporal,0.003,5.891309352591634e-06,2.2463322049893014e-06,0.009553163918223969,0.004550118210587784
Battery,50,batch,7,tail,excess,0.01,4.0390733629465104e-05,5.701309904747895e-05,0.17463703827860208,0.04118598230556812
Battery,50,batch,7,tail,excess,0.025,0.00010097683407366276,0.00014253274761869737,0.4365925956965052,0.10296495576392031
Battery,50,batch,7,tail,excess,0.05,0.00020195366814732552,0.00028506549523739475,0.8731851913930104,0.20592991152784063
Battery,50,batch,7,tail,excess,0.1,0.00040390733629465104,0.0005701309904747895,1.7463703827860209,0.41185982305568125
Battery,50,batch,7,body,excess,1.0,0.0019700461998581886,0.0,0.0,0.0
Battery,50,batch,7,excess,excess,2.0,0.00019340214203111827,0.0010631204137478234,3.256448140730417,0.7679929574226901
Battery,50,batch,7,gate,excess,0.5,0.0008483608835376799,0.0,0.0,0.0
Battery,50,batch,7,amp_true,excess,0.0001,1.9637697841972114e-07,4.687480042588713e-06,0.014358237761221054,0.003386212525142487
Battery,50,batch,7,amp_true,excess,0.0003,5.891309352591634e-07,1.4062440127766137e-05,0.043074713283663156,0.01015863757542746
Battery,50,batch,7,amp_true,excess,0.0007,1.374638848938048e-06,3.2812360298120986e-05,0.10050766432854738,0.02370348767599741
Battery,50,batch,7,amp_true,excess,0.001,1.963769784197211e-06,4.687480042588713e-05,0.14358237761221054,0.033862125251424874
Battery,50,batch,7,amp_true,excess,0.003,5.891309352591634e-06,0.00014062440127766138,0.43074713283663163,0.10158637575427462
Battery,50,batch,7,tail,full,0.01,4.0390733629465104e-05,0.00043674117238261175,0.015130135545429675,0.00720404417956899
Battery,50,batch,7,tail,full,0.025,0.00010097683407366276,0.0010918529309565295,0.03782533886357419,0.018010110448922475
Battery,50,batch,7,tail,full,0.05,0.00020195366814732552,0.002183705861913059,0.07565067772714838,0.03602022089784495
Battery,50,batch,7,tail,full,0.1,0.00040390733629465104,0.004367411723826118,0.15130135545429677,0.0720404417956899
Battery,50,batch,7,body,full,1.0,0.0019700461998581886,0.028099422531951277,0.9734554435006829,0.46349988080174137
Battery,50,batch,7,excess,full,2.0,0.00019340214203111827,0.0032316816825702682,0.11195597069592221,0.05330657855894644
Battery,50,batch,7,gate,full,0.5,0.0008483608835376799,0.00786758297322857,0.2725586785199604,0.1297757548626756
Battery,50,batch,7,amp_true,full,0.0001,1.9637697841972114e-07,1.0611619842125007e-05,0.00036762104587489237,0.00017503863384899196
Battery,50,batch,7,amp_true,full,0.0003,5.891309352591634e-07,3.1834859526375015e-05,0.001102863137624677,0.0005251159015469758
Battery,50,batch,7,amp_true,full,0.0007,1.374638848938048e-06,7.428133889487504e-05,0.0025733473211242463,0.0012252704369429435
Battery,50,batch,7,amp_true,full,0.001,1.963769784197211e-06,0.00010611619842125006,0.0036762104587489235,0.0017503863384899195
Battery,50,batch,7,amp_true,full,0.003,5.891309352591634e-06,0.00031834859526375017,0.01102863137624677,0.005251159015469758
Battery,50,accum4,1,tail,shared,0.01,3.4069373505190015e-05,0.00016092794820771363,0.007421410245608145,0.0036128693918932907
Battery,50,accum4,1,tail,shared,0.025,8.517343376297505e-05,0.00040231987051928404,0.01855352561402036,0.009032173479733228
Battery,50,accum4,1,tail,shared,0.05,0.0001703468675259501,0.0008046397410385681,0.03710705122804072,0.018064346959466456
Battery,50,accum4,1,tail,shared,0.1,0.0003406937350519002,0.0016092794820771362,0.07421410245608144,0.03612869391893291
Battery,50,accum4,1,body,shared,1.0,0.0018982913170475513,0.021436189851281935,0.9885589219329879,0.48124738465284145
Battery,50,accum4,1,excess,shared,2.0,0.0002208427631558152,0.0012540020777391503,0.05783000387064621,0.028152634607549222
Battery,50,accum4,1,gate,shared,0.5,0.0005076367742731236,0.004016488068557628,0.18522578604483622,0.09017107946387717
Battery,50,accum4,1,amp_true,shared,0.0001,3.5048781719524414e-07,8.83701031567528e-06,0.0004075306969840174,0.0001983929108705194
Battery,50,accum4,1,amp_true,shared,0.0003,1.0514634515857323e-06,2.6511030947025837e-05,0.001222592090952052,0.000595178732611558
Battery,50,accum4,1,amp_true,shared,0.0007,2.453414720366709e-06,6.185907220972696e-05,0.0028527148788881217,0.0013887503760936356
Battery,50,accum4,1,amp_true,shared,0.001,3.5048781719524413e-06,8.83701031567528e-05,0.004075306969840174,0.001983929108705194
Battery,50,accum4,1,amp_true,shared,0.003,1.0514634515857324e-05,0.0002651103094702584,0.012225920909520521,0.005951787326115582
Battery,50,accum4,1,tail,temporal,0.01,3.4069373505190015e-05,5.518431416185686e-07,0.0027109091773390554,0.0012973394732978764
Battery,50,accum4,1,tail,temporal,0.025,8.517343376297505e-05,1.3796078540464219e-06,0.006777272943347639,0.003243348683244691
Battery,50,accum4,1,tail,temporal,0.05,0.0001703468675259501,2.7592157080928437e-06,0.013554545886695277,0.006486697366489382
Battery,50,accum4,1,tail,temporal,0.1,0.0003406937350519002,5.518431416185687e-06,0.027109091773390555,0.012973394732978764
Battery,50,accum4,1,body,temporal,1.0,0.0018982913170475513,0.00020126196419256885,0.9886920116079604,0.47315092084800775
Battery,50,accum4,1,excess,temporal,2.0,0.0002208427631558152,3.5644440789005084e-06,0.017510200701709874,0.008379725424071336
Battery,50,accum4,1,gate,temporal,0.5,0.0005076367742731236,3.036685543301969e-05,0.1491760626739869,0.07139006949988866
Battery,50,accum4,1,amp_true,temporal,0.0001,3.5048781719524414e-07,7.23805455609172e-08,0.00035556677327979255,0.00017016092395312938
Battery,50,accum4,1,amp_true,temporal,0.0003,1.0514634515857323e-06,2.171416366827516e-07,0.0010667003198393775,0.0005104827718593881
Battery,50,accum4,1,amp_true,temporal,0.0007,2.453414720366709e-06,5.066638189264204e-07,0.0024889674129585475,0.0011911264676719056
Battery,50,accum4,1,amp_true,temporal,0.001,3.5048781719524413e-06,7.238054556091721e-07,0.0035556677327979254,0.0017016092395312936
Battery,50,accum4,1,amp_true,temporal,0.003,1.0514634515857324e-05,2.171416366827516e-06,0.010667003198393775,0.005104827718593881
Battery,50,accum4,1,tail,excess,0.01,3.4069373505190015e-05,2.334162130785226e-05,0.22822712458627548,0.13677900849605876
Battery,50,accum4,1,tail,excess,0.025,8.517343376297505e-05,5.835405326963065e-05,0.5705678114656887,0.3419475212401469
Battery,50,accum4,1,tail,excess,0.05,0.0001703468675259501,0.0001167081065392613,1.1411356229313774,0.6838950424802938
Battery,50,accum4,1,tail,excess,0.1,0.0003406937350519002,0.0002334162130785226,2.2822712458627548,1.3677900849605875
Battery,50,accum4,1,body,excess,1.0,0.0018982913170475513,0.0,0.0,0.0
Battery,50,accum4,1,excess,excess,2.0,0.0002208427631558152,0.0001560124556382275,1.5254413427561846,0.9142136578170543
Battery,50,accum4,1,gate,excess,0.5,0.0005076367742731236,0.0,0.0,0.0
Battery,50,accum4,1,amp_true,excess,0.0001,3.5048781719524414e-07,3.7121495077978344e-06,0.036296245107620265,0.021752736126128144
Battery,50,accum4,1,amp_true,excess,0.0003,1.0514634515857323e-06,1.1136448523393502e-05,0.10888873532286078,0.06525820837838443
Battery,50,accum4,1,amp_true,excess,0.0007,2.453414720366709e-06,2.598504655458484e-05,0.2540737157533418,0.152269152882897
Battery,50,accum4,1,amp_true,excess,0.001,3.5048781719524413e-06,3.712149507797834e-05,0.3629624510762026,0.21752736126128144
Battery,50,accum4,1,amp_true,excess,0.003,1.0514634515857324e-05,0.00011136448523393504,1.0888873532286079,0.6525820837838443
Battery,50,accum4,1,tail,full,0.01,3.4069373505190015e-05,0.00016277542858844215,0.006564069716758225,0.0032147491565145438
Battery,50,accum4,1,tail,full,0.025,8.517343376297505e-05,0.0004069385714711054,0.016410174291895563,0.00803687289128636
Battery,50,accum4,1,tail,full,0.05,0.0001703468675259501,0.0008138771429422108,0.032820348583791126,0.01607374578257272
Battery,50,accum4,1,tail,full,0.1,0.0003406937350519002,0.0016277542858844215,0.06564069716758225,0.03214749156514544
Battery,50,accum4,1,body,full,1.0,0.0018982913170475513,0.024584884390485118,0.9914082028044122,0.48554156510408
Battery,50,accum4,1,excess,full,2.0,0.0002208427631558152,0.001263669694694138,0.05095864926824635,0.024956967524884896
Battery,50,accum4,1,gate,full,0.5,0.0005076367742731236,0.004076895390332696,0.16440457753446347,0.08051704198185519
Battery,50,accum4,1,amp_true,full,0.0001,3.5048781719524414e-07,9.58503027056227e-06,0.0003865252113221965,0.0001893004874548021
Battery,50,accum4,1,amp_true,full,0.0003,1.0514634515857323e-06,2.8755090811686806e-05,0.0011595756339665892,0.0005679014623644062
Battery,50,accum4,1,amp_true,full,0.0007,2.453414720366709e-06,6.709521189393589e-05,0.002705676479255375,0.0013251034121836145
Battery,50,accum4,1,amp_true,full,0.001,3.5048781719524413e-06,9.58503027056227e-05,0.003865252113221965,0.0018930048745480208
Battery,50,accum4,1,amp_true,full,0.003,1.0514634515857324e-05,0.0002875509081168681,0.011595756339665895,0.005679014623644062
Battery,50,batch,8,tail,shared,0.01,2.7586661744862794e-05,0.0009364990147472126,0.040255683201141215,0.013277418251379177
Battery,50,batch,8,tail,shared,0.025,6.896665436215699e-05,0.0023412475368680317,0.10063920800285305,0.033193545628447944
Battery,50,batch,8,tail,shared,0.05,0.00013793330872431399,0.004682495073736063,0.2012784160057061,0.06638709125689589
Battery,50,batch,8,tail,shared,0.1,0.00027586661744862797,0.009364990147472127,0.4025568320114122,0.13277418251379178
Battery,50,batch,8,body,shared,1.0,0.0017353200819343328,0.01754900502812411,0.7543490978451146,0.24880483159595712
Battery,50,batch,8,excess,shared,2.0,0.00019598686776589602,0.010013936898023164,0.4304519972953224,0.1419747660640749
Battery,50,batch,8,gate,shared,0.5,0.0009190078126266599,0.026381131888951234,1.1340006461147278,0.37402422909003374
Battery,50,batch,8,amp_true,shared,0.0001,1.3940545031800866e-07,3.4408572418608766e-06,0.0001479062517819016,4.8783501129262446e-05
Battery,50,batch,8,amp_true,shared,0.0003,4.1821635095402596e-07,1.0322571725582628e-05,0.00044371875534570467,0.00014635050338778733
Battery,50,batch,8,amp_true,shared,0.0007,9.758381522260605e-07,2.4086000693026135e-05,0.001035343762473311,0.00034148450790483714
Battery,50,batch,8,amp_true,shared,0.001,1.3940545031800866e-06,3.440857241860876e-05,0.0014790625178190157,0.0004878350112926245
Battery,50,batch,8,amp_true,shared,0.003,4.18216350954026e-06,0.0001032257172558263,0.004437187553457047,0.0014635050338778735
Battery,50,batch,8,tail,temporal,0.01,2.7586661744862794e-05,4.778601867207927e-06,0.023232084592723072,0.008556327820491351
Battery,50,batch,8,tail,temporal,0.025,6.896665436215699e-05,1.1946504668019816e-05,0.05808021148180768,0.021390819551228377
Battery,50,batch,8,tail,temporal,0.05,0.00013793330872431399,2.389300933603963e-05,0.11616042296361535,0.042781639102456755
Battery,50,batch,8,tail,temporal,0.1,0.00027586661744862797,4.778601867207926e-05,0.2323208459272307,0.08556327820491351
Battery,50,batch,8,body,temporal,1.0,0.0017353200819343328,0.00017129557458411338,0.8327861139481005,0.30671337162421247
Battery,50,batch,8,excess,temporal,2.0,0.00019598686776589602,5.863681518187778e-05,0.2850740631692761,0.10499217699817633
Battery,50,batch,8,gate,temporal,0.5,0.0009190078126266599,0.00015832179854833285,0.7697116267390615,0.2834831708423605
Battery,50,batch,8,amp_true,temporal,0.0001,1.3940545031800866e-07,3.526923545109082e-09,1.7146811646795778e-05,6.315134612249071e-06
Battery,50,batch,8,amp_true,temporal,0.0003,4.1821635095402596e-07,1.0580770635327245e-08,5.144043494038733e-05,1.894540383674721e-05
Battery,50,batch,8,amp_true,temporal,0.0007,9.758381522260605e-07,2.4688464815763573e-08,0.00012002768152757044,4.420594228574349e-05
Battery,50,batch,8,amp_true,temporal,0.001,1.3940545031800866e-06,3.526923545109082e-08,0.0001714681164679578,6.315134612249071e-05
Battery,50,batch,8,amp_true,temporal,0.003,4.18216350954026e-06,1.0580770635327245e-07,0.0005144043494038733,0.00018945403836747213
Battery,50,batch,8,tail,excess,0.01,2.7586661744862794e-05,0.0001443346014128057,0.15416791601812244,0.05042873054334526
Battery,50,batch,8,tail,excess,0.025,6.896665436215699e-05,0.0003608365035320143,0.38541979004530613,0.12607182635836317
Battery,50,batch,8,tail,excess,0.05,0.00013793330872431399,0.0007216730070640285,0.7708395800906123,0.25214365271672634
Battery,50,batch,8,tail,excess,0.1,0.00027586661744862797,0.001443346014128057,1.5416791601812245,0.5042873054334527
Battery,50,batch,8,body,excess,1.0,0.0017353200819343328,0.0,0.0,0.0
Battery,50,batch,8,excess,excess,2.0,0.00019598686776589602,0.0019382080771297996,2.070255483686689,0.677186010158214
Battery,50,batch,8,gate,excess,0.5,0.0009190078126266599,0.0,0.0,0.0
Battery,50,batch,8,amp_true,excess,0.0001,1.3940545031800866e-07,4.3091343307337364e-07,0.00046027096282432107,0.00015055584171265137
Battery,50,batch,8,amp_true,excess,0.0003,4.1821635095402596e-07,1.2927402992201209e-06,0.0013808128884729629,0.00045166752513795406
Battery,50,batch,8,amp_true,excess,0.0007,9.758381522260605e-07,3.0163940315136155e-06,0.0032218967397702474,0.0010538908919885597
Battery,50,batch,8,amp_true,excess,0.001,1.3940545031800866e-06,4.309134330733736e-06,0.00460270962824321,0.0015055584171265138
Battery,50,batch,8,amp_true,excess,0.003,4.18216350954026e-06,1.292740299220121e-05,0.013808128884729631,0.004516675251379542
Battery,50,batch,8,tail,full,0.01,2.7586661744862794e-05,0.0009482925439810251,0.03821872546875487,0.01304557075216366
Battery,50,batch,8,tail,full,0.025,6.896665436215699e-05,0.002370731359952563,0.09554681367188717,0.03261392688040915
Battery,50,batch,8,tail,full,0.05,0.00013793330872431399,0.004741462719905126,0.19109362734377433,0.0652278537608183
Battery,50,batch,8,tail,full,0.1,0.00027586661744862797,0.009482925439810252,0.38218725468754866,0.1304557075216366
Battery,50,batch,8,body,full,1.0,0.0017353200819343328,0.019442558102427166,0.7835870852759208,0.26746943117728617
Battery,50,batch,8,excess,full,2.0,0.00019598686776589602,0.010199783465733034,0.4110785501709018,0.14031745551890776
Battery,50,batch,8,gate,full,0.5,0.0009190078126266599,0.026624261531529622,1.07302893894969,0.3662674453555851
Battery,50,batch,8,amp_true,full,0.0001,1.3940545031800866e-07,3.4677348436219163e-06,0.0001397589876963891,4.7705299951317654e-05
Battery,50,batch,8,amp_true,full,0.0003,4.1821635095402596e-07,1.0403204530865748e-05,0.0004192769630891673,0.00014311589985395294
Battery,50,batch,8,amp_true,full,0.0007,9.758381522260605e-07,2.427414390535341e-05,0.0009783129138747238,0.00033393709965922355
Battery,50,batch,8,amp_true,full,0.001,1.3940545031800866e-06,3.467734843621916e-05,0.0013975898769638911,0.00047705299951317654
Battery,50,batch,8,amp_true,full,0.003,4.18216350954026e-06,0.00010403204530865748,0.004192769630891673,0.0014311589985395296
Battery,50,batch,9,tail,shared,0.01,4.388080444186926e-05,0.00047283368627061486,0.01883288855825765,0.008390804379521914
Battery,50,batch,9,tail,shared,0.025,0.00010970201110467316,0.0011820842156765373,0.047082221395644136,0.020977010948804786
Battery,50,batch,9,tail,shared,0.05,0.00021940402220934632,0.0023641684313530746,0.09416444279128827,0.04195402189760957
Battery,50,batch,9,tail,shared,0.1,0.00043880804441869263,0.004728336862706149,0.18832888558257654,0.08390804379521914
Battery,50,batch,9,body,shared,1.0,0.0018484180327504873,0.024461672280433954,0.9743044148135668,0.4340915481720213
Battery,50,batch,9,excess,shared,2.0,0.00034143636003136635,0.0041713085065294255,0.1661425370624296,0.07402313900472048
Battery,50,batch,9,gate,shared,0.5,0.0007079367060214281,0.012250131512850839,0.487920738949808,0.2173881855975036
Battery,50,batch,9,amp_true,shared,0.0001,6.007682532072068e-07,1.9297174815509696e-05,0.0007686033236255398,0.0003424434926189003
Battery,50,batch,9,amp_true,shared,0.0003,1.80230475962162e-06,5.7891524446529083e-05,0.002305809970876619,0.0010273304778567007
Battery,50,batch,9,amp_true,shared,0.0007,4.205377772450447e-06,0.00013508022370856788,0.005380223265378778,0.002397104448332302
Battery,50,batch,9,amp_true,shared,0.001,6.007682532072067e-06,0.00019297174815509696,0.007686033236255396,0.003424434926189003
Battery,50,batch,9,amp_true,shared,0.003,1.8023047596216204e-05,0.0005789152444652909,0.02305809970876619,0.01027330477856701
Battery,50,batch,9,tail,temporal,0.01,4.388080444186926e-05,1.9735264865000425e-06,0.008218491584238614,0.003824690244346949
Battery,50,batch,9,tail,temporal,0.025,0.00010970201110467316,4.933816216250107e-06,0.020546228960596533,0.009561725610867372
Battery,50,batch,9,tail,temporal,0.05,0.00021940402220934632,9.867632432500215e-06,0.041092457921193065,0.019123451221734745
Battery,50,batch,9,tail,temporal,0.1,0.00043880804441869263,1.973526486500043e-05,0.08218491584238613,0.03824690244346949
Battery,50,batch,9,body,temporal,1.0,0.0018484180327504873,0.00023126624727630587,0.9630778811230941,0.4481935083491453
Battery,50,batch,9,excess,temporal,2.0,0.00034143636003136635,1.3137892140265125e-05,0.054711024517785825,0.02546120776380743
Battery,50,batch,9,gate,temporal,0.5,0.0007079367060214281,5.146263075526244e-05,0.21430935974666201,0.09973447184240629
Battery,50,batch,9,amp_true,temporal,0.0001,6.007682532072068e-07,1.4661596677824413e-07,0.0006105629173586372,0.0002841414400253272
Battery,50,batch,9,amp_true,temporal,0.0003,1.80230475962162e-06,4.398479003347323e-07,0.0018316887520759115,0.0008524243200759816
Battery,50,batch,9,amp_true,temporal,0.0007,4.205377772450447e-06,1.0263117674477088e-06,0.004273940421510461,0.0019889900801772905
Battery,50,batch,9,amp_true,temporal,0.001,6.007682532072067e-06,1.4661596677824411e-06,0.006105629173586372,0.0028414144002532724
Battery,50,batch,9,amp_true,temporal,0.003,1.8023047596216204e-05,4.398479003347324e-06,0.018316887520759117,0.008524243200759818
Battery,50,batch,9,tail,excess,0.01,4.388080444186926e-05,0.00029544319197352534,0.199528243377978,0.07414984969682972
Battery,50,batch,9,tail,excess,0.025,0.00010970201110467316,0.0007386079799338134,0.498820608444945,0.18537462424207432
Battery,50,batch,9,tail,excess,0.05,0.00021940402220934632,0.0014772159598676268,0.99764121688989,0.37074924848414864
Battery,50,batch,9,tail,excess,0.1,0.00043880804441869263,0.0029544319197352537,1.99528243377978,0.7414984969682973
Battery,50,batch,9,body,excess,1.0,0.0018484180327504873,0.0,0.0,0.0
Battery,50,batch,9,excess,excess,2.0,0.00034143636003136635,0.0025063091245786594,1.6926416670795712,0.6290293698761346
Battery,50,batch,9,gate,excess,0.5,0.0007079367060214281,0.0,0.0,0.0
Battery,50,batch,9,amp_true,excess,0.0001,6.007682532072068e-07,1.3379230181776345e-05,0.009035694063847903,0.003357897335224103
Battery,50,batch,9,amp_true,excess,0.0003,1.80230475962162e-06,4.013769054532903e-05,0.027107082191543706,0.010073692005672309
Battery,50,batch,9,amp_true,excess,0.0007,4.205377772450447e-06,9.365461127243441e-05,0.06324985844693533,0.02350528134656872
Battery,50,batch,9,amp_true,excess,0.001,6.007682532072067e-06,0.00013379230181776345,0.09035694063847903,0.033578973352241026
Battery,50,batch,9,amp_true,excess,0.003,1.8023047596216204e-05,0.00040137690545329036,0.2710708219154371,0.10073692005672309
Battery,50,batch,9,tail,full,0.01,4.388080444186926e-05,0.0005580923866814279,0.019770710160507174,0.008996295017344372
Battery,50,batch,9,tail,full,0.025,0.00010970201110467316,0.0013952309667035697,0.04942677540126794,0.022490737543360933
Battery,50,batch,9,tail,full,0.05,0.00021940402220934632,0.0027904619334071395,0.09885355080253588,0.044981475086721866
Battery,50,batch,9,tail,full,0.1,0.00043880804441869263,0.005580923866814279,0.19770710160507177,0.08996295017344373
Battery,50,batch,9,body,full,1.0,0.0018484180327504873,0.027607698225344014,0.9780169248637209,0.44502846466311513
Battery,50,batch,9,excess,full,2.0,0.00034143636003136635,0.004866353879917796,0.17239309188647634,0.07844427949082394
Battery,50,batch,9,gate,full,0.5,0.0007079367060214281,0.0122883464700785,0.4353210009841876,0.19808474861577496
Battery,50,batch,9,amp_true,full,0.0001,6.007682532072068e-07,2.3481583339231978e-05,0.000831847180482598,0.00037851663315141066
Battery,50,batch,9,amp_true,full,0.0003,1.80230475962162e-06,7.044475001769592e-05,0.0024955415414477933,0.0011355498994542318
Battery,50,batch,9,amp_true,full,0.0007,4.205377772450447e-06,0.00016437108337462384,0.005822930263378185,0.0026496164320598745
Battery,50,batch,9,amp_true,full,0.001,6.007682532072067e-06,0.00023481583339231976,0.00831847180482598,0.003785166331514106
Battery,50,batch,9,amp_true,full,0.003,1.8023047596216204e-05,0.0007044475001769593,0.024955415414477936,0.011355498994542319
Battery,50,batch,10,tail,shared,0.01,3.537234850227833e-05,0.0004386569804264072,0.02222569145390026,0.009937802832552026
Battery,50,batch,10,tail,shared,0.025,8.843087125569582e-05,0.001096642451066018,0.05556422863475065,0.024844507081380068
Battery,50,batch,10,tail,shared,0.05,0.00017686174251139165,0.002193284902132036,0.1111284572695013,0.049689014162760135
Battery,50,batch,10,tail,shared,0.1,0.0003537234850227833,0.004386569804264072,0.2222569145390026,0.09937802832552027
Battery,50,batch,10,body,shared,1.0,0.0016608353471383452,0.019096298502260897,0.9675633977379142,0.43262790247302507
Battery,50,batch,10,excess,shared,2.0,0.00013664353173226118,0.0035341721962758466,0.1790679831494397,0.0800669042784538
Battery,50,batch,10,gate,shared,0.5,0.0005630353116430342,0.009690119607242016,0.4909749944765382,0.21953029902090773
Battery,50,batch,10,amp_true,shared,0.0001,2.659146906808019e-07,4.159144500084304e-06,0.0002107338227724122,9.422569305463342e-05
Battery,50,batch,10,amp_true,shared,0.0003,7.977440720424055e-07,1.247743350025291e-05,0.0006322014683172364,0.0002826770791639002
Battery,50,batch,10,amp_true,shared,0.0007,1.8614028347656132e-06,2.9114011500590125e-05,0.0014751367594068852,0.0006595798513824338
Battery,50,batch,10,amp_true,shared,0.001,2.659146906808019e-06,4.159144500084304e-05,0.002107338227724122,0.0009422569305463341
Battery,50,batch,10,amp_true,shared,0.003,7.977440720424056e-06,0.00012477433500252913,0.006322014683172365,0.0028267707916390023
Battery,50,batch,10,tail,temporal,0.01,3.537234850227833e-05,7.669639386455866e-07,0.00402038184092688,0.0017677369544266206
Battery,50,batch,10,tail,temporal,0.025,8.843087125569582e-05,1.9174098466139663e-06,0.010050954602317202,0.004419342386066552
Battery,50,batch,10,tail,temporal,0.05,0.00017686174251139165,3.834819693227933e-06,0.020101909204634404,0.008838684772133103
Battery,50,batch,10,tail,temporal,0.1,0.0003537234850227833,7.669639386455865e-06,0.04020381840926881,0.017677369544266207
Battery,50,batch,10,body,temporal,1.0,0.0016608353471383452,0.0001886813660386132,0.9890571114497385,0.4348822761434688
Battery,50,batch,10,excess,temporal,2.0,0.00013664353173226118,7.554913517598672e-06,0.03960243185561604,0.01741294360741485
Battery,50,batch,10,gate,temporal,0.5,0.0005630353116430342,7.726660867219061e-05,0.4050272180518068,0.1780879551315756
Battery,50,batch,10,amp_true,temporal,0.0001,2.659146906808019e-07,1.8253333148420215e-08,9.56829460012052e-05,4.207119777352847e-05
Battery,50,batch,10,amp_true,temporal,0.0003,7.977440720424055e-07,5.4759999445260635e-08,0.00028704883800361554,0.0001262135933205854
Battery,50,batch,10,amp_true,temporal,0.0007,1.8614028347656132e-06,1.277733320389415e-07,0.0006697806220084363,0.00029449838441469926
Battery,50,batch,10,amp_true,temporal,0.001,2.659146906808019e-06,1.8253333148420214e-07,0.000956829460012052,0.0004207119777352847
Battery,50,batch,10,amp_true,temporal,0.003,7.977440720424056e-06,5.475999944526065e-07,0.002870488380036156,0.0012621359332058541
Battery,50,batch,10,tail,excess,0.01,3.537234850227833e-05,2.6408083115523722e-05,0.21260467466115057,0.048122185665356226
Battery,50,batch,10,tail,excess,0.025,8.843087125569582e-05,6.60202077888093e-05,0.5315116866528764,0.12030546416339057
Battery,50,batch,10,tail,excess,0.05,0.00017686174251139165,0.0001320404155776186,1.0630233733057528,0.24061092832678113
Battery,50,batch,10,tail,excess,0.1,0.0003537234850227833,0.0002640808311552372,2.1260467466115056,0.48122185665356226
Battery,50,batch,10,body,excess,1.0,0.0016608353471383452,0.0,0.0,0.0
Battery,50,batch,10,excess,excess,2.0,0.00013664353173226118,0.00043023011522489585,3.463671833986664,0.7839877431887373
Battery,50,batch,10,gate,excess,0.5,0.0005630353116430342,0.0,0.0,0.0
Battery,50,batch,10,amp_true,excess,0.0001,2.659146906808019e-07,7.990174229561377e-07,0.006432683451996612,0.001456011199644665
Battery,50,batch,10,amp_true,excess,0.0003,7.977440720424055e-07,2.3970522688684124e-06,0.019298050355989832,0.004368033598933995
Battery,50,batch,10,amp_true,excess,0.0007,1.8614028347656132e-06,5.5931219606929635e-06,0.04502878416397628,0.010192078397512655
Battery,50,batch,10,amp_true,excess,0.001,2.659146906808019e-06,7.990174229561376e-06,0.06432683451996611,0.014560111996446651
Battery,50,batch,10,amp_true,excess,0.003,7.977440720424056e-06,2.397052268868413e-05,0.19298050355989835,0.04368033598933995
Battery,50,batch,10,tail,full,0.01,3.537234850227833e-05,0.0004419060944349131,0.01992355304488348,0.009094085934776605
Battery,50,batch,10,tail,full,0.025,8.843087125569582e-05,0.001104765236087283,0.0498088826122087,0.022735214836941516
Battery,50,batch,10,tail,full,0.05,0.00017686174251139165,0.002209530472174566,0.0996177652244174,0.04547042967388303
Battery,50,batch,10,tail,full,0.1,0.0003537234850227833,0.004419060944349132,0.1992355304488348,0.09094085934776606
Battery,50,batch,10,body,full,1.0,0.0016608353471383452,0.021608330161532803,0.9742221653113307,0.444682736605588
Battery,50,batch,10,excess,full,2.0,0.00013664353173226118,0.0035602627803261477,0.16051619393993183,0.07326745677964716
Battery,50,batch,10,gate,full,0.5,0.0005630353116430342,0.009853887751673673,0.44426736311443654,0.2027853952092568
Battery,50,batch,10,amp_true,full,0.0001,2.659146906808019e-07,4.2351991470022956e-06,0.0001909460311219437,8.715712563996838e-05
Battery,50,batch,10,amp_true,full,0.0003,7.977440720424055e-07,1.2705597441006887e-05,0.000572838093365831,0.0002614713769199051
Battery,50,batch,10,amp_true,full,0.0007,1.8614028347656132e-06,2.964639402901607e-05,0.0013366222178536058,0.0006100998794797786
Battery,50,batch,10,amp_true,full,0.001,2.659146906808019e-06,4.235199147002296e-05,0.001909460311219437,0.0008715712563996838
Battery,50,batch,10,amp_true,full,0.003,7.977440720424056e-06,0.00012705597441006888,0.00572838093365831,0.0026147137691990515
Battery,50,batch,11,tail,shared,0.01,3.002341603860259e-05,0.00047564789181328034,0.025588187373047768,0.01284418874881127
Battery,50,batch,11,tail,shared,0.025,7.505854009650648e-05,0.001189119729533201,0.06397046843261943,0.03211047187202817
Battery,50,batch,11,tail,shared,0.05,0.00015011708019301297,0.002378239459066402,0.12794093686523886,0.06422094374405635
Battery,50,batch,11,tail,shared,0.1,0.00030023416038602594,0.004756478918132804,0.2558818737304777,0.1284418874881127
Battery,50,batch,11,body,shared,1.0,0.001930254977196455,0.018200733773445082,0.9791356045885626,0.4914846969294725
Battery,50,batch,11,excess,shared,2.0,0.000141680080560036,0.003244083430153197,0.1745203039755002,0.08760181767006704
Battery,50,batch,11,gate,shared,0.5,0.00033557682763785124,0.008564981539515171,0.46076594945961286,0.2312850354581251
Battery,50,batch,11,amp_true,shared,0.0001,7.734081591479481e-08,2.9046239008169806e-06,0.00015625857257350016,7.843520021538781e-05
Battery,50,batch,11,amp_true,shared,0.0003,2.3202244774438438e-07,8.71387170245094e-06,0.00046877571772050043,0.00023530560064616342
Battery,50,batch,11,amp_true,shared,0.0007,5.413857114035636e-07,2.0332367305718865e-05,0.0010938100080145011,0.0005490464015077146
Battery,50,batch,11,amp_true,shared,0.001,7.73408159147948e-07,2.904623900816981e-05,0.0015625857257350016,0.0007843520021538782
Battery,50,batch,11,amp_true,shared,0.003,2.320224477443844e-06,8.713871702450942e-05,0.004687757177205005,0.0023530560064616343
Battery,50,batch,11,tail,temporal,0.01,3.002341603860259e-05,3.0987917364579754e-06,0.01675692956618081,0.008224357726129236
Battery,50,batch,11,tail,temporal,0.025,7.505854009650648e-05,7.746979341144938e-06,0.04189232391545203,0.020560894315323094
Battery,50,batch,11,tail,temporal,0.05,0.00015011708019301297,1.5493958682289877e-05,0.08378464783090406,0.04112178863064619
Battery,50,batch,11,tail,temporal,0.1,0.00030023416038602594,3.0987917364579754e-05,0.16756929566180812,0.08224357726129237
Battery,50,batch,11,body,temporal,1.0,0.001930254977196455,0.0001788365101230123,0.9670707355823424,0.47464158899086833
Battery,50,batch,11,excess,temporal,2.0,0.000141680080560036,1.7491148278203635e-05,0.09458458801252129,0.046422435812077376
Battery,50,batch,11,gate,temporal,0.5,0.00033557682763785124,4.738961154472324e-06,0.025626258566549705,0.012577454407813942
Battery,50,batch,11,amp_true,temporal,0.0001,7.734081591479481e-08,1.0386903148885927e-08,5.616789357892479e-05,2.7567392205821628e-05
Battery,50,batch,11,amp_true,temporal,0.0003,2.3202244774438438e-07,3.116070944665778e-08,0.00016850368073677435,8.270217661746487e-05
Battery,50,batch,11,amp_true,temporal,0.0007,5.413857114035636e-07,7.270832204220149e-08,0.0003931752550524735,0.0001929717454407514
Battery,50,batch,11,amp_true,temporal,0.001,7.73408159147948e-07,1.0386903148885926e-07,0.0005616789357892479,0.0002756739220582163
Battery,50,batch,11,amp_true,temporal,0.003,2.320224477443844e-06,3.116070944665778e-07,0.0016850368073677436,0.0008270217661746488
Battery,50,batch,11,tail,excess,0.01,3.002341603860259e-05,5.6323617419478136e-05,0.1985363378226485,0.04964801083691692
Battery,50,batch,11,tail,excess,0.025,7.505854009650648e-05,0.00014080904354869534,0.4963408445566213,0.12412002709229229
Battery,50,batch,11,tail,excess,0.05,0.00015011708019301297,0.0002816180870973907,0.9926816891132426,0.24824005418458459
Battery,50,batch,11,tail,excess,0.1,0.00030023416038602594,0.0005632361741947814,1.9853633782264852,0.49648010836916917
Battery,50,batch,11,body,excess,1.0,0.001930254977196455,0.0,0.0,0.0
Battery,50,batch,11,excess,excess,2.0,0.000141680080560036,0.0008560264103907997,3.0174260174504184,0.7545681624680577
Battery,50,batch,11,gate,excess,0.5,0.00033557682763785124,0.0,0.0,0.0
Battery,50,batch,11,amp_true,excess,0.0001,7.734081591479481e-08,3.865051236722155e-07,0.0013624002739752025,0.0003406956344030195
Battery,50,batch,11,amp_true,excess,0.0003,2.3202244774438438e-07,1.1595153710166461e-06,0.004087200821925607,0.0010220869032090585
Battery,50,batch,11,amp_true,excess,0.0007,5.413857114035636e-07,2.7055358657055083e-06,0.009536801917826417,0.0023848694408211365
Battery,50,batch,11,amp_true,excess,0.001,7.73408159147948e-07,3.865051236722154e-06,0.013624002739752025,0.003406956344030195
Battery,50,batch,11,amp_true,excess,0.003,2.320224477443844e-06,1.1595153710166464e-05,0.04087200821925607,0.010220869032090586
Battery,50,batch,11,tail,full,0.01,3.002341603860259e-05,0.00048692879865602876,0.023329214320691162,0.01170109801422791
Battery,50,batch,11,tail,full,0.025,7.505854009650648e-05,0.001217321996640072,0.05832303580172791,0.02925274503556978
Battery,50,batch,11,tail,full,0.05,0.00015011708019301297,0.002434643993280144,0.11664607160345582,0.05850549007113956
Battery,50,batch,11,tail,full,0.1,0.00030023416038602594,0.004869287986560288,0.23329214320691163,0.11701098014227912
Battery,50,batch,11,body,full,1.0,0.001930254977196455,0.020508792513046183,0.9825954375999545,0.4928346649673886
Battery,50,batch,11,excess,full,2.0,0.000141680080560036,0.0033551242178317467,0.16074714037530263,0.08062500601960022
Battery,50,batch,11,gate,full,0.5,0.00033557682763785124,0.008574676781008695,0.4108207871601297,0.20605298707292793
Battery,50,batch,11,amp_true,full,0.0001,7.734081591479481e-08,2.9302263079533857e-06,0.00014038988397287668,7.041453561150389e-05
Battery,50,batch,11,amp_true,full,0.0003,2.3202244774438438e-07,8.790678923860155e-06,0.00042116965191863,0.00021124360683451163
Battery,50,batch,11,amp_true,full,0.0007,5.413857114035636e-07,2.0511584155673697e-05,0.0009827291878101367,0.0004929017492805272
Battery,50,batch,11,amp_true,full,0.001,7.73408159147948e-07,2.9302263079533854e-05,0.0014038988397287668,0.0007041453561150388
Battery,50,batch,11,amp_true,full,0.003,2.320224477443844e-06,8.790678923860156e-05,0.004211696519186301,0.0021124360683451165
Battery,50,accum4,2,tail,shared,0.01,3.421580768190324e-05,0.00040773730067759445,0.01967865963529249,0.008378892538204952
Battery,50,accum4,2,tail,shared,0.025,8.553951920475811e-05,0.0010193432516939862,0.04919664908823123,0.02094723134551238
Battery,50,accum4,2,tail,shared,0.05,0.00017107903840951622,0.0020386865033879724,0.09839329817646246,0.04189446269102476
Battery,50,accum4,2,tail,shared,0.1,0.00034215807681903243,0.004077373006775945,0.19678659635292492,0.08378892538204952
Battery,50,accum4,2,body,shared,1.0,0.001793707109754905,0.01922959709764086,0.9280796620260674,0.3951630801654651
Battery,50,accum4,2,excess,shared,2.0,0.0002039367100223899,0.004084365299752293,0.19712406597692825,0.08393261513363001
Battery,50,accum4,2,gate,shared,0.5,0.0006313891644822434,0.011127908795169924,0.537067198092529,0.22867555118142302
Battery,50,accum4,2,amp_true,shared,0.0001,2.70857302530203e-07,5.588455788215039e-06,0.00026971611172293,0.0001148412726187853
Battery,50,accum4,2,amp_true,shared,0.0003,8.12571907590609e-07,1.6765367364645112e-05,0.0008091483351687897,0.00034452381785635584
Battery,50,accum4,2,amp_true,shared,0.0007,1.8960011177114211e-06,3.9119190517505264e-05,0.0018880127820605096,0.000803888908331497
Battery,50,accum4,2,amp_true,shared,0.001,2.70857302530203e-06,5.5884557882150384e-05,0.0026971611172292996,0.001148412726187853
Battery,50,accum4,2,amp_true,shared,0.003,8.125719075906091e-06,0.00016765367364645115,0.0080914833516879,0.003445238178563559
Battery,50,accum4,2,tail,temporal,0.01,3.421580768190324e-05,1.8786100972185908e-06,0.009308904690311435,0.004097208653495888
Battery,50,accum4,2,tail,temporal,0.025,8.553951920475811e-05,4.696525243046478e-06,0.02327226172577859,0.010243021633739722
Battery,50,accum4,2,tail,temporal,0.05,0.00017107903840951622,9.393050486092955e-06,0.04654452345155718,0.020486043267479444
Battery,50,accum4,2,tail,temporal,0.1,0.00034215807681903243,1.878610097218591e-05,0.09308904690311436,0.04097208653495889
Battery,50,accum4,2,body,temporal,1.0,0.001793707109754905,0.00019131258306392306,0.9479937345360316,0.4172486733743717
Battery,50,accum4,2,excess,temporal,2.0,0.0002039367100223899,2.0140049495067462e-05,0.09979814410947616,0.043925019457310144
Battery,50,accum4,2,gate,temporal,0.5,0.0006313891644822434,7.167927119534308e-05,0.35518573269479997,0.1563309654582708
Battery,50,accum4,2,amp_true,temporal,0.0001,2.70857302530203e-07,4.3999271888403975e-08,0.00021802556531484108,9.596147587814804e-05
Battery,50,accum4,2,amp_true,temporal,0.0003,8.12571907590609e-07,1.319978156652119e-07,0.0006540766959445232,0.0002878844276344441
Battery,50,accum4,2,amp_true,temporal,0.0007,1.8960011177114211e-06,3.0799490321882783e-07,0.0015261789572038875,0.0006717303311470363
Battery,50,accum4,2,amp_true,temporal,0.001,2.70857302530203e-06,4.3999271888403973e-07,0.0021802556531484107,0.0009596147587814804
Battery,50,accum4,2,amp_true,temporal,0.003,8.125719075906091e-06,1.3199781566521193e-06,0.006540766959445232,0.0028788442763444414
Battery,50,accum4,2,tail,excess,0.01,3.421580768190324e-05,4.382415445599558e-05,0.16810909947905148,0.05699696797349387
Battery,50,accum4,2,tail,excess,0.025,8.553951920475811e-05,0.00010956038613998895,0.42027274869762876,0.14249241993373468
Battery,50,accum4,2,tail,excess,0.05,0.00017107903840951622,0.0002191207722799779,0.8405454973952575,0.28498483986746936
Battery,50,accum4,2,tail,excess,0.1,0.00034215807681903243,0.0004382415445599558,1.681090994790515,0.5699696797349387
Battery,50,accum4,2,body,excess,1.0,0.001793707109754905,0.0,0.0,0.0
Battery,50,accum4,2,excess,excess,2.0,0.0002039367100223899,0.000542573858148925,2.0813088997730054,0.7056625552746615
Battery,50,accum4,2,gate,excess,0.5,0.0006313891644822434,0.0,0.0,0.0
Battery,50,accum4,2,amp_true,excess,0.0001,2.70857302530203e-07,3.556994338427177e-06,0.013644601305097627,0.004626167804168467
Battery,50,accum4,2,amp_true,excess,0.0003,8.12571907590609e-07,1.067098301528153e-05,0.040933803915292874,0.0138785034125054
Battery,50,accum4,2,amp_true,excess,0.0007,1.8960011177114211e-06,2.4898960368990236e-05,0.09551220913568338,0.032383174629179265
Battery,50,accum4,2,amp_true,excess,0.001,2.70857302530203e-06,3.556994338427177e-05,0.13644601305097626,0.04626167804168467
Battery,50,accum4,2,amp_true,excess,0.003,8.125719075906091e-06,0.0001067098301528153,0.40933803915292877,0.138785034125054
Battery,50,accum4,2,tail,full,0.01,3.421580768190324e-05,0.0004124734882010178,0.017896963148109984,0.007827595793217557
Battery,50,accum4,2,tail,full,0.025,8.553951920475811e-05,0.0010311837205025445,0.04474240787027497,0.01956898948304389
Battery,50,accum4,2,tail,full,0.05,0.00017107903840951622,0.002062367441005089,0.08948481574054994,0.03913797896608778
Battery,50,accum4,2,tail,full,0.1,0.00034215807681903243,0.004124734882010178,0.17896963148109987,0.07827595793217557
Battery,50,accum4,2,body,full,1.0,0.001793707109754905,0.021696334718440867,0.9413902081283809,0.4117358890410467
Battery,50,accum4,2,excess,full,2.0,0.0002039367100223899,0.004120245902050901,0.17877485748664462,0.07819076961910766
Battery,50,accum4,2,gate,full,0.5,0.0006313891644822434,0.011237654335252168,0.4875946970225423,0.21325932045694043
Battery,50,accum4,2,amp_true,full,0.0001,2.70857302530203e-07,6.624428037229867e-06,0.0002874297327003742,0.00012571315859074647
Battery,50,accum4,2,amp_true,full,0.0003,8.12571907590609e-07,1.98732841116896e-05,0.0008622891981011224,0.00037713947577223934
Battery,50,accum4,2,amp_true,full,0.0007,1.8960011177114211e-06,4.637099626060907e-05,0.002012008128902619,0.0008799921101352252
Battery,50,accum4,2,amp_true,full,0.001,2.70857302530203e-06,6.624428037229867e-05,0.002874297327003742,0.0012571315859074646
Battery,50,accum4,2,amp_true,full,0.003,8.125719075906091e-06,0.00019873284111689602,0.008622891981011226,0.003771394757722394
Battery,50,batch,12,tail,shared,0.01,2.1514259278774263e-05,0.00038509388133218663,0.018425265629294144,0.009114575396697534
Battery,50,batch,12,tail,shared,0.025,5.3785648196935655e-05,0.0009627347033304666,0.046063164073235366,0.022786438491743836
Battery,50,batch,12,tail,shared,0.05,0.00010757129639387131,0.0019254694066609332,0.09212632814647073,0.04557287698348767
Battery,50,batch,12,tail,shared,0.1,0.00021514259278774262,0.0038509388133218664,0.18425265629294146,0.09114575396697534
Battery,50,batch,12,body,shared,1.0,0.0017534098587930202,0.021087819984885587,1.0089713277710788,0.4991160195516715
Battery,50,batch,12,excess,shared,2.0,0.0001518670324003324,0.002935211435245737,0.14043861248964531,0.0694719060174275
Battery,50,batch,12,gate,shared,0.5,0.00023687921930104494,0.0022069168454149067,0.1055925089172142,0.05223430170375651
Battery,50,batch,12,amp_true,shared,0.0001,2.0198128186166287e-07,7.136114876283226e-06,0.0003414357343248868,0.0001689007803872941
Battery,50,batch,12,amp_true,shared,0.0003,6.059438455849885e-07,2.1408344628849674e-05,0.0010243072029746602,0.0005067023411618823
Battery,50,batch,12,amp_true,shared,0.0007,1.41386897303164e-06,4.995280413398258e-05,0.0023900501402742075,0.0011823054627110587
Battery,50,batch,12,amp_true,shared,0.001,2.019812818616629e-06,7.136114876283226e-05,0.003414357343248868,0.001689007803872941
Battery,50,batch,12,amp_true,shared,0.003,6.059438455849886e-06,0.00021408344628849678,0.010243072029746603,0.005067023411618824
Battery,50,batch,12,tail,temporal,0.01,2.1514259278774263e-05,1.2286565336594395e-06,0.006254895318038927,0.003089192559497403
Battery,50,batch,12,tail,temporal,0.025,5.3785648196935655e-05,3.071641334148599e-06,0.015637238295097316,0.007722981398743507
Battery,50,batch,12,tail,temporal,0.05,0.00010757129639387131,6.143282668297198e-06,0.03127447659019463,0.015445962797487015
Battery,50,batch,12,tail,temporal,0.1,0.00021514259278774262,1.2286565336594396e-05,0.06254895318038926,0.03089192559497403
Battery,50,batch,12,body,temporal,1.0,0.0017534098587930202,0.00019870791945724936,1.0115904657004111,0.49960831972484415
Battery,50,batch,12,excess,temporal,2.0,0.0001518670324003324,9.609102691886372e-06,0.04891841600273864,0.024160021719666205
Battery,50,batch,12,gate,temporal,0.5,0.00023687921930104494,6.1805581070982045e-06,0.03146423993027132,0.015539683870090687
Battery,50,batch,12,amp_true,temporal,0.0001,2.0198128186166287e-07,5.080477402356279e-08,0.00025863903741067055,0.00012773767574660497
Battery,50,batch,12,amp_true,temporal,0.0003,6.059438455849885e-07,1.5241432207068835e-07,0.0007759171122320115,0.0003832130272398148
Battery,50,batch,12,amp_true,temporal,0.0007,1.41386897303164e-06,3.556334181649395e-07,0.0018104732618746937,0.0008941637302262346
Battery,50,batch,12,amp_true,temporal,0.001,2.019812818616629e-06,5.080477402356278e-07,0.0025863903741067053,0.0012773767574660495
Battery,50,batch,12,amp_true,temporal,0.003,6.059438455849886e-06,1.5241432207068835e-06,0.007759171122320116,0.0038321302723981487
Battery,50,batch,12,tail,excess,0.01,2.1514259278774263e-05,6.722344690928825e-05,0.20153527613184033,0.05428616145527778
Battery,50,batch,12,tail,excess,0.025,5.3785648196935655e-05,0.0001680586172732206,0.5038381903296009,0.13571540363819445
Battery,50,batch,12,tail,excess,0.05,0.00010757129639387131,0.0003361172345464412,1.0076763806592017,0.2714308072763889
Battery,50,batch,12,tail,excess,0.1,0.00021514259278774262,0.0006722344690928824,2.0153527613184035,0.5428616145527778
Battery,50,batch,12,body,excess,1.0,0.0017534098587930202,0.0,0.0,0.0
Battery,50,batch,12,excess,excess,2.0,0.0001518670324003324,0.0009306798620539439,2.7901696746149574,0.7515686799400835
Battery,50,batch,12,gate,excess,0.5,0.00023687921930104494,0.0,0.0,0.0
Battery,50,batch,12,amp_true,excess,0.0001,2.0198128186166287e-07,2.189920158598616e-06,0.006565360512759945,0.0017684656882333426
Battery,50,batch,12,amp_true,excess,0.0003,6.059438455849885e-07,6.569760475795847e-06,0.01969608153827983,0.0053053970647000265
Battery,50,batch,12,amp_true,excess,0.0007,1.41386897303164e-06,1.532944111019031e-05,0.045957523589319614,0.012379259817633397
Battery,50,batch,12,amp_true,excess,0.001,2.019812818616629e-06,2.189920158598616e-05,0.06565360512759945,0.017684656882333425
Battery,50,batch,12,amp_true,excess,0.003,6.059438455849886e-06,6.569760475795848e-05,0.19696081538279836,0.05305397064700027
Battery,50,batch,12,tail,full,0.01,2.1514259278774263e-05,0.00039242794898809914,0.016200508942727752,0.008034042756573946
Battery,50,batch,12,tail,full,0.025,5.3785648196935655e-05,0.000981069872470248,0.040501272356819384,0.020085106891434865
Battery,50,batch,12,tail,full,0.05,0.00010757129639387131,0.001962139744940496,0.08100254471363877,0.04017021378286973
Battery,50,batch,12,tail,full,0.1,0.00021514259278774262,0.003924279489880992,0.16200508942727754,0.08034042756573946
Battery,50,batch,12,body,full,1.0,0.0017534098587930202,0.024379833787865315,1.006466833774131,0.49911997235399774
Battery,50,batch,12,excess,full,2.0,0.0001518670324003324,0.003079225742817517,0.12711893816896697,0.0630399321422678
Battery,50,batch,12,gate,full,0.5,0.00023687921930104494,0.00226340949347191,0.0934397915199424,0.046338005978111836
Battery,50,batch,12,amp_true,full,0.0001,2.0198128186166287e-07,7.464575395060817e-06,0.00030815827657834757,0.00015281969094766782
Battery,50,batch,12,amp_true,full,0.0003,6.059438455849885e-07,2.239372618518245e-05,0.0009244748297350426,0.00045845907284300337
Battery,50,batch,12,amp_true,full,0.0007,1.41386897303164e-06,5.225202776542572e-05,0.002157107936048433,0.0010697378366336747
Battery,50,batch,12,amp_true,full,0.001,2.019812818616629e-06,7.464575395060818e-05,0.003081582765783476,0.001528196909476678
Battery,50,batch,12,amp_true,full,0.003,6.059438455849886e-06,0.00022393726185182452,0.009244748297350428,0.0045845907284300345
Battery,50,batch,13,tail,shared,0.01,5.245692562311888e-05,0.0004909328049285319,0.022592496941632696,0.01046838898168082
Battery,50,batch,13,tail,shared,0.025,0.0001311423140577972,0.00122733201232133,0.056481242354081744,0.02617097245420205
Battery,50,batch,13,tail,shared,0.05,0.0002622846281155944,0.00245466402464266,0.11296248470816349,0.0523419449084041
Battery,50,batch,13,tail,shared,0.1,0.0005245692562311888,0.00490932804928532,0.22592496941632698,0.1046838898168082
Battery,50,batch,13,body,shared,1.0,0.0019212088081985712,0.021220452570843883,0.9765552535782257,0.45249359922330185
Battery,50,batch,13,excess,shared,2.0,0.00040561583591625094,0.004942288760145393,0.22744180583838816,0.10538672641467255
Battery,50,batch,13,gate,shared,0.5,0.0006566622760146856,0.009495646680461947,0.4369851972275344,0.2024800992839596
Battery,50,batch,13,amp_true,shared,0.0001,5.174615886062384e-07,1.302273465320931e-05,0.0005993001279821916,0.0002776898398037493
Battery,50,batch,13,amp_true,shared,0.0003,1.552384765818715e-06,3.906820395962792e-05,0.0017979003839465745,0.0008330695194112478
Battery,50,batch,13,amp_true,shared,0.0007,3.6222311202436686e-06,9.115914257246516e-05,0.004195100895875341,0.001943828878626245
Battery,50,batch,13,amp_true,shared,0.001,5.174615886062384e-06,0.0001302273465320931,0.005993001279821915,0.002776898398037493
Battery,50,batch,13,amp_true,shared,0.003,1.5523847658187152e-05,0.00039068203959627927,0.017979003839465747,0.008330695194112479
Battery,50,batch,13,tail,temporal,0.01,5.245692562311888e-05,6.73760600917942e-07,0.0032739921213034563,0.0015159029087576123
Battery,50,batch,13,tail,temporal,0.025,0.0001311423140577972,1.684401502294855e-06,0.00818498030325864,0.003789757271894031
Battery,50,batch,13,tail,temporal,0.05,0.0002622846281155944,3.36880300458971e-06,0.01636996060651728,0.007579514543788062
Battery,50,batch,13,tail,temporal,0.1,0.0005245692562311888,6.73760600917942e-06,0.03273992121303456,0.015159029087576124
Battery,50,batch,13,body,temporal,1.0,0.0019212088081985712,0.00019739759106082426,0.9592103738581934,0.4441274572350563
Battery,50,batch,13,excess,temporal,2.0,0.00040561583591625094,1.1029871710759086e-05,0.05359724660482367,0.02481625459663732
Battery,50,batch,13,gate,temporal,0.5,0.0006566622760146856,4.416744028920546e-05,0.2146220056916195,0.0993729094808544
Battery,50,batch,13,amp_true,temporal,0.0001,5.174615886062384e-07,9.797579053067265e-08,0.0004760919024337061,0.00022043703008297724
Battery,50,batch,13,amp_true,temporal,0.0003,1.552384765818715e-06,2.939273715920179e-07,0.0014282757073011182,0.0006613110902489316
Battery,50,batch,13,amp_true,temporal,0.0007,3.6222311202436686e-06,6.858305337147085e-07,0.0033326433170359424,0.0015430592105808406
Battery,50,batch,13,amp_true,temporal,0.001,5.174615886062384e-06,9.797579053067265e-07,0.004760919024337061,0.0022043703008297723
Battery,50,batch,13,amp_true,temporal,0.003,1.5523847658187152e-05,2.9392737159201793e-06,0.014282757073011182,0.006613110902489317
Battery,50,batch,13,tail,excess,0.01,5.245692562311888e-05,0.0001898282971688087,0.19878835383230634,0.0729818650375554
Battery,50,batch,13,tail,excess,0.025,0.0001311423140577972,0.00047457074292202176,0.4969708845807659,0.1824546625938885
Battery,50,batch,13,tail,excess,0.05,0.0002622846281155944,0.0009491414858440435,0.9939417691615318,0.364909325187777
Battery,50,batch,13,tail,excess,0.1,0.0005245692562311888,0.001898282971688087,1.9878835383230635,0.729818650375554
Battery,50,batch,13,body,excess,1.0,0.0019212088081985712,0.0,0.0,0.0
Battery,50,batch,13,excess,excess,2.0,0.00040561583591625094,0.0016484756771207357,1.7262851275329918,0.6337771089961955
Battery,50,batch,13,gate,excess,0.5,0.0006566622760146856,0.0,0.0,0.0
Battery,50,batch,13,amp_true,excess,0.0001,5.174615886062384e-07,9.1759333865316e-06,0.009609045226599836,0.003527802450937671
Battery,50,batch,13,amp_true,excess,0.0003,1.552384765818715e-06,2.7527800159594798e-05,0.02882713567979951,0.010583407352813011
Battery,50,batch,13,amp_true,excess,0.0007,3.6222311202436686e-06,6.42315337057212e-05,0.06726331658619886,0.024694617156563695
Battery,50,batch,13,amp_true,excess,0.001,5.174615886062384e-06,9.1759333865316e-05,0.09609045226599837,0.035278024509376706
Battery,50,batch,13,amp_true,excess,0.003,1.5523847658187152e-05,0.000275278001595948,0.2882713567979951,0.10583407352813012
Battery,50,batch,13,tail,full,0.01,5.245692562311888e-05,0.0005266653415384657,0.02172891069222522,0.010205441003545295
Battery,50,batch,13,tail,full,0.025,0.0001311423140577972,0.0013166633538461644,0.05432227673056305,0.02551360250886324
Battery,50,batch,13,tail,full,0.05,0.0002622846281155944,0.002633326707692329,0.1086445534611261,0.05102720501772648
Battery,50,batch,13,tail,full,0.1,0.0005245692562311888,0.005266653415384658,0.2172891069222522,0.10205441003545296
Battery,50,batch,13,body,full,1.0,0.0019212088081985712,0.02375310038528071,0.9799942320630733,0.4602749516897277
Battery,50,batch,13,excess,full,2.0,0.00040561583591625094,0.005209960676120133,0.2149501045782248,0.1009558482728669
Battery,50,batch,13,gate,full,0.5,0.0006566622760146856,0.009533554540646999,0.39333090457034964,0.18473615167925056
Battery,50,batch,13,amp_true,full,0.0001,5.174615886062384e-07,1.593076807194066e-05,0.0006572641284550323,0.00030869795461465564
Battery,50,batch,13,amp_true,full,0.0003,1.552384765818715e-06,4.779230421582197e-05,0.0019717923853650966,0.0009260938638439669
Battery,50,batch,13,amp_true,full,0.0007,3.6222311202436686e-06,0.00011151537650358462,0.004600848899185226,0.0021608856823025894
Battery,50,batch,13,amp_true,full,0.001,5.174615886062384e-06,0.0001593076807194066,0.006572641284550322,0.0030869795461465565
Battery,50,batch,13,amp_true,full,0.003,1.5523847658187152e-05,0.0004779230421582198,0.019717923853650968,0.009260938638439669
Battery,50,batch,14,tail,shared,0.01,7.296718657016754e-05,0.0009283640010524417,0.040437937023724134,0.01963003049548747
Battery,50,batch,14,tail,shared,0.025,0.00018241796642541887,0.002320910002631104,0.10109484255931034,0.04907507623871868
Battery,50,batch,14,tail,shared,0.05,0.00036483593285083774,0.004641820005262208,0.20218968511862068,0.09815015247743736
Battery,50,batch,14,tail,shared,0.1,0.0007296718657016755,0.009283640010524416,0.40437937023724135,0.19630030495487472
Battery,50,batch,14,body,shared,1.0,0.0019701181445270777,0.0207319255795027,0.9030469729697204,0.4383715125688354
Battery,50,batch,14,excess,shared,2.0,0.00034212780883535743,0.006630476337463922,0.2888121300133366,0.1401998058482155
Battery,50,batch,14,gate,shared,0.5,0.0010063679656013846,0.007550553903588792,0.3288891242028142,0.159654621697139
Battery,50,batch,14,amp_true,shared,0.0001,5.390341393649578e-07,1.0047156968436601e-05,0.00043763685396732647,0.0002124446849078317
Battery,50,batch,14,amp_true,shared,0.0003,1.6171024180948732e-06,3.0141470905309797e-05,0.0013129105619019792,0.000637334054723495
Battery,50,batch,14,amp_true,shared,0.0007,3.7732389755547047e-06,7.033009877905621e-05,0.0030634579777712853,0.0014871127943548218
Battery,50,batch,14,amp_true,shared,0.001,5.390341393649578e-06,0.00010047156968436601,0.004376368539673265,0.0021244468490783167
Battery,50,batch,14,amp_true,shared,0.003,1.6171024180948735e-05,0.00030141470905309804,0.013129105619019794,0.006373340547234951
Battery,50,batch,14,tail,temporal,0.01,7.296718657016754e-05,6.546300407233632e-06,0.03351184696855548,0.018285131436153765
Battery,50,batch,14,tail,temporal,0.025,0.00018241796642541887,1.636575101808408e-05,0.08377961742138869,0.04571282859038442
Battery,50,batch,14,tail,temporal,0.05,0.00036483593285083774,3.273150203616816e-05,0.16755923484277738,0.09142565718076884
Battery,50,batch,14,tail,temporal,0.1,0.0007296718657016755,6.546300407233632e-05,0.33511846968555475,0.18285131436153768
Battery,50,batch,14,body,temporal,1.0,0.0019701181445270777,0.00018407018039738287,0.942292796422128,0.5141449723760836
Battery,50,batch,14,excess,temporal,2.0,0.00034212780883535743,4.363533803484451e-05,0.22337819526721717,0.12188226045148799
Battery,50,batch,14,gate,temporal,0.5,0.0010063679656013846,3.651293076410427e-05,0.18691713976157187,0.10198794687195926
Battery,50,batch,14,amp_true,temporal,0.0001,5.390341393649578e-07,8.853768624406722e-08,0.00045324247403656735,0.00024730353471661787
Battery,50,batch,14,amp_true,temporal,0.0003,1.6171024180948732e-06,2.656130587322016e-07,0.0013597274221097018,0.0007419106041498535
Battery,50,batch,14,amp_true,temporal,0.0007,3.7732389755547047e-06,6.197638037084705e-07,0.0031726973182559714,0.0017311247430163252
Battery,50,batch,14,amp_true,temporal,0.001,5.390341393649578e-06,8.853768624406721e-07,0.0045324247403656735,0.0024730353471661788
Battery,50,batch,14,amp_true,temporal,0.003,1.6171024180948735e-05,2.6561305873220165e-06,0.01359727422109702,0.007419106041498536
Battery,50,batch,14,tail,excess,0.01,7.296718657016754e-05,0.00031899145469049486,0.19757418374702707,0.06379690683162839
Battery,50,batch,14,tail,excess,0.025,0.00018241796642541887,0.0007974786367262372,0.49393545936756766,0.159492267079071
Battery,50,batch,14,tail,excess,0.05,0.00036483593285083774,0.0015949572734524744,0.9878709187351353,0.318984534158142
Battery,50,batch,14,tail,excess,0.1,0.0007296718657016755,0.0031899145469049487,1.9757418374702707,0.637969068316284
Battery,50,batch,14,body,excess,1.0,0.0019701181445270777,0.0,0.0,0.0
Battery,50,batch,14,excess,excess,2.0,0.00034212780883535743,0.0033917135249867136,2.100730352959419,0.6783279883252588
Battery,50,batch,14,gate,excess,0.5,0.0010063679656013846,0.0,0.0,0.0
Battery,50,batch,14,amp_true,excess,0.0001,5.390341393649578e-07,6.252451379734178e-06,0.003872589561897637,0.0012504631465103434
Battery,50,batch,14,amp_true,excess,0.0003,1.6171024180948732e-06,1.875735413920253e-05,0.01161776868569291,0.0037513894395310296
Battery,50,batch,14,amp_true,excess,0.0007,3.7732389755547047e-06,4.3767159658139245e-05,0.027108126933283457,0.008753242025572403
Battery,50,batch,14,amp_true,excess,0.001,5.390341393649578e-06,6.252451379734178e-05,0.038725895618976366,0.012504631465103434
Battery,50,batch,14,amp_true,excess,0.003,1.6171024180948735e-05,0.00018757354139202536,0.1161776868569291,0.0375138943953103
Battery,50,batch,14,tail,full,0.01,7.296718657016754e-05,0.000993048012609022,0.039932413450370206,0.019421350981483784
Battery,50,batch,14,tail,full,0.025,0.00018241796642541887,0.002482620031522555,0.09983103362592552,0.04855337745370947
Battery,50,batch,14,tail,full,0.05,0.00036483593285083774,0.00496524006304511,0.19966206725185104,0.09710675490741894
Battery,50,batch,14,tail,full,0.1,0.0007296718657016755,0.00993048012609022,0.3993241345037021,0.19421350981483787
Battery,50,batch,14,body,full,1.0,0.0019701181445270777,0.02274381981112961,0.9145737211160673,0.4448080068667159
Battery,50,batch,14,excess,full,2.0,0.00034212780883535743,0.007447612845553049,0.29948315850867513,0.1456552968347171
Battery,50,batch,14,gate,full,0.5,0.0010063679656013846,0.00757686022830961,0.3046804499387777,0.1481830283764765
Battery,50,batch,14,amp_true,full,0.0001,5.390341393649578e-07,1.1833786858159311e-05,0.00047585984111890654,0.00023143707564406466
Battery,50,batch,14,amp_true,full,0.0003,1.6171024180948732e-06,3.550136057447793e-05,0.0014275795233567195,0.0006943112269321938
Battery,50,batch,14,amp_true,full,0.0007,3.7732389755547047e-06,8.283650800711518e-05,0.0033310188878323457,0.0016200595295084524
Battery,50,batch,14,amp_true,full,0.001,5.390341393649578e-06,0.00011833786858159311,0.004758598411189066,0.0023143707564406463
Battery,50,batch,14,amp_true,full,0.003,1.6171024180948735e-05,0.0003550136057447793,0.014275795233567196,0.006943112269321939
Battery,50,batch,15,tail,shared,0.01,5.730036646127701e-05,0.00079561393341446,0.03573435167753849,0.014517818460845919
Battery,50,batch,15,tail,shared,0.025,0.00014325091615319252,0.00198903483353615,0.08933587919384622,0.0362945461521148
Battery,50,batch,15,tail,shared,0.05,0.00028650183230638504,0.0039780696670723,0.17867175838769245,0.0725890923042296
Battery,50,batch,15,tail,shared,0.1,0.0005730036646127701,0.0079561393341446,0.3573435167753849,0.1451781846084592
Battery,50,batch,15,body,shared,1.0,0.0018289405852556229,0.020790373035621694,0.9337826681513173,0.37936849618643964
Battery,50,batch,15,excess,shared,2.0,0.00030822871485725045,0.006253585949888486,0.280874718495682,0.11411115584684364
Battery,50,batch,15,gate,shared,0.5,0.000816228857729584,0.015820793556823958,0.7105780542970658,0.2886870115242713
Battery,50,batch,15,amp_true,shared,0.0001,3.2616218086332083e-07,6.171972552479552e-06,0.0002772091192368888,0.00011262193043512808
Battery,50,batch,15,amp_true,shared,0.0003,9.784865425899624e-07,1.8515917657438652e-05,0.0008316273577106664,0.0003378657913053842
Battery,50,batch,15,amp_true,shared,0.0007,2.2831352660432457e-06,4.320380786735686e-05,0.0019404638346582216,0.0007883535130458964
Battery,50,batch,15,amp_true,shared,0.001,3.2616218086332085e-06,6.171972552479551e-05,0.002772091192368888,0.0011262193043512806
Battery,50,batch,15,amp_true,shared,0.003,9.784865425899626e-06,0.00018515917657438655,0.008316273577106664,0.0033786579130538424
Battery,50,batch,15,tail,temporal,0.01,5.730036646127701e-05,2.2283048144666934e-06,0.0110061518315652,0.004650089594440279
Battery,50,batch,15,tail,temporal,0.025,0.00014325091615319252,5.570762036166733e-06,0.027515379578913004,0.011625223986100698
Battery,50,batch,15,tail,temporal,0.05,0.00028650183230638504,1.1141524072333467e-05,0.05503075915782601,0.023250447972201396
Battery,50,batch,15,tail,temporal,0.1,0.0005730036646127701,2.2283048144666934e-05,0.11006151831565202,0.04650089594440279
Battery,50,batch,15,body,temporal,1.0,0.0018289405852556229,0.00019406651756722926,0.9585428097184443,0.40498350499889524
Battery,50,batch,15,excess,temporal,2.0,0.00030822871485725045,2.6864325785735092e-05,0.13268958830535796,0.05606123587171724
Battery,50,batch,15,gate,temporal,0.5,0.000816228857729584,0.00010862711495702235,0.5365363447944682,0.22668613991062567
Battery,50,batch,15,amp_true,temporal,0.0001,3.2616218086332083e-07,2.9408307672743752e-08,0.00014525494773167606,6.137008932139879e-05
Battery,50,batch,15,amp_true,temporal,0.0003,9.784865425899624e-07,8.822492301823124e-08,0.00043576484319502807,0.00018411026796419635
Battery,50,batch,15,amp_true,temporal,0.0007,2.2831352660432457e-06,2.0585815370920625e-07,0.0010167846341217323,0.00042959062524979154
Battery,50,batch,15,amp_true,temporal,0.001,3.2616218086332085e-06,2.940830767274375e-07,0.0014525494773167604,0.0006137008932139879
Battery,50,batch,15,amp_true,temporal,0.003,9.784865425899626e-06,8.822492301823125e-07,0.0043576484319502815,0.0018411026796419639
Battery,50,batch,15,tail,excess,0.01,5.730036646127701e-05,3.0631579509811386e-05,0.15971293544539303,0.030646295631205866
Battery,50,batch,15,tail,excess,0.025,0.00014325091615319252,7.657894877452846e-05,0.3992823386134826,0.07661573907801467
Battery,50,batch,15,tail,excess,0.05,0.00028650183230638504,0.00015315789754905693,0.7985646772269652,0.15323147815602933
Battery,50,batch,15,tail,excess,0.1,0.0005730036646127701,0.00030631579509811385,1.5971293544539304,0.30646295631205867
Battery,50,batch,15,body,excess,1.0,0.0018289405852556229,0.0,0.0,0.0
Battery,50,batch,15,excess,excess,2.0,0.00030822871485725045,0.0008219369917550731,4.285576251864881,0.8223318693533833
Battery,50,batch,15,gate,excess,0.5,0.000816228857729584,0.0,0.0,0.0
Battery,50,batch,15,amp_true,excess,0.0001,3.2616218086332083e-07,1.5961857791787208e-06,0.00832250639335037,0.001596952623855699
Battery,50,batch,15,amp_true,excess,0.0003,9.784865425899624e-07,4.788557337536162e-06,0.024967519180051106,0.004790857871567097
Battery,50,batch,15,amp_true,excess,0.0007,2.2831352660432457e-06,1.1173300454251046e-05,0.058257544753452586,0.011178668366989894
Battery,50,batch,15,amp_true,excess,0.001,3.2616218086332085e-06,1.5961857791787208e-05,0.08322506393350369,0.01596952623855699
Battery,50,batch,15,amp_true,excess,0.003,9.784865425899626e-06,4.788557337536163e-05,0.24967519180051106,0.047908578715670974
Battery,50,batch,15,tail,full,0.01,5.730036646127701e-05,0.0007975227193110046,0.031842828170310464,0.01341024911781262
Battery,50,batch,15,tail,full,0.025,0.00014325091615319252,0.0019938067982775117,0.07960707042577615,0.03352562279453155
Battery,50,batch,15,tail,full,0.05,0.00028650183230638504,0.003987613596555023,0.1592141408515523,0.0670512455890631
Battery,50,batch,15,tail,full,0.1,0.0005730036646127701,0.007975227193110047,0.3184282817031046,0.1341024911781262
Battery,50,batch,15,body,full,1.0,0.0018289405852556229,0.023754857225635497,0.9484643114614422,0.399435082462669
Battery,50,batch,15,excess,full,2.0,0.00030822871485725045,0.006307370105761835,0.25183546201397305,0.1060576737796054
Battery,50,batch,15,gate,full,0.5,0.000816228857729584,0.015979822910185144,0.638029165564857,0.2686988105733771
Battery,50,batch,15,amp_true,full,0.0001,3.2616218086332083e-07,6.375033665025882e-06,0.00025453707670013284,0.00010719542843405923
Battery,50,batch,15,amp_true,full,0.0003,9.784865425899624e-07,1.9125100995077645e-05,0.0007636112301003985,0.00032158628530217767
Battery,50,batch,15,amp_true,full,0.0007,2.2831352660432457e-06,4.4625235655181174e-05,0.00178175953690093,0.0007503679990384145
Battery,50,batch,15,amp_true,full,0.001,3.2616218086332085e-06,6.375033665025882e-05,0.0025453707670013283,0.0010719542843405923
Battery,50,batch,15,amp_true,full,0.003,9.784865425899626e-06,0.00019125100995077648,0.007636112301003985,0.003215862853021777
Battery,50,accum4,3,tail,shared,0.01,5.1059684483334426e-05,0.0004383610505748781,0.02065572608239385,0.009684798221952194
Battery,50,accum4,3,tail,shared,0.025,0.00012764921120833606,0.0010959026264371955,0.05163931520598463,0.02421199555488049
Battery,50,accum4,3,tail,shared,0.05,0.0002552984224166721,0.002191805252874391,0.10327863041196926,0.04842399110976098
Battery,50,accum4,3,tail,shared,0.1,0.0005105968448333442,0.004383610505748782,0.20655726082393852,0.09684798221952196
Battery,50,accum4,3,body,shared,1.0,0.001868419349193573,0.020490362123286955,0.9655130326761948,0.4526976618897142
Battery,50,accum4,3,excess,shared,2.0,0.0003019598480022978,0.003933217599520099,0.18533458949327963,0.08689736180809846
Battery,50,accum4,3,gate,shared,0.5,0.0006790345796616748,0.00591980164980035,0.27894312503362456,0.13078735991053336
Battery,50,accum4,3,amp_true,shared,0.0001,3.9615979767404497e-07,8.257247852245569e-06,0.0003890844079480676,0.00018242902560063675
Battery,50,accum4,3,amp_true,shared,0.0003,1.1884793930221347e-06,2.47717435567367e-05,0.0011672532238442028,0.0005472870768019101
Battery,50,accum4,3,amp_true,shared,0.0007,2.773118583718315e-06,5.780073496571898e-05,0.0027235908556364733,0.0012770031792044571
Battery,50,accum4,3,amp_true,shared,0.001,3.96159797674045e-06,8.257247852245568e-05,0.0038908440794806765,0.0018242902560063675
Battery,50,accum4,3,amp_true,shared,0.003,1.188479393022135e-05,0.00024771743556736706,0.01167253223844203,0.005472870768019103
Battery,50,accum4,3,tail,temporal,0.01,5.1059684483334426e-05,1.8153743003598939e-06,0.009173911869162799,0.004377808192973953
Battery,50,accum4,3,tail,temporal,0.025,0.00012764921120833606,4.538435750899734e-06,0.022934779672906996,0.010944520482434883
Battery,50,accum4,3,tail,temporal,0.05,0.0002552984224166721,9.076871501799469e-06,0.04586955934581399,0.021889040964869766
Battery,50,accum4,3,tail,temporal,0.1,0.0005105968448333442,1.8153743003598938e-05,0.09173911869162799,0.04377808192973953
Battery,50,accum4,3,body,temporal,1.0,0.001868419349193573,0.00019267243127303246,0.9736614117351509,0.46463307760833333
Battery,50,accum4,3,excess,temporal,2.0,0.0003019598480022978,2.1881558206848186e-05,0.1105774641129298,0.05276777619578818
Battery,50,accum4,3,gate,temporal,0.5,0.0006790345796616748,2.8924334803324726e-05,0.14616781691095573,0.06975156024474594
Battery,50,accum4,3,amp_true,temporal,0.0001,3.9615979767404497e-07,6.62419545363199e-08,0.0003347507193622896,0.0001597436799839122
Battery,50,accum4,3,amp_true,temporal,0.0003,1.1884793930221347e-06,1.9872586360895968e-07,0.0010042521580868686,0.0004792310399517365
Battery,50,accum4,3,amp_true,temporal,0.0007,2.773118583718315e-06,4.636936817542393e-07,0.002343255035536027,0.0011182057598873854
Battery,50,accum4,3,amp_true,temporal,0.001,3.96159797674045e-06,6.62419545363199e-07,0.003347507193622896,0.0015974367998391218
Battery,50,accum4,3,amp_true,temporal,0.003,1.188479393022135e-05,1.987258636089597e-06,0.010042521580868687,0.0047923103995173655
Battery,50,accum4,3,tail,excess,0.01,5.1059684483334426e-05,6.321242650614373e-05,0.19223812135851462,0.0477538161997666
Battery,50,accum4,3,tail,excess,0.025,0.00012764921120833606,0.00015803106626535932,0.48059530339628653,0.11938454049941649
Battery,50,accum4,3,tail,excess,0.05,0.0002552984224166721,0.00031606213253071864,0.9611906067925731,0.23876908099883298
Battery,50,accum4,3,tail,excess,0.1,0.0005105968448333442,0.0006321242650614373,1.9223812135851461,0.47753816199766597
Battery,50,accum4,3,body,excess,1.0,0.001868419349193573,0.0,0.0,0.0
Battery,50,accum4,3,excess,excess,2.0,0.0003019598480022978,0.0009992326316602676,3.038810792871949,0.754870111313885
Battery,50,accum4,3,gate,excess,0.5,0.0006790345796616748,0.0,0.0,0.0
Battery,50,accum4,3,amp_true,excess,0.0001,3.9615979767404497e-07,4.67837023830681e-06,0.014227599782841384,0.003534273952493313
Battery,50,accum4,3,amp_true,excess,0.0003,1.1884793930221347e-06,1.4035110714920429e-05,0.04268279934852415,0.010602821857479938
Battery,50,accum4,3,amp_true,excess,0.0007,2.773118583718315e-06,3.274859166814767e-05,0.09959319847988968,0.02473991766745319
Battery,50,accum4,3,amp_true,excess,0.001,3.96159797674045e-06,4.6783702383068105e-05,0.14227599782841382,0.03534273952493313
Battery,50,accum4,3,amp_true,excess,0.003,1.188479393022135e-05,0.00014035110714920432,0.42682799348524153,0.1060282185747994
Battery,50,accum4,3,tail,full,0.01,5.1059684483334426e-05,0.0004444352808749783,0.018676171652429744,0.008864545273522513
Battery,50,accum4,3,tail,full,0.025,0.00012764921120833606,0.001111088202187446,0.04669042913107436,0.022161363183806283
Battery,50,accum4,3,tail,full,0.05,0.0002552984224166721,0.002222176404374892,0.09338085826214872,0.044322726367612565
Battery,50,accum4,3,tail,full,0.1,0.0005105968448333442,0.004444352808749784,0.18676171652429743,0.08864545273522513
Battery,50,accum4,3,body,full,1.0,0.001868419349193573,0.023139722211601377,0.9723832526585069,0.4615365250878383
Battery,50,accum4,3,excess,full,2.0,0.0003019598480022978,0.004058160486889269,0.17053304520973028,0.08094260044438208
Battery,50,accum4,3,gate,full,0.5,0.0006790345796616748,0.005953077343274771,0.2501617200693517,0.11873792630132157
Battery,50,accum4,3,amp_true,full,0.0001,3.9615979767404497e-07,9.490484191024659e-06,0.0003988115242950468,0.00018929376311745507
Battery,50,accum4,3,amp_true,full,0.0003,1.1884793930221347e-06,2.847145257307397e-05,0.00119643457288514,0.0005678812893523652
Battery,50,accum4,3,amp_true,full,0.0007,2.773118583718315e-06,6.64333893371726e-05,0.002791680670065327,0.0013250563418221856
Battery,50,accum4,3,amp_true,full,0.001,3.96159797674045e-06,9.490484191024658e-05,0.0039881152429504674,0.0018929376311745507
Battery,50,accum4,3,amp_true,full,0.003,1.188479393022135e-05,0.00028471452573073974,0.011964345728851402,0.005678812893523652
Boston,50,batch,0,tail,shared,0.01,2.4259991478174924e-05,0.0008923382189748477,0.06853527352765948,0.03323974153125322
Boston,50,batch,0,tail,shared,0.025,6.0649978695437316e-05,0.0022308455474371195,0.1713381838191487,0.08309935382813305
Boston,50,batch,0,tail,shared,0.05,0.00012129995739087463,0.004461691094874239,0.3426763676382974,0.1661987076562661
Boston,50,batch,0,tail,shared,0.1,0.00024259991478174926,0.008923382189748478,0.6853527352765948,0.3323974153125322
Boston,50,batch,0,body,shared,1.0,0.001048167352564633,0.012354892378760548,0.9489069397430088,0.46022171928066496
Boston,50,batch,0,excess,shared,2.0,9.576525189913809e-05,0.0021015422005432657,0.16140715087785776,0.07828278345326399
Boston,50,batch,0,gate,shared,0.5,0.00040756288217380643,0.0035547258076600954,0.2730176746477357,0.1324141054911237
Boston,50,batch,0,amp_true,shared,0.0001,3.1335141975432635e-07,6.357608995328633e-06,0.0004882907200560439,0.0002368219530082134
Boston,50,batch,0,amp_true,shared,0.0003,9.40054259262979e-07,1.9072826985985896e-05,0.0014648721601681315,0.0007104658590246401
Boston,50,batch,0,amp_true,shared,0.0007,2.1934599382802845e-06,4.4503262967300425e-05,0.003418035040392307,0.0016577536710574937
Boston,50,batch,0,amp_true,shared,0.001,3.1335141975432635e-06,6.357608995328633e-05,0.004882907200560439,0.002368219530082134
Boston,50,batch,0,amp_true,shared,0.003,9.40054259262979e-06,0.000190728269859859,0.014648721601681318,0.007104658590246402
Boston,50,batch,0,tail,temporal,0.01,2.4259991478174924e-05,1.4072833672512808e-05,0.061309207578044256,0.030635380259171174
Boston,50,batch,0,tail,temporal,0.025,6.0649978695437316e-05,3.5182084181282025e-05,0.15327301894511064,0.07658845064792794
Boston,50,batch,0,tail,temporal,0.05,0.00012129995739087463,7.036416836256405e-05,0.3065460378902213,0.15317690129585587
Boston,50,batch,0,tail,temporal,0.1,0.00024259991478174926,0.0001407283367251281,0.6130920757804426,0.30635380259171174
Boston,50,batch,0,body,temporal,1.0,0.001048167352564633,0.0002196803803819924,0.9570517462996778,0.4782257891405899
Boston,50,batch,0,excess,temporal,2.0,9.576525189913809e-05,3.35991870319498e-05,0.1463770254187567,0.07314261612664974
Boston,50,batch,0,gate,temporal,0.5,0.00040756288217380643,3.5865505450106046e-06,0.0156250387782733,0.00780762015113893
Boston,50,batch,0,amp_true,temporal,0.0001,3.1335141975432635e-07,1.0040499977724364e-07,0.00043742085755195045,0.00021857327526764002
Boston,50,batch,0,amp_true,temporal,0.0003,9.40054259262979e-07,3.012149993317309e-07,0.0013122625726558511,0.00065571982580292
Boston,50,batch,0,amp_true,temporal,0.0007,2.1934599382802845e-06,7.028349984407055e-07,0.003061946002863653,0.00153001292687348
Boston,50,batch,0,amp_true,temporal,0.001,3.1335141975432635e-06,1.0040499977724365e-06,0.0043742085755195045,0.0021857327526764
Boston,50,batch,0,amp_true,temporal,0.003,9.40054259262979e-06,3.0121499933173095e-06,0.013122625726558514,0.006557198258029201
Boston,50,batch,0,tail,excess,0.01,2.4259991478174924e-05,8.91842554920613e-05,0.2011387679651859,0.07876194226430726
Boston,50,batch,0,tail,excess,0.025,6.0649978695437316e-05,0.00022296063873015323,0.5028469199129647,0.19690485566076815
Boston,50,batch,0,tail,excess,0.05,0.00012129995739087463,0.00044592127746030647,1.0056938398259294,0.3938097113215363
Boston,50,batch,0,tail,excess,0.1,0.00024259991478174926,0.0008918425549206129,2.011387679651859,0.7876194226430726
Boston,50,batch,0,body,excess,1.0,0.001048167352564633,0.0,0.0,0.0
Boston,50,batch,0,excess,excess,2.0,9.576525189913809e-05,0.0006893901989759719,1.554793438642815,0.6088261963924573
Boston,50,batch,0,gate,excess,0.5,0.00040756288217380643,0.0,0.0,0.0
Boston,50,batch,0,amp_true,excess,0.0001,3.1335141975432635e-07,2.423058269481013e-06,0.0054647645186055235,0.0021398931287922654
Boston,50,batch,0,amp_true,excess,0.0003,9.40054259262979e-07,7.269174808443039e-06,0.01639429355581657,0.006419679386376795
Boston,50,batch,0,amp_true,excess,0.0007,2.1934599382802845e-06,1.696140788636709e-05,0.038253351630238665,0.014979251901545858
Boston,50,batch,0,amp_true,excess,0.001,3.1335141975432635e-06,2.423058269481013e-05,0.054647645186055235,0.021398931287922654
Boston,50,batch,0,amp_true,excess,0.003,9.40054259262979e-06,7.269174808443039e-05,0.16394293555816572,0.06419679386376796
Boston,50,batch,0,tail,full,0.01,2.4259991478174924e-05,0.0009209603432224664,0.06252958872307854,0.03051566457588812
Boston,50,batch,0,tail,full,0.025,6.0649978695437316e-05,0.002302400858056166,0.15632397180769633,0.07628916143972031
Boston,50,batch,0,tail,full,0.05,0.00012129995739087463,0.004604801716112332,0.31264794361539266,0.15257832287944062
Boston,50,batch,0,tail,full,0.1,0.00024259991478174926,0.009209603432224664,0.6252958872307853,0.30515664575888124
Boston,50,batch,0,body,full,1.0,0.001048167352564633,0.014135952675705095,0.9597756445493584,0.4683893215239605
Boston,50,batch,0,excess,full,2.0,9.576525189913809e-05,0.002211727484820036,0.15016760603330181,0.07328473430667308
Boston,50,batch,0,gate,full,0.5,0.00040756288217380643,0.003569286800815742,0.24234054954938317,0.11826693688864684
Boston,50,batch,0,amp_true,full,0.0001,3.1335141975432635e-07,6.803705131381271e-06,0.00046194484571373417,0.00022543813660424604
Boston,50,batch,0,amp_true,full,0.0003,9.40054259262979e-07,2.0411115394143813e-05,0.0013858345371412022,0.000676314409812738
Boston,50,batch,0,amp_true,full,0.0007,2.1934599382802845e-06,4.76259359196689e-05,0.003233613919996139,0.0015780669562297223
Boston,50,batch,0,amp_true,full,0.001,3.1335141975432635e-06,6.803705131381271e-05,0.004619448457137342,0.0022543813660424604
Boston,50,batch,0,amp_true,full,0.003,9.40054259262979e-06,0.00020411115394143814,0.013858345371412025,0.006763144098127381
Boston,50,batch,1,tail,shared,0.01,5.0168298184871676e-05,0.0013206626319828036,0.08091885216817098,0.0347383394546379
Boston,50,batch,1,tail,shared,0.025,0.00012542074546217918,0.003301656579957009,0.20229713042042743,0.08684584863659475
Boston,50,batch,1,tail,shared,0.05,0.00025084149092435837,0.006603313159914018,0.40459426084085487,0.1736916972731895
Boston,50,batch,1,tail,shared,0.1,0.0005016829818487167,0.013206626319828036,0.8091885216817097,0.347383394546379
Boston,50,batch,1,body,shared,1.0,0.000997525523416698,0.014232793971611618,0.872063253277444,0.3743754206412696
Boston,50,batch,1,excess,shared,2.0,0.0002869425225071609,0.006077995105339243,0.37240728668865447,0.15987387850590104
Boston,50,batch,1,gate,shared,0.5,0.0005518063553608954,0.006960318861601978,0.42646850101278266,0.18308227511808384
Boston,50,batch,1,amp_true,shared,0.0001,6.806228775531054e-07,1.9269110875304433e-05,0.0011806454552211166,0.0005068492878990584
Boston,50,batch,1,amp_true,shared,0.0003,2.041868632659316e-06,5.7807332625913294e-05,0.003541936365663349,0.001520547863697175
Boston,50,batch,1,amp_true,shared,0.0007,4.764360142871738e-06,0.00013488377612713102,0.008264518186547816,0.0035479450152934083
Boston,50,batch,1,amp_true,shared,0.001,6.806228775531053e-06,0.00019269110875304432,0.011806454552211165,0.005068492878990583
Boston,50,batch,1,amp_true,shared,0.003,2.041868632659316e-05,0.000578073326259133,0.03541936365663349,0.015205478636971751
Boston,50,batch,1,tail,temporal,0.01,5.0168298184871676e-05,1.6465795122040897e-05,0.06273302733841066,0.02736740716495459
Boston,50,batch,1,tail,temporal,0.025,0.00012542074546217918,4.116448780510225e-05,0.15683256834602666,0.06841851791238648
Boston,50,batch,1,tail,temporal,0.05,0.00025084149092435837,8.23289756102045e-05,0.3136651366920533,0.13683703582477297
Boston,50,batch,1,tail,temporal,0.1,0.0005016829818487167,0.000164657951220409,0.6273302733841066,0.27367407164954594
Boston,50,batch,1,body,temporal,1.0,0.000997525523416698,0.0002464968797354552,0.939128379811917,0.40969661183145445
Boston,50,batch,1,excess,temporal,2.0,0.0002869425225071609,6.989033329140291e-05,0.26627515747425207,0.11616306372717258
Boston,50,batch,1,gate,temporal,0.5,0.0005518063553608954,9.572666732651405e-05,0.36470899788924466,0.15910502115759034
Boston,50,batch,1,amp_true,temporal,0.0001,6.806228775531054e-07,2.2638989891261964e-07,0.0008625228002876469,0.00037627727635703925
Boston,50,batch,1,amp_true,temporal,0.0003,2.041868632659316e-06,6.791696967378588e-07,0.0025875684008629402,0.0011288318290711176
Boston,50,batch,1,amp_true,temporal,0.0007,4.764360142871738e-06,1.5847292923883373e-06,0.006037659602013528,0.0026339409344992744
Boston,50,batch,1,amp_true,temporal,0.001,6.806228775531053e-06,2.263898989126196e-06,0.008625228002876469,0.0037627727635703924
Boston,50,batch,1,amp_true,temporal,0.003,2.041868632659316e-05,6.791696967378588e-06,0.025875684008629406,0.011288318290711178
Boston,50,batch,1,tail,excess,0.01,5.0168298184871676e-05,0.0001696352650841444,0.19979379608848774,0.07667736340470055
Boston,50,batch,1,tail,excess,0.025,0.00012542074546217918,0.000424088162710361,0.4994844902212194,0.1916934085117514
Boston,50,batch,1,tail,excess,0.05,0.00025084149092435837,0.000848176325420722,0.9989689804424388,0.3833868170235028
Boston,50,batch,1,tail,excess,0.1,0.0005016829818487167,0.001696352650841444,1.9979379608848775,0.7667736340470056
Boston,50,batch,1,body,excess,1.0,0.000997525523416698,0.0,0.0,0.0
Boston,50,batch,1,excess,excess,2.0,0.0002869425225071609,0.0013631051528982762,1.6054442030684832,0.6161413967535359
Boston,50,batch,1,gate,excess,0.5,0.0005518063553608954,0.0,0.0,0.0
Boston,50,batch,1,amp_true,excess,0.0001,6.806228775531054e-07,5.581801895318166e-06,0.0065741600906294665,0.0025230476231935446
Boston,50,batch,1,amp_true,excess,0.0003,2.041868632659316e-06,1.67454056859545e-05,0.019722480271888398,0.007569142869580632
Boston,50,batch,1,amp_true,excess,0.0007,4.764360142871738e-06,3.907261326722716e-05,0.04601912063440627,0.01766133336235481
Boston,50,batch,1,amp_true,excess,0.001,6.806228775531053e-06,5.581801895318166e-05,0.06574160090629466,0.025230476231935445
Boston,50,batch,1,amp_true,excess,0.003,2.041868632659316e-05,0.000167454056859545,0.19722480271888398,0.07569142869580633
Boston,50,batch,1,tail,full,0.01,5.0168298184871676e-05,0.0013563238339770593,0.07363021166862271,0.03252768777984103
Boston,50,batch,1,tail,full,0.025,0.00012542074546217918,0.003390809584942648,0.18407552917155678,0.08131921944960258
Boston,50,batch,1,tail,full,0.05,0.00025084149092435837,0.006781619169885296,0.36815105834311357,0.16263843889920515
Boston,50,batch,1,tail,full,0.1,0.0005016829818487167,0.013563238339770592,0.7363021166862271,0.3252768777984103
Boston,50,batch,1,body,full,1.0,0.000997525523416698,0.016539267440702603,0.897860622954658,0.3966487308867597
Boston,50,batch,1,excess,full,2.0,0.0002869425225071609,0.006228971035282281,0.3381496692133715,0.14938469703892426
Boston,50,batch,1,gate,full,0.5,0.0005518063553608954,0.007078307847626577,0.3842572784024625,0.16975369886561337
Boston,50,batch,1,amp_true,full,0.0001,6.806228775531054e-07,2.0061284762530864e-05,0.0010890589742704815,0.00048111460616648234
Boston,50,batch,1,amp_true,full,0.0003,2.041868632659316e-06,6.018385428759258e-05,0.003267176922811444,0.001443343818499447
Boston,50,batch,1,amp_true,full,0.0007,4.764360142871738e-06,0.00014042899333771604,0.007623412819893371,0.0033678022431653763
Boston,50,batch,1,amp_true,full,0.001,6.806228775531053e-06,0.00020061284762530862,0.010890589742704815,0.004811146061664823
Boston,50,batch,1,amp_true,full,0.003,2.041868632659316e-05,0.0006018385428759259,0.03267176922811445,0.014433438184994471
Boston,50,batch,2,tail,shared,0.01,2.4221641942858697e-05,0.00041553664414922245,0.030115428228427592,0.013004121687027618
Boston,50,batch,2,tail,shared,0.025,6.0554104857146745e-05,0.0010388416103730561,0.07528857057106898,0.03251030421756904
Boston,50,batch,2,tail,shared,0.05,0.00012110820971429349,0.0020776832207461122,0.15057714114213797,0.06502060843513809
Boston,50,batch,2,tail,shared,0.1,0.00024221641942858698,0.0041553664414922245,0.30115428228427593,0.13004121687027617
Boston,50,batch,2,body,shared,1.0,0.0008424778352491558,0.013609456435273165,0.9863260299065201,0.42590474286796903
Boston,50,batch,2,excess,shared,2.0,7.378600275842473e-05,0.0017710271456793487,0.1283526775490594,0.05542387858619985
Boston,50,batch,2,gate,shared,0.5,0.0004200066323392093,0.007424776202390878,0.5381001121887653,0.2323566274943611
Boston,50,batch,2,amp_true,shared,0.0001,1.6707298345863819e-07,1.5720007761762066e-06,0.00011392852403401111,4.919539509530283e-05
Boston,50,batch,2,amp_true,shared,0.0003,5.012189503759145e-07,4.716002328528619e-06,0.0003417855721020333,0.00014758618528590845
Boston,50,batch,2,amp_true,shared,0.0007,1.1695108842104672e-06,1.1004005433233445e-05,0.0007974996682380777,0.00034436776566711976
Boston,50,batch,2,amp_true,shared,0.001,1.670729834586382e-06,1.5720007761762064e-05,0.001139285240340111,0.0004919539509530283
Boston,50,batch,2,amp_true,shared,0.003,5.0121895037591454e-06,4.716002328528619e-05,0.0034178557210203333,0.0014758618528590848
Boston,50,batch,2,tail,temporal,0.01,2.4221641942858697e-05,5.248010382474994e-06,0.021482623158381276,0.009433157149864856
Boston,50,batch,2,tail,temporal,0.025,6.0554104857146745e-05,1.3120025956187486e-05,0.05370655789595319,0.023582892874662142
Boston,50,batch,2,tail,temporal,0.05,0.00012110820971429349,2.6240051912374972e-05,0.10741311579190638,0.047165785749324285
Boston,50,batch,2,tail,temporal,0.1,0.00024221641942858698,5.2480103824749944e-05,0.21482623158381275,0.09433157149864857
Boston,50,batch,2,body,temporal,1.0,0.0008424778352491558,0.00024140437283825224,0.9881838625524586,0.4339178507062816
Boston,50,batch,2,excess,temporal,2.0,7.378600275842473e-05,2.011883389883549e-05,0.08235603505626429,0.036163061428670436
Boston,50,batch,2,gate,temporal,0.5,0.0004200066323392093,0.00010427772265349166,0.4268587247959458,0.18743639462018466
Boston,50,batch,2,amp_true,temporal,0.0001,1.6707298345863819e-07,1.844382851897621e-08,7.549943479420305e-05,3.315228442490429e-05
Boston,50,batch,2,amp_true,temporal,0.0003,5.012189503759145e-07,5.533148555692862e-08,0.0002264983043826091,9.945685327471285e-05
Boston,50,batch,2,amp_true,temporal,0.0007,1.1695108842104672e-06,1.2910679963283346e-07,0.0005284960435594212,0.00023206599097433002
Boston,50,batch,2,amp_true,temporal,0.001,1.670729834586382e-06,1.844382851897621e-07,0.0007549943479420304,0.0003315228442490429
Boston,50,batch,2,amp_true,temporal,0.003,5.0121895037591454e-06,5.533148555692862e-07,0.002264983043826091,0.0009945685327471287
Boston,50,batch,2,tail,excess,0.01,2.4221641942858697e-05,3.588568666975915e-05,0.1980724164519724,0.0490776504795979
Boston,50,batch,2,tail,excess,0.025,6.0554104857146745e-05,8.971421667439788e-05,0.49518104112993105,0.12269412619899474
Boston,50,batch,2,tail,excess,0.05,0.00012110820971429349,0.00017942843334879576,0.9903620822598621,0.24538825239798948
Boston,50,batch,2,tail,excess,0.1,0.00024221641942858698,0.0003588568666975915,1.9807241645197242,0.49077650479597895
Boston,50,batch,2,body,excess,1.0,0.0008424778352491558,0.0,0.0,0.0
Boston,50,batch,2,excess,excess,2.0,7.378600275842473e-05,0.0005522647537527014,3.048246374765141,0.755283208213393
Boston,50,batch,2,gate,excess,0.5,0.0004200066323392093,0.0,0.0,0.0
Boston,50,batch,2,amp_true,excess,0.0001,1.6707298345863819e-07,2.0323127380585476e-06,0.011217427681343647,0.0027794127263481854
Boston,50,batch,2,amp_true,excess,0.0003,5.012189503759145e-07,6.096938214175642e-06,0.03365228304403094,0.008338238179044555
Boston,50,batch,2,amp_true,excess,0.0007,1.1695108842104672e-06,1.4226189166409834e-05,0.07852199376940552,0.019455889084437294
Boston,50,batch,2,amp_true,excess,0.001,1.670729834586382e-06,2.0323127380585475e-05,0.11217427681343646,0.027794127263481853
Boston,50,batch,2,amp_true,excess,0.003,5.0121895037591454e-06,6.096938214175643e-05,0.3365228304403094,0.08338238179044556
Boston,50,batch,2,tail,full,0.01,2.4221641942858697e-05,0.0004614236347212405,0.02976517258559023,0.013197955085765224
Boston,50,batch,2,tail,full,0.025,6.0554104857146745e-05,0.0011535590868031011,0.07441293146397558,0.03299488771441306
Boston,50,batch,2,tail,full,0.05,0.00012110820971429349,0.0023071181736062023,0.14882586292795116,0.06598977542882611
Boston,50,batch,2,tail,full,0.1,0.00024221641942858698,0.0046142363472124045,0.2976517258559023,0.13197955085765223
Boston,50,batch,2,body,full,1.0,0.0008424778352491558,0.015314015404322515,0.9878651139390027,0.43802196567383916
Boston,50,batch,2,excess,full,2.0,7.378600275842473e-05,0.0018551370593491664,0.11966980142838018,0.053061901785807705
Boston,50,batch,2,gate,full,0.5,0.0004200066323392093,0.0075689711984869715,0.4882535636789211,0.21649290241370292
Boston,50,batch,2,amp_true,full,0.0001,1.6707298345863819e-07,2.569334837185225e-06,0.00016574074040483298,7.348987617842444e-05
Boston,50,batch,2,amp_true,full,0.0003,5.012189503759145e-07,7.708004511555674e-06,0.0004972222212144988,0.00022046962853527327
Boston,50,batch,2,amp_true,full,0.0007,1.1695108842104672e-06,1.7985343860296575e-05,0.0011601851828338307,0.000514429133248971
Boston,50,batch,2,amp_true,full,0.001,1.670729834586382e-06,2.5693348371852253e-05,0.0016574074040483298,0.0007348987617842443
Boston,50,batch,2,amp_true,full,0.003,5.0121895037591454e-06,7.708004511555676e-05,0.004972222212144989,0.002204696285352733
Boston,50,batch,3,tail,shared,0.01,3.652137238532305e-05,0.0010464730836166466,0.06007318439908255,0.0279218696176207
Boston,50,batch,3,tail,shared,0.025,9.130343096330762e-05,0.0026161827090416165,0.1501829609977064,0.06980467404405176
Boston,50,batch,3,tail,shared,0.05,0.00018260686192661524,0.005232365418083233,0.3003659219954128,0.13960934808810352
Boston,50,batch,3,tail,shared,0.1,0.0003652137238532305,0.010464730836166466,0.6007318439908256,0.27921869617620704
Boston,50,batch,3,body,shared,1.0,0.00111946533434093,0.015965893750369844,0.9165281882333456,0.42600006689701025
Boston,50,batch,3,excess,shared,2.0,0.00018615495355334133,0.004374441808171496,0.2511164916704239,0.11671833296992647
Boston,50,batch,3,gate,shared,0.5,0.0004147700092289597,0.003504794692342973,0.20119406904035927,0.09351451266947128
Boston,50,batch,3,amp_true,shared,0.0001,5.667186807841062e-07,9.96283905076835e-06,0.0005719205556312573,0.00026582727960425945
Boston,50,batch,3,amp_true,shared,0.0003,1.7001560423523185e-06,2.9888517152305045e-05,0.0017157616668937717,0.0007974818388127782
Boston,50,batch,3,amp_true,shared,0.0007,3.967030765488744e-06,6.973987335537845e-05,0.0040034438894188005,0.001860790957229816
Boston,50,batch,3,amp_true,shared,0.001,5.667186807841063e-06,9.96283905076835e-05,0.005719205556312573,0.0026582727960425944
Boston,50,batch,3,amp_true,shared,0.003,1.700156042352319e-05,0.00029888517152305046,0.017157616668937718,0.007974818388127783
Boston,50,batch,3,tail,temporal,0.01,3.652137238532305e-05,1.5340049493062395e-05,0.06592814222481419,0.030882159141202063
Boston,50,batch,3,tail,temporal,0.025,9.130343096330762e-05,3.8350123732655995e-05,0.16482035556203548,0.07720539785300516
Boston,50,batch,3,tail,temporal,0.05,0.00018260686192661524,7.670024746531199e-05,0.32964071112407095,0.15441079570601032
Boston,50,batch,3,tail,temporal,0.1,0.0003652137238532305,0.00015340049493062398,0.6592814222481419,0.30882159141202065
Boston,50,batch,3,body,temporal,1.0,0.00111946533434093,0.00020104200573372463,0.8640341058331809,0.4047321501761264
Boston,50,batch,3,excess,temporal,2.0,0.00018615495355334133,5.9187172505630536e-05,0.25437338573128876,0.11915396239518683
Boston,50,batch,3,gate,temporal,0.5,0.0004147700092289597,2.9972866060793665e-05,0.1288167536509573,0.0603405367124782
Boston,50,batch,3,amp_true,temporal,0.0001,5.667186807841062e-07,1.4451884272571904e-07,0.0006211100441165965,0.000290941297286977
Boston,50,batch,3,amp_true,temporal,0.0003,1.7001560423523185e-06,4.335565281771571e-07,0.0018633301323497892,0.000872823891860931
Boston,50,batch,3,amp_true,temporal,0.0007,3.967030765488744e-06,1.0116318990800334e-06,0.004347770308816175,0.002036589081008839
Boston,50,batch,3,amp_true,temporal,0.001,5.667186807841063e-06,1.4451884272571903e-06,0.006211100441165965,0.00290941297286977
Boston,50,batch,3,amp_true,temporal,0.003,1.700156042352319e-05,4.335565281771571e-06,0.018633301323497893,0.008728238918609311
Boston,50,batch,3,tail,excess,0.01,3.652137238532305e-05,0.0002397521110526851,0.19981620520105825,0.07274550498123335
Boston,50,batch,3,tail,excess,0.025,9.130343096330762e-05,0.0005993802776317128,0.4995405130026456,0.1818637624530834
Boston,50,batch,3,tail,excess,0.05,0.00018260686192661524,0.0011987605552634256,0.9990810260052913,0.3637275249061668
Boston,50,batch,3,tail,excess,0.1,0.0003652137238532305,0.0023975211105268512,1.9981620520105825,0.7274550498123336
Boston,50,batch,3,body,excess,1.0,0.00111946533434093,0.0,0.0,0.0
Boston,50,batch,3,excess,excess,2.0,0.00018615495355334133,0.002096821509903167,1.7475504814251006,0.6362168780232301
Boston,50,batch,3,gate,excess,0.5,0.0004147700092289597,0.0,0.0,0.0
Boston,50,batch,3,amp_true,excess,0.0001,5.667186807841062e-07,4.968705097123917e-06,0.004141059667467473,0.0015076028311328583
Boston,50,batch,3,amp_true,excess,0.0003,1.7001560423523185e-06,1.490611529137175e-05,0.012423179002402415,0.004522808493398574
Boston,50,batch,3,amp_true,excess,0.0007,3.967030765488744e-06,3.478093567986742e-05,0.028987417672272305,0.010553219817930008
Boston,50,batch,3,amp_true,excess,0.001,5.667186807841063e-06,4.968705097123917e-05,0.04141059667467472,0.015076028311328583
Boston,50,batch,3,amp_true,excess,0.003,1.700156042352319e-05,0.0001490611529137175,0.12423179002402417,0.045228084933985745
Boston,50,batch,3,tail,full,0.01,3.652137238532305e-05,0.0010996072338106612,0.05825641544640386,0.027320752103497804
Boston,50,batch,3,tail,full,0.025,9.130343096330762e-05,0.0027490180845266532,0.14564103861600963,0.06830188025874451
Boston,50,batch,3,tail,full,0.05,0.00018260686192661524,0.0054980361690533065,0.29128207723201927,0.13660376051748901
Boston,50,batch,3,tail,full,0.1,0.0003652137238532305,0.010996072338106613,0.5825641544640385,0.27320752103497803
Boston,50,batch,3,body,full,1.0,0.00111946533434093,0.017483086250981036,0.9262415748147361,0.43438334232472803
Boston,50,batch,3,excess,full,2.0,0.00018615495355334133,0.004851020673783127,0.25700365277850157,0.12052806602415671
Boston,50,batch,3,gate,full,0.5,0.0004147700092289597,0.00354540464909012,0.1878330369355953,0.08808883621900439
Boston,50,batch,3,amp_true,full,0.0001,5.667186807841062e-07,1.1133112426168164e-05,0.0005898244416442703,0.0002766124079428209
Boston,50,batch,3,amp_true,full,0.0003,1.7001560423523185e-06,3.3399337278504486e-05,0.0017694733249328106,0.0008298372238284624
Boston,50,batch,3,amp_true,full,0.0007,3.967030765488744e-06,7.793178698317715e-05,0.0041287710915098915,0.001936286855599746
Boston,50,batch,3,amp_true,full,0.001,5.667186807841063e-06,0.00011133112426168164,0.005898244416442703,0.0027661240794282084
Boston,50,batch,3,amp_true,full,0.003,1.700156042352319e-05,0.0003339933727850449,0.017694733249328107,0.008298372238284626
Boston,50,accum4,0,tail,shared,0.01,3.379282599780708e-05,0.0008658398839778785,0.06287996462905114,0.028253171144921492
Boston,50,accum4,0,tail,shared,0.025,8.448206499451772e-05,0.002164599709944696,0.15719991157262786,0.07063292786230373
Boston,50,accum4,0,tail,shared,0.05,0.00016896412998903545,0.004329199419889392,0.3143998231452557,0.14126585572460745
Boston,50,accum4,0,tail,shared,0.1,0.0003379282599780709,0.008658398839778784,0.6287996462905114,0.2825317114492149
Boston,50,accum4,0,body,shared,1.0,0.0010019090113928542,0.012583730993014616,0.9138693820698028,0.4106189977688512
Boston,50,accum4,0,excess,shared,2.0,0.00016066218267951626,0.002854378270552303,0.20729375951783555,0.09314105215361004
Boston,50,accum4,0,gate,shared,0.5,0.0004485364697757177,0.0041035881577174225,0.2980152369789161,0.1339039476855811
Boston,50,accum4,0,amp_true,shared,0.0001,4.3194149038754404e-07,8.825954097306314e-06,0.0006409680262204567,0.00028799919736059113
Boston,50,accum4,0,amp_true,shared,0.0003,1.295824471162632e-06,2.6477862291918937e-05,0.0019229040786613698,0.0008639975920817734
Boston,50,accum4,0,amp_true,shared,0.0007,3.023590432712808e-06,6.178167868114419e-05,0.004486776183543197,0.002015994381524138
Boston,50,accum4,0,amp_true,shared,0.001,4.319414903875441e-06,8.825954097306314e-05,0.006409680262204566,0.0028799919736059113
Boston,50,accum4,0,amp_true,shared,0.003,1.295824471162632e-05,0.0002647786229191894,0.0192290407866137,0.008639975920817734
Boston,50,accum4,0,tail,temporal,0.01,3.379282599780708e-05,1.2654781321807662e-05,0.053351854211874765,0.024370668290213726
Boston,50,accum4,0,tail,temporal,0.025,8.448206499451772e-05,3.163695330451915e-05,0.1333796355296869,0.060926670725534315
Boston,50,accum4,0,tail,temporal,0.05,0.00016896412998903545,6.32739066090383e-05,0.2667592710593738,0.12185334145106863
Boston,50,accum4,0,tail,temporal,0.1,0.0003379282599780709,0.0001265478132180766,0.5335185421187476,0.24370668290213726
Boston,50,accum4,0,body,temporal,1.0,0.0010019090113928542,0.00022294241280175245,0.9399128126335456,0.42934409153703956
Boston,50,accum4,0,excess,temporal,2.0,0.00016066218267951626,3.565505388209411e-05,0.15031972408372654,0.06866475752787565
Boston,50,accum4,0,gate,temporal,0.5,0.0004485364697757177,5.7309434321004965e-05,0.24161338762845674,0.11036691810155246
Boston,50,accum4,0,amp_true,temporal,0.0001,4.3194149038754404e-07,1.2195933408243066e-07,0.0005141737692875214,0.00023487015699720596
Boston,50,accum4,0,amp_true,temporal,0.0003,1.295824471162632e-06,3.658780022472919e-07,0.001542521307862564,0.0007046104709916178
Boston,50,accum4,0,amp_true,temporal,0.0007,3.023590432712808e-06,8.537153385770145e-07,0.00359921638501265,0.0016440910989804415
Boston,50,accum4,0,amp_true,temporal,0.001,4.319414903875441e-06,1.2195933408243065e-06,0.005141737692875214,0.0023487015699720595
Boston,50,accum4,0,amp_true,temporal,0.003,1.295824471162632e-05,3.6587800224729194e-06,0.015425213078625643,0.007046104709916179
Boston,50,accum4,0,tail,excess,0.01,3.379282599780708e-05,0.00011522400446481958,0.20004448140276648,0.07843985447100293
Boston,50,accum4,0,tail,excess,0.025,8.448206499451772e-05,0.00028806001116204896,0.5001112035069162,0.19609963617750734
Boston,50,accum4,0,tail,excess,0.05,0.00016896412998903545,0.0005761200223240979,1.0002224070138324,0.39219927235501467
Boston,50,accum4,0,tail,excess,0.1,0.0003379282599780709,0.0011522400446481959,2.0004448140276647,0.7843985447100293
Boston,50,accum4,0,body,excess,1.0,0.0010019090113928542,0.0,0.0,0.0
Boston,50,accum4,0,excess,excess,2.0,0.00016066218267951626,0.0008938543974569133,1.551852326426004,0.6085000185546717
Boston,50,accum4,0,gate,excess,0.5,0.0004485364697757177,0.0,0.0,0.0
Boston,50,accum4,0,amp_true,excess,0.0001,4.3194149038754404e-07,3.6558377700762086e-06,0.006347029633315969,0.0024887468890384627
Boston,50,accum4,0,amp_true,excess,0.0003,1.295824471162632e-06,1.0967513310228624e-05,0.019041088899947906,0.007466240667115387
Boston,50,accum4,0,amp_true,excess,0.0007,3.023590432712808e-06,2.559086439053346e-05,0.044429207433211784,0.017421228223269237
Boston,50,accum4,0,amp_true,excess,0.001,4.319414903875441e-06,3.655837770076208e-05,0.06347029633315969,0.024887468890384627
Boston,50,accum4,0,amp_true,excess,0.003,1.295824471162632e-05,0.00010967513310228626,0.19041088899947906,0.07466240667115387
Boston,50,accum4,0,tail,full,0.01,3.379282599780708e-05,0.0009015692623677966,0.058358417998018094,0.026755191476764733
Boston,50,accum4,0,tail,full,0.025,8.448206499451772e-05,0.002253923155919492,0.14589604499504524,0.06688797869191183
Boston,50,accum4,0,tail,full,0.05,0.00016896412998903545,0.004507846311838984,0.2917920899900905,0.13377595738382367
Boston,50,accum4,0,tail,full,0.1,0.0003379282599780709,0.009015692623677967,0.583584179980181,0.26755191476764734
Boston,50,accum4,0,body,full,1.0,0.0010019090113928542,0.01436482917702084,0.9298328376691252,0.4262942085590089
Boston,50,accum4,0,excess,full,2.0,0.00016066218267951626,0.002991061850790488,0.19361090160497008,0.08876348815017486
Boston,50,accum4,0,gate,full,0.5,0.0004485364697757177,0.004176553154450326,0.27034754283683665,0.1239444200512438
Boston,50,accum4,0,amp_true,full,0.0001,4.3194149038754404e-07,9.553146891410907e-06,0.0006183734991377614,0.0002835015399860512
Boston,50,accum4,0,amp_true,full,0.0003,1.295824471162632e-06,2.8659440674232715e-05,0.0018551204974132838,0.0008505046199581535
Boston,50,accum4,0,amp_true,full,0.0007,3.023590432712808e-06,6.687202823987635e-05,0.004328614493964329,0.001984510779902358
Boston,50,accum4,0,amp_true,full,0.001,4.319414903875441e-06,9.553146891410906e-05,0.0061837349913776134,0.0028350153998605116
Boston,50,accum4,0,amp_true,full,0.003,1.295824471162632e-05,0.0002865944067423272,0.01855120497413284,0.008505046199581536
Boston,50,batch,4,tail,shared,0.01,2.682615537196398e-05,0.0007149399096401461,0.049960398103328675,0.024438481475553966
Boston,50,batch,4,tail,shared,0.025,6.706538842990995e-05,0.0017873497741003653,0.12490099525832168,0.06109620368888491
Boston,50,batch,4,tail,shared,0.05,0.0001341307768598199,0.0035746995482007307,0.24980199051664337,0.12219240737776982
Boston,50,batch,4,tail,shared,0.1,0.0002682615537196398,0.007149399096401461,0.49960398103328674,0.24438481475553964
Boston,50,batch,4,body,shared,1.0,0.0009935344569385052,0.013612213415463115,0.9512290363623874,0.4653003992496693
Boston,50,batch,4,excess,shared,2.0,6.292820762610063e-05,0.000900806690353105,0.06294887200636966,0.030791885189805687
Boston,50,batch,4,gate,shared,0.5,0.0004747263446915895,0.004046446444960104,0.2827679257628252,0.13831792735805298
Boston,50,batch,4,amp_true,shared,0.0001,2.0142788998782636e-07,3.1589757954791785e-06,0.00022075098370205297,0.00010798190228098885
Boston,50,batch,4,amp_true,shared,0.0003,6.042836699634789e-07,9.476927386437535e-06,0.0006622529511061589,0.0003239457068429665
Boston,50,batch,4,amp_true,shared,0.0007,1.4099952299147844e-06,2.2112830568354247e-05,0.0015452568859143708,0.0007558733159669219
Boston,50,batch,4,amp_true,shared,0.001,2.0142788998782636e-06,3.1589757954791784e-05,0.0022075098370205296,0.0010798190228098886
Boston,50,batch,4,amp_true,shared,0.003,6.0428366996347904e-06,9.476927386437535e-05,0.006622529511061589,0.0032394570684296654
Boston,50,batch,4,tail,temporal,0.01,2.682615537196398e-05,1.1287639238004053e-05,0.04480802893598502,0.02241620466271018
Boston,50,batch,4,tail,temporal,0.025,6.706538842990995e-05,2.821909809501013e-05,0.11202007233996254,0.056040511656775455
Boston,50,batch,4,tail,temporal,0.05,0.0001341307768598199,5.643819619002026e-05,0.22404014467992509,0.11208102331355091
Boston,50,batch,4,tail,temporal,0.1,0.0002682615537196398,0.00011287639238004052,0.44808028935985017,0.22416204662710182
Boston,50,batch,4,body,temporal,1.0,0.0009935344569385052,0.0002413345176261556,0.9580146761455953,0.4792679696096431
Boston,50,batch,4,excess,temporal,2.0,6.292820762610063e-05,1.340140202845935e-05,0.05319893710388969,0.026613941525147837
Boston,50,batch,4,gate,temporal,0.5,0.0004747263446915895,6.825264979753803e-06,0.02709394446970753,0.01355434324550963
Boston,50,batch,4,amp_true,temporal,0.0001,2.0142788998782636e-07,4.90218603529688e-08,0.00019459985306724366,9.735286816388877e-05
Boston,50,batch,4,amp_true,temporal,0.0003,6.042836699634789e-07,1.470655810589064e-07,0.0005837995592017309,0.0002920586044916663
Boston,50,batch,4,amp_true,temporal,0.0007,1.4099952299147844e-06,3.431530224707816e-07,0.0013621989714707055,0.0006814700771472214
Boston,50,batch,4,amp_true,temporal,0.001,2.0142788998782636e-06,4.902186035296879e-07,0.0019459985306724365,0.0009735286816388878
Boston,50,batch,4,amp_true,temporal,0.003,6.0428366996347904e-06,1.470655810589064e-06,0.00583799559201731,0.0029205860449166635
Boston,50,batch,4,tail,excess,0.01,2.682615537196398e-05,3.720992438588755e-05,0.22826618201466278,0.10558733024837609
Boston,50,batch,4,tail,excess,0.025,6.706538842990995e-05,9.302481096471888e-05,0.570665455036657,0.26396832562094025
Boston,50,batch,4,tail,excess,0.05,0.0001341307768598199,0.00018604962192943775,1.141330910073314,0.5279366512418805
Boston,50,batch,4,tail,excess,0.1,0.0002682615537196398,0.0003720992438588755,2.282661820146628,1.055873302483761
Boston,50,batch,4,body,excess,1.0,0.0009935344569385052,0.0,0.0,0.0
Boston,50,batch,4,excess,excess,2.0,6.292820762610063e-05,0.00019012679730141357,1.1663425506752527,0.539506093254631
Boston,50,batch,4,gate,excess,0.5,0.0004747263446915895,0.0,0.0,0.0
Boston,50,batch,4,amp_true,excess,0.0001,2.0142788998782636e-07,6.743995584720033e-07,0.004137138543156075,0.001913684321453478
Boston,50,batch,4,amp_true,excess,0.0003,6.042836699634789e-07,2.0231986754160096e-06,0.012411415629468223,0.005741052964360433
Boston,50,batch,4,amp_true,excess,0.0007,1.4099952299147844e-06,4.720796909304023e-06,0.028959969802092523,0.013395790250174344
Boston,50,batch,4,amp_true,excess,0.001,2.0142788998782636e-06,6.743995584720033e-06,0.04137138543156075,0.01913684321453478
Boston,50,batch,4,amp_true,excess,0.003,6.0428366996347904e-06,2.0231986754160098e-05,0.12411415629468224,0.05741052964360434
Boston,50,batch,4,tail,full,0.01,2.682615537196398e-05,0.0007652555071897598,0.0471817517525617,0.023220561049743495
Boston,50,batch,4,tail,full,0.025,6.706538842990995e-05,0.0019131387679743993,0.11795437938140425,0.05805140262435874
Boston,50,batch,4,tail,full,0.05,0.0001341307768598199,0.0038262775359487987,0.2359087587628085,0.11610280524871748
Boston,50,batch,4,tail,full,0.1,0.0002682615537196398,0.007652555071897597,0.471817517525617,0.23220561049743496
Boston,50,batch,4,body,full,1.0,0.0009935344569385052,0.015557177172089024,0.9591762024681662,0.47205982693645754
Boston,50,batch,4,excess,full,2.0,6.292820762610063e-05,0.0009206524275952394,0.05676273333688089,0.027935853711234655
Boston,50,batch,4,gate,full,0.5,0.0004747263446915895,0.004060047461104671,0.25032182011590276,0.12319621231037989
Boston,50,batch,4,amp_true,full,0.0001,2.0142788998782636e-07,3.230161426444589e-06,0.00019915527965670365,9.801453226874183e-05
Boston,50,batch,4,amp_true,full,0.0003,6.042836699634789e-07,9.690484279333766e-06,0.0005974658389701109,0.00029404359680622544
Boston,50,batch,4,amp_true,full,0.0007,1.4099952299147844e-06,2.2611129985112122e-05,0.0013940869575969255,0.0006861017258811928
Boston,50,batch,4,amp_true,full,0.001,2.0142788998782636e-06,3.230161426444589e-05,0.0019915527965670365,0.0009801453226874182
Boston,50,batch,4,amp_true,full,0.003,6.0428366996347904e-06,9.690484279333766e-05,0.005974658389701109,0.002940435968062255
Boston,50,batch,5,tail,shared,0.01,1.7923808190971613e-05,0.0007090570379457488,0.060413725284717,0.031108106917861877
Boston,50,batch,5,tail,shared,0.025,4.4809520477429036e-05,0.001772642594864372,0.1510343132117925,0.0777702672946547
Boston,50,batch,5,tail,shared,0.05,8.961904095485807e-05,0.003545285189728744,0.302068626423585,0.1555405345893094
Boston,50,batch,5,tail,shared,0.1,0.00017923808190971615,0.007090570379457488,0.60413725284717,0.3110810691786188
Boston,50,batch,5,body,shared,1.0,0.0009123578201979399,0.010854356312660924,0.924822779159416,0.4762077782586792
Boston,50,batch,5,excess,shared,2.0,7.486774848075584e-05,0.003801486315197296,0.32389770868829937,0.16678071919652016
Boston,50,batch,5,gate,shared,0.5,0.0003763778368011117,0.003798776041254548,0.32366678545270483,0.16666181269524352
Boston,50,batch,5,amp_true,shared,0.0001,2.416441217064858e-07,8.471131886351972e-06,0.0007217651151384964,0.00037164975782400813
Boston,50,batch,5,amp_true,shared,0.0003,7.249323651194572e-07,2.541339565905591e-05,0.002165295345415489,0.0011149492734720242
Boston,50,batch,5,amp_true,shared,0.0007,1.6915088519454002e-06,5.9297923204463796e-05,0.005052355805969474,0.0026015483047680567
Boston,50,batch,5,amp_true,shared,0.001,2.4164412170648575e-06,8.47113188635197e-05,0.007217651151384963,0.0037164975782400813
Boston,50,batch,5,amp_true,shared,0.003,7.2493236511945725e-06,0.0002541339565905591,0.02165295345415489,0.011149492734720243
Boston,50,batch,5,tail,temporal,0.01,1.7923808190971613e-05,1.03460656805334e-05,0.05116045597553951,0.027952185150988695
Boston,50,batch,5,tail,temporal,0.025,4.4809520477429036e-05,2.5865164201333503e-05,0.12790113993884877,0.06988046287747174
Boston,50,batch,5,tail,temporal,0.05,8.961904095485807e-05,5.173032840266701e-05,0.25580227987769755,0.13976092575494348
Boston,50,batch,5,tail,temporal,0.1,0.00017923808190971615,0.00010346065680533401,0.5116045597553951,0.27952185150988695
Boston,50,batch,5,body,temporal,1.0,0.0009123578201979399,0.00019556334855040788,0.9670449031429702,0.5283576478461436
Boston,50,batch,5,excess,temporal,2.0,7.486774848075584e-05,4.5117328746214674e-05,0.22310153273023262,0.12189444428185756
Boston,50,batch,5,gate,temporal,0.5,0.0003763778368011117,5.0605253899331194e-05,0.25023887767492453,0.13672128809972633
Boston,50,batch,5,amp_true,temporal,0.0001,2.416441217064858e-07,1.0757213805415024e-07,0.0005319355011894992,0.0002906299276289054
Boston,50,batch,5,amp_true,temporal,0.0003,7.249323651194572e-07,3.227164141624507e-07,0.0015958065035684974,0.0008718897828867161
Boston,50,batch,5,amp_true,temporal,0.0007,1.6915088519454002e-06,7.530049663790516e-07,0.003723548508326494,0.0020344094934023377
Boston,50,batch,5,amp_true,temporal,0.001,2.4164412170648575e-06,1.0757213805415024e-06,0.0053193550118949915,0.002906299276289054
Boston,50,batch,5,amp_true,temporal,0.003,7.2493236511945725e-06,3.2271641416245073e-06,0.015958065035684976,0.008718897828867162
Boston,50,batch,5,tail,excess,0.01,1.7923808190971613e-05,0.00014523150701833772,0.21225754935469185,0.07553498831443275
Boston,50,batch,5,tail,excess,0.025,4.4809520477429036e-05,0.00036307876754584434,0.5306438733867296,0.1888374707860819
Boston,50,batch,5,tail,excess,0.05,8.961904095485807e-05,0.0007261575350916887,1.0612877467734592,0.3776749415721638
Boston,50,batch,5,tail,excess,0.1,0.00017923808190971615,0.0014523150701833774,2.1225754935469183,0.7553498831443276
Boston,50,batch,5,body,excess,1.0,0.0009123578201979399,0.0,0.0,0.0
Boston,50,batch,5,excess,excess,2.0,7.486774848075584e-05,0.001240457793663014,1.8129436013329676,0.6451627947167964
Boston,50,batch,5,gate,excess,0.5,0.0003763778368011117,0.0,0.0,0.0
Boston,50,batch,5,amp_true,excess,0.0001,2.416441217064858e-07,2.8330070788118975e-06,0.00414047304334025,0.0014734485717740452
Boston,50,batch,5,amp_true,excess,0.0003,7.249323651194572e-07,8.499021236435692e-06,0.012421419130020749,0.004420345715322135
Boston,50,batch,5,amp_true,excess,0.0007,1.6915088519454002e-06,1.983104955168328e-05,0.028983311303381748,0.010314140002418317
Boston,50,batch,5,amp_true,excess,0.001,2.4164412170648575e-06,2.8330070788118973e-05,0.0414047304334025,0.014734485717740452
Boston,50,batch,5,amp_true,excess,0.003,7.2493236511945725e-06,8.499021236435692e-05,0.1242141913002075,0.044203457153221354
Boston,50,batch,5,tail,full,0.01,1.7923808190971613e-05,0.0007379628319365678,0.05597940317871844,0.028591626981362903
Boston,50,batch,5,tail,full,0.025,4.4809520477429036e-05,0.0018449070798414195,0.1399485079467961,0.07147906745340725
Boston,50,batch,5,tail,full,0.05,8.961904095485807e-05,0.003689814159682839,0.2798970158935922,0.1429581349068145
Boston,50,batch,5,tail,full,0.1,0.00017923808190971615,0.007379628319365678,0.5597940317871845,0.285916269813629
Boston,50,batch,5,body,full,1.0,0.0009123578201979399,0.012387795925376852,0.93969695029568,0.47995268174978584
Boston,50,batch,5,excess,full,2.0,7.486774848075584e-05,0.003998754023754352,0.3033321652810674,0.1549276989159202
Boston,50,batch,5,gate,full,0.5,0.0003763778368011117,0.003869951125612622,0.2935616063130202,0.14993736029937674
Boston,50,batch,5,amp_true,full,0.0001,2.416441217064858e-07,8.932301189758853e-06,0.0006775746256801146,0.000346073017027938
Boston,50,batch,5,amp_true,full,0.0003,7.249323651194572e-07,2.6796903569276555e-05,0.0020327238770403433,0.0010382190510838138
Boston,50,batch,5,amp_true,full,0.0007,1.6915088519454002e-06,6.252610832831197e-05,0.004743022379760802,0.0024225111191955658
Boston,50,batch,5,amp_true,full,0.001,2.4164412170648575e-06,8.932301189758853e-05,0.0067757462568011455,0.00346073017027938
Boston,50,batch,5,amp_true,full,0.003,7.2493236511945725e-06,0.0002679690356927656,0.020327238770403436,0.01038219051083814
Boston,50,batch,6,tail,shared,0.01,1.4864867553114892e-05,0.00020937375437092868,0.01746546947453779,0.008906094758684988
Boston,50,batch,6,tail,shared,0.025,3.716216888278723e-05,0.0005234343859273217,0.04366367368634447,0.02226523689671247
Boston,50,batch,6,tail,shared,0.05,7.432433776557446e-05,0.0010468687718546434,0.08732734737268893,0.04453047379342494
Boston,50,batch,6,tail,shared,0.1,0.00014864867553114893,0.002093737543709287,0.17465469474537787,0.08906094758684988
Boston,50,batch,6,body,shared,1.0,0.000933959090616554,0.011749670732211979,0.9801300842404536,0.49979368827212073
Boston,50,batch,6,excess,shared,2.0,8.117221295833588e-05,0.0011135484502666864,0.09288961037636193,0.04736681560809296
Boston,50,batch,6,gate,shared,0.5,0.00020832891459576786,0.001844159495055728,0.15383547696246994,0.07844468979620811
Boston,50,batch,6,amp_true,shared,0.0001,2.0826773252338171e-07,5.5158187332633475e-06,0.0004601167133022041,0.00023462541643659823
Boston,50,batch,6,amp_true,shared,0.0003,6.248031975701451e-07,1.654745619979004e-05,0.0013803501399066121,0.0007038762493097946
Boston,50,batch,6,amp_true,shared,0.0007,1.457874127663672e-06,3.8610731132843434e-05,0.0032208169931154285,0.0016423779150561875
Boston,50,batch,6,amp_true,shared,0.001,2.0826773252338173e-06,5.515818733263348e-05,0.004601167133022041,0.002346254164365982
Boston,50,batch,6,amp_true,shared,0.003,6.2480319757014515e-06,0.00016547456199790043,0.013803501399066123,0.007038762493097947
Boston,50,batch,6,tail,temporal,0.01,1.4864867553114892e-05,3.1355369208638122e-06,0.014506445722361858,0.007508109252601868
Boston,50,batch,6,tail,temporal,0.025,3.716216888278723e-05,7.83884230215953e-06,0.036266114305904644,0.018770273131504672
Boston,50,batch,6,tail,temporal,0.05,7.432433776557446e-05,1.567768460431906e-05,0.07253222861180929,0.037540546263009344
Boston,50,batch,6,tail,temporal,0.1,0.00014864867553114893,3.135536920863812e-05,0.14506445722361858,0.07508109252601869
Boston,50,batch,6,body,temporal,1.0,0.000933959090616554,0.00021347308604898908,0.9876253458695106,0.5111658044531456
Boston,50,batch,6,excess,temporal,2.0,8.117221295833588e-05,1.3475876589007264e-05,0.06234564517448763,0.032268270557303025
Boston,50,batch,6,gate,temporal,0.5,0.00020832891459576786,1.6589221269481297e-05,0.0767494193165757,0.03972324002248993
Boston,50,batch,6,amp_true,temporal,0.0001,2.0826773252338171e-07,8.721022845251735e-08,0.0004034748999647225,0.00020882673037875792
Boston,50,batch,6,amp_true,temporal,0.0003,6.248031975701451e-07,2.6163068535755203e-07,0.0012104246998941675,0.0006264801911362737
Boston,50,batch,6,amp_true,temporal,0.0007,1.457874127663672e-06,6.104715991676214e-07,0.0028243242997530575,0.0014617871126513054
Boston,50,batch,6,amp_true,temporal,0.001,2.0826773252338173e-06,8.721022845251735e-07,0.004034748999647225,0.0020882673037875793
Boston,50,batch,6,amp_true,temporal,0.003,6.2480319757014515e-06,2.6163068535755204e-06,0.012104246998941675,0.006264801911362737
Boston,50,batch,6,tail,excess,0.01,1.4864867553114892e-05,5.5823692747801943e-05,0.20094797164054837,0.08470178664759974
Boston,50,batch,6,tail,excess,0.025,3.716216888278723e-05,0.00013955923186950486,0.5023699291013709,0.21175446661899935
Boston,50,batch,6,tail,excess,0.05,7.432433776557446e-05,0.0002791184637390097,1.0047398582027418,0.4235089332379987
Boston,50,batch,6,tail,excess,0.1,0.00014864867553114893,0.0005582369274780194,2.0094797164054836,0.8470178664759974
Boston,50,batch,6,body,excess,1.0,0.000933959090616554,0.0,0.0,0.0
Boston,50,batch,6,excess,excess,2.0,8.117221295833588e-05,0.0003850905743104771,1.3862065728109896,0.5843013612984607
Boston,50,batch,6,gate,excess,0.5,0.00020832891459576786,0.0,0.0,0.0
Boston,50,batch,6,amp_true,excess,0.0001,2.0826773252338171e-07,2.158610728669298e-06,0.0077703288001258405,0.0032752793015859006
Boston,50,batch,6,amp_true,excess,0.0003,6.248031975701451e-07,6.475832186007893e-06,0.023310986400377518,0.009825837904757702
Boston,50,batch,6,amp_true,excess,0.0007,1.457874127663672e-06,1.5110275100685085e-05,0.05439230160088088,0.022926955111101304
Boston,50,batch,6,amp_true,excess,0.001,2.0826773252338173e-06,2.1586107286692977e-05,0.0777032880012584,0.032752793015859004
Boston,50,batch,6,amp_true,excess,0.003,6.2480319757014515e-06,6.475832186007893e-05,0.2331098640037752,0.09825837904757702
Boston,50,batch,6,tail,full,0.01,1.4864867553114892e-05,0.00021829312092240587,0.016410064237933474,0.008330682844257212
Boston,50,batch,6,tail,full,0.025,3.716216888278723e-05,0.0005457328023060146,0.04102516059483369,0.020826707110643033
Boston,50,batch,6,tail,full,0.05,7.432433776557446e-05,0.0010914656046120293,0.08205032118966737,0.041653414221286066
Boston,50,batch,6,tail,full,0.1,0.00014864867553114893,0.0021829312092240586,0.16410064237933475,0.08330682844257213
Boston,50,batch,6,body,full,1.0,0.000933959090616554,0.013098462377138922,0.9846696410713239,0.4998743677780258
Boston,50,batch,6,excess,full,2.0,8.117221295833588e-05,0.0011782550239715136,0.08857466763193723,0.04496554391124593
Boston,50,batch,6,gate,full,0.5,0.00020832891459576786,0.0018749846236610216,0.1409509286843347,0.07155471584068453
Boston,50,batch,6,amp_true,full,0.0001,2.0826773252338171e-07,5.9231627173449386e-06,0.0004452704706068746,0.0002260446404569439
Boston,50,batch,6,amp_true,full,0.0003,6.248031975701451e-07,1.776948815203481e-05,0.0013358114118206235,0.0006781339213708316
Boston,50,batch,6,amp_true,full,0.0007,1.457874127663672e-06,4.146213902141457e-05,0.003116893294248122,0.0015823124831986072
Boston,50,batch,6,amp_true,full,0.001,2.0826773252338173e-06,5.923162717344938e-05,0.004452704706068745,0.002260446404569439
Boston,50,batch,6,amp_true,full,0.003,6.2480319757014515e-06,0.00017769488152034814,0.013358114118206237,0.006781339213708317
Boston,50,batch,7,tail,shared,0.01,3.975847736001015e-05,0.0009351109887172176,0.0964960699885612,0.04285105577251257
Boston,50,batch,7,tail,shared,0.025,9.939619340002537e-05,0.0023377774717930444,0.24124017497140302,0.10712763943128141
Boston,50,batch,7,tail,shared,0.05,0.00019879238680005075,0.004675554943586089,0.48248034994280603,0.21425527886256282
Boston,50,batch,7,tail,shared,0.1,0.0003975847736001015,0.009351109887172178,0.9649606998856121,0.42851055772512564
Boston,50,batch,7,body,shared,1.0,0.000878026126883924,0.007365966588069762,0.760109586981582,0.3375422264225926
Boston,50,batch,7,excess,shared,2.0,0.00025854090927168727,0.005920787650195282,0.6109785323605331,0.271317527947953
Boston,50,batch,7,gate,shared,0.5,0.00039018233655951917,0.003636088973230572,0.3752156698819388,0.16662220128485628
Boston,50,batch,7,amp_true,shared,0.0001,4.5903520658612254e-07,9.50832117454263e-06,0.0009811836633328726,0.0004357146968321008
Boston,50,batch,7,amp_true,shared,0.0003,1.3771056197583675e-06,2.8524963523627888e-05,0.0029435509899986174,0.0013071440904963022
Boston,50,batch,7,amp_true,shared,0.0007,3.2132464461028575e-06,6.655824822179842e-05,0.006868285643330108,0.0030500028778247053
Boston,50,batch,7,amp_true,shared,0.001,4.590352065861225e-06,9.508321174542631e-05,0.009811836633328725,0.004357146968321008
Boston,50,batch,7,amp_true,shared,0.003,1.3771056197583676e-05,0.0002852496352362789,0.029435509899986178,0.013071440904963023
Boston,50,batch,7,tail,temporal,0.01,3.975847736001015e-05,8.283596078131834e-06,0.059781126124427764,0.03398501150456947
Boston,50,batch,7,tail,temporal,0.025,9.939619340002537e-05,2.0708990195329586e-05,0.1494528153110694,0.08496252876142368
Boston,50,batch,7,tail,temporal,0.05,0.00019879238680005075,4.141798039065917e-05,0.2989056306221388,0.16992505752284737
Boston,50,batch,7,tail,temporal,0.1,0.0003975847736001015,8.283596078131834e-05,0.5978112612442776,0.33985011504569473
Boston,50,batch,7,body,temporal,1.0,0.000878026126883924,0.00012458993473404633,0.899141693042328,0.5111536493755553
Boston,50,batch,7,excess,temporal,2.0,0.00025854090927168727,1.9037661051764524e-05,0.13739115303486774,0.07810558648222085
Boston,50,batch,7,gate,temporal,0.5,0.00039018233655951917,3.0334734891163664e-05,0.21891997091300872,0.12445395750111982
Boston,50,batch,7,amp_true,temporal,0.0001,4.5903520658612254e-07,8.253577811056943e-08,0.0005956449004112351,0.00033861855915829383
Boston,50,batch,7,amp_true,temporal,0.0003,1.3771056197583675e-06,2.4760733433170826e-07,0.0017869347012337052,0.0010158556774748813
Boston,50,batch,7,amp_true,temporal,0.0007,3.2132464461028575e-06,5.777504467739859e-07,0.004169514302878646,0.0023703299141080566
Boston,50,batch,7,amp_true,temporal,0.001,4.590352065861225e-06,8.253577811056943e-07,0.005956449004112352,0.003386185591582938
Boston,50,batch,7,amp_true,temporal,0.003,1.3771056197583676e-05,2.476073343317083e-06,0.017869347012337056,0.010158556774748815
Boston,50,batch,7,tail,excess,0.01,3.975847736001015e-05,7.482284646787886e-05,0.20404348717100626,0.05989499782274851
Boston,50,batch,7,tail,excess,0.025,9.939619340002537e-05,0.00018705711616969715,0.5101087179275157,0.14973749455687127
Boston,50,batch,7,tail,excess,0.05,0.00019879238680005075,0.0003741142323393943,1.0202174358550313,0.29947498911374254
Boston,50,batch,7,tail,excess,0.1,0.0003975847736001015,0.0007482284646787886,2.0404348717100627,0.5989499782274851
Boston,50,batch,7,body,excess,1.0,0.000878026126883924,0.0,0.0,0.0
Boston,50,batch,7,excess,excess,2.0,0.00025854090927168727,0.0009160602895149009,2.498115812952188,0.73329780456235
Boston,50,batch,7,gate,excess,0.5,0.00039018233655951917,0.0,0.0,0.0
Boston,50,batch,7,amp_true,excess,0.0001,4.5903520658612254e-07,1.2927806627859573e-06,0.0035254402503295907,0.0010348589854316372
Boston,50,batch,7,amp_true,excess,0.0003,1.3771056197583675e-06,3.8783419883578715e-06,0.010576320750988771,0.003104576956294911
Boston,50,batch,7,amp_true,excess,0.0007,3.2132464461028575e-06,9.0494646395017e-06,0.024678081752307134,0.0072440128980214595
Boston,50,batch,7,amp_true,excess,0.001,4.590352065861225e-06,1.2927806627859572e-05,0.03525440250329591,0.010348589854316371
Boston,50,batch,7,amp_true,excess,0.003,1.3771056197583676e-05,3.8783419883578716e-05,0.10576320750988773,0.031045769562949115
Boston,50,batch,7,tail,full,0.01,3.975847736001015e-05,0.0009543286514157052,0.08752023109235701,0.03977397712752238
Boston,50,batch,7,tail,full,0.025,9.939619340002537e-05,0.002385821628539263,0.21880057773089254,0.09943494281880594
Boston,50,batch,7,tail,full,0.05,0.00019879238680005075,0.004771643257078526,0.4376011554617851,0.19886988563761188
Boston,50,batch,7,tail,full,0.1,0.0003975847736001015,0.009543286514157052,0.8752023109235701,0.39773977127522375
Boston,50,batch,7,body,full,1.0,0.000878026126883924,0.008845792149061468,0.8112360159493756,0.3686699902488098
Boston,50,batch,7,excess,full,2.0,0.00025854090927168727,0.005991234668474528,0.5494482869560449,0.24969933608932765
Boston,50,batch,7,gate,full,0.5,0.00039018233655951917,0.0036693031769390455,0.33650699003664025,0.15292717075717993
Boston,50,batch,7,amp_true,full,0.0001,4.5903520658612254e-07,9.595803947576724e-06,0.0008800186159799559,0.0003999285635665707
Boston,50,batch,7,amp_true,full,0.0003,1.3771056197583675e-06,2.878741184273017e-05,0.0026400558479398673,0.0011997856906997121
Boston,50,batch,7,amp_true,full,0.0007,3.2132464461028575e-06,6.717062763303706e-05,0.006160130311859691,0.0027994999449659948
Boston,50,batch,7,amp_true,full,0.001,4.590352065861225e-06,9.595803947576724e-05,0.008800186159799559,0.0039992856356657076
Boston,50,batch,7,amp_true,full,0.003,1.3771056197583676e-05,0.00028787411842730174,0.026400558479398675,0.011997856906997121
Boston,50,accum4,1,tail,shared,0.01,2.4843327119015156e-05,0.0005842994098286906,0.052703333520554854,0.026202472152811376
Boston,50,accum4,1,tail,shared,0.025,6.21083177975379e-05,0.0014607485245717263,0.13175833380138713,0.06550618038202843
Boston,50,accum4,1,tail,shared,0.05,0.0001242166355950758,0.0029214970491434527,0.26351666760277426,0.13101236076405687
Boston,50,accum4,1,tail,shared,0.1,0.0002484332711901516,0.005842994098286905,0.5270333352055485,0.26202472152811374
Boston,50,accum4,1,body,shared,1.0,0.0009294693736592308,0.010230066177651594,0.9227436835101278,0.45875970372779135
Boston,50,accum4,1,excess,shared,2.0,0.0001193772695842199,0.002363854452676088,0.21321775705705867,0.10600529356636536
Boston,50,accum4,1,gate,shared,0.5,0.00036240385816199705,0.0024215832319436537,0.21842484619029096,0.10859409770638268
Boston,50,accum4,1,amp_true,shared,0.0001,2.775937377009541e-07,5.947543836476552e-06,0.000536463636911503,0.00026671317672320136
Boston,50,accum4,1,amp_true,shared,0.0003,8.327812131028621e-07,1.7842631509429656e-05,0.0016093909107345087,0.0008001395301696039
Boston,50,accum4,1,amp_true,shared,0.0007,1.9431561639066787e-06,4.1632806855335864e-05,0.0037552454583805205,0.0018669922370624095
Boston,50,accum4,1,amp_true,shared,0.001,2.775937377009541e-06,5.9475438364765523e-05,0.005364636369115029,0.0026671317672320133
Boston,50,accum4,1,amp_true,shared,0.003,8.327812131028622e-06,0.00017842631509429658,0.016093909107345088,0.008001395301696041
Boston,50,accum4,1,tail,temporal,0.01,2.4843327119015156e-05,8.151004104725588e-06,0.04103258999455326,0.02152073081457479
Boston,50,accum4,1,tail,temporal,0.025,6.21083177975379e-05,2.0377510261813974e-05,0.10258147498638315,0.05380182703643698
Boston,50,accum4,1,tail,temporal,0.05,0.0001242166355950758,4.075502052362795e-05,0.2051629499727663,0.10760365407287396
Boston,50,accum4,1,tail,temporal,0.1,0.0002484332711901516,8.15100410472559e-05,0.4103258999455326,0.21520730814574793
Boston,50,accum4,1,body,temporal,1.0,0.0009294693736592308,0.00019031630028955695,0.9580624201298413,0.5024835977916888
Boston,50,accum4,1,excess,temporal,2.0,0.0001193772695842199,1.958006328642543e-05,0.09856708432198091,0.05169636352841542
Boston,50,accum4,1,gate,temporal,0.5,0.00036240385816199705,2.352835060227472e-05,0.11844297354132431,0.06212084956857467
Boston,50,accum4,1,amp_true,temporal,0.0001,2.775937377009541e-07,8.062955207558568e-08,0.00040589347143671567,0.00021288259257683652
Boston,50,accum4,1,amp_true,temporal,0.0003,8.327812131028621e-07,2.41888656226757e-07,0.0012176804143101468,0.0006386477777305094
Boston,50,accum4,1,amp_true,temporal,0.0007,1.9431561639066787e-06,5.644068645290997e-07,0.0028412543000570093,0.0014901781480378556
Boston,50,accum4,1,amp_true,temporal,0.001,2.775937377009541e-06,8.062955207558568e-07,0.004058934714367157,0.002128825925768365
Boston,50,accum4,1,amp_true,temporal,0.003,8.327812131028622e-06,2.4188865622675705e-06,0.01217680414310147,0.006386477777305095
Boston,50,accum4,1,tail,excess,0.01,2.4843327119015156e-05,5.944368177379483e-05,0.2132604849748076,0.09460765523029524
Boston,50,accum4,1,tail,excess,0.025,6.21083177975379e-05,0.0001486092044344871,0.533151212437019,0.2365191380757381
Boston,50,accum4,1,tail,excess,0.05,0.0001242166355950758,0.0002972184088689742,1.066302424874038,0.4730382761514762
Boston,50,accum4,1,tail,excess,0.1,0.0002484332711901516,0.0005944368177379484,2.132604849748076,0.9460765523029524
Boston,50,accum4,1,body,excess,1.0,0.0009294693736592308,0.0,0.0,0.0
Boston,50,accum4,1,excess,excess,2.0,0.0001193772695842199,0.0003531611229024982,1.267002818416211,0.5620739624346874
Boston,50,accum4,1,gate,excess,0.5,0.00036240385816199705,0.0,0.0,0.0
Boston,50,accum4,1,amp_true,excess,0.0001,2.775937377009541e-07,1.607773461918743e-06,0.005768057058161048,0.0025588535708883672
Boston,50,accum4,1,amp_true,excess,0.0003,8.327812131028621e-07,4.823320385756228e-06,0.017304171174483143,0.007676560712665101
Boston,50,accum4,1,amp_true,excess,0.0007,1.9431561639066787e-06,1.1254414233431201e-05,0.04037639940712734,0.01791197499621857
Boston,50,accum4,1,amp_true,excess,0.001,2.775937377009541e-06,1.607773461918743e-05,0.05768057058161048,0.025588535708883673
Boston,50,accum4,1,amp_true,excess,0.003,8.327812131028622e-06,4.823320385756229e-05,0.17304171174483146,0.07676560712665102
Boston,50,accum4,1,tail,full,0.01,2.4843327119015156e-05,0.0006068375124776614,0.04898030242076883,0.024391435125701365
Boston,50,accum4,1,tail,full,0.025,6.21083177975379e-05,0.0015170937811941534,0.12245075605192209,0.060978587814253415
Boston,50,accum4,1,tail,full,0.05,0.0001242166355950758,0.0030341875623883068,0.24490151210384417,0.12195717562850683
Boston,50,accum4,1,tail,full,0.1,0.0002484332711901516,0.0060683751247766135,0.48980302420768834,0.24391435125701366
Boston,50,accum4,1,body,full,1.0,0.0009294693736592308,0.011607471013348617,0.9368857871901122,0.4665546713478331
Boston,50,accum4,1,excess,full,2.0,0.0001193772695842199,0.002390090092897404,0.19291380831917135,0.09606810101021006
Boston,50,accum4,1,gate,full,0.5,0.00036240385816199705,0.002447597707966418,0.1975554798039762,0.09837958181577626
Boston,50,accum4,1,amp_true,full,0.0001,2.775937377009541e-07,6.1610237129604045e-06,0.0004972810653221398,0.00024763830038953524
Boston,50,accum4,1,amp_true,full,0.0003,8.327812131028621e-07,1.848307113888121e-05,0.001491843195966419,0.0007429149011686056
Boston,50,accum4,1,amp_true,full,0.0007,1.9431561639066787e-06,4.312716599072283e-05,0.003480967457254978,0.0017334681027267465
Boston,50,accum4,1,amp_true,full,0.001,2.775937377009541e-06,6.161023712960404e-05,0.004972810653221397,0.0024763830038953523
Boston,50,accum4,1,amp_true,full,0.003,8.327812131028622e-06,0.00018483071138881212,0.014918431959664191,0.007429149011686057
Boston,50,batch,8,tail,shared,0.01,4.093936178833246e-05,0.0006573790865063323,0.04683279137542282,0.02187828012459698
Boston,50,batch,8,tail,shared,0.025,0.00010234840447083117,0.0016434477162658306,0.11708197843855706,0.05469570031149245
Boston,50,batch,8,tail,shared,0.05,0.00020469680894166233,0.0032868954325316613,0.2341639568771141,0.1093914006229849
Boston,50,batch,8,tail,shared,0.1,0.00040939361788332467,0.0065737908650633226,0.4683279137542282,0.2187828012459698
Boston,50,batch,8,body,shared,1.0,0.0008344207890331745,0.012945641018900176,0.92226923171738,0.43084479932149905
Boston,50,batch,8,excess,shared,2.0,0.0002450533793307841,0.005217398895458564,0.3716962693351802,0.17364062365179272
Boston,50,batch,8,gate,shared,0.5,0.0004234265361446887,0.005050770037109793,0.3598253493129965,0.1680950367680197
Boston,50,batch,8,amp_true,shared,0.0001,3.565507708117366e-07,4.8870685851208835e-06,0.00034816298264174315,0.00016264687710347867
Boston,50,batch,8,amp_true,shared,0.0003,1.0696523124352097e-06,1.4661205755362647e-05,0.0010444889479252293,0.00048794063131043597
Boston,50,batch,8,amp_true,shared,0.0007,2.495855395682156e-06,3.420948009584618e-05,0.0024371408784922017,0.0011385281397243508
Boston,50,batch,8,amp_true,shared,0.001,3.5655077081173657e-06,4.887068585120883e-05,0.0034816298264174314,0.0016264687710347866
Boston,50,batch,8,amp_true,shared,0.003,1.0696523124352098e-05,0.00014661205755362648,0.010444889479252295,0.00487940631310436
Boston,50,batch,8,tail,temporal,0.01,4.093936178833246e-05,8.182315366295709e-06,0.030762560760104873,0.015119221284805178
Boston,50,batch,8,tail,temporal,0.025,0.00010234840447083117,2.0455788415739273e-05,0.07690640190026218,0.03779805321201295
Boston,50,batch,8,tail,temporal,0.05,0.00020469680894166233,4.091157683147855e-05,0.15381280380052437,0.0755961064240259
Boston,50,batch,8,tail,temporal,0.1,0.00040939361788332467,8.18231536629571e-05,0.30762560760104873,0.1511922128480518
Boston,50,batch,8,body,temporal,1.0,0.0008344207890331745,0.0002469508333661724,0.9284462497593328,0.45631390737027167
Boston,50,batch,8,excess,temporal,2.0,0.0002450533793307841,4.121983941596569e-05,0.15497176016688669,0.07616571172766468
Boston,50,batch,8,gate,temporal,0.5,0.0004234265361446887,2.202301352967137e-05,0.08279860424566321,0.04069396008432049
Boston,50,batch,8,amp_true,temporal,0.0001,3.565507708117366e-07,7.027004374778414e-08,0.00026419007256928476,0.00012984446254565114
Boston,50,batch,8,amp_true,temporal,0.0003,1.0696523124352097e-06,2.108101312433524e-07,0.0007925702177078542,0.00038953338763695336
Boston,50,batch,8,amp_true,temporal,0.0007,2.495855395682156e-06,4.91890306234489e-07,0.001849330507984993,0.000908911237819558
Boston,50,batch,8,amp_true,temporal,0.001,3.5655077081173657e-06,7.027004374778414e-07,0.0026419007256928474,0.0012984446254565114
Boston,50,batch,8,amp_true,temporal,0.003,1.0696523124352098e-05,2.108101312433524e-06,0.007925702177078543,0.003895333876369534
Boston,50,batch,8,tail,excess,0.01,4.093936178833246e-05,0.0002332320738544218,0.20001614146157332,0.06311706843796758
Boston,50,batch,8,tail,excess,0.025,0.00010234840447083117,0.0005830801846360545,0.5000403536539333,0.15779267109491896
Boston,50,batch,8,tail,excess,0.05,0.00020469680894166233,0.001166160369272109,1.0000807073078666,0.3155853421898379
Boston,50,batch,8,tail,excess,0.1,0.00040939361788332467,0.002332320738544218,2.000161414615733,0.6311706843796758
Boston,50,batch,8,body,excess,1.0,0.0008344207890331745,0.0,0.0,0.0
Boston,50,batch,8,excess,excess,2.0,0.0002450533793307841,0.0025367212527137523,2.1754520660313283,0.6864853802891537
Boston,50,batch,8,gate,excess,0.5,0.0004234265361446887,0.0,0.0,0.0
Boston,50,batch,8,amp_true,excess,0.0001,3.565507708117366e-07,8.960631626630282e-07,0.0007684496104664512,0.0002424918624093081
Boston,50,batch,8,amp_true,excess,0.0003,1.0696523124352097e-06,2.6881894879890846e-06,0.0023053488313993535,0.0007274755872279242
Boston,50,batch,8,amp_true,excess,0.0007,2.495855395682156e-06,6.272442138641198e-06,0.005379147273265159,0.0016974430368651564
Boston,50,batch,8,amp_true,excess,0.001,3.5655077081173657e-06,8.960631626630284e-06,0.007684496104664512,0.002424918624093081
Boston,50,batch,8,amp_true,excess,0.003,1.0696523124352098e-05,2.6881894879890847e-05,0.023053488313993536,0.007274755872279242
Boston,50,batch,8,tail,full,0.01,4.093936178833246e-05,0.0007333213586769283,0.046397028861166104,0.02194118067807833
Boston,50,batch,8,tail,full,0.025,0.00010234840447083117,0.0018333033966923208,0.11599257215291525,0.05485295169519583
Boston,50,batch,8,tail,full,0.05,0.00020469680894166233,0.0036666067933846416,0.2319851443058305,0.10970590339039166
Boston,50,batch,8,tail,full,0.1,0.00040939361788332467,0.007333213586769283,0.463970288611661,0.21941180678078331
Boston,50,batch,8,body,full,1.0,0.0008344207890331745,0.014708261818056387,0.930587443002047,0.44007531785615417
Boston,50,batch,8,excess,full,2.0,0.0002450533793307841,0.0058013968962916055,0.36705269258481454,0.1735794218736994
Boston,50,batch,8,gate,full,0.5,0.0004234265361446887,0.005070140744526123,0.3207863287636624,0.15170003276550445
Boston,50,batch,8,amp_true,full,0.0001,3.565507708117366e-07,4.9685378681416016e-06,0.00031435794435591066,0.0001486600462141958
Boston,50,batch,8,amp_true,full,0.0003,1.0696523124352097e-06,1.4905613604424804e-05,0.0009430738330677318,0.00044598013864258733
Boston,50,batch,8,amp_true,full,0.0007,2.495855395682156e-06,3.477976507699121e-05,0.002200505610491374,0.0010406203234993707
Boston,50,batch,8,amp_true,full,0.001,3.5655077081173657e-06,4.9685378681416014e-05,0.003143579443559106,0.001486600462141958
Boston,50,batch,8,amp_true,full,0.003,1.0696523124352098e-05,0.00014905613604424806,0.009430738330677318,0.004459801386425874
Boston,50,batch,9,tail,shared,0.01,7.003521546721459e-05,0.0015957013601275388,0.09093746108173523,0.03339030401652067
Boston,50,batch,9,tail,shared,0.025,0.00017508803866803647,0.003989253400318847,0.2273436527043381,0.08347576004130168
Boston,50,batch,9,tail,shared,0.05,0.00035017607733607293,0.007978506800637695,0.4546873054086762,0.16695152008260336
Boston,50,batch,9,tail,shared,0.1,0.0007003521546721459,0.01595701360127539,0.9093746108173524,0.3339030401652067
Boston,50,batch,9,body,shared,1.0,0.0010308022610843182,0.014373873964065738,0.8191530300485057,0.3007755921928559
Boston,50,batch,9,excess,shared,2.0,0.000366855034371838,0.007404444885803606,0.42197207789608016,0.15493918347653304
Boston,50,batch,9,gate,shared,0.5,0.0006800623959861696,0.014253816790547947,0.8123110890580659,0.2982633767976125
Boston,50,batch,9,amp_true,shared,0.0001,9.567459113895893e-07,1.5146275344700333e-05,0.0008631714298857555,0.00031693821357465883
Boston,50,batch,9,amp_true,shared,0.0003,2.870237734168768e-06,4.543882603410099e-05,0.0025895142896572663,0.0009508146407239764
Boston,50,batch,9,amp_true,shared,0.0007,6.697221379727125e-06,0.00010602392741290233,0.006042200009200288,0.0022185674950226117
Boston,50,batch,9,amp_true,shared,0.001,9.567459113895893e-06,0.00015146275344700332,0.008631714298857554,0.0031693821357465886
Boston,50,batch,9,amp_true,shared,0.003,2.870237734168768e-05,0.00045438826034101,0.025895142896572663,0.009508146407239765
Boston,50,batch,9,tail,temporal,0.01,7.003521546721459e-05,2.1391361730381738e-05,0.0730857910163496,0.028631521939813873
Boston,50,batch,9,tail,temporal,0.025,0.00017508803866803647,5.347840432595435e-05,0.182714477540874,0.07157880484953469
Boston,50,batch,9,tail,temporal,0.05,0.00035017607733607293,0.0001069568086519087,0.365428955081748,0.14315760969906938
Boston,50,batch,9,tail,temporal,0.1,0.0007003521546721459,0.0002139136173038174,0.730857910163496,0.28631521939813875
Boston,50,batch,9,body,temporal,1.0,0.0010308022610843182,0.00024815091869775094,0.8478331773848852,0.3321405417116863
Boston,50,batch,9,excess,temporal,2.0,0.000366855034371838,9.184053967674963e-05,0.31378266490208634,0.12292506011828722
Boston,50,batch,9,gate,temporal,0.5,0.0006800623959861696,0.0001625167033711095,0.5552550589791286,0.21752241006459333
Boston,50,batch,9,amp_true,temporal,0.0001,9.567459113895893e-07,1.934326340029459e-07,0.0006608825208356224,0.0002589022042699336
Boston,50,batch,9,amp_true,temporal,0.0003,2.870237734168768e-06,5.802979020088376e-07,0.0019826475625068667,0.0007767066128098006
Boston,50,batch,9,amp_true,temporal,0.0007,6.697221379727125e-06,1.3540284380206211e-06,0.004626177645849356,0.0018123154298895349
Boston,50,batch,9,amp_true,temporal,0.001,9.567459113895893e-06,1.934326340029459e-06,0.006608825208356223,0.0025890220426993357
Boston,50,batch,9,amp_true,temporal,0.003,2.870237734168768e-05,5.802979020088377e-06,0.01982647562506867,0.007767066128098007
Boston,50,batch,9,tail,excess,0.01,7.003521546721459e-05,0.00020476070215591418,0.19999012131000807,0.07349185715336833
Boston,50,batch,9,tail,excess,0.025,0.00017508803866803647,0.0005119017553897855,0.4999753032750202,0.1837296428834208
Boston,50,batch,9,tail,excess,0.05,0.00035017607733607293,0.001023803510779571,0.9999506065500404,0.3674592857668416
Boston,50,batch,9,tail,excess,0.1,0.0007003521546721459,0.002047607021559142,1.9999012131000808,0.7349185715336832
Boston,50,batch,9,body,excess,1.0,0.0010308022610843182,0.0,0.0,0.0
Boston,50,batch,9,excess,excess,2.0,0.000366855034371838,0.0017645547211777779,1.7234435564583186,0.633326620502377
Boston,50,batch,9,gate,excess,0.5,0.0006800623959861696,0.0,0.0,0.0
Boston,50,batch,9,amp_true,excess,0.0001,9.567459113895893e-07,3.7969138215510577e-06,0.0037084520993556766,0.0013627724717636715
Boston,50,batch,9,amp_true,excess,0.0003,2.870237734168768e-06,1.139074146465317e-05,0.011125356298067029,0.004088317415291014
Boston,50,batch,9,amp_true,excess,0.0007,6.697221379727125e-06,2.6578396750857403e-05,0.025959164695489735,0.0095394073023457
Boston,50,batch,9,amp_true,excess,0.001,9.567459113895893e-06,3.796913821551057e-05,0.03708452099355677,0.013627724717636715
Boston,50,batch,9,amp_true,excess,0.003,2.870237734168768e-05,0.00011390741464653173,0.1112535629806703,0.040883174152910144
Boston,50,batch,9,tail,full,0.01,7.003521546721459e-05,0.0016484967582733481,0.08490308533644118,0.03258208525250135
Boston,50,batch,9,tail,full,0.025,0.00017508803866803647,0.004121241895683371,0.21225771334110297,0.08145521313125338
Boston,50,batch,9,tail,full,0.05,0.00035017607733607293,0.008242483791366741,0.42451542668220593,0.16291042626250676
Boston,50,batch,9,tail,full,0.1,0.0007003521546721459,0.016484967582733483,0.8490308533644119,0.3258208525250135
Boston,50,batch,9,body,full,1.0,0.0010308022610843182,0.01643298830571266,0.8463537471035248,0.3247934964038952
Boston,50,batch,9,excess,full,2.0,0.000366855034371838,0.007611797253667097,0.3920329649108261,0.15044508022175504
Boston,50,batch,9,gate,full,0.5,0.0006800623959861696,0.0144322129793266,0.7433071396882169,0.2852487220946683
Boston,50,batch,9,amp_true,full,0.0001,9.567459113895893e-07,1.5614935522946057e-05,0.0008042212983277724,0.00030862490803671826
Boston,50,batch,9,amp_true,full,0.0003,2.870237734168768e-06,4.684480656883817e-05,0.002412663894983317,0.0009258747241101546
Boston,50,batch,9,amp_true,full,0.0007,6.697221379727125e-06,0.00010930454866062241,0.005629549088294407,0.0021603743562570274
Boston,50,batch,9,amp_true,full,0.001,9.567459113895893e-06,0.00015614935522946058,0.008042212983277723,0.003086249080367182
Boston,50,batch,9,amp_true,full,0.003,2.870237734168768e-05,0.00046844806568838176,0.02412663894983317,0.009258747241101546
Boston,50,batch,10,tail,shared,0.01,1.3807661598548294e-05,0.00027208990481991093,0.02619868719214116,0.01345913915199344
Boston,50,batch,10,tail,shared,0.025,3.4519153996370735e-05,0.0006802247620497774,0.06549671798035289,0.0336478478799836
Boston,50,batch,10,tail,shared,0.05,6.903830799274147e-05,0.0013604495240995549,0.13099343596070578,0.0672956957599672
Boston,50,batch,10,tail,shared,0.1,0.00013807661598548294,0.0027208990481991098,0.26198687192141157,0.1345913915199344
Boston,50,batch,10,body,shared,1.0,0.0008811959996819496,0.010163154278045768,0.978578385670808,0.5027283454045504
Boston,50,batch,10,excess,shared,2.0,3.6438221286516637e-05,0.0004502419982211669,0.04335239589270399,0.022271571266641203
Boston,50,batch,10,gate,shared,0.5,0.00041420766501687467,0.003406642506281477,0.3280149679077292,0.1685122259992898
Boston,50,batch,10,amp_true,shared,0.0001,1.2410640483722091e-07,2.1430932933965944e-06,0.00020635176029200588,0.00010600977963743222
Boston,50,batch,10,amp_true,shared,0.0003,3.723192145116627e-07,6.429279880189782e-06,0.0006190552808760176,0.0003180293389122966
Boston,50,batch,10,amp_true,shared,0.0007,8.687448338605463e-07,1.5001653053776159e-05,0.001444462322044041,0.0007420684574620254
Boston,50,batch,10,amp_true,shared,0.001,1.241064048372209e-06,2.1430932933965944e-05,0.002063517602920059,0.001060097796374322
Boston,50,batch,10,amp_true,shared,0.003,3.723192145116627e-06,6.429279880189782e-05,0.006190552808760176,0.0031802933891229663
Boston,50,batch,10,tail,temporal,0.01,1.3807661598548294e-05,3.5810365363423666e-06,0.01941298924278119,0.01013855253972967
Boston,50,batch,10,tail,temporal,0.025,3.4519153996370735e-05,8.952591340855917e-06,0.048532473106952974,0.02534638134932417
Boston,50,batch,10,tail,temporal,0.05,6.903830799274147e-05,1.7905182681711835e-05,0.09706494621390595,0.05069276269864834
Boston,50,batch,10,tail,temporal,0.1,0.00013807661598548294,3.581036536342367e-05,0.1941298924278119,0.10138552539729669
Boston,50,batch,10,body,temporal,1.0,0.0008811959996819496,0.00018148277440796395,0.983827758130156,0.5138100727870201
Boston,50,batch,10,excess,temporal,2.0,3.6438221286516637e-05,5.195981695282052e-06,0.028167692714809758,0.01471075005196603
Boston,50,batch,10,gate,temporal,0.5,0.00041420766501687467,2.057291010381957e-05,0.11152683824501775,0.05824557439331547
Boston,50,batch,10,amp_true,temporal,0.0001,1.2410640483722091e-07,3.220444157752615e-08,0.00017458198808349698,9.11765126194143e-05
Boston,50,batch,10,amp_true,temporal,0.0003,3.723192145116627e-07,9.661332473257843e-08,0.0005237459642504909,0.00027352953785824286
Boston,50,batch,10,amp_true,temporal,0.0007,8.687448338605463e-07,2.25431091042683e-07,0.0012220739165844788,0.0006382355883359001
Boston,50,batch,10,amp_true,temporal,0.001,1.241064048372209e-06,3.220444157752615e-07,0.0017458198808349699,0.000911765126194143
Boston,50,batch,10,amp_true,temporal,0.003,3.723192145116627e-06,9.661332473257843e-07,0.005237459642504909,0.002735295378582429
Boston,50,batch,10,tail,excess,0.01,1.3807661598548294e-05,1.1238324694066674e-05,0.199379566363636,0.080843526180461
Boston,50,batch,10,tail,excess,0.025,3.4519153996370735e-05,2.8095811735166685e-05,0.49844891590908996,0.20210881545115253
Boston,50,batch,10,tail,excess,0.05,6.903830799274147e-05,5.619162347033337e-05,0.9968978318181799,0.40421763090230506
Boston,50,batch,10,tail,excess,0.1,0.00013807661598548294,0.00011238324694066674,1.9937956636363598,0.8084352618046101
Boston,50,batch,10,body,excess,1.0,0.0008811959996819496,0.0,0.0,0.0
Boston,50,batch,10,excess,excess,2.0,3.6438221286516637e-05,8.367433249451273e-05,1.484469668093011,0.601916057223734
Boston,50,batch,10,gate,excess,0.5,0.00041420766501687467,0.0,0.0,0.0
Boston,50,batch,10,amp_true,excess,0.0001,1.2410640483722091e-07,4.72717842929676e-07,0.008386506094225242,0.0034005226180226604
Boston,50,batch,10,amp_true,excess,0.0003,3.723192145116627e-07,1.418153528789028e-06,0.025159518282675725,0.01020156785406798
Boston,50,batch,10,amp_true,excess,0.0007,8.687448338605463e-07,3.309024900507732e-06,0.0587055426595767,0.02380365832615862
Boston,50,batch,10,amp_true,excess,0.001,1.241064048372209e-06,4.72717842929676e-06,0.08386506094225243,0.034005226180226604
Boston,50,batch,10,amp_true,excess,0.003,3.723192145116627e-06,1.418153528789028e-05,0.2515951828267573,0.1020156785406798
Boston,50,batch,10,tail,full,0.01,1.3807661598548294e-05,0.0002841211553793615,0.023496833151215316,0.011973022878603776
Boston,50,batch,10,tail,full,0.025,3.4519153996370735e-05,0.0007103028884484037,0.058742082878038296,0.029932557196509443
Boston,50,batch,10,tail,full,0.05,6.903830799274147e-05,0.0014206057768968074,0.11748416575607659,0.059865114393018885
Boston,50,batch,10,tail,full,0.1,0.00013807661598548294,0.002841211553793615,0.23496833151215318,0.11973022878603777
Boston,50,batch,10,body,full,1.0,0.0008811959996819496,0.011920686452888326,0.9858413403165263,0.5023443306730325
Boston,50,batch,10,excess,full,2.0,3.6438221286516637e-05,0.0004579511446438272,0.03787258158491113,0.019298314920556666
Boston,50,batch,10,gate,full,0.5,0.00041420766501687467,0.0034405597380266087,0.2845344550399948,0.14498709328276904
Boston,50,batch,10,amp_true,full,0.0001,1.2410640483722091e-07,2.194609537759632e-06,0.00018149431383225191,9.248206164061949e-05
Boston,50,batch,10,amp_true,full,0.0003,3.723192145116627e-07,6.583828613278896e-06,0.0005444829414967557,0.0002774461849218584
Boston,50,batch,10,amp_true,full,0.0007,8.687448338605463e-07,1.5362266764317426e-05,0.0012704601968257633,0.0006473744314843364
Boston,50,batch,10,amp_true,full,0.001,1.241064048372209e-06,2.194609537759632e-05,0.0018149431383225193,0.0009248206164061949
Boston,50,batch,10,amp_true,full,0.003,3.723192145116627e-06,6.583828613278896e-05,0.005444829414967558,0.0027744618492185845
Boston,50,batch,11,tail,shared,0.01,2.6915599592030047e-05,0.0005370506953784939,0.04529662946958202,0.02208507147506053
Boston,50,batch,11,tail,shared,0.025,6.728899898007512e-05,0.0013426267384462347,0.11324157367395504,0.05521267868765133
Boston,50,batch,11,tail,shared,0.05,0.00013457799796015024,0.0026852534768924694,0.22648314734791009,0.11042535737530267
Boston,50,batch,11,tail,shared,0.1,0.00026915599592030047,0.005370506953784939,0.45296629469582017,0.22085071475060533
Boston,50,batch,11,body,shared,1.0,0.0008709846879355609,0.011196417400407416,0.9443428241268872,0.4604289328372244
Boston,50,batch,11,excess,shared,2.0,0.00012734069605357945,0.002163688087604659,0.18249259974033633,0.08897708628942125
Boston,50,batch,11,gate,shared,0.5,0.0002160401054425165,0.0024183908089005575,0.20397506851044664,0.09945119581598642
Boston,50,batch,11,amp_true,shared,0.0001,2.931470749899745e-07,8.778478283257983e-06,0.0007404058527906202,0.0003609963118870637
Boston,50,batch,11,amp_true,shared,0.0003,8.794412249699234e-07,2.6335434849773944e-05,0.00222121755837186,0.001082988935661191
Boston,50,batch,11,amp_true,shared,0.0007,2.0520295249298215e-06,6.144934798280587e-05,0.005182840969534341,0.0025269741832094454
Boston,50,batch,11,amp_true,shared,0.001,2.931470749899745e-06,8.778478283257982e-05,0.007404058527906201,0.0036099631188706367
Boston,50,batch,11,amp_true,shared,0.003,8.794412249699236e-06,0.00026335434849773944,0.022212175583718605,0.010829889356611909
Boston,50,batch,11,tail,temporal,0.01,2.6915599592030047e-05,6.516629319860225e-06,0.030914313853530846,0.015099963986545962
Boston,50,batch,11,tail,temporal,0.025,6.728899898007512e-05,1.6291573299650564e-05,0.07728578463382713,0.0377499099663649
Boston,50,batch,11,tail,temporal,0.05,0.00013457799796015024,3.258314659930113e-05,0.15457156926765425,0.0754998199327298
Boston,50,batch,11,tail,temporal,0.1,0.00026915599592030047,6.516629319860226e-05,0.3091431385353085,0.1509996398654596
Boston,50,batch,11,body,temporal,1.0,0.0008709846879355609,0.00020315293435608226,0.9637395752754558,0.4707344613248271
Boston,50,batch,11,excess,temporal,2.0,0.00012734069605357945,1.1417045955544614e-05,0.054161457499850796,0.026454931575755427
Boston,50,batch,11,gate,temporal,0.5,0.0002160401054425165,3.001187429567998e-05,0.14237368059002412,0.06954181353424477
Boston,50,batch,11,amp_true,temporal,0.0001,2.931470749899745e-07,1.1072020158470626e-07,0.00052524685596038,0.0002565545736070858
Boston,50,batch,11,amp_true,temporal,0.0003,8.794412249699234e-07,3.321606047541188e-07,0.0015757405678811399,0.0007696637208212572
Boston,50,batch,11,amp_true,temporal,0.0007,2.0520295249298215e-06,7.750414110929438e-07,0.00367672799172266,0.0017958820152496004
Boston,50,batch,11,amp_true,temporal,0.001,2.931470749899745e-06,1.1072020158470628e-06,0.0052524685596038005,0.0025655457360708577
Boston,50,batch,11,amp_true,temporal,0.003,8.794412249699236e-06,3.321606047541188e-06,0.0157574056788114,0.007696637208212573
Boston,50,batch,11,tail,excess,0.01,2.6915599592030047e-05,0.0001212114646304633,0.19991047700729372,0.08130051047610647
Boston,50,batch,11,tail,excess,0.025,6.728899898007512e-05,0.0003030286615761583,0.4997761925182343,0.20325127619026617
Boston,50,batch,11,tail,excess,0.05,0.00013457799796015024,0.0006060573231523166,0.9995523850364686,0.40650255238053234
Boston,50,batch,11,tail,excess,0.1,0.00026915599592030047,0.001212114646304633,1.9991047700729372,0.8130051047610647
Boston,50,batch,11,body,excess,1.0,0.0008709846879355609,0.0,0.0,0.0
Boston,50,batch,11,excess,excess,2.0,0.00012734069605357945,0.0008862700963089198,1.4616990088401929,0.5944504628278725
Boston,50,batch,11,gate,excess,0.5,0.0002160401054425165,0.0,0.0,0.0
Boston,50,batch,11,amp_true,excess,0.0001,2.931470749899745e-07,3.0361153555984025e-06,0.005007375093084261,0.002036422289154152
Boston,50,batch,11,amp_true,excess,0.0003,8.794412249699234e-07,9.108346066795207e-06,0.015022125279252783,0.0061092668674624555
Boston,50,batch,11,amp_true,excess,0.0007,2.0520295249298215e-06,2.125280748918882e-05,0.03505162565158983,0.014254956024079064
Boston,50,batch,11,amp_true,excess,0.001,2.931470749899745e-06,3.0361153555984025e-05,0.05007375093084262,0.02036422289154152
Boston,50,batch,11,amp_true,excess,0.003,8.794412249699236e-06,9.108346066795208e-05,0.15022125279252785,0.06109266867462456
Boston,50,batch,11,tail,full,0.01,2.6915599592030047e-05,0.0005629011107737457,0.04285988751401525,0.020989214496091733
Boston,50,batch,11,tail,full,0.025,6.728899898007512e-05,0.0014072527769343644,0.10714971878503815,0.05247303624022934
Boston,50,batch,11,tail,full,0.05,0.00013457799796015024,0.002814505553868729,0.2142994375700763,0.10494607248045867
Boston,50,batch,11,tail,full,0.1,0.00026915599592030047,0.005629011107737458,0.4285988751401526,0.20989214496091735
Boston,50,batch,11,body,full,1.0,0.0008709846879355609,0.012507388004207734,0.9523257863492742,0.4663701040584357
Boston,50,batch,11,excess,full,2.0,0.00012734069605357945,0.002338166124135266,0.17803044824652814,0.08718453271394666
Boston,50,batch,11,gate,full,0.5,0.0002160401054425165,0.002487085480681676,0.1893693259784716,0.09273737362569415
Boston,50,batch,11,amp_true,full,0.0001,2.931470749899745e-07,9.288685451781237e-06,0.0007072503606702461,0.0003463525077542916
Boston,50,batch,11,amp_true,full,0.0003,8.794412249699234e-07,2.7866056355343708e-05,0.002121751082010738,0.0010390575232628746
Boston,50,batch,11,amp_true,full,0.0007,2.0520295249298215e-06,6.502079816246865e-05,0.0049507525246917225,0.002424467554280041
Boston,50,batch,11,amp_true,full,0.001,2.931470749899745e-06,9.288685451781236e-05,0.007072503606702461,0.003463525077542916
Boston,50,batch,11,amp_true,full,0.003,8.794412249699236e-06,0.0002786605635534371,0.021217510820107383,0.010390575232628747
Boston,50,accum4,2,tail,shared,0.01,3.792445961153135e-05,0.00069356095737884,0.05412697619415784,0.024032833854855988
Boston,50,accum4,2,tail,shared,0.025,9.481114902882838e-05,0.0017339023934471,0.1353174404853946,0.06008208463713997
Boston,50,accum4,2,tail,shared,0.05,0.00018962229805765676,0.0034678047868942,0.2706348809707892,0.12016416927427993
Boston,50,accum4,2,tail,shared,0.1,0.0003792445961153135,0.0069356095737884,0.5412697619415784,0.24032833854855987
Boston,50,accum4,2,body,shared,1.0,0.0009043509344337508,0.01165321703876568,0.9094419092251347,0.4037998765467661
Boston,50,accum4,2,excess,shared,2.0,0.00019392183276067954,0.0018652705592305677,0.1455696922974123,0.06463417089358527
Boston,50,accum4,2,gate,shared,0.5,0.00043343417564756237,0.004884768434753369,0.3812177458504902,0.16926389376867523
Boston,50,accum4,2,amp_true,shared,0.0001,4.3263754050713034e-07,7.295015040343121e-06,0.0005693185310155728,0.0002527822285381006
Boston,50,accum4,2,amp_true,shared,0.0003,1.297912621521391e-06,2.188504512102936e-05,0.0017079555930467184,0.0007583466856143017
Boston,50,accum4,2,amp_true,shared,0.0007,3.028462783549912e-06,5.106510528240185e-05,0.00398522971710901,0.0017694755997667041
Boston,50,accum4,2,amp_true,shared,0.001,4.3263754050713035e-06,7.295015040343122e-05,0.005693185310155728,0.002527822285381006
Boston,50,accum4,2,amp_true,shared,0.003,1.297912621521391e-05,0.00021885045121029364,0.017079555930467186,0.007583466856143018
Boston,50,accum4,2,tail,temporal,0.01,3.792445961153135e-05,9.656356943787048e-06,0.040703404058705844,0.01885683145533338
Boston,50,accum4,2,tail,temporal,0.025,9.481114902882838e-05,2.414089235946762e-05,0.10175851014676461,0.04714207863833345
Boston,50,accum4,2,tail,temporal,0.05,0.00018962229805765676,4.828178471893524e-05,0.20351702029352922,0.0942841572766669
Boston,50,accum4,2,tail,temporal,0.1,0.0003792445961153135,9.656356943787048e-05,0.40703404058705844,0.1885683145533338
Boston,50,accum4,2,body,temporal,1.0,0.0009043509344337508,0.00021920039937273534,0.9239718951398881,0.42805221575543595
Boston,50,accum4,2,excess,temporal,2.0,0.00019392183276067954,2.057552090712439e-05,0.0867297828856546,0.04017965906914482
Boston,50,accum4,2,gate,temporal,0.5,0.00043343417564756237,4.811897950947134e-05,0.20283076498397015,0.0939662329898181
Boston,50,accum4,2,amp_true,temporal,0.0001,4.3263754050713034e-07,1.00778851955149e-07,0.0004248022681413204,0.00019679987355924615
Boston,50,accum4,2,amp_true,temporal,0.0003,1.297912621521391e-06,3.023365558654469e-07,0.001274406804423961,0.0005903996206777383
Boston,50,accum4,2,amp_true,temporal,0.0007,3.028462783549912e-06,7.054519636860429e-07,0.0029736158769892427,0.0013775991149147229
Boston,50,accum4,2,amp_true,temporal,0.001,4.3263754050713035e-06,1.0077885195514899e-06,0.004248022681413204,0.0019679987355924614
Boston,50,accum4,2,amp_true,temporal,0.003,1.297912621521391e-05,3.0233655586544697e-06,0.012744068044239611,0.005903996206777384
Boston,50,accum4,2,tail,excess,0.01,3.792445961153135e-05,4.1723932337903706e-05,0.20002851505071884,0.09546346424221346
Boston,50,accum4,2,tail,excess,0.025,9.481114902882838e-05,0.00010430983084475928,0.5000712876267971,0.23865866060553365
Boston,50,accum4,2,tail,excess,0.05,0.00018962229805765676,0.00020861966168951856,1.0001425752535942,0.4773173212110673
Boston,50,accum4,2,tail,excess,0.1,0.0003792445961153135,0.0004172393233790371,2.0002851505071884,0.9546346424221346
Boston,50,accum4,2,body,excess,1.0,0.0009043509344337508,0.0,0.0,0.0
Boston,50,accum4,2,excess,excess,2.0,0.00019392183276067954,0.00024343693535026776,1.1670599092208767,0.5569784982115112
Boston,50,accum4,2,gate,excess,0.5,0.00043343417564756237,0.0,0.0,0.0
Boston,50,accum4,2,amp_true,excess,0.0001,4.3263754050713034e-07,1.8285281055215723e-06,0.008766138309157286,0.004183633172532152
Boston,50,accum4,2,amp_true,excess,0.0003,1.297912621521391e-06,5.485584316564716e-06,0.026298414927471855,0.012550899517596453
Boston,50,accum4,2,amp_true,excess,0.0007,3.028462783549912e-06,1.2799696738651005e-05,0.061362968164101,0.02928543220772506
Boston,50,accum4,2,amp_true,excess,0.001,4.3263754050713035e-06,1.828528105521572e-05,0.08766138309157286,0.041836331725321516
Boston,50,accum4,2,amp_true,excess,0.003,1.297912621521391e-05,5.485584316564717e-05,0.2629841492747186,0.12550899517596453
Boston,50,accum4,2,tail,full,0.01,3.792445961153135e-05,0.000721770769176813,0.04991050777812689,0.02271353601315047
Boston,50,accum4,2,tail,full,0.025,9.481114902882838e-05,0.0018044269229420325,0.12477626944531722,0.056783840032876176
Boston,50,accum4,2,tail,full,0.05,0.00018962229805765676,0.003608853845884065,0.24955253889063445,0.11356768006575235
Boston,50,accum4,2,tail,full,0.1,0.0003792445961153135,0.00721770769176813,0.4991050777812689,0.2271353601315047
Boston,50,accum4,2,body,full,1.0,0.0009043509344337508,0.0133804571775322,0.9252597092505926,0.42107204801451903
Boston,50,accum4,2,excess,full,2.0,0.00019392183276067954,0.001881088993276247,0.13007745788505826,0.05919633271024628
Boston,50,accum4,2,gate,full,0.5,0.00043343417564756237,0.0049297884467905465,0.3408952746848978,0.15513641200944792
Boston,50,accum4,2,amp_true,full,0.0001,4.3263754050713034e-07,7.5206887631063855e-06,0.0005200562436686045,0.00023666992674050317
Boston,50,accum4,2,amp_true,full,0.0003,1.297912621521391e-06,2.2562066289319156e-05,0.0015601687310058132,0.0007100097802215094
Boston,50,accum4,2,amp_true,full,0.0007,3.028462783549912e-06,5.26448213417447e-05,0.003640393705680231,0.001656689487183522
Boston,50,accum4,2,amp_true,full,0.001,4.3263754050713035e-06,7.520688763106385e-05,0.005200562436686045,0.0023666992674050316
Boston,50,accum4,2,amp_true,full,0.003,1.297912621521391e-05,0.00022562066289319156,0.015601687310058133,0.007100097802215095
Boston,50,batch,12,tail,shared,0.01,1.0234860237687826e-05,0.0004257014281969785,0.04918172602363592,0.024462720894974116
Boston,50,batch,12,tail,shared,0.025,2.5587150594219567e-05,0.0010642535704924463,0.12295431505908981,0.0611568022374353
Boston,50,batch,12,tail,shared,0.05,5.1174301188439133e-05,0.0021285071409848926,0.24590863011817962,0.1223136044748706
Boston,50,batch,12,tail,shared,0.1,0.00010234860237687827,0.004257014281969785,0.49181726023635924,0.2446272089497412
Boston,50,batch,12,body,shared,1.0,0.0008284552022814751,0.00813841714746057,0.9402397452781374,0.46767009462105535
Boston,50,batch,12,excess,shared,2.0,7.075531175360084e-05,0.002685578632369948,0.31026767533190797,0.15432544072831617
Boston,50,batch,12,gate,shared,0.5,0.00020447532006073743,0.0018938469082764348,0.21879809087805796,0.10882897088505679
Boston,50,batch,12,amp_true,shared,0.0001,1.308762119151652e-07,5.274541553588755e-06,0.0006093732376882035,0.00030309890765666144
Boston,50,batch,12,amp_true,shared,0.0003,3.926286357454955e-07,1.5823624660766263e-05,0.0018281197130646104,0.0009092967229699842
Boston,50,batch,12,amp_true,shared,0.0007,9.161334834061563e-07,3.692179087512128e-05,0.004265612663817425,0.00212169235359663
Boston,50,batch,12,amp_true,shared,0.001,1.308762119151652e-06,5.274541553588755e-05,0.006093732376882035,0.0030309890765666146
Boston,50,batch,12,amp_true,shared,0.003,3.926286357454955e-06,0.00015823624660766264,0.018281197130646104,0.009092967229699843
Boston,50,batch,12,tail,temporal,0.01,1.0234860237687826e-05,6.864073913856543e-06,0.04458511968659694,0.02213004982058283
Boston,50,batch,12,tail,temporal,0.025,2.5587150594219567e-05,1.716018478464136e-05,0.11146279921649234,0.05532512455145708
Boston,50,batch,12,tail,temporal,0.05,5.1174301188439133e-05,3.432036956928272e-05,0.22292559843298468,0.11065024910291416
Boston,50,batch,12,tail,temporal,0.1,0.00010234860237687827,6.864073913856544e-05,0.44585119686596936,0.2213004982058283
Boston,50,batch,12,body,temporal,1.0,0.0008284552022814751,0.00014273914338745451,0.9271522818314725,0.46019672779673143
Boston,50,batch,12,excess,temporal,2.0,7.075531175360084e-05,4.244412573288315e-05,0.275692897474984,0.13684156506001993
Boston,50,batch,12,gate,temporal,0.5,0.00020447532006073743,5.3424002660017675e-06,0.03470119323636033,0.0172241129002774
Boston,50,batch,12,amp_true,temporal,0.0001,1.308762119151652e-07,8.362397882164247e-08,0.0005431737990038052,0.0002696070643677786
Boston,50,batch,12,amp_true,temporal,0.0003,3.926286357454955e-07,2.508719364649274e-07,0.0016295213970114154,0.0008088211931033359
Boston,50,batch,12,amp_true,temporal,0.0007,9.161334834061563e-07,5.853678517514973e-07,0.0038022165930266362,0.0018872494505744505
Boston,50,batch,12,amp_true,temporal,0.001,1.308762119151652e-06,8.362397882164247e-07,0.005431737990038051,0.0026960706436777865
Boston,50,batch,12,amp_true,temporal,0.003,3.926286357454955e-06,2.508719364649274e-06,0.016295213970114155,0.00808821193103336
Boston,50,batch,12,tail,excess,0.01,1.0234860237687826e-05,0.00012254168043698537,0.2001464278137534,0.07476636034839239
Boston,50,batch,12,tail,excess,0.025,2.5587150594219567e-05,0.00030635420109246343,0.5003660695343836,0.18691590087098098
Boston,50,batch,12,tail,excess,0.05,5.1174301188439133e-05,0.0006127084021849269,1.0007321390687671,0.37383180174196196
Boston,50,batch,12,tail,excess,0.1,0.00010234860237687827,0.0012254168043698537,2.0014642781375342,0.7476636034839239
Boston,50,batch,12,body,excess,1.0,0.0008284552022814751,0.0,0.0,0.0
Boston,50,batch,12,excess,excess,2.0,7.075531175360084e-05,0.0010273391490327726,1.6779454965762919,0.6268104757719012
Boston,50,batch,12,gate,excess,0.5,0.00020447532006073743,0.0,0.0,0.0
Boston,50,batch,12,amp_true,excess,0.0001,1.308762119151652e-07,1.9781402459195194e-06,0.00323088195398956,0.0012069227867503426
Boston,50,batch,12,amp_true,excess,0.0003,3.926286357454955e-07,5.9344207377585574e-06,0.00969264586196868,0.0036207683602510273
Boston,50,batch,12,amp_true,excess,0.0007,9.161334834061563e-07,1.3846981721436634e-05,0.02261617367792692,0.008448459507252398
Boston,50,batch,12,amp_true,excess,0.001,1.308762119151652e-06,1.9781402459195194e-05,0.0323088195398956,0.012069227867503425
Boston,50,batch,12,amp_true,excess,0.003,3.926286357454955e-06,5.9344207377585576e-05,0.09692645861968681,0.036207683602510275
Boston,50,batch,12,tail,full,0.01,1.0234860237687826e-05,0.0004464465046103139,0.0466314614594994,0.02316573639745966
Boston,50,batch,12,tail,full,0.025,2.5587150594219567e-05,0.0011161162615257846,0.11657865364874852,0.05791434099364915
Boston,50,batch,12,tail,full,0.05,5.1174301188439133e-05,0.0022322325230515693,0.23315730729749704,0.1158286819872983
Boston,50,batch,12,tail,full,0.1,0.00010234860237687827,0.004464465046103139,0.46631461459499407,0.2316573639745966
Boston,50,batch,12,body,full,1.0,0.0008284552022814751,0.009098110780575167,0.9503001990999251,0.4720933726240246
Boston,50,batch,12,excess,full,2.0,7.075531175360084e-05,0.00287537098785138,0.3003332986530829,0.14920059998590346
Boston,50,batch,12,gate,full,0.5,0.00020447532006073743,0.0018986593396563742,0.19831549560273878,0.09851984799264182
Boston,50,batch,12,amp_true,full,0.0001,1.308762119151652e-07,5.633278568743162e-06,0.0005883975118099783,0.00029230612185186794
Boston,50,batch,12,amp_true,full,0.0003,3.926286357454955e-07,1.6899835706229484e-05,0.001765192535429935,0.0008769183655556037
Boston,50,batch,12,amp_true,full,0.0007,9.161334834061563e-07,3.943294998120213e-05,0.004118782582669849,0.0020461428529630755
Boston,50,batch,12,amp_true,full,0.001,1.308762119151652e-06,5.633278568743162e-05,0.005883975118099784,0.0029230612185186795
Boston,50,batch,12,amp_true,full,0.003,3.926286357454955e-06,0.00016899835706229486,0.017651925354299353,0.008769183655556038
Boston,50,batch,13,tail,shared,0.01,4.216425120830536e-05,0.0014180239423286379,0.11667119999795526,0.05123358404177576
Boston,50,batch,13,tail,shared,0.025,0.0001054106280207634,0.0035450598558215947,0.29167799999488814,0.12808396010443943
Boston,50,batch,13,tail,shared,0.05,0.0002108212560415268,0.0070901197116431895,0.5833559999897763,0.25616792020887885
Boston,50,batch,13,tail,shared,0.1,0.0004216425120830536,0.014180239423286379,1.1667119999795525,0.5123358404177577
Boston,50,batch,13,body,shared,1.0,0.0008418434299528599,0.008279619912131147,0.6812248805115235,0.2991448803787693
Boston,50,batch,13,excess,shared,2.0,0.0002449098974466324,0.0076506011649865036,0.6294709080573916,0.2764182649220757
Boston,50,batch,13,gate,shared,0.5,0.00023673244868405163,0.0027357283812393294,0.22508838079525434,0.09884259761194705
Boston,50,batch,13,amp_true,shared,0.0001,6.145403720438481e-07,1.8409890543836373e-05,0.0015147163298619437,0.0006651542658924576
Boston,50,batch,13,amp_true,shared,0.0003,1.843621116131544e-06,5.522967163150911e-05,0.00454414898958583,0.001995462797677373
Boston,50,batch,13,amp_true,shared,0.0007,4.301782604306936e-06,0.0001288692338068546,0.010603014309033605,0.004656079861247203
Boston,50,batch,13,amp_true,shared,0.001,6.145403720438481e-06,0.00018409890543836371,0.015147163298619436,0.006651542658924576
Boston,50,batch,13,amp_true,shared,0.003,1.843621116131544e-05,0.0005522967163150912,0.045441489895858306,0.01995462797677373
Boston,50,batch,13,tail,temporal,0.01,4.216425120830536e-05,1.8365181873926243e-05,0.0980200041173525,0.044239219025582185
Boston,50,batch,13,tail,temporal,0.025,0.0001054106280207634,4.591295468481561e-05,0.24505001029338125,0.11059804756395547
Boston,50,batch,13,tail,temporal,0.05,0.0002108212560415268,9.182590936963121e-05,0.4901000205867625,0.22119609512791094
Boston,50,batch,13,tail,temporal,0.1,0.0004216425120830536,0.00018365181873926243,0.980200041173525,0.4423921902558219
Boston,50,batch,13,body,temporal,1.0,0.0008418434299528599,0.00014317703755861404,0.7641750518643432,0.34489396116366344
Boston,50,batch,13,excess,temporal,2.0,0.0002449098974466324,7.999419807157996e-05,0.4269509378217917,0.19269511587515045
Boston,50,batch,13,gate,temporal,0.5,0.00023673244868405163,4.2401313696622134e-05,0.2263074208388179,0.10213898323873564
Boston,50,batch,13,amp_true,temporal,0.0001,6.145403720438481e-07,2.0115500190316996e-07,0.001073619322157003,0.0004845549719232514
Boston,50,batch,13,amp_true,temporal,0.0003,1.843621116131544e-06,6.034650057095098e-07,0.003220857966471008,0.001453664915769754
Boston,50,batch,13,amp_true,temporal,0.0007,4.301782604306936e-06,1.4080850133221896e-06,0.00751533525509902,0.0033918848034627594
Boston,50,batch,13,amp_true,temporal,0.001,6.145403720438481e-06,2.0115500190316994e-06,0.010736193221570028,0.004845549719232514
Boston,50,batch,13,amp_true,temporal,0.003,1.843621116131544e-05,6.0346500570950985e-06,0.03220857966471009,0.014536649157697541
Boston,50,batch,13,tail,excess,0.01,4.216425120830536e-05,0.0002390718628612599,0.19991718126482724,0.0758565193222033
Boston,50,batch,13,tail,excess,0.025,0.0001054106280207634,0.0005976796571531498,0.4997929531620681,0.18964129830550827
Boston,50,batch,13,tail,excess,0.05,0.0002108212560415268,0.0011953593143062995,0.9995859063241362,0.37928259661101654
Boston,50,batch,13,tail,excess,0.1,0.0004216425120830536,0.002390718628612599,1.9991718126482725,0.7585651932220331
Boston,50,batch,13,body,excess,1.0,0.0008418434299528599,0.0,0.0,0.0
Boston,50,batch,13,excess,excess,2.0,0.0002449098974466324,0.0019615242603347313,1.6402699858337821,0.6223835844764453
Boston,50,batch,13,gate,excess,0.5,0.00023673244868405163,0.0,0.0,0.0
Boston,50,batch,13,amp_true,excess,0.0001,6.145403720438481e-07,5.271944323628486e-06,0.004408516486846263,0.0016727662622639287
Boston,50,batch,13,amp_true,excess,0.0003,1.843621116131544e-06,1.5815832970885457e-05,0.013225549460538787,0.005018298786791785
Boston,50,batch,13,amp_true,excess,0.0007,4.301782604306936e-06,3.69036102653994e-05,0.030859615407923837,0.011709363835847501
Boston,50,batch,13,amp_true,excess,0.001,6.145403720438481e-06,5.271944323628486e-05,0.04408516486846263,0.016727662622639288
Boston,50,batch,13,amp_true,excess,0.003,1.843621116131544e-05,0.00015815832970885458,0.13225549460538788,0.05018298786791786
Boston,50,batch,13,tail,full,0.01,4.216425120830536e-05,0.0014587955296451055,0.11157818583317684,0.04978313184365388
Boston,50,batch,13,tail,full,0.025,0.0001054106280207634,0.003646988824112764,0.2789454645829421,0.1244578296091347
Boston,50,batch,13,tail,full,0.05,0.0002108212560415268,0.007293977648225528,0.5578909291658842,0.2489156592182694
Boston,50,batch,13,tail,full,0.1,0.0004216425120830536,0.014587955296451056,1.1157818583317685,0.4978313184365388
Boston,50,batch,13,body,full,1.0,0.0008418434299528599,0.009370548144803249,0.7167205691355166,0.3197810962949242
Boston,50,batch,13,excess,full,2.0,0.0002449098974466324,0.007898055178939593,0.6040947141446181,0.2695305231551251
Boston,50,batch,13,gate,full,0.5,0.00023673244868405163,0.0028423034357422296,0.21739788373541072,0.09699698402259947
Boston,50,batch,13,amp_true,full,0.0001,6.145403720438481e-07,1.9149868584078447e-05,0.0014647067064121292,0.000653512033137194
Boston,50,batch,13,amp_true,full,0.0003,1.843621116131544e-06,5.744960575223533e-05,0.004394120119236387,0.0019605360994115815
Boston,50,batch,13,amp_true,full,0.0007,4.301782604306936e-06,0.00013404908008854912,0.010252946944884904,0.004574584231960358
Boston,50,batch,13,amp_true,full,0.001,6.145403720438481e-06,0.00019149868584078443,0.014647067064121291,0.00653512033137194
Boston,50,batch,13,amp_true,full,0.003,1.843621116131544e-05,0.0005744960575223534,0.043941201192363874,0.01960536099411582
Boston,50,batch,14,tail,shared,0.01,3.221570979803801e-05,0.0006933006833006104,0.061684015957390426,0.029375080834115053
Boston,50,batch,14,tail,shared,0.025,8.053927449509503e-05,0.0017332517082515261,0.15421003989347606,0.07343770208528763
Boston,50,batch,14,tail,shared,0.05,0.00016107854899019005,0.0034665034165030522,0.30842007978695213,0.14687540417057526
Boston,50,batch,14,tail,shared,0.1,0.0003221570979803801,0.0069330068330061044,0.6168401595739043,0.2937508083411505
Boston,50,batch,14,body,shared,1.0,0.0008010723395273089,0.009553721465575737,0.8500091252319097,0.4047902260558183
Boston,50,batch,14,excess,shared,2.0,0.0002419477968942374,0.004395352202414418,0.391061168584663,0.1862306346297747
Boston,50,batch,14,gate,shared,0.5,0.0002320088242413476,0.0017577374800993937,0.1563885762454127,0.07447516179741795
Boston,50,batch,14,amp_true,shared,0.0001,3.862540936097503e-07,1.0595023110617421e-05,0.0009426553158910899,0.0004489100729455892
Boston,50,batch,14,amp_true,shared,0.0003,1.1587622808292508e-06,3.178506933185226e-05,0.0028279659476732693,0.0013467302188367675
Boston,50,batch,14,amp_true,shared,0.0007,2.703778655268252e-06,7.416516177432194e-05,0.006598587211237629,0.003142370510619124
Boston,50,batch,14,amp_true,shared,0.001,3.862540936097503e-06,0.00010595023110617421,0.009426553158910899,0.004489100729455892
Boston,50,batch,14,amp_true,shared,0.003,1.1587622808292509e-05,0.00031785069331852266,0.028279659476732697,0.013467302188367676
Boston,50,batch,14,tail,temporal,0.01,3.221570979803801e-05,1.0266357012864104e-05,0.05479080698800996,0.027123818149245332
Boston,50,batch,14,tail,temporal,0.025,8.053927449509503e-05,2.566589253216026e-05,0.13697701747002491,0.06780954537311333
Boston,50,batch,14,tail,temporal,0.05,0.00016107854899019005,5.133178506432052e-05,0.27395403494004983,0.13561909074622666
Boston,50,batch,14,tail,temporal,0.1,0.0003221570979803801,0.00010266357012864104,0.5479080698800997,0.2712381814924533
Boston,50,batch,14,body,temporal,1.0,0.0008010723395273089,0.00016171937575089915,0.8630846454965636,0.4272642119868317
Boston,50,batch,14,excess,temporal,2.0,0.0002419477968942374,6.015887434306852e-05,0.3210635738282642,0.15894034911313393
Boston,50,batch,14,gate,temporal,0.5,0.0002320088242413476,6.217864715641205e-06,0.03318429556710024,0.01642766091344125
Boston,50,batch,14,amp_true,temporal,0.0001,3.862540936097503e-07,1.6082505130644234e-07,0.0008583117004334323,0.00042490139783888455
Boston,50,batch,14,amp_true,temporal,0.0003,1.1587622808292508e-06,4.824751539193269e-07,0.0025749351013002967,0.0012747041935166534
Boston,50,batch,14,amp_true,temporal,0.0007,2.703778655268252e-06,1.1257753591450963e-06,0.006008181903034026,0.0029743097848721916
Boston,50,batch,14,amp_true,temporal,0.001,3.862540936097503e-06,1.6082505130644233e-06,0.008583117004334322,0.004249013978388845
Boston,50,batch,14,amp_true,temporal,0.003,1.1587622808292509e-05,4.82475153919327e-06,0.02574935101300297,0.012747041935166535
Boston,50,batch,14,tail,excess,0.01,3.221570979803801e-05,0.00012113581479113235,0.19842941949189732,0.07962733861664269
Boston,50,batch,14,tail,excess,0.025,8.053927449509503e-05,0.0003028395369778309,0.49607354872974335,0.19906834654160674
Boston,50,batch,14,tail,excess,0.05,0.00016107854899019005,0.0006056790739556618,0.9921470974594867,0.3981366930832135
Boston,50,batch,14,tail,excess,0.1,0.0003221570979803801,0.0012113581479113236,1.9842941949189734,0.796273386166427
Boston,50,batch,14,body,excess,1.0,0.0008010723395273089,0.0,0.0,0.0
Boston,50,batch,14,excess,excess,2.0,0.0002419477968942374,0.0009125708051181224,1.494858439818727,0.5998687063449909
Boston,50,batch,14,gate,excess,0.5,0.0002320088242413476,0.0,0.0,0.0
Boston,50,batch,14,amp_true,excess,0.0001,3.862540936097503e-07,4.320913977918467e-06,0.007077976515790533,0.0028403068163312933
Boston,50,batch,14,amp_true,excess,0.0003,1.1587622808292508e-06,1.29627419337554e-05,0.021233929547371598,0.008520920448993878
Boston,50,batch,14,amp_true,excess,0.0007,2.703778655268252e-06,3.0246397845429267e-05,0.04954583561053373,0.01988214771431905
Boston,50,batch,14,amp_true,excess,0.001,3.862540936097503e-06,4.320913977918467e-05,0.07077976515790534,0.028403068163312933
Boston,50,batch,14,amp_true,excess,0.003,1.1587622808292509e-05,0.00012962741933755402,0.212339295473716,0.0852092044899388
Boston,50,batch,14,tail,full,0.01,3.221570979803801e-05,0.0007106177000665594,0.0577681341233335,0.027747228547236408
Boston,50,batch,14,tail,full,0.025,8.053927449509503e-05,0.0017765442501663986,0.14442033530833376,0.06936807136809102
Boston,50,batch,14,tail,full,0.05,0.00016107854899019005,0.003553088500332797,0.2888406706166675,0.13873614273618204
Boston,50,batch,14,tail,full,0.1,0.0003221570979803801,0.007106177000665594,0.577681341233335,0.2774722854723641
Boston,50,batch,14,body,full,1.0,0.0008010723395273089,0.01071972547668822,0.8714369752465185,0.41856918669129844
Boston,50,batch,14,excess,full,2.0,0.0002419477968942374,0.004489087486073669,0.3649306905282435,0.17528375163320345
Boston,50,batch,14,gate,full,0.5,0.0002320088242413476,0.0017680003850919811,0.14372578021421722,0.06903446220401532
Boston,50,batch,14,amp_true,full,0.0001,3.862540936097503e-07,1.1442238081734205e-05,0.0009301720800295632,0.00044678087122799424
Boston,50,batch,14,amp_true,full,0.0003,1.1587622808292508e-06,3.432671424520261e-05,0.002790516240088689,0.0013403426136839825
Boston,50,batch,14,amp_true,full,0.0007,2.703778655268252e-06,8.009566657213943e-05,0.006511204560206942,0.0031274660985959597
Boston,50,batch,14,amp_true,full,0.001,3.862540936097503e-06,0.00011442238081734205,0.009301720800295633,0.004467808712279943
Boston,50,batch,14,amp_true,full,0.003,1.1587622808292509e-05,0.00034326714245202616,0.027905162400886897,0.013403426136839827
Boston,50,batch,15,tail,shared,0.01,3.034413093701005e-05,0.0006283745076858835,0.046919286081460586,0.023431712749519877
Boston,50,batch,15,tail,shared,0.025,7.586032734252512e-05,0.001570936269214709,0.11729821520365147,0.058579281873799696
Boston,50,batch,15,tail,shared,0.05,0.00015172065468505025,0.003141872538429418,0.23459643040730294,0.11715856374759939
Boston,50,batch,15,tail,shared,0.1,0.0003034413093701005,0.006283745076858836,0.46919286081460587,0.23431712749519878
Boston,50,batch,15,body,shared,1.0,0.0008728186367079616,0.012478813705867663,0.9317644542568535,0.4653275628374628
Boston,50,batch,15,excess,shared,2.0,0.0001526411942904815,0.0013601921215223905,0.10156243210833797,0.050720757583000035
Boston,50,batch,15,gate,shared,0.5,0.00022762748994864523,0.0025160924485990556,0.1878708635682514,0.09382359530135605
Boston,50,batch,15,amp_true,shared,0.0001,3.4757191315293316e-07,6.572075682971711e-06,0.0004907218471575935,0.00024506880480975517
Boston,50,batch,15,amp_true,shared,0.0003,1.0427157394587992e-06,1.971622704891513e-05,0.0014721655414727801,0.0007352064144292654
Boston,50,batch,15,amp_true,shared,0.0007,2.433003392070532e-06,4.600452978080197e-05,0.003435052930103154,0.001715481633668286
Boston,50,batch,15,amp_true,shared,0.001,3.4757191315293313e-06,6.57207568297171e-05,0.004907218471575934,0.002450688048097552
Boston,50,batch,15,amp_true,shared,0.003,1.0427157394587994e-05,0.00019716227048915133,0.014721655414727803,0.007352064144292655
Boston,50,batch,15,tail,temporal,0.01,3.034413093701005e-05,9.445056191899995e-06,0.03906848126887235,0.019904858042597437
Boston,50,batch,15,tail,temporal,0.025,7.586032734252512e-05,2.3612640479749986e-05,0.09767120317218088,0.0497621451064936
Boston,50,batch,15,tail,temporal,0.05,0.00015172065468505025,4.722528095949997e-05,0.19534240634436176,0.0995242902129872
Boston,50,batch,15,tail,temporal,0.1,0.0003034413093701005,9.445056191899994e-05,0.3906848126887235,0.1990485804259744
Boston,50,batch,15,body,temporal,1.0,0.0008728186367079616,0.00022854273363659574,0.9453429738062868,0.4816393441475635
Boston,50,batch,15,excess,temporal,2.0,0.0001526411942904815,1.3420875312784406e-05,0.055514038785608594,0.02828364516639634
Boston,50,batch,15,gate,temporal,0.5,0.00022762748994864523,1.371698889116564e-05,0.05673888144989759,0.028907685788538827
Boston,50,batch,15,amp_true,temporal,0.0001,3.4757191315293316e-07,1.0264516647570429e-07,0.0004245809323226097,0.00021631819080227964
Boston,50,batch,15,amp_true,temporal,0.0003,1.0427157394587992e-06,3.0793549942711284e-07,0.001273742796967829,0.0006489545724068388
Boston,50,batch,15,amp_true,temporal,0.0007,2.433003392070532e-06,7.1851616532993e-07,0.0029720665262582676,0.0015142273356159575
Boston,50,batch,15,amp_true,temporal,0.001,3.4757191315293313e-06,1.026451664757043e-06,0.004245809323226097,0.0021631819080227964
Boston,50,batch,15,amp_true,temporal,0.003,1.0427157394587994e-05,3.0793549942711286e-06,0.012737427969678292,0.006489545724068389
Boston,50,batch,15,tail,excess,0.01,3.034413093701005e-05,0.00013787806518333228,0.2004676132484917,0.07932797280570804
Boston,50,batch,15,tail,excess,0.025,7.586032734252512e-05,0.00034469516295833075,0.5011690331212292,0.19831993201427012
Boston,50,batch,15,tail,excess,0.05,0.00015172065468505025,0.0006893903259166615,1.0023380662424584,0.39663986402854023
Boston,50,batch,15,tail,excess,0.1,0.0003034413093701005,0.001378780651833323,2.0046761324849167,0.7932797280570805
Boston,50,batch,15,body,excess,1.0,0.0008728186367079616,0.0,0.0,0.0
Boston,50,batch,15,excess,excess,2.0,0.0001526411942904815,0.0010517810771938725,1.5292355743796153,0.6051409307075202
Boston,50,batch,15,gate,excess,0.5,0.00022762748994864523,0.0,0.0,0.0
Boston,50,batch,15,amp_true,excess,0.0001,3.4757191315293316e-07,4.791014393973513e-06,0.006965888441515094,0.002756504154968598
Boston,50,batch,15,amp_true,excess,0.0003,1.0427157394587992e-06,1.4373043181920538e-05,0.02089766532454528,0.008269512464905792
Boston,50,batch,15,amp_true,excess,0.0007,2.433003392070532e-06,3.3537100757814595e-05,0.048761219090605656,0.019295529084780185
Boston,50,batch,15,amp_true,excess,0.001,3.4757191315293313e-06,4.791014393973513e-05,0.06965888441515093,0.02756504154968598
Boston,50,batch,15,amp_true,excess,0.003,1.0427157394587994e-05,0.0001437304318192054,0.2089766532454528,0.08269512464905794
Boston,50,batch,15,tail,full,0.01,3.034413093701005e-05,0.0006659258993038885,0.043705956661576416,0.021852578025427102
Boston,50,batch,15,tail,full,0.025,7.586032734252512e-05,0.0016648147482597212,0.10926489165394104,0.054631445063567756
Boston,50,batch,15,tail,full,0.05,0.00015172065468505025,0.0033296294965194425,0.2185297833078821,0.10926289012713551
Boston,50,batch,15,tail,full,0.1,0.0003034413093701005,0.006659258993038885,0.4370595666157642,0.21852578025427102
Boston,50,batch,15,body,full,1.0,0.0008728186367079616,0.014374577181868424,0.9434302645323741,0.4717064913343422
Boston,50,batch,15,excess,full,2.0,0.0001526411942904815,0.0017194086314179897,0.1128479898542013,0.05642296134589617
Boston,50,batch,15,gate,full,0.5,0.00022762748994864523,0.002542772601562304,0.16688690023964808,0.0834419215931433
Boston,50,batch,15,amp_true,full,0.0001,3.4757191315293316e-07,8.133018978581659e-06,0.0005337851784669173,0.0002668877002644269
Boston,50,batch,15,amp_true,full,0.0003,1.0427157394587992e-06,2.4399056935744976e-05,0.0016013555354007518,0.0008006631007932806
Boston,50,batch,15,amp_true,full,0.0007,2.433003392070532e-06,5.693113285007161e-05,0.003736496249268421,0.0018682139018509883
Boston,50,batch,15,amp_true,full,0.001,3.4757191315293313e-06,8.133018978581659e-05,0.005337851784669173,0.002668877002644269
Boston,50,batch,15,amp_true,full,0.003,1.0427157394587994e-05,0.00024399056935744978,0.01601355535400752,0.008006631007932807
Boston,50,accum4,3,tail,shared,0.01,2.873973804526031e-05,0.0007607338432821902,0.06971698190860438,0.03346945237878235
Boston,50,accum4,3,tail,shared,0.025,7.184934511315078e-05,0.0019018346082054754,0.17429245477151098,0.08367363094695589
Boston,50,accum4,3,tail,shared,0.05,0.00014369869022630156,0.0038036692164109508,0.34858490954302196,0.16734726189391178
Boston,50,accum4,3,tail,shared,0.1,0.0002873973804526031,0.0076073384328219015,0.6971698190860439,0.33469452378782355
Boston,50,accum4,3,body,shared,1.0,0.0008360474021174014,0.009329858651510422,0.8550291176882838,0.41047899024740175
Boston,50,accum4,3,excess,shared,2.0,0.00017756355009623803,0.0036754773177908474,0.3368368423893799,0.16170729637364542
Boston,50,accum4,3,gate,shared,0.5,0.00022521102073369548,0.00123400426205599,0.11308955631803726,0.054291586011083866
Boston,50,accum4,3,amp_true,shared,0.0001,3.698106476804242e-07,9.564578330738463e-06,0.0008765398573179715,0.00042080578087944667
Boston,50,accum4,3,amp_true,shared,0.0003,1.1094319430412724e-06,2.8693734992215386e-05,0.002629619571953914,0.0012624173426383398
Boston,50,accum4,3,amp_true,shared,0.0007,2.588674533762969e-06,6.695204831516924e-05,0.0061357790012258,0.0029456404661561265
Boston,50,accum4,3,amp_true,shared,0.001,3.6981064768042417e-06,9.564578330738464e-05,0.008765398573179714,0.004208057808794467
Boston,50,accum4,3,amp_true,shared,0.003,1.1094319430412725e-05,0.0002869373499221539,0.026296195719539145,0.0126241734263834
Boston,50,accum4,3,tail,temporal,0.01,2.873973804526031e-05,1.1215180888144707e-05,0.0589702332051209,0.02893052984602075
Boston,50,accum4,3,tail,temporal,0.025,7.184934511315078e-05,2.8037952220361768e-05,0.14742558301280226,0.07232632461505188
Boston,50,accum4,3,tail,temporal,0.05,0.00014369869022630156,5.6075904440723535e-05,0.2948511660256045,0.14465264923010376
Boston,50,accum4,3,tail,temporal,0.1,0.0002873973804526031,0.00011215180888144707,0.589702332051209,0.2893052984602075
Boston,50,accum4,3,body,temporal,1.0,0.0008360474021174014,0.00016851545248968146,0.8860664514548816,0.4347001957785558
Boston,50,accum4,3,excess,temporal,2.0,0.00017756355009623803,4.8786827861720545e-05,0.25652467356856684,0.12584984527874798
Boston,50,accum4,3,gate,temporal,0.5,0.00022521102073369548,1.2057669522223346e-05,0.06340009944800946,0.031103802200362362
Boston,50,accum4,3,amp_true,temporal,0.0001,3.698106476804242e-07,1.3667301224944235e-07,0.0007186365949492272,0.0003525598650136577
Boston,50,accum4,3,amp_true,temporal,0.0003,1.1094319430412724e-06,4.10019036748327e-07,0.0021559097848476813,0.001057679595040973
Boston,50,accum4,3,amp_true,temporal,0.0007,2.588674533762969e-06,9.567110857460964e-07,0.0050304561646445905,0.0024679190550956037
Boston,50,accum4,3,amp_true,temporal,0.001,3.6981064768042417e-06,1.3667301224944235e-06,0.007186365949492272,0.003525598650136577
Boston,50,accum4,3,amp_true,temporal,0.003,1.1094319430412725e-05,4.100190367483271e-06,0.021559097848476816,0.010576795950409732
Boston,50,accum4,3,tail,excess,0.01,2.873973804526031e-05,0.00015057020454510762,0.19977679155229275,0.07802383180477278
Boston,50,accum4,3,tail,excess,0.025,7.184934511315078e-05,0.0003764255113627691,0.4994419788807319,0.19505957951193198
Boston,50,accum4,3,tail,excess,0.05,0.00014369869022630156,0.0007528510227255382,0.9988839577614638,0.39011915902386396
Boston,50,accum4,3,tail,excess,0.1,0.0002873973804526031,0.0015057020454510763,1.9977679155229275,0.7802383180477279
Boston,50,accum4,3,body,excess,1.0,0.0008360474021174014,0.0,0.0,0.0
Boston,50,accum4,3,excess,excess,2.0,0.00017756355009623803,0.0011769750480703388,1.5616124023405786,0.6098955863578145
Boston,50,accum4,3,gate,excess,0.5,0.00022521102073369548,0.0,0.0,0.0
Boston,50,accum4,3,amp_true,excess,0.0001,3.698106476804242e-07,4.011528706575382e-06,0.005322502792904577,0.0020787302642475245
Boston,50,accum4,3,amp_true,excess,0.0003,1.1094319430412724e-06,1.2034586119726145e-05,0.01596750837871373,0.006236190792742572
Boston,50,accum4,3,amp_true,excess,0.0007,2.588674533762969e-06,2.8080700946027674e-05,0.03725751955033203,0.01455111184973267
Boston,50,accum4,3,amp_true,excess,0.001,3.6981064768042417e-06,4.011528706575382e-05,0.053225027929045765,0.020787302642475244
Boston,50,accum4,3,amp_true,excess,0.003,1.1094319430412725e-05,0.00012034586119726145,0.1596750837871373,0.06236190792742573
Boston,50,accum4,3,tail,full,0.01,2.873973804526031e-05,0.0007884426664487883,0.06523405420793346,0.03156023596527472
Boston,50,accum4,3,tail,full,0.025,7.184934511315078e-05,0.0019711066661219708,0.16308513551983364,0.07890058991318681
Boston,50,accum4,3,tail,full,0.05,0.00014369869022630156,0.0039422133322439415,0.3261702710396673,0.15780117982637362
Boston,50,accum4,3,tail,full,0.1,0.0002873973804526031,0.007884426664487883,0.6523405420793346,0.31560235965274724
Boston,50,accum4,3,body,full,1.0,0.0008360474021174014,0.01060375370932521,0.8773318260378872,0.4244531446925415
Boston,50,accum4,3,excess,full,2.0,0.00017756355009623803,0.003859326855473008,0.3193124218277095,0.154483352320915
Boston,50,accum4,3,gate,full,0.5,0.00022521102073369548,0.0012673052602014264,0.10485411756613608,0.050728422945625545
Boston,50,accum4,3,amp_true,full,0.0001,3.698106476804242e-07,1.0371765578169906e-05,0.0008581376259173573,0.00041516699051549576
Boston,50,accum4,3,amp_true,full,0.0003,1.1094319430412724e-06,3.1115296734509715e-05,0.0025744128777520714,0.001245500971546487
Boston,50,accum4,3,amp_true,full,0.0007,2.588674533762969e-06,7.260235904718934e-05,0.0060069633814215,0.0029061689336084703
Boston,50,accum4,3,amp_true,full,0.001,3.6981064768042417e-06,0.00010371765578169905,0.008581376259173571,0.004151669905154957
Boston,50,accum4,3,amp_true,full,0.003,1.1094319430412725e-05,0.0003111529673450972,0.025744128777520716,0.012455009715464873
CBBT,0,batch,0,tail,shared,0.01,0.0018587149679660797,0.00840794675161558,0.07169126934787637,0.03694102345318913
CBBT,0,batch,0,tail,shared,0.025,0.004646787419915199,0.02101986687903895,0.1792281733696909,0.09235255863297283
CBBT,0,batch,0,tail,shared,0.05,0.009293574839830399,0.0420397337580779,0.3584563467393818,0.18470511726594566
CBBT,0,batch,0,tail,shared,0.1,0.018587149679660797,0.0840794675161558,0.7169126934787636,0.3694102345318913
CBBT,0,batch,0,body,shared,1.0,0.02119607850909233,0.11027410830259195,0.9402641374838555,0.48449859893591984
CBBT,0,batch,0,excess,shared,2.0,0.0012556188739836216,0.0,0.0,0.0
CBBT,0,batch,0,gate,shared,0.5,0.0023455980699509382,0.0,0.0,0.0
CBBT,0,batch,0,amp_true,shared,0.0001,1.5401775017380716e-06,0.0,0.0,0.0
CBBT,0,batch,0,amp_true,shared,0.0003,4.620532505214214e-06,0.0,0.0,0.0
CBBT,0,batch,0,amp_true,shared,0.0007,1.07812425121665e-05,0.0,0.0,0.0
CBBT,0,batch,0,amp_true,shared,0.001,1.5401775017380713e-05,0.0,0.0,0.0
CBBT,0,batch,0,amp_true,shared,0.003,4.620532505214215e-05,0.0,0.0,0.0
CBBT,0,batch,0,tail,temporal,0.01,0.0018587149679660797,0.00034395744886066303,0.0715961183898447,0.0368981955760322
CBBT,0,batch,0,tail,temporal,0.025,0.004646787419915199,0.0008598936221516576,0.17899029597461177,0.09224548894008051
CBBT,0,batch,0,tail,temporal,0.05,0.009293574839830399,0.0017197872443033152,0.35798059194922355,0.18449097788016103
CBBT,0,batch,0,tail,temporal,0.1,0.018587149679660797,0.0034395744886066303,0.7159611838984471,0.36898195576032206
CBBT,0,batch,0,body,temporal,1.0,0.02119607850909233,0.004515964882930868,0.9400161487233224,0.4844522368008918
CBBT,0,batch,0,excess,temporal,2.0,0.0012556188739836216,0.0,0.0,0.0
CBBT,0,batch,0,gate,temporal,0.5,0.0023455980699509382,0.0,0.0,0.0
CBBT,0,batch,0,amp_true,temporal,0.0001,1.5401775017380716e-06,0.0,0.0,0.0
CBBT,0,batch,0,amp_true,temporal,0.0003,4.620532505214214e-06,0.0,0.0,0.0
CBBT,0,batch,0,amp_true,temporal,0.0007,1.07812425121665e-05,0.0,0.0,0.0
CBBT,0,batch,0,amp_true,temporal,0.001,1.5401775017380713e-05,0.0,0.0,0.0
CBBT,0,batch,0,amp_true,temporal,0.003,4.620532505214215e-05,0.0,0.0,0.0
CBBT,0,batch,0,tail,excess,0.01,0.0018587149679660797,4.081936305791199e-05,0.0718533142461864,0.021207022823988165
CBBT,0,batch,0,tail,excess,0.025,0.004646787419915199,0.00010204840764477999,0.17963328561546602,0.05301755705997041
CBBT,0,batch,0,tail,excess,0.05,0.009293574839830399,0.00020409681528955998,0.35926657123093203,0.10603511411994082
CBBT,0,batch,0,tail,excess,0.1,0.018587149679660797,0.00040819363057911995,0.7185331424618641,0.21207022823988164
CBBT,0,batch,0,body,excess,1.0,0.02119607850909233,0.0,0.0,0.0
CBBT,0,batch,0,excess,excess,2.0,0.0012556188739836216,0.0013588542630620197,2.391957518789363,0.7059701870003637
CBBT,0,batch,0,gate,excess,0.5,0.0023455980699509382,0.0,0.0,0.0
CBBT,0,batch,0,amp_true,excess,0.0001,1.5401775017380716e-06,1.7375865290543512e-06,0.0030586305505294438,0.0009027342520761743
CBBT,0,batch,0,amp_true,excess,0.0003,4.620532505214214e-06,5.2127595871630525e-06,0.00917589165158833,0.0027082027562285223
CBBT,0,batch,0,amp_true,excess,0.0007,1.07812425121665e-05,1.2163105703380456e-05,0.021410413853706105,0.006319139764533219
CBBT,0,batch,0,amp_true,excess,0.001,1.5401775017380713e-05,1.737586529054351e-05,0.030586305505294436,0.009027342520761742
CBBT,0,batch,0,amp_true,excess,0.003,4.620532505214215e-05,5.212759587163053e-05,0.09175891651588332,0.027082027562285227
CBBT,0,batch,0,tail,full,0.01,0.0018587149679660797,0.012927041136092561,0.0719997013836836,0.037118508701370005
CBBT,0,batch,0,tail,full,0.025,0.004646787419915199,0.032317602840231406,0.17999925345920897,0.09279627175342502
CBBT,0,batch,0,tail,full,0.05,0.009293574839830399,0.06463520568046281,0.35999850691841795,0.18559254350685003
CBBT,0,batch,0,tail,full,0.1,0.018587149679660797,0.12927041136092562,0.7199970138368359,0.37118508701370007
CBBT,0,batch,0,body,full,1.0,0.02119607850909233,0.16861656445993778,0.9391431621240899,0.4841630307516105
CBBT,0,batch,0,excess,full,2.0,0.0012556188739836216,0.0013588542630620197,0.007568406422970813,0.003901793400079434
CBBT,0,batch,0,gate,full,0.5,0.0023455980699509382,0.0003020351394377339,0.001682244190140277,0.0008672590914898094
CBBT,0,batch,0,amp_true,full,0.0001,1.5401775017380716e-06,1.7375865290543512e-06,9.67783036374247e-06,4.989279450655678e-06
CBBT,0,batch,0,amp_true,full,0.0003,4.620532505214214e-06,5.2127595871630525e-06,2.9033491091227405e-05,1.4967838351967031e-05
CBBT,0,batch,0,amp_true,full,0.0007,1.07812425121665e-05,1.2163105703380456e-05,6.774481254619729e-05,3.492495615458974e-05
CBBT,0,batch,0,amp_true,full,0.001,1.5401775017380713e-05,1.737586529054351e-05,9.677830363742469e-05,4.989279450655677e-05
CBBT,0,batch,0,amp_true,full,0.003,4.620532505214215e-05,5.212759587163053e-05,0.0002903349109122741,0.00014967838351967033
CBBT,0,batch,1,tail,shared,0.01,0.0011086859554052353,0.005095106861826586,0.09078486624550625,0.046664150269703455
CBBT,0,batch,1,tail,shared,0.025,0.0027717148885130884,0.012737767154566466,0.22696216561376562,0.11666037567425865
CBBT,0,batch,1,tail,shared,0.05,0.005543429777026177,0.025475534309132932,0.45392433122753123,0.2333207513485173
CBBT,0,batch,1,tail,shared,0.1,0.011086859554052354,0.050951068618265864,0.9078486624550625,0.4666415026970346
CBBT,0,batch,1,body,shared,1.0,0.021580368280410767,0.05303509870705048,0.944982013725755,0.4857283434379499
CBBT,0,batch,1,excess,shared,2.0,0.0007939496426843107,0.0,0.0,0.0
CBBT,0,batch,1,gate,shared,0.5,0.0016754462849348783,0.0,0.0,0.0
CBBT,0,batch,1,amp_true,shared,0.0001,9.941966272890569e-07,0.0,0.0,0.0
CBBT,0,batch,1,amp_true,shared,0.0003,2.98258988186717e-06,0.0,0.0,0.0
CBBT,0,batch,1,amp_true,shared,0.0007,6.959376391023397e-06,0.0,0.0,0.0
CBBT,0,batch,1,amp_true,shared,0.001,9.941966272890567e-06,0.0,0.0,0.0
CBBT,0,batch,1,amp_true,shared,0.003,2.9825898818671706e-05,0.0,0.0,0.0
CBBT,0,batch,1,tail,temporal,0.01,0.0011086859554052353,0.00020976690783238602,0.09189029433850093,0.04727088597147419
CBBT,0,batch,1,tail,temporal,0.025,0.0027717148885130884,0.0005244172695809651,0.22972573584625233,0.11817721492868548
CBBT,0,batch,1,tail,temporal,0.05,0.005543429777026177,0.0010488345391619302,0.45945147169250466,0.23635442985737096
CBBT,0,batch,1,tail,temporal,0.1,0.011086859554052354,0.0020976690783238603,0.9189029433850093,0.4727088597147419
CBBT,0,batch,1,body,temporal,1.0,0.021580368280410767,0.0021533254535797118,0.9432837227792541,0.48525100087271317
CBBT,0,batch,1,excess,temporal,2.0,0.0007939496426843107,0.0,0.0,0.0
CBBT,0,batch,1,gate,temporal,0.5,0.0016754462849348783,0.0,0.0,0.0
CBBT,0,batch,1,amp_true,temporal,0.0001,9.941966272890569e-07,0.0,0.0,0.0
CBBT,0,batch,1,amp_true,temporal,0.0003,2.98258988186717e-06,0.0,0.0,0.0
CBBT,0,batch,1,amp_true,temporal,0.0007,6.959376391023397e-06,0.0,0.0,0.0
CBBT,0,batch,1,amp_true,temporal,0.001,9.941966272890567e-06,0.0,0.0,0.0
CBBT,0,batch,1,amp_true,temporal,0.003,2.9825898818671706e-05,0.0,0.0,0.0
CBBT,0,batch,1,tail,excess,0.01,0.0011086859554052353,2.470598242580008e-05,0.09381450776172072,0.025062679549994877
CBBT,0,batch,1,tail,excess,0.025,0.0027717148885130884,6.176495606450019e-05,0.2345362694043018,0.06265669887498719
CBBT,0,batch,1,tail,excess,0.05,0.005543429777026177,0.00012352991212900038,0.4690725388086036,0.12531339774997438
CBBT,0,batch,1,tail,excess,0.1,0.011086859554052354,0.00024705982425800077,0.9381450776172072,0.25062679549994876
CBBT,0,batch,1,body,excess,1.0,0.021580368280410767,0.0,0.0,0.0
CBBT,0,batch,1,excess,excess,2.0,0.0007939496426843107,0.0007259794096149037,2.7567169677512315,0.7364608696585186
CBBT,0,batch,1,gate,excess,0.5,0.0016754462849348783,0.0,0.0,0.0
CBBT,0,batch,1,amp_true,excess,0.0001,9.941966272890569e-07,1.0208820483617777e-06,0.0038765326227149944,0.0010356212190013744
CBBT,0,batch,1,amp_true,excess,0.0003,2.98258988186717e-06,3.0626461450853328e-06,0.011629597868144981,0.0031068636570041226
CBBT,0,batch,1,amp_true,excess,0.0007,6.959376391023397e-06,7.146174338532443e-06,0.02713572835900496,0.00724934853300962
CBBT,0,batch,1,amp_true,excess,0.001,9.941966272890567e-06,1.0208820483617777e-05,0.03876532622714994,0.010356212190013743
CBBT,0,batch,1,amp_true,excess,0.003,2.9825898818671706e-05,3.062646145085333e-05,0.11629597868144982,0.03106863657004123
CBBT,0,batch,1,tail,full,0.01,0.0011086859554052353,0.00781611551847583,0.09161017827557011,0.04711960875178187
CBBT,0,batch,1,tail,full,0.025,0.0027717148885130884,0.019540288796189575,0.22902544568892527,0.11779902187945468
CBBT,0,batch,1,tail,full,0.05,0.005543429777026177,0.03908057759237915,0.45805089137785054,0.23559804375890936
CBBT,0,batch,1,tail,full,0.1,0.011086859554052354,0.0781611551847583,0.9161017827557011,0.4711960875178187
CBBT,0,batch,1,body,full,1.0,0.021580368280410767,0.08047636958523043,0.9432376667471877,0.4851534038431551
CBBT,0,batch,1,excess,full,2.0,0.0007939496426843107,0.0007259794096149037,0.008508971365891939,0.004376581392898158
CBBT,0,batch,1,gate,full,0.5,0.0016754462849348783,0.0014803441482363947,0.017350638051416418,0.008924284309514764
CBBT,0,batch,1,amp_true,full,0.0001,9.941966272890569e-07,1.0208820483617777e-06,1.196543042738818e-05,6.15440784963027e-06
CBBT,0,batch,1,amp_true,full,0.0003,2.98258988186717e-06,3.0626461450853328e-06,3.5896291282164536e-05,1.846322354889081e-05
CBBT,0,batch,1,amp_true,full,0.0007,6.959376391023397e-06,7.146174338532443e-06,8.375801299171726e-05,4.308085494741189e-05
CBBT,0,batch,1,amp_true,full,0.001,9.941966272890567e-06,1.0208820483617777e-05,0.0001196543042738818,6.15440784963027e-05
CBBT,0,batch,1,amp_true,full,0.003,2.9825898818671706e-05,3.062646145085333e-05,0.0003589629128216454,0.0001846322354889081
CBBT,0,batch,2,tail,shared,0.01,0.0010842490941286088,0.005773085013796753,0.0656811878736921,0.03312244924556431
CBBT,0,batch,2,tail,shared,0.025,0.0027106227353215218,0.014432712534491882,0.16420296968423026,0.08280612311391078
CBBT,0,batch,2,tail,shared,0.05,0.0054212454706430435,0.028865425068983763,0.3284059393684605,0.16561224622782156
CBBT,0,batch,2,tail,shared,0.1,0.010842490941286087,0.057730850137967527,0.656811878736921,0.3312244924556431
CBBT,0,batch,2,body,shared,1.0,0.022171378135681152,0.08639905344570006,0.9829739988090148,0.4957052002145953
CBBT,0,batch,2,excess,shared,2.0,0.0003006202168762684,0.0,0.0,0.0
CBBT,0,batch,2,gate,shared,0.5,0.0019435069989413023,0.0,0.0,0.0
CBBT,0,batch,2,amp_true,shared,0.0001,3.834121860563755e-07,0.0,0.0,0.0
CBBT,0,batch,2,amp_true,shared,0.0003,1.1502365581691265e-06,0.0,0.0,0.0
CBBT,0,batch,2,amp_true,shared,0.0007,2.6838853023946285e-06,0.0,0.0,0.0
CBBT,0,batch,2,amp_true,shared,0.001,3.834121860563755e-06,0.0,0.0,0.0
CBBT,0,batch,2,amp_true,shared,0.003,1.1502365581691265e-05,0.0,0.0,0.0
CBBT,0,batch,2,tail,temporal,0.01,0.0010842490941286088,0.00023675678112513524,0.06589605805164145,0.03323548482343513
CBBT,0,batch,2,tail,temporal,0.025,0.0027106227353215218,0.0005918919528128382,0.16474014512910362,0.08308871205858782
CBBT,0,batch,2,tail,temporal,0.05,0.0054212454706430435,0.0011837839056256763,0.32948029025820724,0.16617742411717565
CBBT,0,batch,2,tail,temporal,0.1,0.010842490941286087,0.0023675678112513527,0.6589605805164145,0.3323548482343513
CBBT,0,batch,2,body,temporal,1.0,0.022171378135681152,0.0035312199265600144,0.9828376284213973,0.49570620836987456
CBBT,0,batch,2,excess,temporal,2.0,0.0003006202168762684,0.0,0.0,0.0
CBBT,0,batch,2,gate,temporal,0.5,0.0019435069989413023,0.0,0.0,0.0
CBBT,0,batch,2,amp_true,temporal,0.0001,3.834121860563755e-07,0.0,0.0,0.0
CBBT,0,batch,2,amp_true,temporal,0.0003,1.1502365581691265e-06,0.0,0.0,0.0
CBBT,0,batch,2,amp_true,temporal,0.0007,2.6838853023946285e-06,0.0,0.0,0.0
CBBT,0,batch,2,amp_true,temporal,0.001,3.834121860563755e-06,0.0,0.0,0.0
CBBT,0,batch,2,amp_true,temporal,0.003,1.1502365581691265e-05,0.0,0.0,0.0
CBBT,0,batch,2,tail,excess,0.01,0.0010842490941286088,2.7935877545142245e-05,0.06618262006723416,0.0355438609697199
CBBT,0,batch,2,tail,excess,0.025,0.0027106227353215218,6.98396938628556e-05,0.1654565501680854,0.08885965242429976
CBBT,0,batch,2,tail,excess,0.05,0.0054212454706430435,0.0001396793877257112,0.3309131003361708,0.17771930484859952
CBBT,0,batch,2,tail,excess,0.1,0.010842490941286087,0.0002793587754514224,0.6618262006723415,0.35543860969719904
CBBT,0,batch,2,body,excess,1.0,0.022171378135681152,0.0,0.0,0.0
CBBT,0,batch,2,excess,excess,2.0,0.0003006202168762684,0.0003643223542466869,0.8631126018556579,0.46354094610344715
CBBT,0,batch,2,gate,excess,0.5,0.0019435069989413023,0.0,0.0,0.0
CBBT,0,batch,2,amp_true,excess,0.0001,3.834121860563755e-07,5.67392167835156e-07,0.001344203353278526,0.0007219142586894552
CBBT,0,batch,2,amp_true,excess,0.0003,1.1502365581691265e-06,1.7021765035054675e-06,0.004032610059835577,0.0021657427760683654
CBBT,0,batch,2,amp_true,excess,0.0007,2.6838853023946285e-06,3.971745174846091e-06,0.009409423472949681,0.005053399810826187
CBBT,0,batch,2,amp_true,excess,0.001,3.834121860563755e-06,5.673921678351559e-06,0.01344203353278526,0.0072191425868945525
CBBT,0,batch,2,amp_true,excess,0.003,1.1502365581691265e-05,1.7021765035054677e-05,0.04032610059835578,0.02165742776068366
CBBT,0,batch,2,tail,full,0.01,0.0010842490941286088,0.00879568519725898,0.06551099065414773,0.03303756650344715
CBBT,0,batch,2,tail,full,0.025,0.0027106227353215218,0.021989212993147447,0.16377747663536935,0.08259391625861788
CBBT,0,batch,2,tail,full,0.05,0.0054212454706430435,0.043978425986294895,0.3275549532707387,0.16518783251723576
CBBT,0,batch,2,tail,full,0.1,0.010842490941286087,0.08795685197258979,0.6551099065414774,0.3303756650344715
CBBT,0,batch,2,body,full,1.0,0.022171378135681152,0.13197661308064135,0.9829727272170127,0.4957187568411585
CBBT,0,batch,2,excess,full,2.0,0.0003006202168762684,0.0003643223542466869,0.002713503019820397,0.001368435060735036
CBBT,0,batch,2,gate,full,0.5,0.0019435069989413023,0.000869401261988537,0.0064753724890682105,0.003265567305669166
CBBT,0,batch,2,amp_true,full,0.0001,3.834121860563755e-07,5.67392167835156e-07,4.225983783033644e-06,2.1311877423979024e-06
CBBT,0,batch,2,amp_true,full,0.0003,1.1502365581691265e-06,1.7021765035054675e-06,1.2677951349100932e-05,6.393563227193706e-06
CBBT,0,batch,2,amp_true,full,0.0007,2.6838853023946285e-06,3.971745174846091e-06,2.9581886481235508e-05,1.4918314196785316e-05
CBBT,0,batch,2,amp_true,full,0.001,3.834121860563755e-06,5.673921678351559e-06,4.225983783033644e-05,2.1311877423979024e-05
CBBT,0,batch,2,amp_true,full,0.003,1.1502365581691265e-05,1.7021765035054677e-05,0.00012677951349100933,6.393563227193707e-05
CBBT,0,batch,3,tail,shared,0.01,0.001626930981874466,0.006967780852931122,0.05278654810898692,0.027137036263732445
CBBT,0,batch,3,tail,shared,0.025,0.004067327454686165,0.017419452132327807,0.1319663702724673,0.06784259065933111
CBBT,0,batch,3,tail,shared,0.05,0.00813465490937233,0.034838904264655614,0.2639327405449346,0.13568518131866222
CBBT,0,batch,3,tail,shared,0.1,0.01626930981874466,0.06967780852931123,0.5278654810898692,0.27137036263732445
CBBT,0,batch,3,body,shared,1.0,0.023780565708875656,0.12477743049426916,0.9452894654301235,0.48596385674126324
CBBT,0,batch,3,excess,shared,2.0,0.001257596304640174,0.0,0.0,0.0
CBBT,0,batch,3,gate,shared,0.5,0.0019435069989413023,0.0,0.0,0.0
CBBT,0,batch,3,amp_true,shared,0.0001,1.6212241724133492e-06,0.0,0.0,0.0
CBBT,0,batch,3,amp_true,shared,0.0003,4.863672517240047e-06,0.0,0.0,0.0
CBBT,0,batch,3,amp_true,shared,0.0007,1.1348569206893444e-05,0.0,0.0,0.0
CBBT,0,batch,3,amp_true,shared,0.001,1.621224172413349e-05,0.0,0.0,0.0
CBBT,0,batch,3,amp_true,shared,0.003,4.8636725172400475e-05,0.0,0.0,0.0
CBBT,0,batch,3,tail,temporal,0.01,0.001626930981874466,0.0002856409486015508,0.05292981930145858,0.027212312203377782
CBBT,0,batch,3,tail,temporal,0.025,0.004067327454686165,0.000714102371503877,0.13232454825364645,0.06803078050844445
CBBT,0,batch,3,tail,temporal,0.05,0.00813465490937233,0.001428204743007754,0.2646490965072929,0.1360615610168889
CBBT,0,batch,3,tail,temporal,0.1,0.01626930981874466,0.002856409486015508,0.5292981930145858,0.2721231220337778
CBBT,0,batch,3,body,temporal,1.0,0.023780565708875656,0.0051006234989528524,0.9451553828192341,0.4859238836901013
CBBT,0,batch,3,excess,temporal,2.0,0.001257596304640174,0.0,0.0,0.0
CBBT,0,batch,3,gate,temporal,0.5,0.0019435069989413023,0.0,0.0,0.0
CBBT,0,batch,3,amp_true,temporal,0.0001,1.6212241724133492e-06,0.0,0.0,0.0
CBBT,0,batch,3,amp_true,temporal,0.0003,4.863672517240047e-06,0.0,0.0,0.0
CBBT,0,batch,3,amp_true,temporal,0.0007,1.1348569206893444e-05,0.0,0.0,0.0
CBBT,0,batch,3,amp_true,temporal,0.001,1.621224172413349e-05,0.0,0.0,0.0
CBBT,0,batch,3,amp_true,temporal,0.003,4.8636725172400475e-05,0.0,0.0,0.0
CBBT,0,batch,3,tail,excess,0.01,0.001626930981874466,3.3903067396619105e-05,0.05285450982287457,0.01596901785758043
CBBT,0,batch,3,tail,excess,0.025,0.004067327454686165,8.475766849154776e-05,0.13213627455718643,0.03992254464395108
CBBT,0,batch,3,tail,excess,0.05,0.00813465490937233,0.00016951533698309553,0.26427254911437287,0.07984508928790215
CBBT,0,batch,3,tail,excess,0.1,0.01626930981874466,0.00033903067396619105,0.5285450982287457,0.1596901785758043
CBBT,0,batch,3,body,excess,1.0,0.023780565708875656,0.0,0.0,0.0
CBBT,0,batch,3,excess,excess,2.0,0.001257596304640174,0.0014826093624500613,2.3113717173248185,0.6983384455396497
CBBT,0,batch,3,gate,excess,0.5,0.0019435069989413023,0.0,0.0,0.0
CBBT,0,batch,3,amp_true,excess,0.0001,1.6212241724133492e-06,1.7441254292320622e-06,0.0027190723940472795,0.0008215177051514932
CBBT,0,batch,3,amp_true,excess,0.0003,4.863672517240047e-06,5.232376287696186e-06,0.008157217182141838,0.0024645531154544793
CBBT,0,batch,3,amp_true,excess,0.0007,1.1348569206893444e-05,1.2208878004624435e-05,0.019033506758330956,0.005750623936060452
CBBT,0,batch,3,amp_true,excess,0.001,1.621224172413349e-05,1.7441254292320624e-05,0.027190723940472793,0.008215177051514932
CBBT,0,batch,3,amp_true,excess,0.003,4.8636725172400475e-05,5.2323762876961865e-05,0.08157217182141838,0.024645531154544795
CBBT,0,batch,3,tail,full,0.01,0.001626930981874466,0.01071344771968581,0.05310315234591799,0.027300255187664848
CBBT,0,batch,3,tail,full,0.025,0.004067327454686165,0.026783619299214523,0.13275788086479498,0.06825063796916213
CBBT,0,batch,3,tail,full,0.05,0.00813465490937233,0.053567238598429046,0.26551576172958996,0.13650127593832426
CBBT,0,batch,3,tail,full,0.1,0.01626930981874466,0.10713447719685809,0.5310315234591799,0.2730025518766485
CBBT,0,batch,3,body,full,1.0,0.023780565708875656,0.19064317128353594,0.9449575555193397,0.48580133697416916
CBBT,0,batch,3,excess,full,2.0,0.001257596304640174,0.0014826093624500613,0.007348822984313669,0.0037780194571850464
CBBT,0,batch,3,gate,full,0.5,0.0019435069989413023,0.0009456538407205722,0.0046873052713006305,0.0024097369816281798
CBBT,0,batch,3,amp_true,full,0.0001,1.6212241724133492e-06,1.7441254292320622e-06,8.645074937801256e-06,4.444420745138726e-06
CBBT,0,batch,3,amp_true,full,0.0003,4.863672517240047e-06,5.232376287696186e-06,2.5935224813403765e-05,1.3333262235416175e-05
CBBT,0,batch,3,amp_true,full,0.0007,1.1348569206893444e-05,1.2208878004624435e-05,6.051552456460879e-05,3.111094521597108e-05
CBBT,0,batch,3,amp_true,full,0.001,1.621224172413349e-05,1.7441254292320624e-05,8.645074937801257e-05,4.4444207451387255e-05
CBBT,0,batch,3,amp_true,full,0.003,4.8636725172400475e-05,5.2323762876961865e-05,0.0002593522481340377,0.00013333262235416175
CBBT,0,accum4,0,tail,shared,0.01,0.0014196452498435974,0.006553246888864724,0.06685178194921877,0.03424482522746032
CBBT,0,accum4,0,tail,shared,0.025,0.0035491131246089937,0.016383117222161812,0.16712945487304692,0.08561206306865081
CBBT,0,accum4,0,tail,shared,0.05,0.007098226249217987,0.032766234444323625,0.33425890974609385,0.17122412613730162
CBBT,0,accum4,0,tail,shared,0.1,0.014196452498435975,0.06553246888864725,0.6685178194921877,0.34244825227460324
CBBT,0,accum4,0,body,shared,1.0,0.022182097658514977,0.09332012377799029,0.9519886358746789,0.487656177644158
CBBT,0,accum4,0,excess,shared,2.0,0.0009019462595460936,0.0,0.0,0.0
CBBT,0,accum4,0,gate,shared,0.5,0.0019770145881921053,0.0,0.0,0.0
CBBT,0,accum4,0,amp_true,shared,0.0001,1.1347526218742133e-06,0.0,0.0,0.0
CBBT,0,accum4,0,amp_true,shared,0.0003,3.404257865622639e-06,0.0,0.0,0.0
CBBT,0,accum4,0,amp_true,shared,0.0007,7.943268353119492e-06,0.0,0.0,0.0
CBBT,0,accum4,0,amp_true,shared,0.001,1.1347526218742132e-05,0.0,0.0,0.0
CBBT,0,accum4,0,amp_true,shared,0.003,3.40425786562264e-05,0.0,0.0,0.0
CBBT,0,accum4,0,tail,temporal,0.01,0.0014196452498435974,0.00026877168220973673,0.0670369145388104,0.03434637105755296
CBBT,0,accum4,0,tail,temporal,0.025,0.0035491131246089937,0.0006719292055243418,0.167592286347026,0.08586592764388241
CBBT,0,accum4,0,tail,temporal,0.05,0.007098226249217987,0.0013438584110486837,0.335184572694052,0.17173185528776483
CBBT,0,accum4,0,tail,temporal,0.1,0.014196452498435975,0.0026877168220973673,0.670369145388104,0.34346371057552966
CBBT,0,accum4,0,body,temporal,1.0,0.022182097658514977,0.00381543723118556,0.9516446728773565,0.487575260204828
CBBT,0,accum4,0,excess,temporal,2.0,0.0009019462595460936,0.0,0.0,0.0
CBBT,0,accum4,0,gate,temporal,0.5,0.0019770145881921053,0.0,0.0,0.0
CBBT,0,accum4,0,amp_true,temporal,0.0001,1.1347526218742133e-06,0.0,0.0,0.0
CBBT,0,accum4,0,amp_true,temporal,0.0003,3.404257865622639e-06,0.0,0.0,0.0
CBBT,0,accum4,0,amp_true,temporal,0.0007,7.943268353119492e-06,0.0,0.0,0.0
CBBT,0,accum4,0,amp_true,temporal,0.001,1.1347526218742132e-05,0.0,0.0,0.0
CBBT,0,accum4,0,amp_true,temporal,0.003,3.40425786562264e-05,0.0,0.0,0.0
CBBT,0,accum4,0,tail,excess,0.01,0.0014196452498435974,3.18226071792381e-05,0.06728301463479545,0.02189466568157163
CBBT,0,accum4,0,tail,excess,0.025,0.0035491131246089937,7.955651794809527e-05,0.16820753658698862,0.05473666420392908
CBBT,0,accum4,0,tail,excess,0.05,0.007098226249217987,0.00015911303589619054,0.33641507317397723,0.10947332840785816
CBBT,0,accum4,0,tail,excess,0.1,0.014196452498435975,0.0003182260717923811,0.6728301463479545,0.21894665681571632
CBBT,0,accum4,0,body,excess,1.0,0.022182097658514977,0.0,0.0,0.0
CBBT,0,accum4,0,excess,excess,2.0,0.0009019462595460936,0.0009816122211333876,2.0754374105243585,0.6753711689808517
CBBT,0,accum4,0,gate,excess,0.5,0.0019770145881921053,0.0,0.0,0.0
CBBT,0,accum4,0,amp_true,excess,0.0001,1.1347526218742133e-06,1.259381746261511e-06,0.0026627296747637574,0.0008664828165889398
CBBT,0,accum4,0,amp_true,excess,0.0003,3.404257865622639e-06,3.7781452387845324e-06,0.007988189024291272,0.002599448449766819
CBBT,0,accum4,0,amp_true,excess,0.0007,7.943268353119492e-06,8.815672223830577e-06,0.0186391077233463,0.006065379716122579
CBBT,0,accum4,0,amp_true,excess,0.001,1.1347526218742132e-05,1.259381746261511e-05,0.02662729674763757,0.008664828165889399
CBBT,0,accum4,0,amp_true,excess,0.003,3.40425786562264e-05,3.778145238784533e-05,0.07988189024291271,0.025994484497668197
CBBT,0,accum4,0,tail,full,0.01,0.0014196452498435974,0.010054151350307381,0.06706796474558127,0.034363506315510536
CBBT,0,accum4,0,tail,full,0.025,0.0035491131246089937,0.025135378375768454,0.1676699118639532,0.08590876578877633
CBBT,0,accum4,0,tail,full,0.05,0.007098226249217987,0.05027075675153691,0.3353398237279064,0.17181753157755267
CBBT,0,accum4,0,tail,full,0.1,0.014196452498435975,0.10054151350307382,0.6706796474558128,0.34363506315510534
CBBT,0,accum4,0,body,full,1.0,0.022182097658514977,0.1426172948517792,0.9513534628595848,0.4874434590832285
CBBT,0,accum4,0,excess,full,2.0,0.0009019462595460936,0.0009816122211333876,0.006548014998679429,0.0033549960195564618
CBBT,0,accum4,0,gate,full,0.5,0.0019770145881921053,0.0008069165276499944,0.005382677000123153,0.002757913644610361
CBBT,0,accum4,0,amp_true,full,0.0001,1.1347526218742133e-06,1.259381746261511e-06,8.400924913161697e-06,4.304368522358979e-06
CBBT,0,accum4,0,amp_true,full,0.0003,3.404257865622639e-06,3.7781452387845324e-06,2.5202774739485087e-05,1.2913105567076936e-05
CBBT,0,accum4,0,amp_true,full,0.0007,7.943268353119492e-06,8.815672223830577e-06,5.880647439213187e-05,3.0130579656512854e-05
CBBT,0,accum4,0,amp_true,full,0.001,1.1347526218742132e-05,1.259381746261511e-05,8.400924913161696e-05,4.304368522358979e-05
CBBT,0,accum4,0,amp_true,full,0.003,3.40425786562264e-05,3.778145238784533e-05,0.0002520277473948509,0.00012913105567076937
CBBT,0,batch,4,tail,shared,0.01,0.001199488267302513,0.005732124160669018,0.06040358231301591,0.0308484454130103
CBBT,0,batch,4,tail,shared,0.025,0.002998720668256283,0.014330310401672545,0.15100895578253978,0.07712111353252576
CBBT,0,batch,4,tail,shared,0.05,0.005997441336512566,0.02866062080334509,0.30201791156507957,0.15424222706505153
CBBT,0,batch,4,tail,shared,0.1,0.011994882673025132,0.05732124160669018,0.6040358231301591,0.30848445413010306
CBBT,0,batch,4,body,shared,1.0,0.02253466658294201,0.09094067886117181,0.9583084084053077,0.4894134336656679
CBBT,0,batch,4,excess,shared,2.0,0.00052584835793823,0.0,0.0,0.0
CBBT,0,batch,4,gate,shared,0.5,0.0018094766419380903,0.0,0.0,0.0
CBBT,0,batch,4,amp_true,shared,0.0001,7.411865983158351e-07,0.0,0.0,0.0
CBBT,0,batch,4,amp_true,shared,0.0003,2.223559794947505e-06,0.0,0.0,0.0
CBBT,0,batch,4,amp_true,shared,0.0007,5.188306188210845e-06,0.0,0.0,0.0
CBBT,0,batch,4,amp_true,shared,0.001,7.41186598315835e-06,0.0,0.0,0.0
CBBT,0,batch,4,amp_true,shared,0.003,2.223559794947505e-05,0.0,0.0,0.0
CBBT,0,batch,4,tail,temporal,0.01,0.001199488267302513,0.00023411512516503203,0.06042056062147138,0.030856905039436593
CBBT,0,batch,4,tail,temporal,0.025,0.002998720668256283,0.0005852878129125801,0.15105140155367847,0.07714226259859149
CBBT,0,batch,4,tail,temporal,0.05,0.005997441336512566,0.0011705756258251602,0.30210280310735693,0.15428452519718297
CBBT,0,batch,4,tail,temporal,0.1,0.011994882673025132,0.0023411512516503205,0.6042056062147139,0.30856905039436594
CBBT,0,batch,4,body,temporal,1.0,0.02253466658294201,0.0037129735885257625,0.9582462715012608,0.4893783490251323
CBBT,0,batch,4,excess,temporal,2.0,0.00052584835793823,0.0,0.0,0.0
CBBT,0,batch,4,gate,temporal,0.5,0.0018094766419380903,0.0,0.0,0.0
CBBT,0,batch,4,amp_true,temporal,0.0001,7.411865983158351e-07,0.0,0.0,0.0
CBBT,0,batch,4,amp_true,temporal,0.0003,2.223559794947505e-06,0.0,0.0,0.0
CBBT,0,batch,4,amp_true,temporal,0.0007,5.188306188210845e-06,0.0,0.0,0.0
CBBT,0,batch,4,amp_true,temporal,0.001,7.41186598315835e-06,0.0,0.0,0.0
CBBT,0,batch,4,amp_true,temporal,0.003,2.223559794947505e-05,0.0,0.0,0.0
CBBT,0,batch,4,tail,excess,0.01,0.001199488267302513,2.7677776850303398e-05,0.06037563026521729,0.021141367726094207
CBBT,0,batch,4,tail,excess,0.025,0.002998720668256283,6.919444212575849e-05,0.15093907566304324,0.05285341931523552
CBBT,0,batch,4,tail,excess,0.05,0.005997441336512566,0.00013838888425151698,0.3018781513260865,0.10570683863047103
CBBT,0,batch,4,tail,excess,0.1,0.011994882673025132,0.00027677776850303397,0.603756302652173,0.21141367726094207
CBBT,0,batch,4,body,excess,1.0,0.02253466658294201,0.0,0.0,0.0
CBBT,0,batch,4,excess,excess,2.0,0.00052584835793823,0.0008514130617580841,1.857251776315236,0.650342573494305
CBBT,0,batch,4,gate,excess,0.5,0.0018094766419380903,0.0,0.0,0.0
CBBT,0,batch,4,amp_true,excess,0.0001,7.411865983158351e-07,1.120612513616987e-06,0.0024444769230796562,0.0008559676363089029
CBBT,0,batch,4,amp_true,excess,0.0003,2.223559794947505e-06,3.3618375408509606e-06,0.007333430769238969,0.0025679029089267086
CBBT,0,batch,4,amp_true,excess,0.0007,5.188306188210845e-06,7.84428759531891e-06,0.017111338461557594,0.00599177345416232
CBBT,0,batch,4,amp_true,excess,0.001,7.41186598315835e-06,1.120612513616987e-05,0.024444769230796564,0.008559676363089028
CBBT,0,batch,4,amp_true,excess,0.003,2.223559794947505e-05,3.361837540850961e-05,0.07333430769238969,0.025679029089267086
CBBT,0,batch,4,tail,full,0.01,0.001199488267302513,0.008780069100762664,0.0605698027481843,0.030941126023271544
CBBT,0,batch,4,tail,full,0.025,0.002998720668256283,0.02195017275190666,0.15142450687046075,0.07735281505817887
CBBT,0,batch,4,tail,full,0.05,0.005997441336512566,0.04390034550381332,0.3028490137409215,0.15470563011635774
CBBT,0,batch,4,tail,full,0.1,0.011994882673025132,0.08780069100762664,0.605698027481843,0.3094112602327155
CBBT,0,batch,4,body,full,1.0,0.02253466658294201,0.13887268848785297,0.9580210875662301,0.4893899246555987
CBBT,0,batch,4,excess,full,2.0,0.00052584835793823,0.0008514130617580841,0.0058735211096955136,0.0030003953886226322
CBBT,0,batch,4,gate,full,0.5,0.0018094766419380903,0.001219004504042834,0.008409371442487755,0.004295794435063012
CBBT,0,batch,4,amp_true,full,0.0001,7.411865983158351e-07,1.120612513616987e-06,7.730608737581808e-06,3.9490592396438535e-06
CBBT,0,batch,4,amp_true,full,0.0003,2.223559794947505e-06,3.3618375408509606e-06,2.319182621274542e-05,1.1847177718931558e-05
CBBT,0,batch,4,amp_true,full,0.0007,5.188306188210845e-06,7.84428759531891e-06,5.411426116307266e-05,2.7643414677506972e-05
CBBT,0,batch,4,amp_true,full,0.001,7.41186598315835e-06,1.120612513616987e-05,7.730608737581808e-05,3.9490592396438534e-05
CBBT,0,batch,4,amp_true,full,0.003,2.223559794947505e-05,3.361837540850961e-05,0.00023191826212745425,0.0001184717771893156
CBBT,0,batch,5,tail,shared,0.01,0.0017549854516983032,0.007832846946959151,0.06092438150446805,0.031234617723853754
CBBT,0,batch,5,tail,shared,0.025,0.004387463629245758,0.01958211736739788,0.15231095376117013,0.0780865443096344
CBBT,0,batch,5,tail,shared,0.05,0.008774927258491516,0.03916423473479576,0.30462190752234025,0.1561730886192688
CBBT,0,batch,5,tail,shared,0.1,0.017549854516983033,0.07832846946959152,0.6092438150446805,0.3123461772385376
CBBT,0,batch,5,body,shared,1.0,0.02280259132385254,0.12224570189183995,0.9508348407383695,0.48747253620960085
CBBT,0,batch,5,excess,shared,2.0,0.0014005446573719382,0.0,0.0,0.0
CBBT,0,batch,5,gate,shared,0.5,0.0022115677129477262,0.0,0.0,0.0
CBBT,0,batch,5,amp_true,shared,0.0001,1.7483191564679146e-06,0.0,0.0,0.0
CBBT,0,batch,5,amp_true,shared,0.0003,5.244957469403743e-06,0.0,0.0,0.0
CBBT,0,batch,5,amp_true,shared,0.0007,1.2238234095275401e-05,0.0,0.0,0.0
CBBT,0,batch,5,amp_true,shared,0.001,1.7483191564679147e-05,0.0,0.0,0.0
CBBT,0,batch,5,amp_true,shared,0.003,5.244957469403744e-05,0.0,0.0,0.0
CBBT,0,batch,5,tail,temporal,0.01,0.0017549854516983032,0.0003194548328073424,0.060949927775473325,0.031248863107552562
CBBT,0,batch,5,tail,temporal,0.025,0.004387463629245758,0.000798637082018356,0.15237481943868333,0.07812215776888141
CBBT,0,batch,5,tail,temporal,0.05,0.008774927258491516,0.001597274164036712,0.30474963887736667,0.15624431553776283
CBBT,0,batch,5,tail,temporal,0.1,0.017549854516983033,0.003194548328073424,0.6094992777547333,0.31248863107552566
CBBT,0,batch,5,body,temporal,1.0,0.02280259132385254,0.0049830502231696045,0.9507339379865002,0.4874387183736707
CBBT,0,batch,5,excess,temporal,2.0,0.0014005446573719382,0.0,0.0,0.0
CBBT,0,batch,5,gate,temporal,0.5,0.0022115677129477262,0.0,0.0,0.0
CBBT,0,batch,5,amp_true,temporal,0.0001,1.7483191564679146e-06,0.0,0.0,0.0
CBBT,0,batch,5,amp_true,temporal,0.0003,5.244957469403743e-06,0.0,0.0,0.0
CBBT,0,batch,5,amp_true,temporal,0.0007,1.2238234095275401e-05,0.0,0.0,0.0
CBBT,0,batch,5,amp_true,temporal,0.001,1.7483191564679147e-05,0.0,0.0,0.0
CBBT,0,batch,5,amp_true,temporal,0.003,5.244957469403744e-05,0.0,0.0,0.0
CBBT,0,batch,5,tail,excess,0.01,0.0017549854516983032,3.7999657697404554e-05,0.061204547492738355,0.020279517316968233
CBBT,0,batch,5,tail,excess,0.025,0.004387463629245758,9.49991442435114e-05,0.1530113687318459,0.05069879329242059
CBBT,0,batch,5,tail,excess,0.05,0.008774927258491516,0.0001899982884870228,0.3060227374636918,0.10139758658484117
CBBT,0,batch,5,tail,excess,0.1,0.017549854516983033,0.0003799965769740456,0.6120454749273836,0.20279517316968235
CBBT,0,batch,5,body,excess,1.0,0.02280259132385254,0.0,0.0,0.0
CBBT,0,batch,5,excess,excess,2.0,0.0014005446573719382,0.0012553392569421722,2.0219253495081837,0.6699448295705995
CBBT,0,batch,5,gate,excess,0.5,0.0022115677129477262,0.0,0.0,0.0
CBBT,0,batch,5,amp_true,excess,0.0001,1.7483191564679146e-06,1.545150311131873e-06,0.002488712565627913,0.0008246101252132569
CBBT,0,batch,5,amp_true,excess,0.0003,5.244957469403743e-06,4.635450933395618e-06,0.007466137696883738,0.0024738303756397704
CBBT,0,batch,5,amp_true,excess,0.0007,1.2238234095275401e-05,1.081605217792311e-05,0.01742098795939539,0.005772270876492798
CBBT,0,batch,5,amp_true,excess,0.001,1.7483191564679147e-05,1.5451503111318728e-05,0.024887125656279128,0.008246101252132569
CBBT,0,batch,5,amp_true,excess,0.003,5.244957469403744e-05,4.6354509333956186e-05,0.07466137696883739,0.024738303756397705
CBBT,0,batch,5,tail,full,0.01,0.0017549854516983032,0.012066626156110935,0.061347846770173686,0.031465881059232384
CBBT,0,batch,5,tail,full,0.025,0.004387463629245758,0.03016656539027734,0.15336961692543422,0.07866470264808095
CBBT,0,batch,5,tail,full,0.05,0.008774927258491516,0.06033313078055468,0.30673923385086843,0.1573294052961619
CBBT,0,batch,5,tail,full,0.1,0.017549854516983033,0.12066626156110936,0.6134784677017369,0.3146588105923238
CBBT,0,batch,5,body,full,1.0,0.02280259132385254,0.1868405769105715,0.9499148257738741,0.4872201470440875
CBBT,0,batch,5,excess,full,2.0,0.0014005446573719382,0.0012553392569421722,0.0063822612371620124,0.003273521134813916
CBBT,0,batch,5,gate,full,0.5,0.0022115677129477262,0.00047926298416609025,0.0024366174715993393,0.00124976375838293
CBBT,0,batch,5,amp_true,full,0.0001,1.7483191564679146e-06,1.545150311131873e-06,7.855687521751782e-06,4.029255177023025e-06
CBBT,0,batch,5,amp_true,full,0.0003,5.244957469403743e-06,4.635450933395618e-06,2.356706256525534e-05,1.2087765531069072e-05
CBBT,0,batch,5,amp_true,full,0.0007,1.2238234095275401e-05,1.081605217792311e-05,5.4989812652262464e-05,2.820478623916117e-05
CBBT,0,batch,5,amp_true,full,0.001,1.7483191564679147e-05,1.5451503111318728e-05,7.855687521751782e-05,4.029255177023025e-05
CBBT,0,batch,5,amp_true,full,0.003,5.244957469403744e-05,4.6354509333956186e-05,0.00023567062565255342,0.00012087765531069074
CBBT,0,batch,6,tail,shared,0.01,0.0011613558232784272,0.005627051451151266,0.060116359678078116,0.03061647286064235
CBBT,0,batch,6,tail,shared,0.025,0.002903389558196068,0.014067628627878165,0.1502908991951953,0.07654118215160588
CBBT,0,batch,6,tail,shared,0.05,0.005806779116392136,0.02813525725575633,0.3005817983903906,0.15308236430321176
CBBT,0,batch,6,tail,shared,0.1,0.011613558232784272,0.05627051451151266,0.6011635967807812,0.3061647286064235
CBBT,0,batch,6,body,shared,1.0,0.01910921186208725,0.09018767619360074,0.9635161198810936,0.49070611216480775
CBBT,0,batch,6,excess,shared,2.0,0.00042305421084165573,0.0,0.0,0.0
CBBT,0,batch,6,gate,shared,0.5,0.0018094766419380903,0.0,0.0,0.0
CBBT,0,batch,6,amp_true,shared,0.0001,6.074208766222e-07,0.0,0.0,0.0
CBBT,0,batch,6,amp_true,shared,0.0003,1.8222626298665998e-06,0.0,0.0,0.0
CBBT,0,batch,6,amp_true,shared,0.0007,4.2519461363554e-06,0.0,0.0,0.0
CBBT,0,batch,6,amp_true,shared,0.001,6.074208766222001e-06,0.0,0.0,0.0
CBBT,0,batch,6,amp_true,shared,0.003,1.8222626298666e-05,0.0,0.0,0.0
CBBT,0,batch,6,tail,temporal,0.01,0.0011613558232784272,0.00023029658313104365,0.06008544871691435,0.030605487532932654
CBBT,0,batch,6,tail,temporal,0.025,0.002903389558196068,0.0005757414578276091,0.15021362179228587,0.07651371883233164
CBBT,0,batch,6,tail,temporal,0.05,0.005806779116392136,0.0011514829156552182,0.30042724358457173,0.15302743766466329
CBBT,0,batch,6,tail,temporal,0.1,0.011613558232784272,0.0023029658313104364,0.6008544871691435,0.30605487532932657
CBBT,0,batch,6,body,temporal,1.0,0.01910921186208725,0.003692502999500423,0.9633911914676074,0.4907187635181763
CBBT,0,batch,6,excess,temporal,2.0,0.00042305421084165573,0.0,0.0,0.0
CBBT,0,batch,6,gate,temporal,0.5,0.0018094766419380903,0.0,0.0,0.0
CBBT,0,batch,6,amp_true,temporal,0.0001,6.074208766222e-07,0.0,0.0,0.0
CBBT,0,batch,6,amp_true,temporal,0.0003,1.8222626298665998e-06,0.0,0.0,0.0
CBBT,0,batch,6,amp_true,temporal,0.0007,4.2519461363554e-06,0.0,0.0,0.0
CBBT,0,batch,6,amp_true,temporal,0.001,6.074208766222001e-06,0.0,0.0,0.0
CBBT,0,batch,6,amp_true,temporal,0.003,1.8222626298666e-05,0.0,0.0,0.0
CBBT,0,batch,6,tail,excess,0.01,0.0011613558232784272,2.7513859828669658e-05,0.06049201651546729,0.022777064962613815
CBBT,0,batch,6,tail,excess,0.025,0.002903389558196068,6.878464957167414e-05,0.15123004128866824,0.05694266240653454
CBBT,0,batch,6,tail,excess,0.05,0.005806779116392136,0.0001375692991433483,0.3024600825773365,0.11388532481306908
CBBT,0,batch,6,tail,excess,0.1,0.011613558232784272,0.0002751385982866966,0.604920165154673,0.22777064962613816
CBBT,0,batch,6,body,excess,1.0,0.01910921186208725,0.0,0.0,0.0
CBBT,0,batch,6,excess,excess,2.0,0.00042305421084165573,0.0007539739202798651,1.657688274993531,0.6241695301666244
CBBT,0,batch,6,gate,excess,0.5,0.0018094766419380903,0.0,0.0,0.0
CBBT,0,batch,6,amp_true,excess,0.0001,6.074208766222e-07,1.0270526962999606e-06,0.0022580797115966276,0.0008502349771832427
CBBT,0,batch,6,amp_true,excess,0.0003,1.8222626298665998e-06,3.0811580888998813e-06,0.006774239134789883,0.0025507049315497275
CBBT,0,batch,6,amp_true,excess,0.0007,4.2519461363554e-06,7.189368874099724e-06,0.015806557981176392,0.005951644840282698
CBBT,0,batch,6,amp_true,excess,0.001,6.074208766222001e-06,1.0270526962999605e-05,0.022580797115966278,0.008502349771832427
CBBT,0,batch,6,amp_true,excess,0.003,1.8222626298666e-05,3.0811580888998815e-05,0.06774239134789883,0.025507049315497278
CBBT,0,batch,6,tail,full,0.01,0.0011613558232784272,0.008605975913836064,0.060041169673664005,0.030575519689452785
CBBT,0,batch,6,tail,full,0.025,0.002903389558196068,0.02151493978459016,0.15010292418416002,0.07643879922363196
CBBT,0,batch,6,tail,full,0.05,0.005806779116392136,0.04302987956918032,0.30020584836832004,0.15287759844726392
CBBT,0,batch,6,tail,full,0.1,0.011613558232784272,0.08605975913836064,0.6004116967366401,0.30575519689452785
CBBT,0,batch,6,body,full,1.0,0.01910921186208725,0.13811005217195144,0.9635501143761026,0.49068073879985674
CBBT,0,batch,6,excess,full,2.0,0.00042305421084165573,0.0007539739202798651,0.005260237366486236,0.0026787368074999776
CBBT,0,batch,6,gate,full,0.5,0.0018094766419380903,0.0011970889698598537,0.008351710796479494,0.004253046689235009
CBBT,0,batch,6,amp_true,full,0.0001,6.074208766222e-07,1.0270526962999606e-06,7.165421541930975e-06,3.6489376977383914e-06
CBBT,0,batch,6,amp_true,full,0.0003,1.8222626298665998e-06,3.0811580888998813e-06,2.1496264625792923e-05,1.0946813093215173e-05
CBBT,0,batch,6,amp_true,full,0.0007,4.2519461363554e-06,7.189368874099724e-06,5.015795079351682e-05,2.554256388416874e-05
CBBT,0,batch,6,amp_true,full,0.001,6.074208766222001e-06,1.0270526962999605e-05,7.165421541930975e-05,3.6489376977383916e-05
CBBT,0,batch,6,amp_true,full,0.003,1.8222626298666e-05,3.0811580888998815e-05,0.00021496264625792924,0.00010946813093215175
CBBT,0,batch,7,tail,shared,0.01,0.0014553309977054596,0.007338622719483866,0.05533069461677906,0.02809149818833304
CBBT,0,batch,7,tail,shared,0.025,0.0036383274942636493,0.018346556798709664,0.13832673654194766,0.0702287454708326
CBBT,0,batch,7,tail,shared,0.05,0.007276654988527299,0.03669311359741933,0.2766534730838953,0.1404574909416652
CBBT,0,batch,7,tail,shared,0.1,0.014553309977054597,0.07338622719483866,0.5533069461677906,0.2809149818833304
CBBT,0,batch,7,body,shared,1.0,0.02322176657617092,0.12853602869548214,0.9691175064935709,0.4920227889148946
CBBT,0,batch,7,excess,shared,2.0,0.00045262742787599564,0.0,0.0,0.0
CBBT,0,batch,7,gate,shared,0.5,0.0022115677129477262,0.0,0.0,0.0
CBBT,0,batch,7,amp_true,shared,0.0001,6.139881908893586e-07,0.0,0.0,0.0
CBBT,0,batch,7,amp_true,shared,0.0003,1.8419645726680753e-06,0.0,0.0,0.0
CBBT,0,batch,7,amp_true,shared,0.0007,4.29791733622551e-06,0.0,0.0,0.0
CBBT,0,batch,7,amp_true,shared,0.001,6.139881908893585e-06,0.0,0.0,0.0
CBBT,0,batch,7,amp_true,shared,0.003,1.8419645726680755e-05,0.0,0.0,0.0
CBBT,0,batch,7,tail,temporal,0.01,0.0014553309977054596,0.00030172534532446626,0.055518816202453025,0.02819129018007398
CBBT,0,batch,7,tail,temporal,0.025,0.0036383274942636493,0.0007543133633111657,0.13879704050613256,0.07047822545018495
CBBT,0,batch,7,tail,temporal,0.05,0.007276654988527299,0.0015086267266223314,0.2775940810122651,0.1409564509003699
CBBT,0,batch,7,tail,temporal,0.1,0.014553309977054597,0.003017253453244663,0.5551881620245303,0.2819129018007398
CBBT,0,batch,7,body,temporal,1.0,0.02322176657617092,0.0052651784725033625,0.9688164432248085,0.4919446657973049
CBBT,0,batch,7,excess,temporal,2.0,0.00045262742787599564,0.0,0.0,0.0
CBBT,0,batch,7,gate,temporal,0.5,0.0022115677129477262,0.0,0.0,0.0
CBBT,0,batch,7,amp_true,temporal,0.0001,6.139881908893586e-07,0.0,0.0,0.0
CBBT,0,batch,7,amp_true,temporal,0.0003,1.8419645726680753e-06,0.0,0.0,0.0
CBBT,0,batch,7,amp_true,temporal,0.0007,4.29791733622551e-06,0.0,0.0,0.0
CBBT,0,batch,7,amp_true,temporal,0.001,6.139881908893585e-06,0.0,0.0,0.0
CBBT,0,batch,7,amp_true,temporal,0.003,1.8419645726680755e-05,0.0,0.0,0.0
CBBT,0,batch,7,tail,excess,0.01,0.0014553309977054596,3.512366861842956e-05,0.055036998231862415,0.024482002894916005
CBBT,0,batch,7,tail,excess,0.025,0.0036383274942636493,8.78091715460739e-05,0.13759249557965603,0.06120500723729001
CBBT,0,batch,7,tail,excess,0.05,0.007276654988527299,0.0001756183430921478,0.27518499115931205,0.12241001447458003
CBBT,0,batch,7,tail,excess,0.1,0.014553309977054597,0.0003512366861842956,0.5503699823186241,0.24482002894916005
CBBT,0,batch,7,body,excess,1.0,0.02322176657617092,0.0,0.0,0.0
CBBT,0,batch,7,excess,excess,2.0,0.00045262742787599564,0.0007967296642103055,1.24843476906643,0.5553388559026406
CBBT,0,batch,7,gate,excess,0.5,0.0022115677129477262,0.0,0.0,0.0
CBBT,0,batch,7,amp_true,excess,0.0001,6.139881908893586e-07,1.0452895976027694e-06,0.0016379155138954286,0.0007285908323684896
CBBT,0,batch,7,amp_true,excess,0.0003,1.8419645726680753e-06,3.135868792808308e-06,0.004913746541686285,0.0021857724971054682
CBBT,0,batch,7,amp_true,excess,0.0007,4.29791733622551e-06,7.317027183219386e-06,0.011465408597267999,0.005100135826579426
CBBT,0,batch,7,amp_true,excess,0.001,6.139881908893585e-06,1.0452895976027696e-05,0.016379155138954285,0.0072859083236848955
CBBT,0,batch,7,amp_true,excess,0.003,1.8419645726680755e-05,3.135868792808308e-05,0.049137465416862855,0.021857724971054687
CBBT,0,batch,7,tail,full,0.01,0.0014553309977054596,0.011116989190865924,0.054982812480520046,0.02791573900707054
CBBT,0,batch,7,tail,full,0.025,0.0036383274942636493,0.027792472977164813,0.13745703120130012,0.06978934751767635
CBBT,0,batch,7,tail,full,0.05,0.007276654988527299,0.055584945954329626,0.27491406240260025,0.1395786950353527
CBBT,0,batch,7,tail,full,0.1,0.014553309977054597,0.11116989190865925,0.5498281248052005,0.2791573900707054
CBBT,0,batch,7,body,full,1.0,0.02322176657617092,0.19595908648547394,0.9691816301249443,0.4920705256138113
CBBT,0,batch,7,excess,full,2.0,0.00045262742787599564,0.0007967296642103055,0.003940494766418924,0.0020006583602294047
CBBT,0,batch,7,gate,full,0.5,0.0022115677129477262,0.00034149157316101515,0.0016889615352164765,0.0008575154176914594
CBBT,0,batch,7,amp_true,full,0.0001,6.139881908893586e-07,1.0452895976027694e-06,5.16983159253703e-06,2.6248142453408115e-06
CBBT,0,batch,7,amp_true,full,0.0003,1.8419645726680753e-06,3.135868792808308e-06,1.5509494777611087e-05,7.874442736022432e-06
CBBT,0,batch,7,amp_true,full,0.0007,4.29791733622551e-06,7.317027183219386e-06,3.6188821147759205e-05,1.837369971738568e-05
CBBT,0,batch,7,amp_true,full,0.001,6.139881908893585e-06,1.0452895976027696e-05,5.1698315925370295e-05,2.6248142453408112e-05
CBBT,0,batch,7,amp_true,full,0.003,1.8419645726680755e-05,3.135868792808308e-05,0.0001550949477761109,7.874442736022433e-05
CBBT,0,accum4,1,tail,shared,0.01,0.0013927901349961758,0.006620568416612922,0.058935439450156696,0.030060846251114073
CBBT,0,accum4,1,tail,shared,0.025,0.0034819753374904397,0.016551421041532306,0.14733859862539175,0.07515211562778518
CBBT,0,accum4,1,tail,shared,0.05,0.006963950674980879,0.03310284208306461,0.2946771972507835,0.15030423125557035
CBBT,0,accum4,1,tail,shared,0.1,0.013927901349961759,0.06620568416612922,0.589354394501567,0.3006084625111407
CBBT,0,accum4,1,body,shared,1.0,0.02191705908626318,0.10789927659875467,0.9605053346695753,0.4899191973158385
CBBT,0,accum4,1,excess,shared,2.0,0.0007005186635069549,0.0,0.0,0.0
CBBT,0,accum4,1,gate,shared,0.5,0.0020105221774429083,0.0,0.0,0.0
CBBT,0,accum4,1,amp_true,shared,0.0001,9.277287055738271e-07,0.0,0.0,0.0
CBBT,0,accum4,1,amp_true,shared,0.0003,2.783186116721481e-06,0.0,0.0,0.0
CBBT,0,accum4,1,amp_true,shared,0.0007,6.494100939016789e-06,0.0,0.0,0.0
CBBT,0,accum4,1,amp_true,shared,0.001,9.27728705573827e-06,0.0,0.0,0.0
CBBT,0,accum4,1,amp_true,shared,0.003,2.783186116721481e-05,0.0,0.0,0.0
CBBT,0,accum4,1,tail,temporal,0.01,0.0013927901349961758,0.0002709687934748567,0.05899642775067542,0.030094566438338376
CBBT,0,accum4,1,tail,temporal,0.025,0.0034819753374904397,0.0006774219836871417,0.14749106937668854,0.07523641609584594
CBBT,0,accum4,1,tail,temporal,0.05,0.006963950674980879,0.0013548439673742834,0.2949821387533771,0.15047283219169189
CBBT,0,accum4,1,tail,temporal,0.1,0.013927901349961759,0.002709687934748567,0.5899642775067542,0.30094566438338377
CBBT,0,accum4,1,body,temporal,1.0,0.02191705908626318,0.004410848429062872,0.9603478589815335,0.4898813970258546
CBBT,0,accum4,1,excess,temporal,2.0,0.0007005186635069549,0.0,0.0,0.0
CBBT,0,accum4,1,gate,temporal,0.5,0.0020105221774429083,0.0,0.0,0.0
CBBT,0,accum4,1,amp_true,temporal,0.0001,9.277287055738271e-07,0.0,0.0,0.0
CBBT,0,accum4,1,amp_true,temporal,0.0003,2.783186116721481e-06,0.0,0.0,0.0
CBBT,0,accum4,1,amp_true,temporal,0.0007,6.494100939016789e-06,0.0,0.0,0.0
CBBT,0,accum4,1,amp_true,temporal,0.001,9.27728705573827e-06,0.0,0.0,0.0
CBBT,0,accum4,1,amp_true,temporal,0.003,2.783186116721481e-05,0.0,0.0,0.0
CBBT,0,accum4,1,tail,excess,0.01,0.0013927901349961758,3.2053330448730275e-05,0.059040534585997534,0.022033651516557815
CBBT,0,accum4,1,tail,excess,0.025,0.0034819753374904397,8.01333261218257e-05,0.14760133646499382,0.05508412879139454
CBBT,0,accum4,1,tail,excess,0.05,0.006963950674980879,0.0001602666522436514,0.29520267292998764,0.11016825758278909
CBBT,0,accum4,1,tail,excess,0.1,0.013927901349961759,0.0003205333044873028,0.5904053458599753,0.22033651516557817
CBBT,0,accum4,1,body,excess,1.0,0.02191705908626318,0.0,0.0,0.0
CBBT,0,accum4,1,excess,excess,2.0,0.0007005186635069549,0.0009124308899547108,1.6806493041922752,0.6272104639597972
CBBT,0,accum4,1,gate,excess,0.5,0.0020105221774429083,0.0,0.0,0.0
CBBT,0,accum4,1,amp_true,excess,0.0001,9.277287055738271e-07,1.1777686424797937e-06,0.002169387370895998,0.0008096052257982173
CBBT,0,accum4,1,amp_true,excess,0.0003,2.783186116721481e-06,3.5333059274393807e-06,0.006508162112687994,0.0024288156773946516
CBBT,0,accum4,1,amp_true,excess,0.0007,6.494100939016789e-06,8.244380497358557e-06,0.015185711596271986,0.005667236580587521
CBBT,0,accum4,1,amp_true,excess,0.001,9.27728705573827e-06,1.1777686424797937e-05,0.02169387370895998,0.008096052257982173
CBBT,0,accum4,1,amp_true,excess,0.003,2.783186116721481e-05,3.533305927439381e-05,0.06508162112687994,0.02428815677394652
CBBT,0,accum4,1,tail,full,0.01,0.0013927901349961758,0.010129100221090946,0.05899246898779639,0.030095642109445722
CBBT,0,accum4,1,tail,full,0.025,0.0034819753374904397,0.025322750552727365,0.14748117246949097,0.07523910527361431
CBBT,0,accum4,1,tail,full,0.05,0.006963950674980879,0.05064550110545473,0.29496234493898194,0.15047821054722862
CBBT,0,accum4,1,tail,full,0.1,0.013927901349961759,0.10129100221090946,0.5899246898779639,0.30095642109445725
CBBT,0,accum4,1,body,full,1.0,0.02191705908626318,0.1648641763563256,0.9601785547198023,0.4898454097588269
CBBT,0,accum4,1,excess,full,2.0,0.0007005186635069549,0.0009124308899547108,0.0053140505873446086,0.0027110200229337306
CBBT,0,accum4,1,gate,full,0.5,0.0020105221774429083,0.000761358660516919,0.004434197133878993,0.002262153326919722
CBBT,0,accum4,1,amp_true,full,0.0001,9.277287055738271e-07,1.1777686424797937e-06,6.859393095115912e-06,3.4993931127262515e-06
CBBT,0,accum4,1,amp_true,full,0.0003,2.783186116721481e-06,3.5333059274393807e-06,2.0578179285347736e-05,1.0498179338178753e-05
CBBT,0,accum4,1,amp_true,full,0.0007,6.494100939016789e-06,8.244380497358557e-06,4.801575166581138e-05,2.4495751789083757e-05
CBBT,0,accum4,1,amp_true,full,0.001,9.27728705573827e-06,1.1777686424797937e-05,6.859393095115912e-05,3.4993931127262515e-05
CBBT,0,accum4,1,amp_true,full,0.003,2.783186116721481e-05,3.533305927439381e-05,0.00020578179285347736,0.00010498179338178754
CBBT,0,batch,8,tail,shared,0.01,0.002458874136209488,0.01135119973573013,0.08277653334277103,0.04281481760248388
CBBT,0,batch,8,tail,shared,0.025,0.00614718534052372,0.02837799933932533,0.20694133335692758,0.10703704400620971
CBBT,0,batch,8,tail,shared,0.05,0.01229437068104744,0.05675599867865066,0.41388266671385515,0.21407408801241942
CBBT,0,batch,8,tail,shared,0.1,0.02458874136209488,0.11351199735730132,0.8277653334277103,0.42814817602483884
CBBT,0,batch,8,body,shared,1.0,0.025503695011138916,0.12797598822425696,0.9332413227629537,0.482703918606252
CBBT,0,batch,8,excess,shared,2.0,0.0017414495814591646,0.0,0.0,0.0
CBBT,0,batch,8,gate,shared,0.5,0.003015749854966998,0.0,0.0,0.0
CBBT,0,batch,8,amp_true,shared,0.0001,2.194000966846943e-06,0.0,0.0,0.0
CBBT,0,batch,8,amp_true,shared,0.0003,6.582002900540828e-06,0.0,0.0,0.0
CBBT,0,batch,8,amp_true,shared,0.0007,1.53580067679286e-05,0.0,0.0,0.0
CBBT,0,batch,8,amp_true,shared,0.001,2.1940009668469428e-05,0.0,0.0,0.0
CBBT,0,batch,8,amp_true,shared,0.003,6.58200290054083e-05,0.0,0.0,0.0
CBBT,0,batch,8,tail,temporal,0.01,0.002458874136209488,0.00046214400099430544,0.08268480081152803,0.04275932961608068
CBBT,0,batch,8,tail,temporal,0.025,0.00614718534052372,0.0011553600024857636,0.20671200202882006,0.1068983240402017
CBBT,0,batch,8,tail,temporal,0.05,0.01229437068104744,0.002310720004971527,0.4134240040576401,0.2137966480804034
CBBT,0,batch,8,tail,temporal,0.1,0.02458874136209488,0.004621440009943054,0.8268480081152803,0.4275932961608068
CBBT,0,batch,8,body,temporal,1.0,0.025503695011138916,0.005217388175055246,0.9334724697988246,0.4827326985360519
CBBT,0,batch,8,excess,temporal,2.0,0.0017414495814591646,0.0,0.0,0.0
CBBT,0,batch,8,gate,temporal,0.5,0.003015749854966998,0.0,0.0,0.0
CBBT,0,batch,8,amp_true,temporal,0.0001,2.194000966846943e-06,0.0,0.0,0.0
CBBT,0,batch,8,amp_true,temporal,0.0003,6.582002900540828e-06,0.0,0.0,0.0
CBBT,0,batch,8,amp_true,temporal,0.0007,1.53580067679286e-05,0.0,0.0,0.0
CBBT,0,batch,8,amp_true,temporal,0.001,2.1940009668469428e-05,0.0,0.0,0.0
CBBT,0,batch,8,amp_true,temporal,0.003,6.58200290054083e-05,0.0,0.0,0.0
CBBT,0,batch,8,tail,excess,0.01,0.002458874136209488,5.5392100269998035e-05,0.08288359085833934,0.024039557074371786
CBBT,0,batch,8,tail,excess,0.025,0.00614718534052372,0.0001384802506749951,0.20720897714584835,0.06009889268592947
CBBT,0,batch,8,tail,excess,0.05,0.01229437068104744,0.0002769605013499902,0.4144179542916967,0.12019778537185893
CBBT,0,batch,8,tail,excess,0.1,0.02458874136209488,0.0005539210026999804,0.8288359085833934,0.24039557074371787
CBBT,0,batch,8,body,excess,1.0,0.025503695011138916,0.0,0.0,0.0
CBBT,0,batch,8,excess,excess,2.0,0.0017414495814591646,0.0016377266535401137,2.4505419586579045,0.7107552009780268
CBBT,0,batch,8,gate,excess,0.5,0.003015749854966998,0.0,0.0,0.0
CBBT,0,batch,8,amp_true,excess,0.0001,2.194000966846943e-06,2.1608394703906346e-06,0.0032332793611621322,0.0009377803608061818
CBBT,0,batch,8,amp_true,excess,0.0003,6.582002900540828e-06,6.482518411171903e-06,0.009699838083486395,0.002813341082418545
CBBT,0,batch,8,amp_true,excess,0.0007,1.53580067679286e-05,1.5125876292734442e-05,0.022632955528134924,0.006564462525643272
CBBT,0,batch,8,amp_true,excess,0.001,2.1940009668469428e-05,2.1608394703906346e-05,0.03233279361162132,0.009377803608061818
CBBT,0,batch,8,amp_true,excess,0.003,6.58200290054083e-05,6.482518411171904e-05,0.09699838083486396,0.028133410824185454
CBBT,0,batch,8,tail,full,0.01,0.002458874136209488,0.017365213472411652,0.08257373530126921,0.042705374023031956
CBBT,0,batch,8,tail,full,0.025,0.00614718534052372,0.04341303368102913,0.20643433825317303,0.10676343505757989
CBBT,0,batch,8,tail,full,0.05,0.01229437068104744,0.08682606736205827,0.41286867650634607,0.21352687011515978
CBBT,0,batch,8,tail,full,0.1,0.02458874136209488,0.17365213472411653,0.8257373530126921,0.42705374023031956
CBBT,0,batch,8,body,full,1.0,0.025503695011138916,0.1963055711395262,0.9334572416971582,0.48276416823997237
CBBT,0,batch,8,excess,full,2.0,0.0017414495814591646,0.0016377266535401137,0.007787592556814898,0.004027576706617123
CBBT,0,batch,8,gate,full,0.5,0.003015749854966998,0.0016111121846342986,0.00766103746930595,0.0039621251156618555
CBBT,0,batch,8,amp_true,full,0.0001,2.194000966846943e-06,2.1608394703906346e-06,1.0275058624533636e-05,5.3140410818080615e-06
CBBT,0,batch,8,amp_true,full,0.0003,6.582002900540828e-06,6.482518411171903e-06,3.0825175873600904e-05,1.5942123245424182e-05
CBBT,0,batch,8,amp_true,full,0.0007,1.53580067679286e-05,1.5125876292734442e-05,7.192541037173544e-05,3.719828757265643e-05
CBBT,0,batch,8,amp_true,full,0.001,2.1940009668469428e-05,2.1608394703906346e-05,0.00010275058624533635,5.314041081808061e-05
CBBT,0,batch,8,amp_true,full,0.003,6.58200290054083e-05,6.482518411171904e-05,0.0003082517587360091,0.00015942123245424184
CBBT,0,batch,9,tail,shared,0.01,0.002550037205219269,0.012099115070847415,0.09856166590180308,0.05136306506201505
CBBT,0,batch,9,tail,shared,0.025,0.006375093013048172,0.03024778767711854,0.24640416475450772,0.12840766265503764
CBBT,0,batch,9,tail,shared,0.05,0.012750186026096344,0.06049557535423708,0.49280832950901543,0.2568153253100753
CBBT,0,batch,9,tail,shared,0.1,0.025500372052192688,0.12099115070847416,0.9856166590180309,0.5136306506201506
CBBT,0,batch,9,body,shared,1.0,0.025595156475901604,0.11283106237561716,0.9191430454287088,0.4789895098839819
CBBT,0,batch,9,excess,shared,2.0,0.0012770609464496374,0.0,0.0,0.0
CBBT,0,batch,9,gate,shared,0.5,0.00314978021197021,0.0,0.0,0.0
CBBT,0,batch,9,amp_true,shared,0.0001,1.827920973300934e-06,0.0,0.0,0.0
CBBT,0,batch,9,amp_true,shared,0.0003,5.483762919902801e-06,0.0,0.0,0.0
CBBT,0,batch,9,amp_true,shared,0.0007,1.2795446813106537e-05,0.0,0.0,0.0
CBBT,0,batch,9,amp_true,shared,0.001,1.827920973300934e-05,0.0,0.0,0.0
CBBT,0,batch,9,amp_true,shared,0.003,5.4837629199028014e-05,0.0,0.0,0.0
CBBT,0,batch,9,tail,temporal,0.01,0.002550037205219269,0.0004950829902888779,0.09878917230831256,0.05149399730966379
CBBT,0,batch,9,tail,temporal,0.025,0.006375093013048172,0.001237707475722195,0.24697293077078142,0.12873499327415946
CBBT,0,batch,9,tail,temporal,0.05,0.012750186026096344,0.00247541495144439,0.49394586154156284,0.25746998654831893
CBBT,0,batch,9,tail,temporal,0.1,0.025500372052192688,0.00495082990288878,0.9878917230831257,0.5149399730966379
CBBT,0,batch,9,body,temporal,1.0,0.025595156475901604,0.004604593241348471,0.9188034411439656,0.47892760735678397
CBBT,0,batch,9,excess,temporal,2.0,0.0012770609464496374,0.0,0.0,0.0
CBBT,0,batch,9,gate,temporal,0.5,0.00314978021197021,0.0,0.0,0.0
CBBT,0,batch,9,amp_true,temporal,0.0001,1.827920973300934e-06,0.0,0.0,0.0
CBBT,0,batch,9,amp_true,temporal,0.0003,5.483762919902801e-06,0.0,0.0,0.0
CBBT,0,batch,9,amp_true,temporal,0.0007,1.2795446813106537e-05,0.0,0.0,0.0
CBBT,0,batch,9,amp_true,temporal,0.001,1.827920973300934e-05,0.0,0.0,0.0
CBBT,0,batch,9,amp_true,temporal,0.003,5.4837629199028014e-05,0.0,0.0,0.0
CBBT,0,batch,9,tail,excess,0.01,0.002550037205219269,5.899256375188701e-05,0.09855671444944147,0.024727236373395304
CBBT,0,batch,9,tail,excess,0.025,0.006375093013048172,0.00014748140937971752,0.24639178612360368,0.06181809093348826
CBBT,0,batch,9,tail,excess,0.05,0.012750186026096344,0.00029496281875943505,0.49278357224720737,0.12363618186697652
CBBT,0,batch,9,tail,excess,0.1,0.025500372052192688,0.0005899256375188701,0.9855671444944147,0.24727236373395303
CBBT,0,batch,9,body,excess,1.0,0.025595156475901604,0.0,0.0,0.0
CBBT,0,batch,9,excess,excess,2.0,0.0012770609464496374,0.0017871998384603686,2.9858092773191642,0.7491200592327171
CBBT,0,batch,9,gate,excess,0.5,0.00314978021197021,0.0,0.0,0.0
CBBT,0,batch,9,amp_true,excess,0.0001,1.827920973300934e-06,2.4479935237026253e-06,0.0040897730721513904,0.001026097369758734
CBBT,0,batch,9,amp_true,excess,0.0003,5.483762919902801e-06,7.343980571107874e-06,0.01226931921645417,0.003078292109276201
CBBT,0,batch,9,amp_true,excess,0.0007,1.2795446813106537e-05,1.7135954665918374e-05,0.02862841150505973,0.0071826815883111374
CBBT,0,batch,9,amp_true,excess,0.001,1.827920973300934e-05,2.447993523702625e-05,0.040897730721513904,0.01026097369758734
CBBT,0,batch,9,amp_true,excess,0.003,5.4837629199028014e-05,7.343980571107876e-05,0.1226931921645417,0.030782921092762018
CBBT,0,batch,9,tail,full,0.01,0.002550037205219269,0.018453048943680744,0.09814038502947858,0.051139931626671783
CBBT,0,batch,9,tail,full,0.025,0.006375093013048172,0.04613262235920186,0.24535096257369646,0.12784982906667947
CBBT,0,batch,9,tail,full,0.05,0.012750186026096344,0.09226524471840372,0.4907019251473929,0.25569965813335893
CBBT,0,batch,9,tail,full,0.1,0.025500372052192688,0.18453048943680744,0.9814038502947858,0.5113993162667179
CBBT,0,batch,9,body,full,1.0,0.025595156475901604,0.1728922186243884,0.9195070666199509,0.4791455475038262
CBBT,0,batch,9,excess,full,2.0,0.0012770609464496374,0.0017871998384603686,0.009505013551226021,0.004952963481591
CBBT,0,batch,9,gate,full,0.5,0.00314978021197021,0.001876999007969187,0.009982599943470477,0.005201828772244528
CBBT,0,batch,9,amp_true,full,0.0001,1.827920973300934e-06,2.4479935237026253e-06,1.3019367568963087e-05,6.784256726721523e-06
CBBT,0,batch,9,amp_true,full,0.0003,5.483762919902801e-06,7.343980571107874e-06,3.9058102706889256e-05,2.0352770180164566e-05
CBBT,0,batch,9,amp_true,full,0.0007,1.2795446813106537e-05,1.7135954665918374e-05,9.11355729827416e-05,4.748979708705066e-05
CBBT,0,batch,9,amp_true,full,0.001,1.827920973300934e-05,2.447993523702625e-05,0.00013019367568963087,6.784256726721524e-05
CBBT,0,batch,9,amp_true,full,0.003,5.4837629199028014e-05,7.343980571107876e-05,0.00039058102706889257,0.0002035277018016457
CBBT,0,batch,10,tail,shared,0.01,0.0010893693566322326,0.005422595650446678,0.06001101829987123,0.03045177705703195
CBBT,0,batch,10,tail,shared,0.025,0.0027234233915805818,0.013556489126116695,0.15002754574967808,0.07612944264257988
CBBT,0,batch,10,tail,shared,0.05,0.0054468467831611635,0.02711297825223339,0.30005509149935616,0.15225888528515977
CBBT,0,batch,10,tail,shared,0.1,0.010893693566322327,0.05422595650446678,0.6001101829987123,0.30451777057031953
CBBT,0,batch,10,body,shared,1.0,0.01897033303976059,0.08775979792520693,0.9712239633520839,0.49283442344967
CBBT,0,batch,10,excess,shared,2.0,0.0005494904471561313,0.0,0.0,0.0
CBBT,0,batch,10,gate,shared,0.5,0.0018094766419380903,0.0,0.0,0.0
CBBT,0,batch,10,amp_true,shared,0.0001,7.483245804905892e-07,0.0,0.0,0.0
CBBT,0,batch,10,amp_true,shared,0.0003,2.2449737414717673e-06,0.0,0.0,0.0
CBBT,0,batch,10,amp_true,shared,0.0007,5.238272063434124e-06,0.0,0.0,0.0
CBBT,0,batch,10,amp_true,shared,0.001,7.483245804905892e-06,0.0,0.0,0.0
CBBT,0,batch,10,amp_true,shared,0.003,2.2449737414717676e-05,0.0,0.0,0.0
CBBT,0,batch,10,tail,temporal,0.01,0.0010893693566322326,0.00022142440855157908,0.05994263295579631,0.030419948203727492
CBBT,0,batch,10,tail,temporal,0.025,0.0027234233915805818,0.0005535610213789477,0.1498565823894908,0.07604987050931873
CBBT,0,batch,10,tail,temporal,0.05,0.0054468467831611635,0.0011071220427578954,0.2997131647789816,0.15209974101863746
CBBT,0,batch,10,tail,temporal,0.1,0.010893693566322327,0.002214244085515791,0.5994263295579632,0.3041994820372749
CBBT,0,batch,10,body,temporal,1.0,0.01897033303976059,0.0035868023280508795,0.9709967245334945,0.4927656429119491
CBBT,0,batch,10,excess,temporal,2.0,0.0005494904471561313,0.0,0.0,0.0
CBBT,0,batch,10,gate,temporal,0.5,0.0018094766419380903,0.0,0.0,0.0
CBBT,0,batch,10,amp_true,temporal,0.0001,7.483245804905892e-07,0.0,0.0,0.0
CBBT,0,batch,10,amp_true,temporal,0.0003,2.2449737414717673e-06,0.0,0.0,0.0
CBBT,0,batch,10,amp_true,temporal,0.0007,5.238272063434124e-06,0.0,0.0,0.0
CBBT,0,batch,10,amp_true,temporal,0.001,7.483245804905892e-06,0.0,0.0,0.0
CBBT,0,batch,10,amp_true,temporal,0.003,2.2449737414717676e-05,0.0,0.0,0.0
CBBT,0,batch,10,tail,excess,0.01,0.0010893693566322326,2.6044049236286665e-05,0.05968303098725415,0.025610636950026158
CBBT,0,batch,10,tail,excess,0.025,0.0027234233915805818,6.511012309071666e-05,0.14920757746813537,0.0640265923750654
CBBT,0,batch,10,tail,excess,0.05,0.0054468467831611635,0.00013022024618143332,0.29841515493627074,0.1280531847501308
CBBT,0,batch,10,tail,excess,0.1,0.010893693566322327,0.00026044049236286664,0.5968303098725415,0.2561063695002616
CBBT,0,batch,10,body,excess,1.0,0.01897033303976059,0.0,0.0,0.0
CBBT,0,batch,10,excess,excess,2.0,0.0005494904471561313,0.0005825048332867796,1.334878985209484,0.57281107371575
CBBT,0,batch,10,gate,excess,0.5,0.0018094766419380903,0.0,0.0,0.0
CBBT,0,batch,10,amp_true,excess,0.0001,7.483245804905892e-07,8.577227058537935e-07,0.001965573416311137,0.0008434489055108079
CBBT,0,batch,10,amp_true,excess,0.0003,2.2449737414717673e-06,2.57316811756138e-06,0.00589672024893341,0.0025303467165324234
CBBT,0,batch,10,amp_true,excess,0.0007,5.238272063434124e-06,6.004058940976554e-06,0.013759013914177958,0.005904142338575656
CBBT,0,batch,10,amp_true,excess,0.001,7.483245804905892e-06,8.577227058537934e-06,0.01965573416311137,0.00843448905510808
CBBT,0,batch,10,amp_true,excess,0.003,2.2449737414717676e-05,2.5731681175613804e-05,0.058967202489334104,0.025303467165324237
CBBT,0,batch,10,tail,full,0.01,0.0010893693566322326,0.00826853801952995,0.059796339907357894,0.03032468664425116
CBBT,0,batch,10,tail,full,0.025,0.0027234233915805818,0.020671345048824872,0.14949084976839475,0.07581171661062791
CBBT,0,batch,10,tail,full,0.05,0.0054468467831611635,0.041342690097649744,0.2989816995367895,0.15162343322125582
CBBT,0,batch,10,tail,full,0.1,0.010893693566322327,0.08268538019529949,0.597963399073579,0.30324686644251164
CBBT,0,batch,10,body,full,1.0,0.01897033303976059,0.13435366645373747,0.9716176533374862,0.492739203120631
CBBT,0,batch,10,excess,full,2.0,0.0005494904471561313,0.0005825048332867796,0.004212553286521047,0.002136324038960824
CBBT,0,batch,10,gate,full,0.5,0.0018094766419380903,0.0012409392568785993,0.008974213510711435,0.004551118229185173
CBBT,0,batch,10,amp_true,full,0.0001,7.483245804905892e-07,8.577227058537935e-07,6.202871456157114e-06,3.1456797103962675e-06
CBBT,0,batch,10,amp_true,full,0.0003,2.2449737414717673e-06,2.57316811756138e-06,1.8608614368471338e-05,9.437039131188801e-06
CBBT,0,batch,10,amp_true,full,0.0007,5.238272063434124e-06,6.004058940976554e-06,4.3420100193099796e-05,2.201975797277387e-05
CBBT,0,batch,10,amp_true,full,0.001,7.483245804905892e-06,8.577227058537934e-06,6.202871456157114e-05,3.1456797103962674e-05
CBBT,0,batch,10,amp_true,full,0.003,2.2449737414717676e-05,2.5731681175613804e-05,0.0001860861436847134,9.437039131188802e-05
CBBT,0,batch,11,tail,shared,0.01,0.0016306132078170777,0.00740645708482105,0.05490597505369626,0.02818409184208971
CBBT,0,batch,11,tail,shared,0.025,0.004076533019542694,0.018516142712052625,0.13726493763424064,0.07046022960522427
CBBT,0,batch,11,tail,shared,0.05,0.008153066039085388,0.03703228542410525,0.27452987526848127,0.14092045921044855
CBBT,0,batch,11,tail,shared,0.1,0.016306132078170776,0.0740645708482105,0.5490597505369625,0.2818409184208971
CBBT,0,batch,11,body,shared,1.0,0.021517906337976456,0.12791132308927686,0.9482396014983194,0.4867461508660712
CBBT,0,batch,11,excess,shared,2.0,0.0009050442604348063,0.0,0.0,0.0
CBBT,0,batch,11,gate,shared,0.5,0.0020775373559445143,0.0,0.0,0.0
CBBT,0,batch,11,amp_true,shared,0.0001,1.1639120988547802e-06,0.0,0.0,0.0
CBBT,0,batch,11,amp_true,shared,0.0003,3.4917362965643403e-06,0.0,0.0,0.0
CBBT,0,batch,11,amp_true,shared,0.0007,8.147384691983462e-06,0.0,0.0,0.0
CBBT,0,batch,11,amp_true,shared,0.001,1.1639120988547802e-05,0.0,0.0,0.0
CBBT,0,batch,11,amp_true,shared,0.003,3.4917362965643406e-05,0.0,0.0,0.0
CBBT,0,batch,11,tail,temporal,0.01,0.0016306132078170777,0.00030369434403407664,0.055027720860681736,0.028252704250155504
CBBT,0,batch,11,tail,temporal,0.025,0.004076533019542694,0.0007592358600851916,0.13756930215170435,0.07063176062538877
CBBT,0,batch,11,tail,temporal,0.05,0.008153066039085388,0.0015184717201703832,0.2751386043034087,0.14126352125077754
CBBT,0,batch,11,tail,temporal,0.1,0.016306132078170776,0.0030369434403407663,0.5502772086068174,0.2825270425015551
CBBT,0,batch,11,body,temporal,1.0,0.021517906337976456,0.005230891067293971,0.94780827881137,0.48663013056461185
CBBT,0,batch,11,excess,temporal,2.0,0.0009050442604348063,0.0,0.0,0.0
CBBT,0,batch,11,gate,temporal,0.5,0.0020775373559445143,0.0,0.0,0.0
CBBT,0,batch,11,amp_true,temporal,0.0001,1.1639120988547802e-06,0.0,0.0,0.0
CBBT,0,batch,11,amp_true,temporal,0.0003,3.4917362965643403e-06,0.0,0.0,0.0
CBBT,0,batch,11,amp_true,temporal,0.0007,8.147384691983462e-06,0.0,0.0,0.0
CBBT,0,batch,11,amp_true,temporal,0.001,1.1639120988547802e-05,0.0,0.0,0.0
CBBT,0,batch,11,amp_true,temporal,0.003,3.4917362965643406e-05,0.0,0.0,0.0
CBBT,0,batch,11,tail,excess,0.01,0.0016306132078170777,3.5747892742863706e-05,0.05471697184500674,0.01749786061264335
CBBT,0,batch,11,tail,excess,0.025,0.004076533019542694,8.936973185715927e-05,0.13679242961251686,0.04374465153160837
CBBT,0,batch,11,tail,excess,0.05,0.008153066039085388,0.00017873946371431854,0.2735848592250337,0.08748930306321674
CBBT,0,batch,11,tail,excess,0.1,0.016306132078170776,0.0003574789274286371,0.5471697184500675,0.17497860612643348
CBBT,0,batch,11,body,excess,1.0,0.021517906337976456,0.0,0.0,0.0
CBBT,0,batch,11,excess,excess,2.0,0.0009050442604348063,0.0013911150332692214,2.1292892047113137,0.6809222888573429
CBBT,0,batch,11,gate,excess,0.5,0.0020775373559445143,0.0,0.0,0.0
CBBT,0,batch,11,amp_true,excess,0.0001,1.1639120988547802e-06,1.6902660527016743e-06,0.002587180192172616,0.0008273505798285408
CBBT,0,batch,11,amp_true,excess,0.0003,3.4917362965643403e-06,5.070798158105022e-06,0.007761540576517847,0.002482051739485622
CBBT,0,batch,11,amp_true,excess,0.0007,8.147384691983462e-06,1.183186236891172e-05,0.018110261345208312,0.005791454058799785
CBBT,0,batch,11,amp_true,excess,0.001,1.1639120988547802e-05,1.6902660527016745e-05,0.02587180192172616,0.008273505798285407
CBBT,0,batch,11,amp_true,excess,0.003,3.4917362965643406e-05,5.070798158105023e-05,0.07761540576517847,0.024820517394856224
CBBT,0,batch,11,tail,full,0.01,0.0016306132078170777,0.011277240912342239,0.05470057482679317,0.028073803080972525
CBBT,0,batch,11,tail,full,0.025,0.004076533019542694,0.0281931022808556,0.13675143706698292,0.07018450770243131
CBBT,0,batch,11,tail,full,0.05,0.008153066039085388,0.0563862045617112,0.27350287413396585,0.14036901540486263
CBBT,0,batch,11,tail,full,0.1,0.016306132078170776,0.1127724091234224,0.5470057482679317,0.28073803080972526
CBBT,0,batch,11,body,full,1.0,0.021517906337976456,0.1955081666098981,0.948317871367766,0.4867021829888596
CBBT,0,batch,11,excess,full,2.0,0.0009050442604348063,0.0013911150332692214,0.006747642669115891,0.003463071314211139
CBBT,0,batch,11,gate,full,0.5,0.0020775373559445143,0.0006173665318254873,0.0029945537593968003,0.0015368853585705597
CBBT,0,batch,11,amp_true,full,0.0001,1.1639120988547802e-06,1.6902660527016743e-06,8.198683118652379e-06,4.2077842166221754e-06
CBBT,0,batch,11,amp_true,full,0.0003,3.4917362965643403e-06,5.070798158105022e-06,2.4596049355957133e-05,1.2623352649866524e-05
CBBT,0,batch,11,amp_true,full,0.0007,8.147384691983462e-06,1.183186236891172e-05,5.739078183056664e-05,2.9454489516355226e-05
CBBT,0,batch,11,amp_true,full,0.001,1.1639120988547802e-05,1.6902660527016745e-05,8.198683118652378e-05,4.207784216622175e-05
CBBT,0,batch,11,amp_true,full,0.003,3.4917362965643406e-05,5.070798158105023e-05,0.00024596049355957134,0.00012623352649866526
CBBT,0,accum4,2,tail,shared,0.01,0.001932223476469517,0.009058915115090558,0.07474303307685812,0.03851155298067309
CBBT,0,accum4,2,tail,shared,0.025,0.004830558691173792,0.022647287787726393,0.18685758269214528,0.09627888245168273
CBBT,0,accum4,2,tail,shared,0.05,0.009661117382347584,0.045294575575452786,0.37371516538429056,0.19255776490336546
CBBT,0,accum4,2,tail,shared,0.1,0.01932223476469517,0.09058915115090557,0.7474303307685811,0.3851155298067309
CBBT,0,accum4,2,body,shared,1.0,0.02289677271619439,0.11404341121742252,0.9409460568431802,0.48482503891444745
CBBT,0,accum4,2,excess,shared,2.0,0.001118261308874935,0.0,0.0,0.0
CBBT,0,accum4,2,gate,shared,0.5,0.002513136016204953,0.0,0.0,0.0
CBBT,0,accum4,2,amp_true,shared,0.0001,1.4835396548733116e-06,0.0,0.0,0.0
CBBT,0,accum4,2,amp_true,shared,0.0003,4.450618964619934e-06,0.0,0.0,0.0
CBBT,0,accum4,2,amp_true,shared,0.0007,1.038477758411318e-05,0.0,0.0,0.0
CBBT,0,accum4,2,amp_true,shared,0.001,1.4835396548733115e-05,0.0,0.0,0.0
CBBT,0,accum4,2,amp_true,shared,0.003,4.450618964619935e-05,0.0,0.0,0.0
CBBT,0,accum4,2,tail,temporal,0.01,0.001932223476469517,0.00037019891257441477,0.07478063707095832,0.03853416898645835
CBBT,0,accum4,2,tail,temporal,0.025,0.004830558691173792,0.000925497281436037,0.1869515926773958,0.09633542246614589
CBBT,0,accum4,2,tail,temporal,0.05,0.009661117382347584,0.001850994562872074,0.3739031853547916,0.19267084493229178
CBBT,0,accum4,2,tail,temporal,0.1,0.01932223476469517,0.003701989125744148,0.7478063707095832,0.38534168986458356
CBBT,0,accum4,2,body,temporal,1.0,0.02289677271619439,0.004657238897229336,0.940768003083883,0.4847740622146421
CBBT,0,accum4,2,excess,temporal,2.0,0.001118261308874935,0.0,0.0,0.0
CBBT,0,accum4,2,gate,temporal,0.5,0.002513136016204953,0.0,0.0,0.0
CBBT,0,accum4,2,amp_true,temporal,0.0001,1.4835396548733116e-06,0.0,0.0,0.0
CBBT,0,accum4,2,amp_true,temporal,0.0003,4.450618964619934e-06,0.0,0.0,0.0
CBBT,0,accum4,2,amp_true,temporal,0.0007,1.038477758411318e-05,0.0,0.0,0.0
CBBT,0,accum4,2,amp_true,temporal,0.001,1.4835396548733115e-05,0.0,0.0,0.0
CBBT,0,accum4,2,amp_true,temporal,0.003,4.450618964619935e-05,0.0,0.0,0.0
CBBT,0,accum4,2,tail,excess,0.01,0.001932223476469517,4.401959756196722e-05,0.07474272701132298,0.022739406480160908
CBBT,0,accum4,2,tail,excess,0.025,0.004830558691173792,0.00011004899390491806,0.18685681752830743,0.056848516200402266
CBBT,0,accum4,2,tail,excess,0.05,0.009661117382347584,0.00022009798780983612,0.37371363505661487,0.11369703240080453
CBBT,0,accum4,2,tail,excess,0.1,0.01932223476469517,0.00044019597561967223,0.7474272701132297,0.22739406480160906
CBBT,0,accum4,2,body,excess,1.0,0.02289677271619439,0.0,0.0,0.0
CBBT,0,accum4,2,excess,excess,2.0,0.001118261308874935,0.0013477092415063645,2.2883322317235124,0.6961923769644068
CBBT,0,accum4,2,gate,excess,0.5,0.002513136016204953,0.0,0.0,0.0
CBBT,0,accum4,2,amp_true,excess,0.0001,1.4835396548733116e-06,1.7824634371502218e-06,0.0030265196746298837,0.000920775356392701
CBBT,0,accum4,2,amp_true,excess,0.0003,4.450618964619934e-06,5.347390311450665e-06,0.00907955902388965,0.0027623260691781028
CBBT,0,accum4,2,amp_true,excess,0.0007,1.038477758411318e-05,1.2477244060051551e-05,0.021185637722409185,0.006445427494748907
CBBT,0,accum4,2,amp_true,excess,0.001,1.4835396548733115e-05,1.782463437150222e-05,0.030265196746298836,0.00920775356392701
CBBT,0,accum4,2,amp_true,excess,0.003,4.450618964619935e-05,5.347390311450665e-05,0.09079559023889651,0.027623260691781032
CBBT,0,accum4,2,tail,full,0.01,0.001932223476469517,0.013829486454016809,0.07451059480699328,0.038384581897105495
CBBT,0,accum4,2,tail,full,0.025,0.004830558691173792,0.034573716135042024,0.18627648701748323,0.09596145474276374
CBBT,0,accum4,2,tail,full,0.05,0.009661117382347584,0.06914743227008405,0.37255297403496646,0.19192290948552748
CBBT,0,accum4,2,tail,full,0.1,0.01932223476469517,0.1382948645401681,0.7451059480699329,0.38384581897105496
CBBT,0,accum4,2,body,full,1.0,0.02289677271619439,0.17468541056980266,0.9411711627136613,0.48484999573491305
CBBT,0,accum4,2,excess,full,2.0,0.001118261308874935,0.0013477092415063645,0.007261196396946045,0.0037406490780473992
CBBT,0,accum4,2,gate,full,0.5,0.002513136016204953,0.00047603711773008806,0.0025647958013634885,0.0013212700118929814
CBBT,0,accum4,2,amp_true,full,0.0001,1.4835396548733116e-06,1.7824634371502218e-06,9.603567808926485e-06,4.947335825475741e-06
CBBT,0,accum4,2,amp_true,full,0.0003,4.450618964619934e-06,5.347390311450665e-06,2.881070342677945e-05,1.4842007476427222e-05
CBBT,0,accum4,2,amp_true,full,0.0007,1.038477758411318e-05,1.2477244060051551e-05,6.72249746624854e-05,3.4631350778330185e-05
CBBT,0,accum4,2,amp_true,full,0.001,1.4835396548733115e-05,1.782463437150222e-05,9.603567808926484e-05,4.9473358254757415e-05
CBBT,0,accum4,2,amp_true,full,0.003,4.450618964619935e-05,5.347390311450665e-05,0.00028810703426779456,0.00014842007476427224
CBBT,0,batch,12,tail,shared,0.01,0.0012556582689285279,0.005684165549480631,0.07364215011765515,0.037813935971788365
CBBT,0,batch,12,tail,shared,0.025,0.0031391456723213196,0.014210413873701578,0.18410537529413787,0.09453483992947091
CBBT,0,batch,12,tail,shared,0.05,0.006278291344642639,0.028420827747403156,0.36821075058827574,0.18906967985894182
CBBT,0,batch,12,tail,shared,0.1,0.012556582689285278,0.05684165549480631,0.7364215011765515,0.37813935971788365
CBBT,0,batch,12,body,shared,1.0,0.02101362869143486,0.07312305074571686,0.9473578194021856,0.48645141224168187
CBBT,0,batch,12,excess,shared,2.0,0.0006940368330106139,0.0,0.0,0.0
CBBT,0,batch,12,gate,shared,0.5,0.0018094766419380903,0.0,0.0,0.0
CBBT,0,batch,12,amp_true,shared,0.0001,8.510237559676171e-07,0.0,0.0,0.0
CBBT,0,batch,12,amp_true,shared,0.0003,2.553071267902851e-06,0.0,0.0,0.0
CBBT,0,batch,12,amp_true,shared,0.0007,5.957166291773319e-06,0.0,0.0,0.0
CBBT,0,batch,12,amp_true,shared,0.001,8.510237559676171e-06,0.0,0.0,0.0
CBBT,0,batch,12,amp_true,shared,0.003,2.553071267902851e-05,0.0,0.0,0.0
CBBT,0,batch,12,tail,temporal,0.01,0.0012556582689285279,0.00023151607977083195,0.0734787402919147,0.03772346435415697
CBBT,0,batch,12,tail,temporal,0.025,0.0031391456723213196,0.0005787901994270798,0.18369685072978678,0.09430866088539243
CBBT,0,batch,12,tail,temporal,0.05,0.006278291344642639,0.0011575803988541596,0.36739370145957356,0.18861732177078486
CBBT,0,batch,12,tail,temporal,0.1,0.012556582689285278,0.0023151607977083192,0.7347874029191471,0.3772346435415697
CBBT,0,batch,12,body,temporal,1.0,0.02101362869143486,0.002985739975882577,0.9476163058921304,0.48649949352320593
CBBT,0,batch,12,excess,temporal,2.0,0.0006940368330106139,0.0,0.0,0.0
CBBT,0,batch,12,gate,temporal,0.5,0.0018094766419380903,0.0,0.0,0.0
CBBT,0,batch,12,amp_true,temporal,0.0001,8.510237559676171e-07,0.0,0.0,0.0
CBBT,0,batch,12,amp_true,temporal,0.0003,2.553071267902851e-06,0.0,0.0,0.0
CBBT,0,batch,12,amp_true,temporal,0.0007,5.957166291773319e-06,0.0,0.0,0.0
CBBT,0,batch,12,amp_true,temporal,0.001,8.510237559676171e-06,0.0,0.0,0.0
CBBT,0,batch,12,amp_true,temporal,0.003,2.553071267902851e-05,0.0,0.0,0.0
CBBT,0,batch,12,tail,excess,0.01,0.0012556582689285279,2.835811345455687e-05,0.07522038197260605,0.022052101943769612
CBBT,0,batch,12,tail,excess,0.025,0.0031391456723213196,7.089528363639218e-05,0.18805095493151514,0.055130254859424035
CBBT,0,batch,12,tail,excess,0.05,0.006278291344642639,0.00014179056727278437,0.37610190986303027,0.11026050971884807
CBBT,0,batch,12,tail,excess,0.1,0.012556582689285278,0.00028358113454556873,0.7522038197260605,0.22052101943769614
CBBT,0,batch,12,body,excess,1.0,0.02101362869143486,0.0,0.0,0.0
CBBT,0,batch,12,excess,excess,2.0,0.0006940368330106139,0.0009086452676784991,2.410197145938656,0.7065892484589892
CBBT,0,batch,12,gate,excess,0.5,0.0018094766419380903,0.0,0.0,0.0
CBBT,0,batch,12,amp_true,excess,0.0001,8.510237559676171e-07,1.1219688334999148e-06,0.002976041560467817,0.0008724759188836885
CBBT,0,batch,12,amp_true,excess,0.0003,2.553071267902851e-06,3.3659065004997436e-06,0.00892812468140345,0.002617427756651065
CBBT,0,batch,12,amp_true,excess,0.0007,5.957166291773319e-06,7.853781834499403e-06,0.020832290923274717,0.006107331432185819
CBBT,0,batch,12,amp_true,excess,0.001,8.510237559676171e-06,1.1219688334999146e-05,0.02976041560467817,0.008724759188836884
CBBT,0,batch,12,amp_true,excess,0.003,2.553071267902851e-05,3.365906500499744e-05,0.08928124681403452,0.026174277566510654
CBBT,0,batch,12,tail,full,0.01,0.0012556582689285279,0.008816506483871918,0.07437480971699716,0.038223003038644586
CBBT,0,batch,12,tail,full,0.025,0.0031391456723213196,0.022041266209679795,0.1859370242924929,0.09555750759661147
CBBT,0,batch,12,tail,full,0.05,0.006278291344642639,0.04408253241935959,0.3718740485849858,0.19111501519322294
CBBT,0,batch,12,tail,full,0.1,0.012556582689285278,0.08816506483871918,0.7437480971699716,0.3822300303864459
CBBT,0,batch,12,body,full,1.0,0.02101362869143486,0.11207636445883086,0.9454604605176475,0.485894864037891
CBBT,0,batch,12,excess,full,2.0,0.0006940368330106139,0.0009086452676784991,0.007665203786495632,0.0039393325339304374
CBBT,0,batch,12,gate,full,0.5,0.0018094766419380903,0.0012242578152841612,0.010327666885162689,0.005307636338644209
CBBT,0,batch,12,amp_true,full,0.0001,8.510237559676171e-07,1.1219688334999148e-06,9.464771409469957e-06,4.864173605563786e-06
CBBT,0,batch,12,amp_true,full,0.0003,2.553071267902851e-06,3.3659065004997436e-06,2.8394314228409866e-05,1.4592520816691354e-05
CBBT,0,batch,12,amp_true,full,0.0007,5.957166291773319e-06,7.853781834499403e-06,6.625339986628969e-05,3.40492152389465e-05
CBBT,0,batch,12,amp_true,full,0.001,8.510237559676171e-06,1.1219688334999146e-05,9.464771409469957e-05,4.864173605563785e-05
CBBT,0,batch,12,amp_true,full,0.003,2.553071267902851e-05,3.365906500499744e-05,0.0002839431422840987,0.00014592520816691357
CBBT,0,batch,13,tail,shared,0.01,0.002129700481891632,0.00930228530509591,0.07260594434294572,0.03765858574241122
CBBT,0,batch,13,tail,shared,0.025,0.00532425120472908,0.02325571326273978,0.1815148608573643,0.09414646435602804
CBBT,0,batch,13,tail,shared,0.05,0.01064850240945816,0.04651142652547956,0.3630297217147286,0.18829292871205608
CBBT,0,batch,13,tail,shared,0.1,0.02129700481891632,0.09302285305095911,0.7260594434294572,0.37658585742411216
CBBT,0,batch,13,body,shared,1.0,0.023923978209495544,0.11898516307981713,0.9286997597759069,0.4816894794079717
CBBT,0,batch,13,excess,shared,2.0,0.0015703922836109996,0.0,0.0,0.0
CBBT,0,batch,13,gate,shared,0.5,0.00247962842695415,0.0,0.0,0.0
CBBT,0,batch,13,amp_true,shared,0.0001,1.9923575222492217e-06,0.0,0.0,0.0
CBBT,0,batch,13,amp_true,shared,0.0003,5.977072566747665e-06,0.0,0.0,0.0
CBBT,0,batch,13,amp_true,shared,0.0007,1.3946502655744552e-05,0.0,0.0,0.0
CBBT,0,batch,13,amp_true,shared,0.001,1.992357522249222e-05,0.0,0.0,0.0
CBBT,0,batch,13,amp_true,shared,0.003,5.9770725667476655e-05,0.0,0.0,0.0
CBBT,0,batch,13,tail,temporal,0.01,0.002129700481891632,0.0003800899190052133,0.07269795929108823,0.03771141576318543
CBBT,0,batch,13,tail,temporal,0.025,0.00532425120472908,0.0009502247975130333,0.18174489822772055,0.09427853940796357
CBBT,0,batch,13,tail,temporal,0.05,0.01064850240945816,0.0019004495950260666,0.3634897964554411,0.18855707881592715
CBBT,0,batch,13,tail,temporal,0.1,0.02129700481891632,0.0038008991900521333,0.7269795929108822,0.3771141576318543
CBBT,0,batch,13,body,temporal,1.0,0.023923978209495544,0.004854432078001464,0.928483729617314,0.48164262516298534
CBBT,0,batch,13,excess,temporal,2.0,0.0015703922836109996,0.0,0.0,0.0
CBBT,0,batch,13,gate,temporal,0.5,0.00247962842695415,0.0,0.0,0.0
CBBT,0,batch,13,amp_true,temporal,0.0001,1.9923575222492217e-06,0.0,0.0,0.0
CBBT,0,batch,13,amp_true,temporal,0.0003,5.977072566747665e-06,0.0,0.0,0.0
CBBT,0,batch,13,amp_true,temporal,0.0007,1.3946502655744552e-05,0.0,0.0,0.0
CBBT,0,batch,13,amp_true,temporal,0.001,1.992357522249222e-05,0.0,0.0,0.0
CBBT,0,batch,13,amp_true,temporal,0.003,5.9770725667476655e-05,0.0,0.0,0.0
CBBT,0,batch,13,tail,excess,0.01,0.002129700481891632,4.620450856326199e-05,0.07407168647704206,0.019324255202891463
CBBT,0,batch,13,tail,excess,0.025,0.00532425120472908,0.00011551127140815498,0.18517921619260513,0.04831063800722865
CBBT,0,batch,13,tail,excess,0.05,0.01064850240945816,0.00023102254281630997,0.37035843238521027,0.0966212760144573
CBBT,0,batch,13,tail,excess,0.1,0.02129700481891632,0.00046204508563261993,0.7407168647704205,0.1932425520289146
CBBT,0,batch,13,body,excess,1.0,0.023923978209495544,0.0,0.0,0.0
CBBT,0,batch,13,excess,excess,2.0,0.0015703922836109996,0.0017686295719427703,2.8353374858992577,0.7396994421184659
CBBT,0,batch,13,gate,excess,0.5,0.00247962842695415,0.0,0.0,0.0
CBBT,0,batch,13,amp_true,excess,0.0001,1.9923575222492217e-06,2.1810991717329755e-06,0.0034965785601364105,0.0009122078846412817
CBBT,0,batch,13,amp_true,excess,0.0003,5.977072566747665e-06,6.543297515198927e-06,0.01048973568040923,0.002736623653923845
CBBT,0,batch,13,amp_true,excess,0.0007,1.3946502655744552e-05,1.526769420213083e-05,0.02447604992095487,0.006385455192488972
CBBT,0,batch,13,amp_true,excess,0.001,1.992357522249222e-05,2.1810991717329757e-05,0.034965785601364104,0.009122078846412817
CBBT,0,batch,13,amp_true,excess,0.003,5.9770725667476655e-05,6.543297515198927e-05,0.10489735680409232,0.02736623653923845
CBBT,0,batch,13,tail,full,0.01,0.002129700481891632,0.01433687634169177,0.07306468282832485,0.03789647117518223
CBBT,0,batch,13,tail,full,0.025,0.00532425120472908,0.035842190854229426,0.1826617070708121,0.09474117793795558
CBBT,0,batch,13,tail,full,0.05,0.01064850240945816,0.07168438170845885,0.3653234141416242,0.18948235587591117
CBBT,0,batch,13,tail,full,0.1,0.02129700481891632,0.1433687634169177,0.7306468282832485,0.37896471175182234
CBBT,0,batch,13,body,full,1.0,0.023923978209495544,0.18217639561935678,0.9284212437564383,0.48154440066635085
CBBT,0,batch,13,excess,full,2.0,0.0015703922836109996,0.0017686295719427703,0.009013424935458834,0.004674994607981327
CBBT,0,batch,13,gate,full,0.5,0.00247962842695415,0.00046776954398686433,0.002383882831489736,0.001236448904059847
CBBT,0,batch,13,amp_true,full,0.0001,1.9923575222492217e-06,2.1810991717329755e-06,1.1115483973058181e-05,5.765269918066339e-06
CBBT,0,batch,13,amp_true,full,0.0003,5.977072566747665e-06,6.543297515198927e-06,3.334645191917454e-05,1.7295809754199016e-05
CBBT,0,batch,13,amp_true,full,0.0007,1.3946502655744552e-05,1.526769420213083e-05,7.780838781140727e-05,4.0356889426464375e-05
CBBT,0,batch,13,amp_true,full,0.001,1.992357522249222e-05,2.1810991717329757e-05,0.00011115483973058181,5.765269918066339e-05
CBBT,0,batch,13,amp_true,full,0.003,5.9770725667476655e-05,6.543297515198927e-05,0.00033346451919174543,0.00017295809754199016
CBBT,0,batch,14,tail,shared,0.01,0.00213337242603302,0.010101818632824902,0.0831290020224042,0.042942573904958405
CBBT,0,batch,14,tail,shared,0.025,0.00533343106508255,0.025254546582062255,0.2078225050560105,0.10735643476239601
CBBT,0,batch,14,tail,shared,0.05,0.0106668621301651,0.05050909316412451,0.415645010112021,0.21471286952479202
CBBT,0,batch,14,tail,shared,0.1,0.0213337242603302,0.10101818632824902,0.831290020224042,0.42942573904958403
CBBT,0,batch,14,body,shared,1.0,0.027045821771025658,0.11376557017229696,0.936189676005715,0.4836145433347015
CBBT,0,batch,14,excess,shared,2.0,0.0012701645027846098,0.0,0.0,0.0
CBBT,0,batch,14,gate,shared,0.5,0.002747689140960574,0.0,0.0,0.0
CBBT,0,batch,14,amp_true,shared,0.0001,1.6062581911683082e-06,0.0,0.0,0.0
CBBT,0,batch,14,amp_true,shared,0.0003,4.818774573504924e-06,0.0,0.0,0.0
CBBT,0,batch,14,amp_true,shared,0.0007,1.1243807338178158e-05,0.0,0.0,0.0
CBBT,0,batch,14,amp_true,shared,0.001,1.606258191168308e-05,0.0,0.0,0.0
CBBT,0,batch,14,amp_true,shared,0.003,4.818774573504925e-05,0.0,0.0,0.0
CBBT,0,batch,14,tail,temporal,0.01,0.00213337242603302,0.0004123712473264932,0.08323688170717057,0.0430026041553088
CBBT,0,batch,14,tail,temporal,0.025,0.00533343106508255,0.0010309281183162329,0.20809220426792643,0.107506510388272
CBBT,0,batch,14,tail,temporal,0.05,0.0106668621301651,0.0020618562366324657,0.41618440853585287,0.215013020776544
CBBT,0,batch,14,tail,temporal,0.1,0.0213337242603302,0.0041237124732649314,0.8323688170717057,0.430026041553088
CBBT,0,batch,14,body,temporal,1.0,0.027045821771025658,0.00463683407095024,0.9359420948034347,0.4835350218514418
CBBT,0,batch,14,excess,temporal,2.0,0.0012701645027846098,0.0,0.0,0.0
CBBT,0,batch,14,gate,temporal,0.5,0.002747689140960574,0.0,0.0,0.0
CBBT,0,batch,14,amp_true,temporal,0.0001,1.6062581911683082e-06,0.0,0.0,0.0
CBBT,0,batch,14,amp_true,temporal,0.0003,4.818774573504924e-06,0.0,0.0,0.0
CBBT,0,batch,14,amp_true,temporal,0.0007,1.1243807338178158e-05,0.0,0.0,0.0
CBBT,0,batch,14,amp_true,temporal,0.001,1.606258191168308e-05,0.0,0.0,0.0
CBBT,0,batch,14,amp_true,temporal,0.003,4.818774573504925e-05,0.0,0.0,0.0
CBBT,0,batch,14,tail,excess,0.01,0.00213337242603302,4.907719322609078e-05,0.08341406590201154,0.024204247295615326
CBBT,0,batch,14,tail,excess,0.025,0.00533343106508255,0.00012269298306522694,0.20853516475502887,0.06051061823903832
CBBT,0,batch,14,tail,excess,0.05,0.0106668621301651,0.0002453859661304539,0.41707032951005774,0.12102123647807664
CBBT,0,batch,14,tail,excess,0.1,0.0213337242603302,0.0004907719322609078,0.8341406590201155,0.24204247295615328
CBBT,0,batch,14,body,excess,1.0,0.027045821771025658,0.0,0.0,0.0
CBBT,0,batch,14,excess,excess,2.0,0.0012701645027846098,0.0014396310536738317,2.4468693438216147,0.710007719411387
CBBT,0,batch,14,gate,excess,0.5,0.002747689140960574,0.0,0.0,0.0
CBBT,0,batch,14,amp_true,excess,0.0001,1.6062581911683082e-06,1.9604229332804107e-06,0.0033320334151776963,0.0009668556484580832
CBBT,0,batch,14,amp_true,excess,0.0003,4.818774573504924e-06,5.881268799841231e-06,0.009996100245533088,0.002900566945374249
CBBT,0,batch,14,amp_true,excess,0.0007,1.1243807338178158e-05,1.3722960532962872e-05,0.02332423390624387,0.006767989539206582
CBBT,0,batch,14,amp_true,excess,0.001,1.606258191168308e-05,1.9604229332804104e-05,0.03332033415177696,0.009668556484580832
CBBT,0,batch,14,amp_true,excess,0.003,4.818774573504925e-05,5.8812687998412315e-05,0.09996100245533089,0.029005669453742493
CBBT,0,batch,14,tail,full,0.01,0.00213337242603302,0.01544098181559239,0.08302534874904087,0.04289276618645529
CBBT,0,batch,14,tail,full,0.025,0.00533343106508255,0.03860245453898098,0.20756337187260218,0.10723191546613822
CBBT,0,batch,14,tail,full,0.05,0.0106668621301651,0.07720490907796196,0.41512674374520436,0.21446383093227644
CBBT,0,batch,14,tail,full,0.1,0.0213337242603302,0.15440981815592392,0.8302534874904087,0.4289276618645529
CBBT,0,batch,14,body,full,1.0,0.027045821771025658,0.17411784085631615,0.9362224911066017,0.4836736372034823
CBBT,0,batch,14,excess,full,2.0,0.0012701645027846098,0.0014396310536738317,0.007740820611583206,0.003999082371668664
CBBT,0,batch,14,gate,full,0.5,0.002747689140960574,0.000913264684573513,0.004910576273092369,0.002536914365264129
CBBT,0,batch,14,amp_true,full,0.0001,1.6062581911683082e-06,1.9604229332804107e-06,1.0541091212662587e-05,5.445765269851492e-06
CBBT,0,batch,14,amp_true,full,0.0003,4.818774573504924e-06,5.881268799841231e-06,3.1623273637987756e-05,1.6337295809554473e-05
CBBT,0,batch,14,amp_true,full,0.0007,1.1243807338178158e-05,1.3722960532962872e-05,7.37876384886381e-05,3.812035688896044e-05
CBBT,0,batch,14,amp_true,full,0.001,1.606258191168308e-05,1.9604229332804104e-05,0.00010541091212662588,5.445765269851492e-05
CBBT,0,batch,14,amp_true,full,0.003,4.818774573504925e-05,5.8812687998412315e-05,0.0003162327363798776,0.00016337295809554478
CBBT,0,batch,15,tail,shared,0.01,0.002086595892906189,0.009608974088029439,0.0773688890788058,0.039950649981911335
CBBT,0,batch,15,tail,shared,0.025,0.005216489732265473,0.024022435220073596,0.1934222226970145,0.09987662495477834
CBBT,0,batch,15,tail,shared,0.05,0.010432979464530945,0.04804487044014719,0.386844445394029,0.19975324990955667
CBBT,0,batch,15,tail,shared,0.1,0.02086595892906189,0.09608974088029439,0.773688890788058,0.39950649981911335
CBBT,0,batch,15,body,shared,1.0,0.02571721188724041,0.11631279371022775,0.936519502765992,0.48358666256831423
CBBT,0,batch,15,excess,shared,2.0,0.001256308751180768,0.0,0.0,0.0
CBBT,0,batch,15,gate,shared,0.5,0.002613658783957362,0.0,0.0,0.0
CBBT,0,batch,15,amp_true,shared,0.0001,1.651248149573803e-06,0.0,0.0,0.0
CBBT,0,batch,15,amp_true,shared,0.0003,4.953744448721409e-06,0.0,0.0,0.0
CBBT,0,batch,15,amp_true,shared,0.0007,1.155873704701662e-05,0.0,0.0,0.0
CBBT,0,batch,15,amp_true,shared,0.001,1.651248149573803e-05,0.0,0.0,0.0
CBBT,0,batch,15,amp_true,shared,0.003,4.953744448721409e-05,0.0,0.0,0.0
CBBT,0,batch,15,tail,temporal,0.01,0.002086595892906189,0.0003936643508751643,0.0775860736040306,0.040074437165837334
CBBT,0,batch,15,tail,temporal,0.025,0.005216489732265473,0.0009841608771879108,0.1939651840100765,0.10018609291459334
CBBT,0,batch,15,tail,temporal,0.05,0.010432979464530945,0.0019683217543758217,0.387930368020153,0.20037218582918667
CBBT,0,batch,15,tail,temporal,0.1,0.02086595892906189,0.003936643508751643,0.775860736040306,0.40074437165837334
CBBT,0,batch,15,body,temporal,1.0,0.02571721188724041,0.0047494366559724735,0.9360515910286576,0.4834854881316132
CBBT,0,batch,15,excess,temporal,2.0,0.001256308751180768,0.0,0.0,0.0
CBBT,0,batch,15,gate,temporal,0.5,0.002613658783957362,0.0,0.0,0.0
CBBT,0,batch,15,amp_true,temporal,0.0001,1.651248149573803e-06,0.0,0.0,0.0
CBBT,0,batch,15,amp_true,temporal,0.0003,4.953744448721409e-06,0.0,0.0,0.0
CBBT,0,batch,15,amp_true,temporal,0.0007,1.155873704701662e-05,0.0,0.0,0.0
CBBT,0,batch,15,amp_true,temporal,0.001,1.651248149573803e-05,0.0,0.0,0.0
CBBT,0,batch,15,amp_true,temporal,0.003,4.953744448721409e-05,0.0,0.0,0.0
CBBT,0,batch,15,tail,excess,0.01,0.002086595892906189,4.684602748823958e-05,0.07733710708110181,0.022399282755651003
CBBT,0,batch,15,tail,excess,0.025,0.005216489732265473,0.00011711506872059896,0.19334276770275452,0.055998206889127516
CBBT,0,batch,15,tail,excess,0.05,0.010432979464530945,0.00023423013744119792,0.38668553540550904,0.11199641377825503
CBBT,0,batch,15,tail,excess,0.1,0.02086595892906189,0.00046846027488239584,0.7733710708110181,0.22399282755651007
CBBT,0,batch,15,body,excess,1.0,0.02571721188724041,0.0,0.0,0.0
CBBT,0,batch,15,excess,excess,2.0,0.001256308751180768,0.001486536094445898,2.454090715481615,0.7107826232295557
CBBT,0,batch,15,gate,excess,0.5,0.002613658783957362,0.0,0.0,0.0
CBBT,0,batch,15,amp_true,excess,0.0001,1.651248149573803e-06,1.9301094666223682e-06,0.0031863765297045843,0.0009228758554412448
CBBT,0,batch,15,amp_true,excess,0.0003,4.953744448721409e-06,5.790328399867104e-06,0.009559129589113752,0.002768627566323734
CBBT,0,batch,15,amp_true,excess,0.0007,1.155873704701662e-05,1.3510766266356578e-05,0.022304635707932088,0.006460130988088713
CBBT,0,batch,15,amp_true,excess,0.001,1.651248149573803e-05,1.9301094666223682e-05,0.03186376529704584,0.009228758554412448
CBBT,0,batch,15,amp_true,excess,0.003,4.953744448721409e-05,5.790328399867105e-05,0.09559129589113753,0.027686275663237343
CBBT,0,batch,15,tail,full,0.01,0.002086595892906189,0.014750720479280999,0.0772559801726878,0.03989108070678856
CBBT,0,batch,15,tail,full,0.025,0.005216489732265473,0.0368768011982025,0.1931399504317195,0.0997277017669714
CBBT,0,batch,15,tail,full,0.05,0.010432979464530945,0.073753602396405,0.386279900863439,0.1994554035339428
CBBT,0,batch,15,tail,full,0.1,0.02086595892906189,0.14750720479281,0.772559801726878,0.3989108070678856
CBBT,0,batch,15,body,full,1.0,0.02571721188724041,0.17883526732544036,0.9366385788462169,0.4836327887929025
CBBT,0,batch,15,excess,full,2.0,0.001256308751180768,0.001486536094445898,0.0077856402471870945,0.004020110841391663
CBBT,0,batch,15,gate,full,0.5,0.002613658783957362,0.0007163429250721387,0.003751801472609552,0.0019372405217716222
CBBT,0,batch,15,amp_true,full,0.0001,1.651248149573803e-06,1.9301094666223682e-06,1.010882816835554e-05,5.219687581641604e-06
CBBT,0,batch,15,amp_true,full,0.0003,4.953744448721409e-06,5.790328399867104e-06,3.0326484505066615e-05,1.565906274492481e-05
CBBT,0,batch,15,amp_true,full,0.0007,1.155873704701662e-05,1.3510766266356578e-05,7.076179717848877e-05,3.6537813071491224e-05
CBBT,0,batch,15,amp_true,full,0.001,1.651248149573803e-05,1.9301094666223682e-05,0.00010108828168355539,5.219687581641604e-05
CBBT,0,batch,15,amp_true,full,0.003,4.953744448721409e-05,5.790328399867105e-05,0.0003032648450506662,0.00015659062744924812
CBBT,0,accum4,3,tail,shared,0.01,0.0019013317674398422,0.008660828078393816,0.07685183311313383,0.039699454194940795
CBBT,0,accum4,3,tail,shared,0.025,0.004753329418599606,0.021652070195984544,0.19212958278283457,0.099248635487352
CBBT,0,accum4,3,tail,shared,0.05,0.009506658837199212,0.04330414039196909,0.38425916556566914,0.198497270974704
CBBT,0,accum4,3,tail,shared,0.1,0.019013317674398424,0.08660828078393817,0.7685183311313383,0.396994541949408
CBBT,0,accum4,3,body,shared,1.0,0.024425160139799118,0.1054924725136313,0.9360871522822074,0.4835557919587103
CBBT,0,accum4,3,excess,shared,2.0,0.0011977255926467478,0.0,0.0,0.0
CBBT,0,accum4,3,gate,shared,0.5,0.002412613248452544,0.0,0.0,0.0
CBBT,0,accum4,3,amp_true,shared,0.0001,1.5252219047397377e-06,0.0,0.0,0.0
CBBT,0,accum4,3,amp_true,shared,0.0003,4.575665714219212e-06,0.0,0.0,0.0
CBBT,0,accum4,3,amp_true,shared,0.0007,1.0676553333178162e-05,0.0,0.0,0.0
CBBT,0,accum4,3,amp_true,shared,0.001,1.5252219047397375e-05,0.0,0.0,0.0
CBBT,0,accum4,3,amp_true,shared,0.003,4.575665714219212e-05,0.0,0.0,0.0
CBBT,0,accum4,3,tail,temporal,0.01,0.0019013317674398422,0.00035392673055848124,0.07694476013771666,0.03975198648151451
CBBT,0,accum4,3,tail,temporal,0.025,0.004753329418599606,0.0008848168263962032,0.19236190034429165,0.09937996620378628
CBBT,0,accum4,3,tail,temporal,0.05,0.009506658837199212,0.0017696336527924063,0.3847238006885833,0.19875993240757256
CBBT,0,accum4,3,tail,temporal,0.1,0.019013317674398424,0.0035392673055848127,0.7694476013771666,0.3975198648151451
CBBT,0,accum4,3,body,temporal,1.0,0.024425160139799118,0.004304803014338601,0.9358774197578501,0.4835025344413627
CBBT,0,accum4,3,excess,temporal,2.0,0.0011977255926467478,0.0,0.0,0.0
CBBT,0,accum4,3,gate,temporal,0.5,0.002412613248452544,0.0,0.0,0.0
CBBT,0,accum4,3,amp_true,temporal,0.0001,1.5252219047397377e-06,0.0,0.0,0.0
CBBT,0,accum4,3,amp_true,temporal,0.0003,4.575665714219212e-06,0.0,0.0,0.0
CBBT,0,accum4,3,amp_true,temporal,0.0007,1.0676553333178162e-05,0.0,0.0,0.0
CBBT,0,accum4,3,amp_true,temporal,0.001,1.5252219047397375e-05,0.0,0.0,0.0
CBBT,0,accum4,3,amp_true,temporal,0.003,4.575665714219212e-05,0.0,0.0,0.0
CBBT,0,accum4,3,tail,excess,0.01,0.0019013317674398422,4.259709578364653e-05,0.0776518712793522,0.021873460979187218
CBBT,0,accum4,3,tail,excess,0.025,0.004753329418599606,0.00010649273945911632,0.19412967819838053,0.05468365244796805
CBBT,0,accum4,3,tail,excess,0.05,0.009506658837199212,0.00021298547891823263,0.38825935639676107,0.1093673048959361
CBBT,0,accum4,3,tail,excess,0.1,0.019013317674398424,0.00042597095783646527,0.7765187127935221,0.2187346097918722
CBBT,0,accum4,3,body,excess,1.0,0.024425160139799118,0.0,0.0,0.0
CBBT,0,accum4,3,excess,excess,2.0,0.0011977255926467478,0.0013991213357967662,2.550511669229702,0.7184439544690255
CBBT,0,accum4,3,gate,excess,0.5,0.002412613248452544,0.0,0.0,0.0
CBBT,0,accum4,3,amp_true,excess,0.0001,1.5252219047397377e-06,1.7917534754575537e-06,0.0032662557782630938,0.0009200591967302627
CBBT,0,accum4,3,amp_true,excess,0.0003,4.575665714219212e-06,5.37526042637266e-06,0.00979876733478928,0.0027601775901907877
CBBT,0,accum4,3,amp_true,excess,0.0007,1.0676553333178162e-05,1.2542274328202876e-05,0.022863790447841655,0.0064404143771118385
CBBT,0,accum4,3,amp_true,excess,0.001,1.5252219047397375e-05,1.7917534754575536e-05,0.032662557782630934,0.009200591967302626
CBBT,0,accum4,3,amp_true,excess,0.003,4.575665714219212e-05,5.375260426372661e-05,0.09798767334789281,0.02760177590190788
CBBT,0,accum4,3,tail,full,0.01,0.0019013317674398422,0.013321849084182987,0.0770705718646855,0.039818980575649594
CBBT,0,accum4,3,tail,full,0.025,0.004753329418599606,0.03330462271045747,0.19267642966171375,0.09954745143912398
CBBT,0,accum4,3,tail,full,0.05,0.009506658837199212,0.06660924542091494,0.3853528593234275,0.19909490287824796
CBBT,0,accum4,3,tail,full,0.1,0.019013317674398424,0.13321849084182988,0.770705718646855,0.39818980575649593
CBBT,0,accum4,3,body,full,1.0,0.024425160139799118,0.16174266923424865,0.9357259592142211,0.48344851857982507
CBBT,0,accum4,3,excess,full,2.0,0.0011977255926467478,0.0013991213357967662,0.008094302883671542,0.004181970906667501
CBBT,0,accum4,3,gate,full,0.5,0.002412613248452544,0.000283275615602413,0.001638827579552763,0.0008467102550065735
CBBT,0,accum4,3,amp_true,full,0.0001,1.5252219047397377e-06,1.7917534754575537e-06,1.0365788121560933e-05,5.355547595889354e-06
CBBT,0,accum4,3,amp_true,full,0.0003,4.575665714219212e-06,5.37526042637266e-06,3.10973643646828e-05,1.6066642787668058e-05
CBBT,0,accum4,3,amp_true,full,0.0007,1.0676553333178162e-05,1.2542274328202876e-05,7.256051685092653e-05,3.748883317122547e-05
CBBT,0,accum4,3,amp_true,full,0.001,1.5252219047397375e-05,1.7917534754575536e-05,0.00010365788121560933,5.355547595889353e-05
CBBT,0,accum4,3,amp_true,full,0.003,4.575665714219212e-05,5.375260426372661e-05,0.000310973643646828,0.0001606664278766806
CBBT,5,batch,0,tail,shared,0.01,0.0004773741587996483,0.0011352970423731629,0.007232128777193937,0.003614236538581596
CBBT,5,batch,0,tail,shared,0.025,0.0011934353969991207,0.0028382426059329075,0.018080321942984843,0.00903559134645399
CBBT,5,batch,0,tail,shared,0.05,0.0023868707939982414,0.005676485211865815,0.036160643885969686,0.01807118269290798
CBBT,5,batch,0,tail,shared,0.1,0.004773741587996483,0.01135297042373163,0.07232128777193937,0.03614236538581596
CBBT,5,batch,0,body,shared,1.0,0.01625591330230236,0.1577277269429363,1.00476544059423,0.5021287756312197
CBBT,5,batch,0,excess,shared,2.0,0.0012124335626140237,5.8047412399611376e-05,0.0003697766716447471,0.00018479487837495063
CBBT,5,batch,0,gate,shared,0.5,0.002511824481189251,0.0014506973696098964,0.009241308487710098,0.004618318593262848
CBBT,5,batch,0,amp_true,shared,0.0001,1.4840183779597283e-06,7.259310225682021e-08,4.624363882424063e-07,2.3110131783409622e-07
CBBT,5,batch,0,amp_true,shared,0.0003,4.4520551338791845e-06,2.177793067704606e-07,1.3873091647272187e-06,6.933039535022886e-07
CBBT,5,batch,0,amp_true,shared,0.0007,1.0388128645718098e-05,5.081517157977414e-07,3.237054717696844e-06,1.6177092248386734e-06
CBBT,5,batch,0,amp_true,shared,0.001,1.4840183779597282e-05,7.259310225682021e-07,4.624363882424063e-06,2.3110131783409622e-06
CBBT,5,batch,0,amp_true,shared,0.003,4.452055133879185e-05,2.177793067704606e-06,1.3873091647272188e-05,6.933039535022886e-06
CBBT,5,batch,0,tail,temporal,0.01,0.0004773741587996483,3.230156540664422e-05,0.01027176272540857,0.005130049400499068
CBBT,5,batch,0,tail,temporal,0.025,0.0011934353969991207,8.075391351661055e-05,0.02567940681352143,0.012825123501247671
CBBT,5,batch,0,tail,temporal,0.05,0.0023868707939982414,0.0001615078270332211,0.05135881362704286,0.025650247002495342
CBBT,5,batch,0,tail,temporal,0.1,0.004773741587996483,0.0003230156540664422,0.10271762725408572,0.051300494004990684
CBBT,5,batch,0,body,temporal,1.0,0.01625591330230236,0.003168862457268984,1.007685010331632,0.5032703754299449
CBBT,5,batch,0,excess,temporal,2.0,0.0012124335626140237,1.3933153670035379e-06,0.00044306846034718986,0.00022128267076902683
CBBT,5,batch,0,gate,temporal,0.5,0.002511824481189251,4.1347264912579865e-05,0.013148257342329038,0.006566663531836947
CBBT,5,batch,0,amp_true,temporal,0.0001,1.4840183779597283e-06,1.7245381959504105e-09,5.483959348937035e-07,2.738866066365126e-07
CBBT,5,batch,0,amp_true,temporal,0.0003,4.4520551338791845e-06,5.173614587851231e-09,1.6451878046811104e-06,8.216598199095376e-07
CBBT,5,batch,0,amp_true,temporal,0.0007,1.0388128645718098e-05,1.2071767371652872e-08,3.838771544255924e-06,1.9172062464555877e-06
CBBT,5,batch,0,amp_true,temporal,0.001,1.4840183779597282e-05,1.7245381959504105e-08,5.483959348937035e-06,2.7388660663651255e-06
CBBT,5,batch,0,amp_true,temporal,0.003,4.452055133879185e-05,5.173614587851231e-08,1.6451878046811104e-05,8.216598199095377e-06
CBBT,5,batch,0,tail,excess,0.01,0.0004773741587996483,4.975327597246476e-06,0.05284349731462941,0.006217833531653452
CBBT,5,batch,0,tail,excess,0.025,0.0011934353969991207,1.2438318993116191e-05,0.13210874328657352,0.01554458382913363
CBBT,5,batch,0,tail,excess,0.05,0.0023868707939982414,2.4876637986232383e-05,0.26421748657314703,0.03108916765826726
CBBT,5,batch,0,tail,excess,0.1,0.004773741587996483,4.9753275972464766e-05,0.5284349731462941,0.06217833531653452
CBBT,5,batch,0,body,excess,1.0,0.01625591330230236,0.0,0.0,0.0
CBBT,5,batch,0,excess,excess,2.0,0.0012124335626140237,0.0008776336432091324,9.321442691294745,1.0968081575719784
CBBT,5,batch,0,gate,excess,0.5,0.002511824481189251,0.0,0.0,0.0
CBBT,5,batch,0,amp_true,excess,0.0001,1.4840183779597283e-06,1.128941910206697e-06,0.01199061521765856,0.0014108765156402936
CBBT,5,batch,0,amp_true,excess,0.0003,4.4520551338791845e-06,3.386825730620091e-06,0.035971845652975676,0.00423262954692088
CBBT,5,batch,0,amp_true,excess,0.0007,1.0388128645718098e-05,7.90259337144688e-06,0.08393430652360992,0.009876135609482055
CBBT,5,batch,0,amp_true,excess,0.001,1.4840183779597282e-05,1.1289419102066971e-05,0.1199061521765856,0.014108765156402935
CBBT,5,batch,0,amp_true,excess,0.003,4.452055133879185e-05,3.386825730620092e-05,0.3597184565297568,0.042326295469208804
CBBT,5,batch,0,tail,full,0.01,0.0004773741587996483,0.0028762788360346203,0.014690884715794923,0.007296464947713225
CBBT,5,batch,0,tail,full,0.025,0.0011934353969991207,0.007190697090086551,0.03672721178948731,0.018241162369283064
CBBT,5,batch,0,tail,full,0.05,0.0023868707939982414,0.014381394180173103,0.07345442357897462,0.03648232473856613
CBBT,5,batch,0,tail,full,0.1,0.004773741587996483,0.028762788360346205,0.14690884715794925,0.07296464947713226
CBBT,5,batch,0,body,full,1.0,0.01625591330230236,0.19891566595268725,1.0159818582489226,0.504603783886183
CBBT,5,batch,0,excess,full,2.0,0.0012124335626140237,0.0008795512002031633,0.004492396607012479,0.0022312212646424493
CBBT,5,batch,0,gate,full,0.5,0.002511824481189251,0.004260270438702718,0.02175976163680167,0.010807336734649975
CBBT,5,batch,0,amp_true,full,0.0001,1.4840183779597283e-06,1.1312734395876248e-06,5.778093373566981e-06,2.869783309885859e-06
CBBT,5,batch,0,amp_true,full,0.0003,4.4520551338791845e-06,3.393820318762874e-06,1.733428012070094e-05,8.609349929657577e-06
CBBT,5,batch,0,amp_true,full,0.0007,1.0388128645718098e-05,7.918914077113374e-06,4.044665361496887e-05,2.0088483169201014e-05
CBBT,5,batch,0,amp_true,full,0.001,1.4840183779597282e-05,1.1312734395876248e-05,5.778093373566981e-05,2.869783309885859e-05
CBBT,5,batch,0,amp_true,full,0.003,4.452055133879185e-05,3.393820318762874e-05,0.00017334280120700942,8.609349929657577e-05
CBBT,5,batch,1,tail,shared,0.01,0.00028711047023534777,0.000711713918072818,0.003565352050708041,0.0017821528975817335
CBBT,5,batch,1,tail,shared,0.025,0.0007177761755883694,0.0017792847951820451,0.008913380126770103,0.004455382243954334
CBBT,5,batch,1,tail,shared,0.05,0.0014355523511767388,0.0035585695903640902,0.017826760253540207,0.008910764487908668
CBBT,5,batch,1,tail,shared,0.1,0.0028711047023534777,0.0071171391807281804,0.03565352050708041,0.017821528975817336
CBBT,5,batch,1,body,shared,1.0,0.02101164124906063,0.19999002386229864,1.001855975543313,0.5007809900342144
CBBT,5,batch,1,excess,shared,2.0,0.0007709971396252513,3.0833494971885176e-05,0.00015446131055885763,7.72079918789713e-05
CBBT,5,batch,1,gate,shared,0.5,0.0015934666153043509,0.0007555927709093374,0.0037851644696741044,0.0018920268549955672
CBBT,5,batch,1,amp_true,shared,0.0001,9.605408646166325e-07,4.311713250005148e-08,2.1599655827438866e-07,1.0796658695175381e-07
CBBT,5,batch,1,amp_true,shared,0.0003,2.881622593849897e-06,1.2935139750015444e-07,6.479896748231659e-07,3.238997608552614e-07
CBBT,5,batch,1,amp_true,shared,0.0007,6.7237860523164275e-06,3.018199275003604e-07,1.5119759079207204e-06,7.557661086622767e-07
CBBT,5,batch,1,amp_true,shared,0.001,9.605408646166324e-06,4.3117132500051484e-07,2.1599655827438863e-06,1.0796658695175382e-06
CBBT,5,batch,1,amp_true,shared,0.003,2.8816225938498975e-05,1.2935139750015445e-06,6.479896748231659e-06,3.2389976085526145e-06
CBBT,5,batch,1,tail,temporal,0.01,0.00028711047023534777,1.9285848879015355e-05,0.004755668531099453,0.0023767838661567006
CBBT,5,batch,1,tail,temporal,0.025,0.0007177761755883694,4.821462219753839e-05,0.011889171327748633,0.005941959665391751
CBBT,5,batch,1,tail,temporal,0.05,0.0014355523511767388,9.642924439507678e-05,0.023778342655497265,0.011883919330783503
CBBT,5,batch,1,tail,temporal,0.1,0.0028711047023534777,0.00019285848879015355,0.04755668531099453,0.023767838661567006
CBBT,5,batch,1,body,temporal,1.0,0.02101164124906063,0.004065824878133226,1.0025856547563408,0.5010713831466547
CBBT,5,batch,1,excess,temporal,2.0,0.0007709971396252513,7.278441580389551e-07,0.00017947799859080707,8.969935742811431e-05
CBBT,5,batch,1,gate,temporal,0.5,0.0015934666153043509,2.113345817091704e-05,0.005211267733519025,0.002604482837744688
CBBT,5,batch,1,amp_true,temporal,0.0001,9.605408646166325e-07,9.950319686197124e-10,2.4536343980956784e-07,1.226275257138807e-07
CBBT,5,batch,1,amp_true,temporal,0.0003,2.881622593849897e-06,2.985095905859137e-09,7.360903194287033e-07,3.678825771416421e-07
CBBT,5,batch,1,amp_true,temporal,0.0007,6.7237860523164275e-06,6.965223780337986e-09,1.7175440786669746e-06,8.583926799971649e-07
CBBT,5,batch,1,amp_true,temporal,0.001,9.605408646166324e-06,9.950319686197124e-09,2.453634398095678e-06,1.226275257138807e-06
CBBT,5,batch,1,amp_true,temporal,0.003,2.8816225938498975e-05,2.985095905859137e-08,7.3609031942870345e-06,3.678825771416421e-06
CBBT,5,batch,1,tail,excess,0.01,0.00028711047023534777,2.90775055408308e-06,0.02442008641482764,0.008098076799020412
CBBT,5,batch,1,tail,excess,0.025,0.0007177761755883694,7.2693763852077005e-06,0.06105021603706911,0.020245191997551027
CBBT,5,batch,1,tail,excess,0.05,0.0014355523511767388,1.4538752770415401e-05,0.12210043207413822,0.040490383995102054
CBBT,5,batch,1,tail,excess,0.1,0.0028711047023534777,2.9077505540830802e-05,0.24420086414827644,0.08098076799020411
CBBT,5,batch,1,body,excess,1.0,0.02101164124906063,0.0,0.0,0.0
CBBT,5,batch,1,excess,excess,2.0,0.0007709971396252513,0.00045641699032160544,3.833115027421538,1.2711199847634909
CBBT,5,batch,1,gate,excess,0.5,0.0015934666153043509,0.0,0.0,0.0
CBBT,5,batch,1,amp_true,excess,0.0001,9.605408646166325e-07,6.787699876187932e-07,0.005700496464583881,0.0018903724327001088
CBBT,5,batch,1,amp_true,excess,0.0003,2.881622593849897e-06,2.0363099628563793e-06,0.017101489393751643,0.0056711172981003255
CBBT,5,batch,1,amp_true,excess,0.0007,6.7237860523164275e-06,4.751389913331552e-06,0.039903475252087164,0.01323260702890076
CBBT,5,batch,1,amp_true,excess,0.001,9.605408646166324e-06,6.7876998761879314e-06,0.05700496464583881,0.018903724327001086
CBBT,5,batch,1,amp_true,excess,0.003,2.8816225938498975e-05,2.0363099628563796e-05,0.17101489393751643,0.05671117298100326
CBBT,5,batch,1,tail,full,0.01,0.00028711047023534777,0.001728343004878696,0.007026233580185792,0.0035036807054917526
CBBT,5,batch,1,tail,full,0.025,0.0007177761755883694,0.00432085751219674,0.01756558395046448,0.008759201763729381
CBBT,5,batch,1,tail,full,0.05,0.0014355523511767388,0.00864171502439348,0.03513116790092896,0.017518403527458763
CBBT,5,batch,1,tail,full,0.1,0.0028711047023534777,0.01728343004878696,0.07026233580185792,0.035036807054917525
CBBT,5,batch,1,body,full,1.0,0.02101164124906063,0.2476005102938494,1.0065704637256792,0.5019334288030163
CBBT,5,batch,1,excess,full,2.0,0.0007709971396252513,0.00045745729141244835,0.0018597013285846992,0.0009273531243416609
CBBT,5,batch,1,gate,full,0.5,0.0015934666153043509,0.0020182819074642945,0.00820492232877255,0.0040914421254721065
CBBT,5,batch,1,amp_true,full,0.0001,9.605408646166325e-07,6.801380618720318e-07,2.764965562968881e-06,1.3787694906190474e-06
CBBT,5,batch,1,amp_true,full,0.0003,2.881622593849897e-06,2.040414185616095e-06,8.294896688906643e-06,4.136308471857142e-06
CBBT,5,batch,1,amp_true,full,0.0007,6.7237860523164275e-06,4.760966433104222e-06,1.9354758940782166e-05,9.65138643433333e-06
CBBT,5,batch,1,amp_true,full,0.001,9.605408646166324e-06,6.801380618720317e-06,2.764965562968881e-05,1.3787694906190474e-05
CBBT,5,batch,1,amp_true,full,0.003,2.8816225938498975e-05,2.0404141856160953e-05,8.294896688906643e-05,4.136308471857142e-05
CBBT,5,batch,2,tail,shared,0.01,0.00022720225155353546,0.0008062244865187668,0.0046118583859964205,0.0023072961451782313
CBBT,5,batch,2,tail,shared,0.025,0.0005680056288838387,0.002015561216296917,0.011529645964991052,0.005768240362945578
CBBT,5,batch,2,tail,shared,0.05,0.0011360112577676774,0.004031122432593834,0.023059291929982104,0.011536480725891156
CBBT,5,batch,2,tail,shared,0.1,0.0022720225155353547,0.008062244865187668,0.04611858385996421,0.023072961451782312
CBBT,5,batch,2,body,shared,1.0,0.018191460520029068,0.1751024080829427,1.001641010201058,0.5011173909213621
CBBT,5,batch,2,excess,shared,2.0,0.00029014877509325743,1.5880481827017785e-05,9.084136554055275e-05,4.5447608098911524e-05
CBBT,5,batch,2,gate,shared,0.5,0.0019917271565645933,0.0010381737267043715,0.005938681208129321,0.002971100825768031
CBBT,5,batch,2,amp_true,shared,0.0001,3.6678598262369635e-07,2.3744339616239014e-08,1.3582511274488553e-07,6.795281485794439e-08
CBBT,5,batch,2,amp_true,shared,0.0003,1.1003579478710888e-06,7.123301884871703e-08,4.074753382346565e-07,2.0385844457383316e-07
CBBT,5,batch,2,amp_true,shared,0.0007,2.5675018783658744e-06,1.662103773136731e-07,9.507757892141987e-07,4.756697040056107e-07
CBBT,5,batch,2,amp_true,shared,0.001,3.667859826236963e-06,2.3744339616239014e-07,1.3582511274488553e-06,6.795281485794439e-07
CBBT,5,batch,2,amp_true,shared,0.003,1.100357947871089e-05,7.123301884871704e-07,4.074753382346566e-06,2.0385844457383316e-06
CBBT,5,batch,2,tail,temporal,0.01,0.00022720225155353546,2.0834181370955344e-05,0.005894159201138342,0.0029495345825736223
CBBT,5,batch,2,tail,temporal,0.025,0.0005680056288838387,5.2085453427388355e-05,0.014735398002845854,0.007373836456434056
CBBT,5,batch,2,tail,temporal,0.05,0.0011360112577676774,0.00010417090685477671,0.029470796005691708,0.014747672912868113
CBBT,5,batch,2,tail,temporal,0.1,0.0022720225155353547,0.00020834181370955342,0.058941592011383416,0.029495345825736225
CBBT,5,batch,2,body,temporal,1.0,0.018191460520029068,0.0035411476176681663,1.0018194351694298,0.5013269863759237
CBBT,5,batch,2,excess,temporal,2.0,0.00029014877509325743,3.5050723708200646e-07,9.916134547012218e-05,4.962197452389288e-05
CBBT,5,batch,2,gate,temporal,0.5,0.0019917271565645933,2.8180827810221397e-05,0.007972585175094651,0.003989613256783751
CBBT,5,batch,2,amp_true,temporal,0.0001,3.6678598262369635e-07,5.360199595365592e-10,1.5164440206422856e-07,7.588536259009724e-08
CBBT,5,batch,2,amp_true,temporal,0.0003,1.1003579478710888e-06,1.6080598786096775e-09,4.549332061926856e-07,2.2765608777029166e-07
CBBT,5,batch,2,amp_true,temporal,0.0007,2.5675018783658744e-06,3.752139716755915e-09,1.0615108144495998e-06,5.311975381306806e-07
CBBT,5,batch,2,amp_true,temporal,0.001,3.667859826236963e-06,5.360199595365593e-09,1.5164440206422854e-06,7.588536259009723e-07
CBBT,5,batch,2,amp_true,temporal,0.003,1.100357947871089e-05,1.6080598786096776e-08,4.5493320619268564e-06,2.276560877702917e-06
CBBT,5,batch,2,tail,excess,0.01,0.00022720225155353546,2.6302764343275878e-06,0.025420280078905507,0.02159919171512051
CBBT,5,batch,2,tail,excess,0.025,0.0005680056288838387,6.57569108581897e-06,0.06355070019726376,0.053997979287801284
CBBT,5,batch,2,tail,excess,0.05,0.0011360112577676774,1.315138217163794e-05,0.12710140039452753,0.10799595857560257
CBBT,5,batch,2,tail,excess,0.1,0.0022720225155353547,2.630276434327588e-05,0.25420280078905505,0.21599191715120514
CBBT,5,batch,2,body,excess,1.0,0.018191460520029068,0.0,0.0,0.0
CBBT,5,batch,2,excess,excess,2.0,0.00029014877509325743,0.00020452646548206995,1.9766439634440693,1.679521696316508
CBBT,5,batch,2,gate,excess,0.5,0.0019917271565645933,0.0,0.0,0.0
CBBT,5,batch,2,amp_true,excess,0.0001,3.6678598262369635e-07,3.264066030548309e-07,0.0031545533241182297,0.0026803718059637514
CBBT,5,batch,2,amp_true,excess,0.0003,1.1003579478710888e-06,9.792198091644926e-07,0.009463659972354687,0.008041115417891254
CBBT,5,batch,2,amp_true,excess,0.0007,2.5675018783658744e-06,2.2848462213838164e-06,0.022081873268827604,0.01876260264174626
CBBT,5,batch,2,amp_true,excess,0.001,3.667859826236963e-06,3.264066030548309e-06,0.0315455332411823,0.026803718059637514
CBBT,5,batch,2,amp_true,excess,0.003,1.100357947871089e-05,9.792198091644927e-06,0.09463659972354689,0.08041115417891255
CBBT,5,batch,2,tail,full,0.01,0.00022720225155353546,0.0018377248979304936,0.008511639775244174,0.004249630526278863
CBBT,5,batch,2,tail,full,0.025,0.0005680056288838387,0.0045943122448262345,0.021279099438110433,0.010624076315697159
CBBT,5,batch,2,tail,full,0.05,0.0011360112577676774,0.009188624489652469,0.042558198876220865,0.021248152631394318
CBBT,5,batch,2,tail,full,0.1,0.0022720225155353547,0.018377248979304938,0.08511639775244173,0.042496305262788636
CBBT,5,batch,2,body,full,1.0,0.018191460520029068,0.21693112767870254,1.0047421226745836,0.5016404486447672
CBBT,5,batch,2,excess,full,2.0,0.00029014877509325743,0.00020514206001121907,0.0009501396642845397,0.0004743789244130812
CBBT,5,batch,2,gate,full,0.5,0.0019917271565645933,0.0030481884915140077,0.014118044782453319,0.007048756251807489
CBBT,5,batch,2,amp_true,full,0.0001,3.6678598262369635e-07,3.272691005603879e-07,1.5157854674957663e-06,7.567905085333687e-07
CBBT,5,batch,2,amp_true,full,0.0003,1.1003579478710888e-06,9.818073016811635e-07,4.547356402487299e-06,2.2703715256001057e-06
CBBT,5,batch,2,amp_true,full,0.0007,2.5675018783658744e-06,2.290883703922715e-06,1.0610498272470364e-05,5.2975335597335805e-06
CBBT,5,batch,2,amp_true,full,0.001,3.667859826236963e-06,3.272691005603879e-06,1.5157854674957664e-05,7.5679050853336875e-06
CBBT,5,batch,2,amp_true,full,0.003,1.100357947871089e-05,9.818073016811637e-06,4.5473564024872986e-05,2.270371525600106e-05
CBBT,5,batch,3,tail,shared,0.01,0.00045939315110445024,0.001012314994414444,0.006840814720393285,0.0034112845581869508
CBBT,5,batch,3,tail,shared,0.025,0.0011484828777611257,0.0025307874860361103,0.01710203680098321,0.008528211395467377
CBBT,5,batch,3,tail,shared,0.05,0.0022969657555222513,0.005061574972072221,0.03420407360196642,0.017056422790934753
CBBT,5,batch,3,tail,shared,0.1,0.004593931511044503,0.010123149944144441,0.06840814720393285,0.03411284558186951
CBBT,5,batch,3,body,shared,1.0,0.016902446746826172,0.14911736831960168,1.0076747789921736,0.5024935703934438
CBBT,5,batch,3,excess,shared,2.0,0.0012112116673961282,6.126893426993615e-05,0.00041403064240792554,0.0002064631765061429
CBBT,5,batch,3,gate,shared,0.5,0.0019510014681145549,0.0010010671610335242,0.006764806418047398,0.003373381770480456
CBBT,5,batch,3,amp_true,shared,0.0001,1.565627194941044e-06,7.341372563709408e-08,4.961002235353053e-07,2.473885203781381e-07
CBBT,5,batch,3,amp_true,shared,0.0003,4.696881584823131e-06,2.2024117691128222e-07,1.4883006706059158e-06,7.421655611344143e-07
CBBT,5,batch,3,amp_true,shared,0.0007,1.0959390364587307e-05,5.138960794596586e-07,3.4727015647471372e-06,1.7317196426469667e-06
CBBT,5,batch,3,amp_true,shared,0.001,1.565627194941044e-05,7.341372563709409e-07,4.961002235353053e-06,2.473885203781381e-06
CBBT,5,batch,3,amp_true,shared,0.003,4.6968815848231314e-05,2.2024117691128224e-06,1.488300670605916e-05,7.421655611344143e-06
CBBT,5,batch,3,tail,temporal,0.01,0.00045939315110445024,2.8274487613530988e-05,0.009429545593247053,0.004698849865118019
CBBT,5,batch,3,tail,temporal,0.025,0.0011484828777611257,7.068621903382747e-05,0.023573863983117633,0.011747124662795046
CBBT,5,batch,3,tail,temporal,0.05,0.0022969657555222513,0.00014137243806765495,0.047147727966235266,0.02349424932559009
CBBT,5,batch,3,tail,temporal,0.1,0.004593931511044503,0.0002827448761353099,0.09429545593247053,0.04698849865118018
CBBT,5,batch,3,body,temporal,1.0,0.016902446746826172,0.0030293788240314725,1.0102982636103217,0.5034431206413651
CBBT,5,batch,3,excess,temporal,2.0,0.0012112116673961282,1.4424859941592369e-06,0.00048106928180143157,0.00023972229706635182
CBBT,5,batch,3,gate,temporal,0.5,0.0019510014681145549,2.883634502109497e-05,0.009616925117641784,0.004792223214259954
CBBT,5,batch,3,amp_true,temporal,0.0001,1.565627194941044e-06,1.6950270500622739e-09,5.652917594411263e-07,2.8169131601680893e-07
CBBT,5,batch,3,amp_true,temporal,0.0003,4.696881584823131e-06,5.08508115018682e-09,1.6958752783233786e-06,8.450739480504266e-07
CBBT,5,batch,3,amp_true,temporal,0.0007,1.0959390364587307e-05,1.1865189350435917e-08,3.957042316087884e-06,1.9718392121176625e-06
CBBT,5,batch,3,amp_true,temporal,0.001,1.565627194941044e-05,1.6950270500622736e-08,5.652917594411263e-06,2.8169131601680894e-06
CBBT,5,batch,3,amp_true,temporal,0.003,4.6968815848231314e-05,5.085081150186821e-08,1.695875278323379e-05,8.450739480504268e-06
CBBT,5,batch,3,tail,excess,0.01,0.00045939315110445024,4.439526795100045e-06,0.0485686752942101,0.005179095615677628
CBBT,5,batch,3,tail,excess,0.025,0.0011484828777611257,1.1098816987750112e-05,0.12142168823552524,0.012947739039194071
CBBT,5,batch,3,tail,excess,0.05,0.0022969657555222513,2.2197633975500225e-05,0.24284337647105048,0.025895478078388143
CBBT,5,batch,3,tail,excess,0.1,0.004593931511044503,4.439526795100045e-05,0.48568675294210095,0.051790956156776286
CBBT,5,batch,3,body,excess,1.0,0.016902446746826172,0.0,0.0,0.0
CBBT,5,batch,3,excess,excess,2.0,0.0012112116673961282,0.0009352694619499143,10.231901035076943,1.091073484500237
CBBT,5,batch,3,gate,excess,0.5,0.0019510014681145549,0.0,0.0,0.0
CBBT,5,batch,3,amp_true,excess,0.0001,1.565627194941044e-06,1.1264859737875452e-06,0.01232382053527766,0.0013141442404187463
CBBT,5,batch,3,amp_true,excess,0.0003,4.696881584823131e-06,3.3794579213626353e-06,0.03697146160583297,0.003942432721256238
CBBT,5,batch,3,amp_true,excess,0.0007,1.0959390364587307e-05,7.885401816512816e-06,0.08626674374694361,0.009199009682931223
CBBT,5,batch,3,amp_true,excess,0.001,1.565627194941044e-05,1.1264859737875453e-05,0.12323820535277659,0.013141442404187463
CBBT,5,batch,3,amp_true,excess,0.003,4.6968815848231314e-05,3.379457921362636e-05,0.3697146160583298,0.039424327212562386
CBBT,5,batch,3,tail,full,0.01,0.00045939315110445024,0.0025259843433184364,0.013585960086275238,0.006732379540344502
CBBT,5,batch,3,tail,full,0.025,0.0011484828777611257,0.006314960858296092,0.03396490021568809,0.016830948850861255
CBBT,5,batch,3,tail,full,0.05,0.0022969657555222513,0.012629921716592184,0.06792980043137618,0.03366189770172251
CBBT,5,batch,3,tail,full,0.1,0.004593931511044503,0.025259843433184367,0.13585960086275237,0.06732379540344502
CBBT,5,batch,3,body,full,1.0,0.016902446746826172,0.1895271455226872,1.0193682479259545,0.5051372072958175
CBBT,5,batch,3,excess,full,2.0,0.0012112116673961282,0.0009372741588044854,0.005041111733371367,0.0024980698661572994
CBBT,5,batch,3,gate,full,0.5,0.0019510014681145549,0.00277039550413109,0.014900520995658636,0.007383796364379631
CBBT,5,batch,3,amp_true,full,0.0001,1.565627194941044e-06,1.1288756460531836e-06,6.071636789917068e-06,3.008735712548929e-06
CBBT,5,batch,3,amp_true,full,0.0003,4.696881584823131e-06,3.3866269381595505e-06,1.82149103697512e-05,9.026207137646785e-06
CBBT,5,batch,3,amp_true,full,0.0007,1.0959390364587307e-05,7.902129522372284e-06,4.2501457529419474e-05,2.10611499878425e-05
CBBT,5,batch,3,amp_true,full,0.001,1.565627194941044e-05,1.1288756460531836e-05,6.0716367899170675e-05,3.0087357125489288e-05
CBBT,5,batch,3,amp_true,full,0.003,4.6968815848231314e-05,3.3866269381595505e-05,0.00018214910369751202,9.026207137646787e-05
CBBT,5,accum4,0,tail,shared,0.01,0.00036277000792324545,0.0009113335146268712,0.005368650575034315,0.002682658810369888
CBBT,5,accum4,0,tail,shared,0.025,0.0009069250198081136,0.002278333786567178,0.013421626437585788,0.00670664702592472
CBBT,5,accum4,0,tail,shared,0.05,0.0018138500396162273,0.004556667573134356,0.026843252875171576,0.01341329405184944
CBBT,5,accum4,0,tail,shared,0.1,0.0036277000792324546,0.009113335146268713,0.05368650575034315,0.02682658810369888
CBBT,5,accum4,0,body,shared,1.0,0.018090365454554558,0.17038013207300332,1.003706523843429,0.5015417024411388
CBBT,5,accum4,0,excess,shared,2.0,0.0008711977861821651,4.1168576704700084e-05,0.0002425234005462038,0.00012118641884082399
CBBT,5,accum4,0,gate,shared,0.5,0.0020120049302931875,0.0010521533438702406,0.0061982178466310186,0.00309718494106879
CBBT,5,accum4,0,amp_true,shared,0.0001,1.0942431050352753e-06,5.26368832847394e-08,3.100830038389745e-07,1.549452493822003e-07
CBBT,5,accum4,0,amp_true,shared,0.0003,3.2827293151058254e-06,1.5791064985421818e-07,9.302490115169235e-07,4.648357481466008e-07
CBBT,5,accum4,0,amp_true,shared,0.0007,7.659701735246926e-06,3.6845818299317575e-07,2.1705810268728217e-06,1.0846167456754019e-06
CBBT,5,accum4,0,amp_true,shared,0.001,1.0942431050352753e-05,5.26368832847394e-07,3.100830038389745e-06,1.5494524938220028e-06
CBBT,5,accum4,0,amp_true,shared,0.003,3.2827293151058254e-05,1.5791064985421819e-06,9.302490115169236e-06,4.648357481466008e-06
CBBT,5,accum4,0,tail,temporal,0.01,0.00036277000792324545,2.5100239830403374e-05,0.007315870049340942,0.0036546659101784887
CBBT,5,accum4,0,tail,temporal,0.025,0.0009069250198081136,6.275059957600844e-05,0.018289675123352358,0.009136664775446222
CBBT,5,accum4,0,tail,temporal,0.05,0.0018138500396162273,0.00012550119915201688,0.036579350246704716,0.018273329550892444
CBBT,5,accum4,0,tail,temporal,0.1,0.0036277000792324546,0.00025100239830403375,0.07315870049340943,0.03654665910178489
CBBT,5,accum4,0,body,temporal,1.0,0.018090365454554558,0.0034486705270960435,1.0051706911846399,0.5021361826012737
CBBT,5,accum4,0,excess,temporal,2.0,0.0008711977861821651,9.744005591926595e-07,0.0002840047710788779,0.00014187547731025167
CBBT,5,accum4,0,gate,temporal,0.5,0.0020120049302931875,2.9725045410132466e-05,0.0086638442859768,0.004328050682899505
CBBT,5,accum4,0,amp_true,temporal,0.0001,1.0942431050352753e-06,1.2290822418401794e-09,3.5823585838266817e-07,1.7895785061854805e-07
CBBT,5,accum4,0,amp_true,temporal,0.0003,3.2827293151058254e-06,3.6872467255205376e-09,1.0747075751480043e-06,5.368735518556441e-07
CBBT,5,accum4,0,amp_true,temporal,0.0007,7.659701735246926e-06,8.603575692881255e-09,2.507651008678677e-06,1.2527049543298364e-06
CBBT,5,accum4,0,amp_true,temporal,0.001,1.0942431050352753e-05,1.2290822418401794e-08,3.5823585838266813e-06,1.7895785061854805e-06
CBBT,5,accum4,0,amp_true,temporal,0.003,3.2827293151058254e-05,3.687246725520538e-08,1.0747075751480044e-05,5.368735518556442e-06
CBBT,5,accum4,0,tail,excess,0.01,0.00036277000792324545,3.7357619417209273e-06,0.03662292527977094,0.007019326731064194
CBBT,5,accum4,0,tail,excess,0.025,0.0009069250198081136,9.339404854302318e-06,0.09155731319942736,0.017548316827660487
CBBT,5,accum4,0,tail,excess,0.05,0.0018138500396162273,1.8678809708604636e-05,0.18311462639885473,0.03509663365532097
CBBT,5,accum4,0,tail,excess,0.1,0.0036277000792324546,3.735761941720927e-05,0.36622925279770946,0.07019326731064195
CBBT,5,accum4,0,body,excess,1.0,0.018090365454554558,0.0,0.0,0.0
CBBT,5,accum4,0,excess,excess,2.0,0.0008711977861821651,0.0006177782426161553,6.056286982884469,1.160777212229917
CBBT,5,accum4,0,gate,excess,0.5,0.0020120049302931875,0.0,0.0,0.0
CBBT,5,accum4,0,amp_true,excess,0.0001,1.0942431050352753e-06,8.126900707384904e-07,0.007967072902551373,0.001527007669813475
CBBT,5,accum4,0,amp_true,excess,0.0003,3.2827293151058254e-06,2.4380702122154707e-06,0.023901218707654114,0.004581023009440424
CBBT,5,accum4,0,amp_true,excess,0.0007,7.659701735246926e-06,5.688830495169433e-06,0.05576951031785961,0.010689053688694324
CBBT,5,accum4,0,amp_true,excess,0.001,1.0942431050352753e-05,8.126900707384904e-06,0.07967072902551373,0.01527007669813475
CBBT,5,accum4,0,amp_true,excess,0.003,3.2827293151058254e-05,2.438070212215471e-05,0.23901218707654118,0.04581023009440425
CBBT,5,accum4,0,tail,full,0.01,0.00036277000792324545,0.0022373243096411016,0.010613992751161235,0.005282454130687244
CBBT,5,accum4,0,tail,full,0.025,0.0009069250198081136,0.005593310774102754,0.026534981877903086,0.013206135326718112
CBBT,5,accum4,0,tail,full,0.05,0.0018138500396162273,0.011186621548205508,0.05306996375580617,0.026412270653436223
CBBT,5,accum4,0,tail,full,0.1,0.0036277000792324546,0.022373243096411016,0.10613992751161234,0.05282454130687245
CBBT,5,accum4,0,body,full,1.0,0.018090365454554558,0.21310739179155622,1.010993489833979,0.5031590713953643
CBBT,5,accum4,0,excess,full,2.0,0.0008711977861821651,0.0006191484545388093,0.002937275199687875,0.0014618458741512586
CBBT,5,accum4,0,gate,full,0.5,0.0020120049302931875,0.003003710999204475,0.014249774444749045,0.007091938127505385
CBBT,5,accum4,0,amp_true,full,0.0001,1.0942431050352753e-06,8.143928981510485e-07,3.863525855560489e-06,1.922829475504364e-06
CBBT,5,accum4,0,amp_true,full,0.0003,3.2827293151058254e-06,2.443178694453145e-06,1.1590577566681465e-05,5.768488426513091e-06
CBBT,5,accum4,0,amp_true,full,0.0007,7.659701735246926e-06,5.7007502870573385e-06,2.704468098892342e-05,1.3459806328530547e-05
CBBT,5,accum4,0,amp_true,full,0.001,1.0942431050352753e-05,8.143928981510485e-06,3.863525855560489e-05,1.9228294755043638e-05
CBBT,5,accum4,0,amp_true,full,0.003,3.2827293151058254e-05,2.443178694453145e-05,0.00011590577566681467,5.768488426513092e-05
CBBT,5,batch,4,tail,shared,0.01,0.0002742224931716919,0.0007052610492688441,0.004074221286547874,0.002036291068784846
CBBT,5,batch,4,tail,shared,0.025,0.0006855562329292298,0.0017631526231721103,0.010185553216369686,0.005090727671962115
CBBT,5,batch,4,tail,shared,0.05,0.0013711124658584595,0.0035263052463442206,0.020371106432739372,0.01018145534392423
CBBT,5,batch,4,tail,shared,0.1,0.002742224931716919,0.007052610492688441,0.040742212865478744,0.02036291068784846
CBBT,5,batch,4,body,shared,1.0,0.01706044003367424,0.17347555601974055,1.0021506274365832,0.500873720080954
CBBT,5,batch,4,excess,shared,2.0,0.00049901835154742,3.5379000030199694e-05,0.00020438088161717105,0.00010214932734300513
CBBT,5,batch,4,gate,shared,0.5,0.0017760086338967085,0.0009064970438530798,0.0052367411415784465,0.0026173171426262065
CBBT,5,batch,4,amp_true,shared,0.0001,7.063096854835749e-07,4.567336320498276e-08,2.638503697189699e-07,1.3187210845132006e-07
CBBT,5,batch,4,amp_true,shared,0.0003,2.1189290564507245e-06,1.3702008961494827e-07,7.915511091569096e-07,3.9561632535396014e-07
CBBT,5,batch,4,amp_true,shared,0.0007,4.944167798385024e-06,3.197135424348793e-07,1.8469525880327893e-06,9.231047591592404e-07
CBBT,5,batch,4,amp_true,shared,0.001,7.063096854835749e-06,4.567336320498276e-07,2.6385036971896994e-06,1.3187210845132005e-06
CBBT,5,batch,4,amp_true,shared,0.003,2.1189290564507245e-05,1.3702008961494828e-06,7.915511091569097e-06,3.956163253539602e-06
CBBT,5,batch,4,tail,temporal,0.01,0.0002742224931716919,2.0778374079631285e-05,0.0059238822520736815,0.002960120182393315
CBBT,5,batch,4,tail,temporal,0.025,0.0006855562329292298,5.194593519907822e-05,0.014809705630184203,0.007400300455983288
CBBT,5,batch,4,tail,temporal,0.05,0.0013711124658584595,0.00010389187039815643,0.029619411260368406,0.014800600911966576
CBBT,5,batch,4,tail,temporal,0.1,0.002742224931716919,0.00020778374079631287,0.05923882252073681,0.02960120182393315
CBBT,5,batch,4,body,temporal,1.0,0.01706044003367424,0.0035200371309974895,1.0035571314214407,0.5014700820336964
CBBT,5,batch,4,excess,temporal,2.0,0.00049901835154742,8.570496533526705e-07,0.00024434352809244824,0.00012209665522815792
CBBT,5,batch,4,gate,temporal,0.5,0.0017760086338967085,2.7226614225815734e-05,0.00776226552560116,0.0038787467180639115
CBBT,5,batch,4,amp_true,temporal,0.0001,7.063096854835749e-07,1.098498490053524e-09,3.131802172883627e-07,1.5649384009904785e-07
CBBT,5,batch,4,amp_true,temporal,0.0003,2.1189290564507245e-06,3.295495470160572e-09,9.395406518650879e-07,4.6948152029714345e-07
CBBT,5,batch,4,amp_true,temporal,0.0007,4.944167798385024e-06,7.689489430374668e-09,2.1922615210185384e-06,1.0954568806933348e-06
CBBT,5,batch,4,amp_true,temporal,0.001,7.063096854835749e-06,1.098498490053524e-08,3.1318021728836265e-06,1.5649384009904784e-06
CBBT,5,batch,4,amp_true,temporal,0.003,2.1189290564507245e-05,3.295495470160572e-08,9.39540651865088e-06,4.694815202971435e-06
CBBT,5,batch,4,tail,excess,0.01,0.0002742224931716919,3.181288654203336e-06,0.0347423314149578,0.006854653923547267
CBBT,5,batch,4,tail,excess,0.025,0.0006855562329292298,7.95322163550834e-06,0.0868558285373945,0.017136634808868168
CBBT,5,batch,4,tail,excess,0.05,0.0013711124658584595,1.590644327101668e-05,0.173711657074789,0.034273269617736336
CBBT,5,batch,4,tail,excess,0.1,0.002742224931716919,3.181288654203336e-05,0.347423314149578,0.06854653923547267
CBBT,5,batch,4,body,excess,1.0,0.01706044003367424,0.0,0.0,0.0
CBBT,5,batch,4,excess,excess,2.0,0.00049901835154742,0.0005373290516855844,5.868082409900165,1.1577712973345007
CBBT,5,batch,4,gate,excess,0.5,0.0017760086338967085,0.0,0.0,0.0
CBBT,5,batch,4,amp_true,excess,0.0001,7.063096854835749e-07,7.14134009318584e-07,0.007798940342510963,0.0015387291192348665
CBBT,5,batch,4,amp_true,excess,0.0003,2.1189290564507245e-06,2.1424020279557516e-06,0.023396821027532887,0.004616187357704599
CBBT,5,batch,4,amp_true,excess,0.0007,4.944167798385024e-06,4.998938065230088e-06,0.054592582397576736,0.010771103834644065
CBBT,5,batch,4,amp_true,excess,0.001,7.063096854835749e-06,7.14134009318584e-06,0.07798940342510963,0.015387291192348664
CBBT,5,batch,4,amp_true,excess,0.003,2.1189290564507245e-05,2.142402027955752e-05,0.23396821027532888,0.04616187357704599
CBBT,5,batch,4,tail,full,0.01,0.0002742224931716919,0.0018370942647251485,0.008739549144698835,0.0043540297947871785
CBBT,5,batch,4,tail,full,0.025,0.0006855562329292298,0.0045927356618128716,0.02184887286174709,0.010885074486967947
CBBT,5,batch,4,tail,full,0.05,0.0013711124658584595,0.009185471323625743,0.04369774572349418,0.021770148973935893
CBBT,5,batch,4,tail,full,0.1,0.002742224931716919,0.018370942647251486,0.08739549144698835,0.04354029794787179
CBBT,5,batch,4,body,full,1.0,0.01706044003367424,0.21195241135252862,1.0083143532267158,0.5023406429522369
CBBT,5,batch,4,excess,full,2.0,0.00049901835154742,0.0005384925100950489,0.002561753006578579,0.001276261364614494
CBBT,5,batch,4,gate,full,0.5,0.0017760086338967085,0.0024869186756738383,0.011830937803386265,0.005894154817753232
CBBT,5,batch,4,amp_true,full,0.0001,7.063096854835749e-07,7.155930682810516e-07,3.404267765641165e-06,1.6960009075555102e-06
CBBT,5,batch,4,amp_true,full,0.0003,2.1189290564507245e-06,2.1467792048431543e-06,1.0212803296923493e-05,5.08800272266653e-06
CBBT,5,batch,4,amp_true,full,0.0007,4.944167798385024e-06,5.00915147796736e-06,2.3829874359488155e-05,1.1872006352888572e-05
CBBT,5,batch,4,amp_true,full,0.001,7.063096854835749e-06,7.155930682810515e-06,3.404267765641165e-05,1.6960009075555103e-05
CBBT,5,batch,4,amp_true,full,0.003,2.1189290564507245e-05,2.1467792048431544e-05,0.00010212803296923495,5.0880027226665306e-05
CBBT,5,batch,5,tail,shared,0.01,0.00047963649034500123,0.0011752527343662754,0.00790121340691208,0.003942852168269962
CBBT,5,batch,5,tail,shared,0.025,0.0011990912258625032,0.0029381318359156883,0.0197530335172802,0.009857130420674905
CBBT,5,batch,5,tail,shared,0.05,0.0023981824517250064,0.005876263671831377,0.0395060670345604,0.01971426084134981
CBBT,5,batch,5,tail,shared,0.1,0.004796364903450013,0.011752527343662753,0.0790121340691208,0.03942852168269962
CBBT,5,batch,5,body,shared,1.0,0.015536880120635033,0.14988948453447543,1.0077056365221273,0.502863819684113
CBBT,5,batch,5,excess,shared,2.0,0.0013613629853352904,5.582515633269898e-05,0.00037531201652275114,0.00018728766354164715
CBBT,5,batch,5,gate,shared,0.5,0.0023304198402911425,0.0013042574064002694,0.008768510639603835,0.004375649587899421
CBBT,5,batch,5,amp_true,shared,0.0001,1.701989769935608e-06,6.991209876692793e-08,4.700184019401364e-07,2.3454790799540175e-07
CBBT,5,batch,5,amp_true,shared,0.0003,5.105969309806823e-06,2.0973629630078374e-07,1.410055205820409e-06,7.036437239862051e-07
CBBT,5,batch,5,amp_true,shared,0.0007,1.1913928389549256e-05,4.893846913684954e-07,3.2901288135809548e-06,1.6418353559678121e-06
CBBT,5,batch,5,amp_true,shared,0.001,1.7019897699356078e-05,6.991209876692792e-07,4.700184019401364e-06,2.3454790799540177e-06
CBBT,5,batch,5,amp_true,shared,0.003,5.105969309806824e-05,2.0973629630078376e-06,1.4100552058204091e-05,7.036437239862053e-06
CBBT,5,batch,5,tail,temporal,0.01,0.00047963649034500123,3.097970537837492e-05,0.010295626101587525,0.005137479019757271
CBBT,5,batch,5,tail,temporal,0.025,0.0011990912258625032,7.744926344593732e-05,0.025739065253968813,0.012843697549393178
CBBT,5,batch,5,tail,temporal,0.05,0.0023981824517250064,0.00015489852689187463,0.051478130507937626,0.025687395098786356
CBBT,5,batch,5,tail,temporal,0.1,0.004796364903450013,0.00030979705378374927,0.10295626101587525,0.05137479019757271
CBBT,5,batch,5,body,temporal,1.0,0.015536880120635033,0.0030349934280762946,1.0086331414262149,0.5033041751496821
CBBT,5,batch,5,excess,temporal,2.0,0.0013613629853352904,1.2935312248846545e-06,0.0004298851031500522,0.00021451106290651343
CBBT,5,batch,5,gate,temporal,0.5,0.0023304198402911425,3.6341888715827536e-05,0.012077664828434538,0.006026709697060112
CBBT,5,batch,5,amp_true,temporal,0.0001,1.701989769935608e-06,1.6160473443625991e-09,5.370683489984034e-07,2.6799510276791465e-07
CBBT,5,batch,5,amp_true,temporal,0.0003,5.105969309806823e-06,4.8481420330877965e-09,1.61120504699521e-06,8.039853083037438e-07
CBBT,5,batch,5,amp_true,temporal,0.0007,1.1913928389549256e-05,1.1312331410538192e-08,3.7594784429888234e-06,1.8759657193754022e-06
CBBT,5,batch,5,amp_true,temporal,0.001,1.7019897699356078e-05,1.616047344362599e-08,5.3706834899840336e-06,2.679951027679146e-06
CBBT,5,batch,5,amp_true,temporal,0.003,5.105969309806824e-05,4.8481420330877966e-08,1.61120504699521e-05,8.039853083037439e-06
CBBT,5,batch,5,tail,excess,0.01,0.00047963649034500123,4.493065122465727e-06,0.0510522480575669,0.006358332522258963
CBBT,5,batch,5,tail,excess,0.025,0.0011990912258625032,1.1232662806164318e-05,0.12763062014391724,0.015895831305647406
CBBT,5,batch,5,tail,excess,0.05,0.0023981824517250064,2.2465325612328637e-05,0.2552612402878345,0.03179166261129481
CBBT,5,batch,5,tail,excess,0.1,0.004796364903450013,4.4930651224657274e-05,0.510522480575669,0.06358332522258962
CBBT,5,batch,5,body,excess,1.0,0.015536880120635033,0.0,0.0,0.0
CBBT,5,batch,5,excess,excess,2.0,0.0013613629853352904,0.0007813773606076961,8.878364713845807,1.1057612005815483
CBBT,5,batch,5,gate,excess,0.5,0.0023304198402911425,0.0,0.0,0.0
CBBT,5,batch,5,amp_true,excess,0.0001,1.701989769935608e-06,9.597633615531372e-07,0.010905267534534555,0.0013582030148913003
CBBT,5,batch,5,amp_true,excess,0.0003,5.105969309806823e-06,2.8792900846594115e-06,0.03271580260360366,0.004074609044673901
CBBT,5,batch,5,amp_true,excess,0.0007,1.1913928389549256e-05,6.71834353087196e-06,0.07633687274174188,0.009507421104239102
CBBT,5,batch,5,amp_true,excess,0.001,1.7019897699356078e-05,9.597633615531372e-06,0.10905267534534555,0.013582030148913002
CBBT,5,batch,5,amp_true,excess,0.003,5.105969309806824e-05,2.8792900846594116e-05,0.32715802603603666,0.040746090446739006
CBBT,5,batch,5,tail,full,0.01,0.00047963649034500123,0.0027369380189587156,0.01479450687716649,0.007341900633762658
CBBT,5,batch,5,tail,full,0.025,0.0011990912258625032,0.006842345047396789,0.03698626719291622,0.018354751584406647
CBBT,5,batch,5,tail,full,0.05,0.0023981824517250064,0.013684690094793579,0.07397253438583244,0.036709503168813294
CBBT,5,batch,5,tail,full,0.1,0.004796364903450013,0.027369380189587157,0.14794506877166488,0.07341900633762659
CBBT,5,batch,5,body,full,1.0,0.015536880120635033,0.18825883014352537,1.0176323095198732,0.505008741435812
CBBT,5,batch,5,excess,full,2.0,0.0013613629853352904,0.0007833690239917709,0.004234497943513814,0.002101405838888299
CBBT,5,batch,5,gate,full,0.5,0.0023304198402911425,0.003761800433863515,0.020334396323120077,0.010091118175916496
CBBT,5,batch,5,amp_true,full,0.0001,1.701989769935608e-06,9.623062982926874e-07,5.201742622380715e-06,2.5814092874477517e-06
CBBT,5,batch,5,amp_true,full,0.0003,5.105969309806823e-06,2.886918894878062e-06,1.5605227867142144e-05,7.744227862343254e-06
CBBT,5,batch,5,amp_true,full,0.0007,1.1913928389549256e-05,6.7361440880488116e-06,3.6412198356665006e-05,1.806986501213426e-05
CBBT,5,batch,5,amp_true,full,0.001,1.7019897699356078e-05,9.623062982926873e-06,5.201742622380715e-05,2.5814092874477515e-05
CBBT,5,batch,5,amp_true,full,0.003,5.105969309806824e-05,2.886918894878062e-05,0.00015605227867142147,7.744227862343255e-05
CBBT,5,batch,6,tail,shared,0.01,0.00024528563022613526,0.0006616945931384463,0.0038526893869815725,0.0019262448851172266
CBBT,5,batch,6,tail,shared,0.025,0.0006132140755653382,0.0016542364828461159,0.009631723467453931,0.0048156122127930665
CBBT,5,batch,6,tail,shared,0.05,0.0012264281511306764,0.0033084729656922317,0.019263446934907863,0.009631224425586133
CBBT,5,batch,6,tail,shared,0.1,0.002452856302261353,0.006616945931384463,0.038526893869815726,0.019262448851172266
CBBT,5,batch,6,body,shared,1.0,0.01718251407146454,0.1719880669156595,1.0013934025826303,0.5006707590372774
CBBT,5,batch,6,excess,shared,2.0,0.0003996138402726501,3.212756169869924e-05,0.00018706139852086757,9.352585321859991e-05
CBBT,5,batch,6,gate,shared,0.5,0.0017499116947874427,0.0009045856186396899,0.005266912331895251,0.0026333197204933658
CBBT,5,batch,6,amp_true,shared,0.0001,5.757189821451902e-07,4.565990768860495e-08,2.6585292306543036e-07,1.329195743053288e-07
CBBT,5,batch,6,amp_true,shared,0.0003,1.7271569464355707e-06,1.3697972306581483e-07,7.97558769196291e-07,3.987587229159863e-07
CBBT,5,batch,6,amp_true,shared,0.0007,4.030032875016332e-06,3.196193538202346e-07,1.8609704614580125e-06,9.304370201373014e-07
CBBT,5,batch,6,amp_true,shared,0.001,5.757189821451902e-06,4.565990768860495e-07,2.6585292306543037e-06,1.3291957430532877e-06
CBBT,5,batch,6,amp_true,shared,0.003,1.7271569464355707e-05,1.3697972306581485e-06,7.97558769196291e-06,3.987587229159863e-06
CBBT,5,batch,6,tail,temporal,0.01,0.00024528563022613526,1.9943714734449148e-05,0.005776368836866831,0.002887281332125442
CBBT,5,batch,6,tail,temporal,0.025,0.0006132140755653382,4.985928683612287e-05,0.014440922092167078,0.007218203330313606
CBBT,5,batch,6,tail,temporal,0.05,0.0012264281511306764,9.971857367224574e-05,0.028881844184334156,0.014436406660627212
CBBT,5,batch,6,tail,temporal,0.1,0.002452856302261353,0.0001994371473444915,0.05776368836866831,0.028872813321254423
CBBT,5,batch,6,body,temporal,1.0,0.01718251407146454,0.003463307383281695,1.0030900014190234,0.5013881760898363
CBBT,5,batch,6,excess,temporal,2.0,0.0003996138402726501,7.909169651685535e-07,0.00022907608592382466,0.00011450222885749408
CBBT,5,batch,6,gate,temporal,0.5,0.0017499116947874427,2.7436524468782053e-05,0.007946537896455943,0.003972026574381572
CBBT,5,batch,6,amp_true,temporal,0.0001,5.757189821451902e-07,1.1225115011940908e-09,3.2511698752500443e-07,1.625076644771475e-07
CBBT,5,batch,6,amp_true,temporal,0.0003,1.7271569464355707e-06,3.367534503582272e-09,9.753509625750132e-07,4.875229934314423e-07
CBBT,5,batch,6,amp_true,temporal,0.0007,4.030032875016332e-06,7.857580508358636e-09,2.275818912675031e-06,1.1375536513400323e-06
CBBT,5,batch,6,amp_true,temporal,0.001,5.757189821451902e-06,1.1225115011940908e-08,3.251169875250044e-06,1.6250766447714747e-06
CBBT,5,batch,6,amp_true,temporal,0.003,1.7271569464355707e-05,3.367534503582273e-08,9.753509625750134e-06,4.8752299343144244e-06
CBBT,5,batch,6,tail,excess,0.01,0.00024528563022613526,3.274185615814645e-06,0.03041884787355291,0.00861612289886877
CBBT,5,batch,6,tail,excess,0.025,0.0006132140755653382,8.185464039536613e-06,0.07604711968388228,0.021540307247171927
CBBT,5,batch,6,tail,excess,0.05,0.0012264281511306764,1.6370928079073225e-05,0.15209423936776456,0.043080614494343854
CBBT,5,batch,6,tail,excess,0.1,0.002452856302261353,3.274185615814645e-05,0.3041884787355291,0.08616122898868771
CBBT,5,batch,6,body,excess,1.0,0.01718251407146454,0.0,0.0,0.0
CBBT,5,batch,6,excess,excess,2.0,0.0003996138402726501,0.00046827087546607633,4.350474345625614,1.2322696042303405
CBBT,5,batch,6,gate,excess,0.5,0.0017499116947874427,0.0,0.0,0.0
CBBT,5,batch,6,amp_true,excess,0.0001,5.757189821451902e-07,6.363870439815523e-07,0.005912358965256279,0.0016746726134610414
CBBT,5,batch,6,amp_true,excess,0.0003,1.7271569464355707e-06,1.909161131944657e-06,0.017737076895768835,0.005024017840383123
CBBT,5,batch,6,amp_true,excess,0.0007,4.030032875016332e-06,4.454709307870866e-06,0.04138651275679395,0.011722708294227288
CBBT,5,batch,6,amp_true,excess,0.001,5.757189821451902e-06,6.3638704398155235e-06,0.059123589652562786,0.016746726134610413
CBBT,5,batch,6,amp_true,excess,0.003,1.7271569464355707e-05,1.909161131944657e-05,0.17737076895768836,0.050240178403831236
CBBT,5,batch,6,tail,full,0.01,0.00024528563022613526,0.001749627832042519,0.008144106563878989,0.004059113272024153
CBBT,5,batch,6,tail,full,0.025,0.0006132140755653382,0.004374069580106298,0.020360266409697472,0.010147783180060382
CBBT,5,batch,6,tail,full,0.05,0.0012264281511306764,0.008748139160212595,0.040720532819394945,0.020295566360120764
CBBT,5,batch,6,tail,full,0.1,0.002452856302261353,0.01749627832042519,0.08144106563878989,0.04059113272024153
CBBT,5,batch,6,body,full,1.0,0.01718251407146454,0.21639498158865955,1.007267807285228,0.5020334757366869
CBBT,5,batch,6,excess,full,2.0,0.0003996138402726501,0.00046937170028717027,0.0021848150076266555,0.0010889360944401662
CBBT,5,batch,6,gate,full,0.5,0.0017499116947874427,0.002375393257622271,0.011056897625257543,0.005510880726580103
CBBT,5,batch,6,amp_true,full,0.0001,5.757189821451902e-07,6.380229595537376e-07,2.969847002685779e-06,1.4802047701523808e-06
CBBT,5,batch,6,amp_true,full,0.0003,1.7271569464355707e-06,1.914068878661212e-06,8.909541008057335e-06,4.440614310457142e-06
CBBT,5,batch,6,amp_true,full,0.0007,4.030032875016332e-06,4.466160716876162e-06,2.078892901880045e-05,1.0361433391066664e-05
CBBT,5,batch,6,amp_true,full,0.001,5.757189821451902e-06,6.380229595537375e-06,2.969847002685779e-05,1.4802047701523807e-05
CBBT,5,batch,6,amp_true,full,0.003,1.7271569464355707e-05,1.9140688786612124e-05,8.909541008057337e-05,4.440614310457142e-05
CBBT,5,batch,7,tail,shared,0.01,0.0003130758926272392,0.0009499007415483156,0.006328572351238061,0.0031632442609980317
CBBT,5,batch,7,tail,shared,0.025,0.0007826897315680981,0.002374751853870789,0.015821430878095153,0.00790811065249508
CBBT,5,batch,7,tail,shared,0.05,0.0015653794631361963,0.004749503707741578,0.031642861756190306,0.01581622130499016
CBBT,5,batch,7,tail,shared,0.1,0.0031307589262723925,0.009499007415483157,0.06328572351238061,0.03163244260998032
CBBT,5,batch,7,body,shared,1.0,0.01587442122399807,0.15072415502249537,1.0041772560197186,0.5019233036828147
CBBT,5,batch,7,excess,shared,2.0,0.00042836027569137514,3.324687236373996e-05,0.0002215023401954082,0.00011071470270600399
CBBT,5,batch,7,gate,shared,0.5,0.002330286195501685,0.001289218803911765,0.00858922845331541,0.004293200125307207
CBBT,5,batch,7,amp_true,shared,0.0001,5.810848902910948e-07,4.4716132599215814e-08,2.9791457995961383e-07,1.4890824233691983e-07
CBBT,5,batch,7,amp_true,shared,0.0003,1.7432546708732842e-06,1.3414839779764743e-07,8.937437398788414e-07,4.4672472701075945e-07
CBBT,5,batch,7,amp_true,shared,0.0007,4.067594232037663e-06,3.130129281945107e-07,2.0854020597172966e-06,1.0423576963584388e-06
CBBT,5,batch,7,amp_true,shared,0.001,5.8108489029109476e-06,4.4716132599215815e-07,2.979145799596138e-06,1.4890824233691983e-06
CBBT,5,batch,7,amp_true,shared,0.003,1.7432546708732845e-05,1.3414839779764744e-06,8.937437398788415e-06,4.467247270107595e-06
CBBT,5,batch,7,tail,temporal,0.01,0.0003130758926272392,2.665326809924698e-05,0.008780786151307854,0.004388617042449746
CBBT,5,batch,7,tail,temporal,0.025,0.0007826897315680981,6.663317024811745e-05,0.021951965378269635,0.010971542606124367
CBBT,5,batch,7,tail,temporal,0.05,0.0015653794631361963,0.0001332663404962349,0.04390393075653927,0.021943085212248734
CBBT,5,batch,7,tail,temporal,0.1,0.0031307589262723925,0.0002665326809924698,0.08780786151307854,0.04388617042449747
CBBT,5,batch,7,body,temporal,1.0,0.01587442122399807,0.0030531645507193097,1.0058498231733768,0.5027214648048636
CBBT,5,batch,7,excess,temporal,2.0,0.00042836027569137514,7.872607750319734e-07,0.0002593591331887718,0.00012962710768872377
CBBT,5,batch,7,gate,temporal,0.5,0.002330286195501685,3.714818043704509e-05,0.012238282641861338,0.006116665962123433
CBBT,5,batch,7,amp_true,temporal,0.0001,5.810848902910948e-07,1.0633259624437894e-09,3.503074313658484e-07,1.7508286124927148e-07
CBBT,5,batch,7,amp_true,temporal,0.0003,1.7432546708732842e-06,3.1899778873313674e-09,1.0509222940975451e-06,5.252485837478144e-07
CBBT,5,batch,7,amp_true,temporal,0.0007,4.067594232037663e-06,7.4432817371065246e-09,2.452152019560939e-06,1.2255800287449002e-06
CBBT,5,batch,7,amp_true,temporal,0.001,5.8108489029109476e-06,1.0633259624437893e-08,3.5030743136584845e-06,1.7508286124927147e-06
CBBT,5,batch,7,amp_true,temporal,0.003,1.7432546708732845e-05,3.1899778873313676e-08,1.0509222940975453e-05,5.252485837478144e-06
CBBT,5,batch,7,tail,excess,0.01,0.0003130758926272392,3.7311281324952912e-06,0.04015590492962295,0.009370582480449438
CBBT,5,batch,7,tail,excess,0.025,0.0007826897315680981,9.327820331238228e-06,0.10038976232405737,0.023426456201123595
CBBT,5,batch,7,tail,excess,0.05,0.0015653794631361963,1.8655640662476456e-05,0.20077952464811474,0.04685291240224719
CBBT,5,batch,7,tail,excess,0.1,0.0031307589262723925,3.731128132495291e-05,0.4015590492962295,0.09370582480449438
CBBT,5,batch,7,body,excess,1.0,0.01587442122399807,0.0,0.0,0.0
CBBT,5,batch,7,excess,excess,2.0,0.00042836027569137514,0.0004779082572707454,5.143441303156601,1.2002479099661478
CBBT,5,batch,7,gate,excess,0.5,0.002330286195501685,0.0,0.0,0.0
CBBT,5,batch,7,amp_true,excess,0.0001,5.810848902910948e-07,6.514432953823358e-07,0.007011095332959963,0.0016360743758841328
CBBT,5,batch,7,amp_true,excess,0.0003,1.7432546708732842e-06,1.954329886147007e-06,0.021033285998879884,0.004908223127652398
CBBT,5,batch,7,amp_true,excess,0.0007,4.067594232037663e-06,4.560103067676351e-06,0.049077667330719735,0.011452520631188928
CBBT,5,batch,7,amp_true,excess,0.001,5.8108489029109476e-06,6.514432953823358e-06,0.07011095332959963,0.016360743758841327
CBBT,5,batch,7,amp_true,excess,0.003,1.7432546708732845e-05,1.9543298861470073e-05,0.2103328599887989,0.04908223127652398
CBBT,5,batch,7,tail,full,0.01,0.0003130758926272392,0.0023239506229061953,0.012396871104593692,0.0061709091100017235
CBBT,5,batch,7,tail,full,0.025,0.0007826897315680981,0.005809876557265489,0.030992177761484233,0.01542727277500431
CBBT,5,batch,7,tail,full,0.05,0.0015653794631361963,0.011619753114530978,0.061984355522968465,0.03085454555000862
CBBT,5,batch,7,tail,full,0.1,0.0031307589262723925,0.023239506229061957,0.12396871104593693,0.06170909110001724
CBBT,5,batch,7,body,full,1.0,0.01587442122399807,0.18960310373941808,1.011417891120722,0.5034631582176279
CBBT,5,batch,7,excess,full,2.0,0.00042836027569137514,0.0004790633119844723,0.0025555130436396437,0.00127208217207974
CBBT,5,batch,7,gate,full,0.5,0.002330286195501685,0.0037806546508484425,0.020167506114626522,0.010038972427699785
CBBT,5,batch,7,amp_true,full,0.0001,5.810848902910948e-07,6.529761860996371e-07,3.4832330487828643e-06,1.7338822329957378e-06
CBBT,5,batch,7,amp_true,full,0.0003,1.7432546708732842e-06,1.9589285582989108e-06,1.044969914634859e-05,5.201646698987213e-06
CBBT,5,batch,7,amp_true,full,0.0007,4.067594232037663e-06,4.570833302697459e-06,2.438263134148005e-05,1.2137175630970165e-05
CBBT,5,batch,7,amp_true,full,0.001,5.8108489029109476e-06,6.52976186099637e-06,3.483233048782864e-05,1.733882232995738e-05
CBBT,5,batch,7,amp_true,full,0.003,1.7432546708732845e-05,1.958928558298911e-05,0.00010449699146348592,5.201646698987213e-05
CBBT,5,accum4,1,tail,shared,0.01,0.0003280551265925169,0.0008649030996896792,0.005377000438707464,0.0026867379813098526
CBBT,5,accum4,1,tail,shared,0.025,0.0008201378164812923,0.002162257749224198,0.013442501096768662,0.006716844953274632
CBBT,5,accum4,1,tail,shared,0.05,0.0016402756329625845,0.004324515498448396,0.026885002193537323,0.013433689906549263
CBBT,5,accum4,1,tail,shared,0.1,0.003280551265925169,0.008649030996896793,0.053770004387074646,0.026867379813098526
CBBT,5,accum4,1,body,shared,1.0,0.01641356386244297,0.16144899060921541,1.0037093099170304,0.5015257030175411
CBBT,5,accum4,1,excess,shared,2.0,0.0006720888632116839,3.881291530911816e-05,0.0002412953112545474,0.0001205685744030578
CBBT,5,accum4,1,gate,shared,0.5,0.0020466565911192447,0.001088273819337246,0.0067656698260299295,0.0033806175576519396
CBBT,5,accum4,1,amp_true,shared,0.0001,8.91275831963867e-07,5.090845486342251e-08,3.164918523621386e-07,1.5814220032328518e-07
CBBT,5,accum4,1,amp_true,shared,0.0003,2.6738274958916005e-06,1.5272536459026752e-07,9.494755570864157e-07,4.7442660096985547e-07
CBBT,5,accum4,1,amp_true,shared,0.0007,6.238930823747069e-06,3.5635918404395757e-07,2.21544296653497e-06,1.1069954022629963e-06
CBBT,5,accum4,1,amp_true,shared,0.001,8.91275831963867e-06,5.090845486342251e-07,3.164918523621386e-06,1.5814220032328518e-06
CBBT,5,accum4,1,amp_true,shared,0.003,2.6738274958916008e-05,1.5272536459026754e-06,9.494755570864158e-06,4.744266009698555e-06
CBBT,5,accum4,1,tail,temporal,0.01,0.0003280551265925169,2.4517330875874228e-05,0.007546113124035468,0.0037699794653013223
CBBT,5,accum4,1,tail,temporal,0.025,0.0008201378164812923,6.129332718968557e-05,0.01886528281008867,0.009424948663253307
CBBT,5,accum4,1,tail,temporal,0.05,0.0016402756329625845,0.00012258665437937113,0.03773056562017734,0.018849897326506614
CBBT,5,accum4,1,tail,temporal,0.1,0.003280551265925169,0.00024517330875874227,0.07546113124035468,0.03769979465301323
CBBT,5,accum4,1,body,temporal,1.0,0.01641356386244297,0.0032657369386323654,1.0051510295727641,0.502165641931078
CBBT,5,accum4,1,excess,temporal,2.0,0.0006720888632116839,9.268563235444315e-07,0.0002852742291811365,0.00014252078763131633
CBBT,5,accum4,1,gate,temporal,0.5,0.0020466565911192447,3.191085744661266e-05,0.009821743704330631,0.00490686681608843
CBBT,5,accum4,1,amp_true,temporal,0.0001,8.91275831963867e-07,1.216090277217162e-09,3.74296649475435e-07,1.8699569689181415e-07
CBBT,5,accum4,1,amp_true,temporal,0.0003,2.6738274958916005e-06,3.6482708316514856e-09,1.122889948426305e-06,5.609870906754424e-07
CBBT,5,accum4,1,amp_true,temporal,0.0007,6.238930823747069e-06,8.512631940520134e-09,2.620076546328045e-06,1.308969878242699e-06
CBBT,5,accum4,1,amp_true,temporal,0.001,8.91275831963867e-06,1.216090277217162e-08,3.74296649475435e-06,1.8699569689181414e-06
CBBT,5,accum4,1,amp_true,temporal,0.003,2.6738274958916008e-05,3.648270831651486e-08,1.122889948426305e-05,5.609870906754424e-06
CBBT,5,accum4,1,tail,excess,0.01,0.0003280551265925169,3.6680433462159123e-06,0.03861608830276902,0.007542955503550083
CBBT,5,accum4,1,tail,excess,0.025,0.0008201378164812923,9.170108365539781e-06,0.09654022075692255,0.01885738875887521
CBBT,5,accum4,1,tail,excess,0.05,0.0016402756329625845,1.8340216731079563e-05,0.1930804415138451,0.03771477751775042
CBBT,5,accum4,1,tail,excess,0.1,0.003280551265925169,3.6680433462159125e-05,0.3861608830276902,0.07542955503550083
CBBT,5,accum4,1,body,excess,1.0,0.01641356386244297,0.0,0.0,0.0
CBBT,5,accum4,1,excess,excess,2.0,0.0006720888632116839,0.0005657011335299991,5.955536198313262,1.1633064486347142
CBBT,5,accum4,1,gate,excess,0.5,0.0020466565911192447,0.0,0.0,0.0
CBBT,5,accum4,1,amp_true,excess,0.0001,8.91275831963867e-07,7.359238578244068e-07,0.00774759128928487,0.0015133520489328664
CBBT,5,accum4,1,amp_true,excess,0.0003,2.6738274958916005e-06,2.2077715734732203e-06,0.023242773867854605,0.004540056146798598
CBBT,5,accum4,1,amp_true,excess,0.0007,6.238930823747069e-06,5.151467004770847e-06,0.05423313902499409,0.010593464342530064
CBBT,5,accum4,1,amp_true,excess,0.001,8.91275831963867e-06,7.359238578244068e-06,0.0774759128928487,0.015133520489328662
CBBT,5,accum4,1,amp_true,excess,0.003,2.6738274958916008e-05,2.2077715734732202e-05,0.2324277386785461,0.04540056146798599
CBBT,5,accum4,1,tail,full,0.01,0.0003280551265925169,0.002156505083068991,0.010823120427272976,0.005386721620510795
CBBT,5,accum4,1,tail,full,0.025,0.0008201378164812923,0.005391262707672477,0.02705780106818244,0.013466804051276988
CBBT,5,accum4,1,tail,full,0.05,0.0016402756329625845,0.010782525415344954,0.05411560213636488,0.026933608102553977
CBBT,5,accum4,1,tail,full,0.1,0.003280551265925169,0.021565050830689908,0.10823120427272977,0.053867216205107954
CBBT,5,accum4,1,body,full,1.0,0.01641356386244297,0.20142779592455498,1.0109307461446306,0.5031453307471402
CBBT,5,accum4,1,excess,full,2.0,0.0006720888632116839,0.0005670310528286071,0.0028458293091679506,0.0014163835994422923
CBBT,5,accum4,1,gate,full,0.5,0.0020466565911192447,0.0030817396929155665,0.015466710504788251,0.007697859820942281
CBBT,5,accum4,1,amp_true,full,0.0001,8.91275831963867e-07,7.376825843760572e-07,3.7022993873224283e-06,1.8426530767447582e-06
CBBT,5,accum4,1,amp_true,full,0.0003,2.6738274958916005e-06,2.2130477531281715e-06,1.1106898161967284e-05,5.527959230234274e-06
CBBT,5,accum4,1,amp_true,full,0.0007,6.238930823747069e-06,5.1637780906324e-06,2.5916095711257e-05,1.2898571537213307e-05
CBBT,5,accum4,1,amp_true,full,0.001,8.91275831963867e-06,7.376825843760572e-06,3.7022993873224285e-05,1.842653076744758e-05
CBBT,5,accum4,1,amp_true,full,0.003,2.6738274958916008e-05,2.2130477531281716e-05,0.00011106898161967285,5.527959230234274e-05
CBBT,5,batch,8,tail,shared,0.01,0.0006880133599042892,0.0018712084259843995,0.012671549837088177,0.006317245444960209
CBBT,5,batch,8,tail,shared,0.025,0.0017200333997607232,0.0046780210649609985,0.031678874592720445,0.015793113612400524
CBBT,5,batch,8,tail,shared,0.05,0.0034400667995214463,0.009356042129921997,0.06335774918544089,0.03158622722480105
CBBT,5,batch,8,tail,shared,0.1,0.006880133599042893,0.018712084259843994,0.12671549837088178,0.0631724544496021
CBBT,5,batch,8,body,shared,1.0,0.016788918524980545,0.14972240562397357,1.013898237228614,0.5054665059232784
CBBT,5,batch,8,excess,shared,2.0,0.0016908127581700683,7.028404293446799e-05,0.00047595326123418244,0.00023728064918667556
CBBT,5,batch,8,gate,shared,0.5,0.0034627611748874187,0.002228853938635422,0.015093472950855816,0.007524665449237149
CBBT,5,batch,8,amp_true,shared,0.0001,2.128864824771881e-06,8.923815880424125e-08,6.043077622756278e-07,3.0127020827525327e-07
CBBT,5,batch,8,amp_true,shared,0.0003,6.386594474315643e-06,2.6771447641272373e-07,1.8129232868268833e-06,9.038106248257597e-07
CBBT,5,batch,8,amp_true,shared,0.0007,1.4902053773403167e-05,6.246671116296888e-07,4.230154335929395e-06,2.1088914579267727e-06
CBBT,5,batch,8,amp_true,shared,0.001,2.128864824771881e-05,8.923815880424126e-07,6.043077622756278e-06,3.0127020827525326e-06
CBBT,5,batch,8,amp_true,shared,0.003,6.386594474315644e-05,2.677144764127238e-06,1.8129232868268836e-05,9.038106248257599e-06
CBBT,5,batch,8,tail,temporal,0.01,0.0006880133599042892,4.7327902633342584e-05,0.015865636045348117,0.007907767954553587
CBBT,5,batch,8,tail,temporal,0.025,0.0017200333997607232,0.00011831975658335647,0.0396640901133703,0.01976941988638397
CBBT,5,batch,8,tail,temporal,0.05,0.0034400667995214463,0.00023663951316671295,0.0793281802267406,0.03953883977276794
CBBT,5,batch,8,tail,temporal,0.1,0.006880133599042893,0.0004732790263334259,0.1586563604534812,0.07907767954553588
CBBT,5,batch,8,body,temporal,1.0,0.016788918524980545,0.003029167072979161,1.0154614852208075,0.5061274422885138
CBBT,5,batch,8,excess,temporal,2.0,0.0016908127581700683,1.6337315007535498e-06,0.0005476724710914059,0.0002729715218544691
CBBT,5,batch,8,gate,temporal,0.5,0.0034627611748874187,5.7631549481642456e-05,0.019319706514123892,0.009629349597274024
CBBT,5,batch,8,amp_true,temporal,0.0001,2.128864824771881e-06,2.0677771006934085e-09,6.931766902215198e-07,3.454938965012027e-07
CBBT,5,batch,8,amp_true,temporal,0.0003,6.386594474315643e-06,6.203331302080224e-09,2.079530070664559e-06,1.036481689503608e-06
CBBT,5,batch,8,amp_true,temporal,0.0007,1.4902053773403167e-05,1.4474439704853858e-08,4.852236831550638e-06,2.4184572755084187e-06
CBBT,5,batch,8,amp_true,temporal,0.001,2.128864824771881e-05,2.0677771006934084e-08,6.931766902215197e-06,3.454938965012027e-06
CBBT,5,batch,8,amp_true,temporal,0.003,6.386594474315644e-05,6.203331302080225e-08,2.0795300706645592e-05,1.036481689503608e-05
CBBT,5,batch,8,tail,excess,0.01,0.0006880133599042892,5.917341701434428e-06,0.0762059333655096,0.006371136177034102
CBBT,5,batch,8,tail,excess,0.025,0.0017200333997607232,1.479335425358607e-05,0.19051483341377398,0.015927840442585255
CBBT,5,batch,8,tail,excess,0.05,0.0034400667995214463,2.958670850717214e-05,0.38102966682754796,0.03185568088517051
CBBT,5,batch,8,tail,excess,0.1,0.006880133599042893,5.917341701434428e-05,0.7620593336550959,0.06371136177034102
CBBT,5,batch,8,body,excess,1.0,0.016788918524980545,0.0,0.0,0.0
CBBT,5,batch,8,excess,excess,2.0,0.0016908127581700683,0.0009941177590135984,12.802652867333235,1.0703555647543996
CBBT,5,batch,8,gate,excess,0.5,0.0034627611748874187,0.0,0.0,0.0
CBBT,5,batch,8,amp_true,excess,0.0001,2.128864824771881e-06,1.3199982693298258e-06,0.016999474634150698,0.0014212274956693829
CBBT,5,batch,8,amp_true,excess,0.0003,6.386594474315643e-06,3.9599948079894765e-06,0.05099842390245208,0.004263682487008149
CBBT,5,batch,8,amp_true,excess,0.0007,1.4902053773403167e-05,9.23998788530878e-06,0.11899632243905486,0.00994859246968568
CBBT,5,batch,8,amp_true,excess,0.001,2.128864824771881e-05,1.3199982693298256e-05,0.16999474634150696,0.014212274956693829
CBBT,5,batch,8,amp_true,excess,0.003,6.386594474315644e-05,3.959994807989477e-05,0.5099842390245208,0.04263682487008149
CBBT,5,batch,8,tail,full,0.01,0.0006880133599042892,0.004134150143572387,0.02284751181446108,0.01130076323578182
CBBT,5,batch,8,tail,full,0.025,0.0017200333997607232,0.010335375358930969,0.0571187795361527,0.028251908089454547
CBBT,5,batch,8,tail,full,0.05,0.0034400667995214463,0.020670750717861938,0.1142375590723054,0.056503816178909094
CBBT,5,batch,8,tail,full,0.1,0.006880133599042893,0.041341501435723876,0.2284751181446108,0.11300763235781819
CBBT,5,batch,8,body,full,1.0,0.016788918524980545,0.185809699586494,1.0268831946377885,0.507913682139336
CBBT,5,batch,8,excess,full,2.0,0.0016908127581700683,0.0009965992000184592,0.005507737069517372,0.0027242192976199477
CBBT,5,batch,8,gate,full,0.5,0.0034627611748874187,0.006675709736946116,0.036893521470652564,0.0182481556179868
CBBT,5,batch,8,amp_true,full,0.0001,2.128864824771881e-06,1.323011292476563e-06,7.3116638452331575e-06,3.616471791134294e-06
CBBT,5,batch,8,amp_true,full,0.0003,6.386594474315643e-06,3.969033877429688e-06,2.193499153569947e-05,1.084941537340288e-05
CBBT,5,batch,8,amp_true,full,0.0007,1.4902053773403167e-05,9.261079047335941e-06,5.1181646916632103e-05,2.5315302537940057e-05
CBBT,5,batch,8,amp_true,full,0.001,2.128864824771881e-05,1.323011292476563e-05,7.311663845233158e-05,3.616471791134294e-05
CBBT,5,batch,8,amp_true,full,0.003,6.386594474315644e-05,3.9690338774296885e-05,0.00021934991535699471,0.00010849415373402881
CBBT,5,batch,9,tail,shared,0.01,0.0006106071174144745,0.0016134829463635423,0.009947225851993896,0.004966077051094871
CBBT,5,batch,9,tail,shared,0.025,0.0015265177935361862,0.004033707365908855,0.02486806462998474,0.012415192627737178
CBBT,5,batch,9,tail,shared,0.05,0.0030530355870723724,0.00806741473181771,0.04973612925996948,0.024830385255474357
CBBT,5,batch,9,tail,shared,0.1,0.006106071174144745,0.01613482946363542,0.09947225851993896,0.049660770510948714
CBBT,5,batch,9,body,shared,1.0,0.018154792487621307,0.16365653498053653,1.0089530349701876,0.5037121492112919
CBBT,5,batch,9,excess,shared,2.0,0.001221942133270204,7.529957591049956e-05,0.0004642267151501284,0.00023176166610815413
CBBT,5,batch,9,gate,shared,0.5,0.0035721149761229753,0.002289524147708027,0.01411506321909036,0.007046838241139088
CBBT,5,batch,9,amp_true,shared,0.0001,1.753617823123932e-06,1.0480661747091415e-07,6.461395189310004e-07,3.225802534809773e-07
CBBT,5,batch,9,amp_true,shared,0.0003,5.260853469371795e-06,3.1441985241274245e-07,1.938418556793001e-06,9.677407604429319e-07
CBBT,5,batch,9,amp_true,shared,0.0007,1.2275324761867523e-05,7.33646322296399e-07,4.522976632517003e-06,2.258061774366841e-06
CBBT,5,batch,9,amp_true,shared,0.001,1.753617823123932e-05,1.0480661747091416e-06,6.461395189310005e-06,3.225802534809773e-06
CBBT,5,batch,9,amp_true,shared,0.003,5.260853469371796e-05,3.1441985241274247e-06,1.9384185567930013e-05,9.67740760442932e-06
CBBT,5,batch,9,tail,temporal,0.01,0.0006106071174144745,4.491356094086106e-05,0.013797491084492937,0.006885858689521842
CBBT,5,batch,9,tail,temporal,0.025,0.0015265177935361862,0.00011228390235215264,0.034493727711232346,0.017214646723804607
CBBT,5,batch,9,tail,temporal,0.05,0.0030530355870723724,0.00022456780470430529,0.06898745542246469,0.03442929344760921
CBBT,5,batch,9,tail,temporal,0.1,0.006106071174144745,0.00044913560940861057,0.13797491084492938,0.06885858689521843
CBBT,5,batch,9,body,temporal,1.0,0.018154792487621307,0.003293374561300608,1.0117279769304754,0.5049190348243007
CBBT,5,batch,9,excess,temporal,2.0,0.001221942133270204,1.810222080487414e-06,0.0005561020434199069,0.0002775316225605334
CBBT,5,batch,9,gate,temporal,0.5,0.0035721149761229753,6.498851807743723e-05,0.019964538103503526,0.009963622178876143
CBBT,5,batch,9,amp_true,temporal,0.0001,1.753617823123932e-06,2.5172577542131197e-09,7.733041133580708e-07,3.859297908584476e-07
CBBT,5,batch,9,amp_true,temporal,0.0003,5.260853469371795e-06,7.551773262639358e-09,2.319912340074212e-06,1.1577893725753428e-06
CBBT,5,batch,9,amp_true,temporal,0.0007,1.2275324761867523e-05,1.762080427949184e-08,5.413128793506495e-06,2.701508536009133e-06
CBBT,5,batch,9,amp_true,temporal,0.001,1.753617823123932e-05,2.5172577542131196e-08,7.733041133580707e-06,3.8592979085844765e-06
CBBT,5,batch,9,amp_true,temporal,0.003,5.260853469371796e-05,7.551773262639359e-08,2.319912340074212e-05,1.1577893725753429e-05
CBBT,5,batch,9,tail,excess,0.01,0.0006106071174144745,6.729000445833536e-06,0.08261916564811315,0.0065218226898076295
CBBT,5,batch,9,tail,excess,0.025,0.0015265177935361862,1.682250111458384e-05,0.2065479141202829,0.016304556724519075
CBBT,5,batch,9,tail,excess,0.05,0.0030530355870723724,3.364500222916768e-05,0.4130958282405658,0.03260911344903815
CBBT,5,batch,9,tail,excess,0.1,0.006106071174144745,6.729000445833535e-05,0.8261916564811316,0.0652182268980763
CBBT,5,batch,9,body,excess,1.0,0.018154792487621307,0.0,0.0,0.0
CBBT,5,batch,9,excess,excess,2.0,0.001221942133270204,0.0010978917504756533,13.479996193551873,1.0640889961061335
CBBT,5,batch,9,gate,excess,0.5,0.0035721149761229753,0.0,0.0,0.0
CBBT,5,batch,9,amp_true,excess,0.0001,1.753617823123932e-06,1.4984265469187568e-06,0.018397792077434725,0.0014522918123383043
CBBT,5,batch,9,amp_true,excess,0.0003,5.260853469371795e-06,4.49527964075627e-06,0.055193376232304164,0.004356875437014913
CBBT,5,batch,9,amp_true,excess,0.0007,1.2275324761867523e-05,1.0488985828431297e-05,0.12878454454204308,0.010166042686368131
CBBT,5,batch,9,amp_true,excess,0.001,1.753617823123932e-05,1.4984265469187568e-05,0.18397792077434724,0.014522918123383043
CBBT,5,batch,9,amp_true,excess,0.003,5.260853469371796e-05,4.4952796407562706e-05,0.5519337623230417,0.04356875437014913
CBBT,5,batch,9,tail,full,0.01,0.0006106071174144745,0.00398031258743728,0.020119745042873984,0.009966258228106947
CBBT,5,batch,9,tail,full,0.025,0.0015265177935361862,0.009950781468593201,0.05029936260718496,0.024915645570267368
CBBT,5,batch,9,tail,full,0.05,0.0030530355870723724,0.019901562937186403,0.10059872521436992,0.049831291140534736
CBBT,5,batch,9,tail,full,0.1,0.006106071174144745,0.039803125874372805,0.20119745042873985,0.09966258228106947
CBBT,5,batch,9,body,full,1.0,0.018154792487621307,0.20229986569054717,1.0225884601998223,0.5065362723889625
CBBT,5,batch,9,excess,full,2.0,0.001221942133270204,0.00110047095458935,0.005562677439784059,0.002755456378120865
CBBT,5,batch,9,gate,full,0.5,0.0035721149761229753,0.00685895684316247,0.03467076012574081,0.017174061979491596
CBBT,5,batch,9,amp_true,full,0.0001,1.753617823123932e-06,1.5020873954522632e-06,7.592774377570259e-06,3.7610590965923087e-06
CBBT,5,batch,9,amp_true,full,0.0003,5.260853469371795e-06,4.506262186356789e-06,2.2778323132710776e-05,1.1283177289776925e-05
CBBT,5,batch,9,amp_true,full,0.0007,1.2275324761867523e-05,1.0514611768165843e-05,5.3149420642991815e-05,2.6327413676146158e-05
CBBT,5,batch,9,amp_true,full,0.001,1.753617823123932e-05,1.5020873954522633e-05,7.592774377570259e-05,3.761059096592308e-05
CBBT,5,batch,9,amp_true,full,0.003,5.260853469371796e-05,4.506262186356789e-05,0.0002277832313271078,0.00011283177289776925
CBBT,5,batch,10,tail,shared,0.01,0.00023777790367603304,0.0006398854594861567,0.0037730655167570533,0.0018866399141223606
CBBT,5,batch,10,tail,shared,0.025,0.0005944447591900826,0.0015997136487153917,0.009432663791892634,0.004716599785305902
CBBT,5,batch,10,tail,shared,0.05,0.0011888895183801652,0.0031994272974307835,0.018865327583785268,0.009433199570611804
CBBT,5,batch,10,tail,shared,0.1,0.0023777790367603305,0.006398854594861567,0.037730655167570536,0.018866399141223608
CBBT,5,batch,10,body,shared,1.0,0.01743173971772194,0.16984480690028073,1.0014848354740173,0.5007708600876668
CBBT,5,batch,10,excess,shared,2.0,0.0005317354807630181,2.331945558584136e-05,0.00013750247397579623,6.875514208305549e-05
CBBT,5,batch,10,gate,shared,0.5,0.0017822012305259705,0.0008849096172530148,0.005217843151155812,0.0026090697632681513
CBBT,5,batch,10,amp_true,shared,0.0001,7.206918206065893e-07,3.587602861051953e-08,2.1154193210959986e-07,1.0577697388397404e-07
CBBT,5,batch,10,amp_true,shared,0.0003,2.1620754618197676e-06,1.0762808583155858e-07,6.346257963287996e-07,3.173309216519221e-07
CBBT,5,batch,10,amp_true,shared,0.0007,5.044842744246125e-06,2.511322002736367e-07,1.4807935247671991e-06,7.404388171878183e-07
CBBT,5,batch,10,amp_true,shared,0.001,7.206918206065893e-06,3.587602861051953e-07,2.1154193210959987e-06,1.0577697388397404e-06
CBBT,5,batch,10,amp_true,shared,0.003,2.162075461819768e-05,1.0762808583155858e-06,6.346257963287996e-06,3.173309216519221e-06
CBBT,5,batch,10,tail,temporal,0.01,0.00023777790367603304,1.8532592307529536e-05,0.005426075909441044,0.0027128849449134474
CBBT,5,batch,10,tail,temporal,0.025,0.0005944447591900826,4.633148076882384e-05,0.01356518977360261,0.006782212362283619
CBBT,5,batch,10,tail,temporal,0.05,0.0011888895183801652,9.266296153764768e-05,0.02713037954720522,0.013564424724567238
CBBT,5,batch,10,tail,temporal,0.1,0.0023777790367603305,0.00018532592307529536,0.05426075909441044,0.027128849449134476
CBBT,5,batch,10,body,temporal,1.0,0.01743173971772194,0.00342470984161701,1.0027056798132772,0.501324564629038
CBBT,5,batch,10,excess,temporal,2.0,0.0005317354807630181,5.688001057922689e-07,0.00016653647261603036,8.326354014932313e-05
CBBT,5,batch,10,gate,temporal,0.5,0.0017822012305259705,2.6149444417479732e-05,0.0076561804222772915,0.003827874314658594
CBBT,5,batch,10,amp_true,temporal,0.0001,7.206918206065893e-07,8.594969994821804e-10,2.5164833314939575e-07,1.2581707034833675e-07
CBBT,5,batch,10,amp_true,temporal,0.0003,2.1620754618197676e-06,2.578490998446541e-09,7.549449994481871e-07,3.7745121104501025e-07
CBBT,5,batch,10,amp_true,temporal,0.0007,5.044842744246125e-06,6.016478996375263e-09,1.76153833204577e-06,8.807194924383573e-07
CBBT,5,batch,10,amp_true,temporal,0.001,7.206918206065893e-06,8.594969994821804e-09,2.516483331493957e-06,1.2581707034833676e-06
CBBT,5,batch,10,amp_true,temporal,0.003,2.162075461819768e-05,2.5784909984465412e-08,7.549449994481872e-06,3.774512110450103e-06
CBBT,5,batch,10,tail,excess,0.01,0.00023777790367603304,2.7364608537106473e-06,0.024519447607828617,0.010492984766211992
CBBT,5,batch,10,tail,excess,0.025,0.0005944447591900826,6.841152134276618e-06,0.061298619019571544,0.026232461915529984
CBBT,5,batch,10,tail,excess,0.05,0.0011888895183801652,1.3682304268553236e-05,0.12259723803914309,0.05246492383105997
CBBT,5,batch,10,tail,excess,0.1,0.0023777790367603305,2.7364608537106473e-05,0.24519447607828618,0.10492984766211993
CBBT,5,batch,10,body,excess,1.0,0.01743173971772194,0.0,0.0,0.0
CBBT,5,batch,10,excess,excess,2.0,0.0005317354807630181,0.0003529136494410567,3.1622041023622764,1.3532506932638382
CBBT,5,batch,10,gate,excess,0.5,0.0017822012305259705,0.0,0.0,0.0
CBBT,5,batch,10,amp_true,excess,0.0001,7.206918206065893e-07,5.411905136209579e-07,0.004849216982800687,0.0020752000918788293
CBBT,5,batch,10,amp_true,excess,0.0003,2.1620754618197676e-06,1.6235715408628736e-06,0.01454765094840206,0.006225600275636488
CBBT,5,batch,10,amp_true,excess,0.0007,5.044842744246125e-06,3.788333595346705e-06,0.03394451887960481,0.014526400643151806
CBBT,5,batch,10,amp_true,excess,0.001,7.206918206065893e-06,5.4119051362095795e-06,0.04849216982800687,0.020752000918788295
CBBT,5,batch,10,amp_true,excess,0.003,2.162075461819768e-05,1.6235715408628737e-05,0.14547650948402063,0.062256002756364885
CBBT,5,batch,10,tail,full,0.01,0.00023777790367603304,0.0016400481427901665,0.007638639974845614,0.003808229876758309
CBBT,5,batch,10,tail,full,0.025,0.0005944447591900826,0.004100120356975416,0.019096599937114035,0.009520574691895774
CBBT,5,batch,10,tail,full,0.05,0.0011888895183801652,0.008200240713950832,0.03819319987422807,0.019041149383791547
CBBT,5,batch,10,tail,full,0.1,0.0023777790367603305,0.016400481427901663,0.07638639974845614,0.038082298767583095
CBBT,5,batch,10,body,full,1.0,0.01743173971772194,0.2160840373190579,1.0064266543927722,0.5017521530855927
CBBT,5,batch,10,excess,full,2.0,0.0005317354807630181,0.00035368324949115845,0.0016473046964342174,0.0008212607194138451
CBBT,5,batch,10,gate,full,0.5,0.0017822012305259705,0.002470535848392569,0.011506695077081705,0.005736641616778903
CBBT,5,batch,10,amp_true,full,0.0001,7.206918206065893e-07,5.423783379359643e-07,2.526165388413268e-06,1.2594150971204271e-06
CBBT,5,batch,10,amp_true,full,0.0003,2.1620754618197676e-06,1.6271350138078925e-06,7.5784961652398026e-06,3.7782452913612805e-06
CBBT,5,batch,10,amp_true,full,0.0007,5.044842744246125e-06,3.7966483655517494e-06,1.7683157718892874e-05,8.815905679842989e-06
CBBT,5,batch,10,amp_true,full,0.001,7.206918206065893e-06,5.423783379359642e-06,2.526165388413268e-05,1.259415097120427e-05
CBBT,5,batch,10,amp_true,full,0.003,2.162075461819768e-05,1.6271350138078928e-05,7.578496165239804e-05,3.778245291361281e-05
CBBT,5,batch,11,tail,shared,0.01,0.00043962985277175905,0.0011660575685095403,0.008221658187947609,0.004097669138490096
CBBT,5,batch,11,tail,shared,0.025,0.0010990746319293977,0.002915143921273851,0.02055414546986902,0.01024417284622524
CBBT,5,batch,11,tail,shared,0.05,0.0021981492638587954,0.005830287842547702,0.04110829093973804,0.02048834569245048
CBBT,5,batch,11,tail,shared,0.1,0.004396298527717591,0.011660575685095403,0.08221658187947609,0.04097669138490096
CBBT,5,batch,11,body,shared,1.0,0.016319742426276207,0.14327713158145014,1.0102207934021388,0.5034933919112841
CBBT,5,batch,11,excess,shared,2.0,0.0008628912037238479,5.932467550149807e-05,0.0004182874132944114,0.000208474177020394
CBBT,5,batch,11,gate,shared,0.5,0.0021457176189869642,0.0011667299841134871,0.00822639926712345,0.0041000320892936775
CBBT,5,batch,11,amp_true,shared,0.0001,1.1125853285193444e-06,7.092748850180538e-08,5.000967210708149e-07,2.492478832549863e-07
CBBT,5,batch,11,amp_true,shared,0.0003,3.337755985558033e-06,2.1278246550541614e-07,1.5002901632124444e-06,7.477436497649587e-07
CBBT,5,batch,11,amp_true,shared,0.0007,7.78809729963541e-06,4.964924195126376e-07,3.5006770474957037e-06,1.7447351827849039e-06
CBBT,5,batch,11,amp_true,shared,0.001,1.1125853285193443e-05,7.092748850180539e-07,5.000967210708149e-06,2.4924788325498626e-06
CBBT,5,batch,11,amp_true,shared,0.003,3.337755985558033e-05,2.1278246550541614e-06,1.5002901632124445e-05,7.477436497649588e-06
CBBT,5,batch,11,tail,temporal,0.01,0.00043962985277175905,3.048987766013514e-05,0.010546585285250121,0.0052538237631556284
CBBT,5,batch,11,tail,temporal,0.025,0.0010990746319293977,7.622469415033786e-05,0.026366463213125302,0.013134559407889072
CBBT,5,batch,11,tail,temporal,0.05,0.0021981492638587954,0.00015244938830067572,0.052732926426250604,0.026269118815778144
CBBT,5,batch,11,tail,temporal,0.1,0.004396298527717591,0.00030489877660135143,0.10546585285250121,0.05253823763155629
CBBT,5,batch,11,body,temporal,1.0,0.016319742426276207,0.00292671892056318,1.0123651870874035,0.504313778635997
CBBT,5,batch,11,excess,temporal,2.0,0.0008628912037238479,1.3865931263162025e-06,0.000479628774691863,0.00023892899794718397
CBBT,5,batch,11,gate,temporal,0.5,0.0021457176189869642,3.21962328094013e-05,0.011136821176297692,0.005547852139770565
CBBT,5,batch,11,amp_true,temporal,0.0001,1.1125853285193444e-06,1.649266596981691e-09,5.704887050407585e-07,2.8419123669789166e-07
CBBT,5,batch,11,amp_true,temporal,0.0003,3.337755985558033e-06,4.947799790945072e-09,1.711466115122275e-06,8.525737100936748e-07
CBBT,5,batch,11,amp_true,temporal,0.0007,7.78809729963541e-06,1.1544866178871836e-08,3.993420935285309e-06,1.9893386568852415e-06
CBBT,5,batch,11,amp_true,temporal,0.001,1.1125853285193443e-05,1.6492665969816908e-08,5.704887050407584e-06,2.8419123669789164e-06
CBBT,5,batch,11,amp_true,temporal,0.003,3.337755985558033e-05,4.947799790945073e-08,1.711466115122275e-05,8.525737100936749e-06
CBBT,5,batch,11,tail,excess,0.01,0.00043962985277175905,4.327850689669112e-06,0.04541732530832194,0.005693147581421863
CBBT,5,batch,11,tail,excess,0.025,0.0010990746319293977,1.0819626724172782e-05,0.11354331327080486,0.014232868953554656
CBBT,5,batch,11,tail,excess,0.05,0.0021981492638587954,2.1639253448345563e-05,0.22708662654160972,0.028465737907109313
CBBT,5,batch,11,tail,excess,0.1,0.004396298527717591,4.327850689669113e-05,0.45417325308321943,0.056931475814218625
CBBT,5,batch,11,body,excess,1.0,0.016319742426276207,0.0,0.0,0.0
CBBT,5,batch,11,excess,excess,2.0,0.0008628912037238479,0.0008446280198652631,8.863694312355621,1.1110808374178691
CBBT,5,batch,11,gate,excess,0.5,0.0021457176189869642,0.0,0.0,0.0
CBBT,5,batch,11,amp_true,excess,0.0001,1.1125853285193444e-06,1.0417590669650067e-06,0.010932426700899207,0.0013704003529219657
CBBT,5,batch,11,amp_true,excess,0.0003,3.337755985558033e-06,3.1252772008950197e-06,0.03279728010269762,0.004111201058765897
CBBT,5,batch,11,amp_true,excess,0.0007,7.78809729963541e-06,7.292313468755047e-06,0.07652698690629445,0.00959280247045376
CBBT,5,batch,11,amp_true,excess,0.001,1.1125853285193443e-05,1.0417590669650068e-05,0.10932426700899207,0.013704003529219657
CBBT,5,batch,11,amp_true,excess,0.003,3.337755985558033e-05,3.12527720089502e-05,0.3279728010269762,0.04111201058765897
CBBT,5,batch,11,tail,full,0.01,0.00043962985277175905,0.002698248640304072,0.01480932508188027,0.0073316290152764235
CBBT,5,batch,11,tail,full,0.025,0.0010990746319293977,0.00674562160076018,0.037023312704700675,0.01832907253819106
CBBT,5,batch,11,tail,full,0.05,0.0021981492638587954,0.01349124320152036,0.07404662540940135,0.03665814507638212
CBBT,5,batch,11,tail,full,0.1,0.004396298527717591,0.02698248640304072,0.1480932508188027,0.07331629015276424
CBBT,5,batch,11,body,full,1.0,0.016319742426276207,0.18620006377974296,1.0219581819080634,0.5059392117770296
CBBT,5,batch,11,excess,full,2.0,0.0008628912037238479,0.0008467088691308679,0.004647157680493511,0.002300660961960938
CBBT,5,batch,11,gate,full,0.5,0.0021457176189869642,0.0032728025765517924,0.0179627616821513,0.008892795857691791
CBBT,5,batch,11,amp_true,full,0.0001,1.1125853285193444e-06,1.044170801271983e-06,5.730926574395156e-06,2.8372007046197902e-06
CBBT,5,batch,11,amp_true,full,0.0003,3.337755985558033e-06,3.1325124038159492e-06,1.7192779723185463e-05,8.51160211385937e-06
CBBT,5,batch,11,amp_true,full,0.0007,7.78809729963541e-06,7.309195608903882e-06,4.0116486020766086e-05,1.986040493233853e-05
CBBT,5,batch,11,amp_true,full,0.001,1.1125853285193443e-05,1.0441708012719832e-05,5.730926574395155e-05,2.83720070461979e-05
CBBT,5,batch,11,amp_true,full,0.003,3.337755985558033e-05,3.132512403815949e-05,0.00017192779723185467,8.51160211385937e-05
CBBT,5,accum4,2,tail,shared,0.01,0.000494007058441639,0.0013130951889098442,0.008460034079518071,0.00422231096235265
CBBT,5,accum4,2,tail,shared,0.025,0.0012350176461040975,0.0032827379722746106,0.021150085198795177,0.010555777405881626
CBBT,5,accum4,2,tail,shared,0.05,0.002470035292208195,0.006565475944549221,0.042300170397590355,0.02111155481176325
CBBT,5,accum4,2,tail,shared,0.1,0.00494007058441639,0.013130951889098443,0.08460034079518071,0.0422231096235265
CBBT,5,accum4,2,body,shared,1.0,0.01717379828915,0.15652377966013492,1.0084543156989947,0.5033085767959772
CBBT,5,accum4,2,excess,shared,2.0,0.0010768453939817846,5.661265873145094e-05,0.000364745089499437,0.00018204030567516363
CBBT,5,accum4,2,gate,shared,0.5,0.002740698750130832,0.0016242713364345135,0.010464885544229816,0.005222910515235702
CBBT,5,accum4,2,amp_true,shared,0.0001,1.4289399492554367e-06,7.43278115319396e-08,4.788806050978373e-07,2.3900409969481494e-07
CBBT,5,accum4,2,amp_true,shared,0.0003,4.28681984776631e-06,2.2298343459581874e-07,1.4366418152935118e-06,7.170122990844448e-07
CBBT,5,accum4,2,amp_true,shared,0.0007,1.0002579644788057e-05,5.20294680723577e-07,3.352164235684861e-06,1.6730286978637046e-06
CBBT,5,accum4,2,amp_true,shared,0.001,1.4289399492554366e-05,7.432781153193959e-07,4.788806050978373e-06,2.3900409969481497e-06
CBBT,5,accum4,2,amp_true,shared,0.003,4.28681984776631e-05,2.2298343459581876e-06,1.436641815293512e-05,7.170122990844449e-06
CBBT,5,accum4,2,tail,temporal,0.01,0.000494007058441639,3.5201734071874234e-05,0.011237020786941688,0.005606585447574092
CBBT,5,accum4,2,tail,temporal,0.025,0.0012350176461040975,8.800433517968558e-05,0.028092551967354218,0.01401646361893523
CBBT,5,accum4,2,tail,temporal,0.05,0.002470035292208195,0.00017600867035937116,0.056185103934708436,0.02803292723787046
CBBT,5,accum4,2,tail,temporal,0.1,0.00494007058441639,0.0003520173407187423,0.11237020786941687,0.05606585447574092
CBBT,5,accum4,2,body,temporal,1.0,0.01717379828915,0.0031653566401625946,1.0104382440639572,0.5041468252354403
CBBT,5,accum4,2,excess,temporal,2.0,0.0010768453939817846,1.3436516594009943e-06,0.00042891755264867196,0.00021400360064152094
CBBT,5,accum4,2,gate,temporal,0.5,0.002740698750130832,4.500428319133024e-05,0.014366169140697185,0.007167838911112518
CBBT,5,accum4,2,amp_true,temporal,0.0001,1.4289399492554367e-06,1.7591493201773657e-09,5.615518098570455e-07,2.8017997518186335e-07
CBBT,5,accum4,2,amp_true,temporal,0.0003,4.28681984776631e-06,5.2774479605320966e-09,1.684655429571136e-06,8.405399255455898e-07
CBBT,5,accum4,2,amp_true,temporal,0.0007,1.0002579644788057e-05,1.231404524124156e-08,3.930862668999317e-06,1.961259826273043e-06
CBBT,5,accum4,2,amp_true,temporal,0.001,1.4289399492554366e-05,1.7591493201773657e-08,5.615518098570454e-06,2.8017997518186333e-06
CBBT,5,accum4,2,amp_true,temporal,0.003,4.28681984776631e-05,5.277447960532097e-08,1.684655429571136e-05,8.405399255455899e-06
CBBT,5,accum4,2,tail,excess,0.01,0.000494007058441639,4.923681439312598e-06,0.05394069573215373,0.006626135638017208
CBBT,5,accum4,2,tail,excess,0.025,0.0012350176461040975,1.2309203598281496e-05,0.13485173933038433,0.01656533909504302
CBBT,5,accum4,2,tail,excess,0.05,0.002470035292208195,2.461840719656299e-05,0.26970347866076866,0.03313067819008604
CBBT,5,accum4,2,tail,excess,0.1,0.00494007058441639,4.923681439312598e-05,0.5394069573215373,0.06626135638017208
CBBT,5,accum4,2,body,excess,1.0,0.01717379828915,0.0,0.0,0.0
CBBT,5,accum4,2,excess,excess,2.0,0.0010768453939817846,0.0008214594539808854,8.999382882429183,1.105494299397408
CBBT,5,accum4,2,gate,excess,0.5,0.002740698750130832,0.0,0.0,0.0
CBBT,5,accum4,2,amp_true,excess,0.0001,1.4289399492554367e-06,1.096059632821706e-06,0.012007726309479909,0.0014750425842834198
CBBT,5,accum4,2,amp_true,excess,0.0003,4.28681984776631e-06,3.288178898465118e-06,0.036023178928439724,0.004425127752850259
CBBT,5,accum4,2,amp_true,excess,0.0007,1.0002579644788057e-05,7.672417429751942e-06,0.08405408416635936,0.010325298089983937
CBBT,5,accum4,2,amp_true,excess,0.001,1.4289399492554366e-05,1.0960596328217061e-05,0.12007726309479907,0.014750425842834198
CBBT,5,accum4,2,amp_true,excess,0.003,4.28681984776631e-05,3.2881788984651184e-05,0.36023178928439725,0.044251277528502594
CBBT,5,accum4,2,tail,full,0.01,0.000494007058441639,0.003105253592850306,0.01603478641776664,0.007952094055552117
CBBT,5,accum4,2,tail,full,0.025,0.0012350176461040975,0.007763133982125765,0.0400869660444166,0.019880235138880292
CBBT,5,accum4,2,tail,full,0.05,0.002470035292208195,0.01552626796425153,0.0801739320888332,0.039760470277760585
CBBT,5,accum4,2,tail,full,0.1,0.00494007058441639,0.03105253592850306,0.1603478641776664,0.07952094055552117
CBBT,5,accum4,2,body,full,1.0,0.01717379828915,0.1973853785101848,1.0192508572208627,0.5054746893193311
CBBT,5,accum4,2,excess,full,2.0,0.0010768453939817846,0.0008234079351471045,0.004251881522712901,0.002108625640576911
CBBT,5,accum4,2,gate,full,0.5,0.002740698750130832,0.004799126045069683,0.024781538390878575,0.012289850266243194
CBBT,5,accum4,2,amp_true,full,0.0001,1.4289399492554367e-06,1.098576962378322e-06,5.672788527086468e-06,2.81329272179552e-06
CBBT,5,accum4,2,amp_true,full,0.0003,4.28681984776631e-06,3.2957308871349654e-06,1.7018365581259403e-05,8.43987816538656e-06
CBBT,5,accum4,2,amp_true,full,0.0007,1.0002579644788057e-05,7.690038736648254e-06,3.9709519689605276e-05,1.969304905256864e-05
CBBT,5,accum4,2,amp_true,full,0.001,1.4289399492554366e-05,1.0985769623783219e-05,5.672788527086468e-05,2.81329272179552e-05
CBBT,5,accum4,2,amp_true,full,0.003,4.28681984776631e-05,3.2957308871349656e-05,0.00017018365581259403,8.43987816538656e-05
CBBT,5,batch,12,tail,shared,0.01,0.0003012314438819885,0.0007438414698121719,0.004019156061218301,0.002008745783169759
CBBT,5,batch,12,tail,shared,0.025,0.0007530786097049713,0.0018596036745304298,0.010047890153045753,0.005021864457924397
CBBT,5,batch,12,tail,shared,0.05,0.0015061572194099426,0.0037192073490608596,0.020095780306091507,0.010043728915848794
CBBT,5,batch,12,tail,shared,0.1,0.0030123144388198853,0.007438414698121719,0.040191560612183014,0.02008745783169759
CBBT,5,batch,12,body,shared,1.0,0.01929537206888199,0.1854683554687876,1.0021305550963653,0.500857766176215
CBBT,5,batch,12,excess,shared,2.0,0.0006652816664427519,3.9413737096305064e-05,0.0002129619909278241,0.00010643689738238999
CBBT,5,batch,12,gate,shared,0.5,0.0017583809094503522,0.0009211293240718508,0.00497708538210989,0.002487512085001882
CBBT,5,batch,12,amp_true,shared,0.0001,8.168785832822323e-07,4.7022016323296754e-08,2.540713708314834e-07,1.269830748068038e-07
CBBT,5,batch,12,amp_true,shared,0.0003,2.4506357498466965e-06,1.4106604896989022e-07,7.622141124944502e-07,3.8094922442041133e-07
CBBT,5,batch,12,amp_true,shared,0.0007,5.718150082975626e-06,3.2915411426307726e-07,1.778499595820384e-06,8.888815236476265e-07
CBBT,5,batch,12,amp_true,shared,0.001,8.168785832822322e-06,4.702201632329675e-07,2.5407137083148344e-06,1.269830748068038e-06
CBBT,5,batch,12,amp_true,shared,0.003,2.450635749846697e-05,1.4106604896989026e-06,7.622141124944503e-06,3.8094922442041137e-06
CBBT,5,batch,12,tail,temporal,0.01,0.0003012314438819885,2.142446239295976e-05,0.005707389689404715,0.0028517309409968744
CBBT,5,batch,12,tail,temporal,0.025,0.0007530786097049713,5.35611559823994e-05,0.014268474223511789,0.007129327352492186
CBBT,5,batch,12,tail,temporal,0.05,0.0015061572194099426,0.0001071223119647988,0.028536948447023577,0.014258654704984372
CBBT,5,batch,12,tail,temporal,0.1,0.0030123144388198853,0.0002142446239295976,0.057073896894047155,0.028517309409968744
CBBT,5,batch,12,body,temporal,1.0,0.01929537206888199,0.003766680758051416,1.0034284420992596,0.5013689429202454
CBBT,5,batch,12,excess,temporal,2.0,0.0006652816664427519,9.385484054065081e-07,0.00025002547992917574,0.0001249267065950057
CBBT,5,batch,12,gate,temporal,0.5,0.0017583809094503522,2.695358886157741e-05,0.007180326504322083,0.0035876925132425842
CBBT,5,batch,12,amp_true,temporal,0.0001,8.168785832822323e-07,1.1080796187749682e-09,2.9518790601317286e-07,1.474923793180911e-07
CBBT,5,batch,12,amp_true,temporal,0.0003,2.4506357498466965e-06,3.3242388563249043e-09,8.855637180395184e-07,4.424771379542732e-07
CBBT,5,batch,12,amp_true,temporal,0.0007,5.718150082975626e-06,7.756557331424777e-09,2.0663153420922097e-06,1.0324466552266376e-06
CBBT,5,batch,12,amp_true,temporal,0.001,8.168785832822322e-06,1.1080796187749683e-08,2.9518790601317284e-06,1.4749237931809109e-06
CBBT,5,batch,12,amp_true,temporal,0.003,2.450635749846697e-05,3.324238856324905e-08,8.855637180395185e-06,4.424771379542733e-06
CBBT,5,batch,12,tail,excess,0.01,0.0003012314438819885,3.441398049920578e-06,0.031885890967525365,0.007055747172569448
CBBT,5,batch,12,tail,excess,0.025,0.0007530786097049713,8.603495124801446e-06,0.07971472741881341,0.01763936793142362
CBBT,5,batch,12,tail,excess,0.05,0.0015061572194099426,1.7206990249602892e-05,0.15942945483762683,0.03527873586284724
CBBT,5,batch,12,tail,excess,0.1,0.0030123144388198853,3.4413980499205784e-05,0.31885890967525365,0.07055747172569447
CBBT,5,batch,12,body,excess,1.0,0.01929537206888199,0.0,0.0,0.0
CBBT,5,batch,12,excess,excess,2.0,0.0006652816664427519,0.0005764171643193031,5.3407291416695095,1.181802778513309
CBBT,5,batch,12,gate,excess,0.5,0.0017583809094503522,0.0,0.0,0.0
CBBT,5,batch,12,amp_true,excess,0.0001,8.168785832822323e-07,6.964319598414757e-07,0.006452712884613214,0.0014278638391312783
CBBT,5,batch,12,amp_true,excess,0.0003,2.4506357498466965e-06,2.0892958795244265e-06,0.019358138653839636,0.004283591517393834
CBBT,5,batch,12,amp_true,excess,0.0007,5.718150082975626e-06,4.87502371889033e-06,0.04516899019229249,0.009995046873918948
CBBT,5,batch,12,amp_true,excess,0.001,8.168785832822322e-06,6.964319598414756e-06,0.06452712884613213,0.014278638391312782
CBBT,5,batch,12,amp_true,excess,0.003,2.450635749846697e-05,2.089295879524427e-05,0.1935813865383964,0.042835915173938345
CBBT,5,batch,12,tail,full,0.01,0.0003012314438819885,0.001907724552580467,0.00832094558166662,0.004144738636963744
CBBT,5,batch,12,tail,full,0.025,0.0007530786097049713,0.0047693113814511676,0.020802363954166556,0.01036184659240936
CBBT,5,batch,12,tail,full,0.05,0.0015061572194099426,0.009538622762902335,0.04160472790833311,0.02072369318481872
CBBT,5,batch,12,tail,full,0.1,0.0030123144388198853,0.01907724552580467,0.08320945581666622,0.04144738636963744
CBBT,5,batch,12,body,full,1.0,0.01929537206888199,0.23118808139558916,1.0083758904400166,0.5022811978121775
CBBT,5,batch,12,excess,full,2.0,0.0006652816664427519,0.0005777630915814918,0.0025200363635526895,0.0012552530214334622
CBBT,5,batch,12,gate,full,0.5,0.0017583809094503522,0.0024164443113882488,0.010539834793755625,0.005249987524632266
CBBT,5,batch,12,amp_true,full,0.0001,8.168785832822323e-07,6.980175819474372e-07,3.0445518492566346e-06,1.516518953044989e-06
CBBT,5,batch,12,amp_true,full,0.0003,2.4506357498466965e-06,2.0940527458423116e-06,9.133655547769902e-06,4.549556859134966e-06
CBBT,5,batch,12,amp_true,full,0.0007,5.718150082975626e-06,4.88612307363206e-06,2.131186294479644e-05,1.0615632671314922e-05
CBBT,5,batch,12,amp_true,full,0.001,8.168785832822322e-06,6.9801758194743725e-06,3.0445518492566343e-05,1.5165189530449889e-05
CBBT,5,batch,12,amp_true,full,0.003,2.450635749846697e-05,2.0940527458423116e-05,9.133655547769903e-05,4.5495568591349667e-05
CBBT,5,batch,13,tail,shared,0.01,0.0005547085776925087,0.0012030234205218256,0.00747694616713086,0.0037319311900863112
CBBT,5,batch,13,tail,shared,0.025,0.0013867714442312717,0.003007558551304564,0.01869236541782715,0.009329827975215779
CBBT,5,batch,13,tail,shared,0.05,0.0027735428884625435,0.006015117102609128,0.0373847308356543,0.018659655950431557
CBBT,5,batch,13,tail,shared,0.1,0.005547085776925087,0.012030234205218256,0.0747694616713086,0.037319311900863114
CBBT,5,batch,13,body,shared,1.0,0.01624053530395031,0.16193028674290957,1.0064176774543794,0.5023282817331656
CBBT,5,batch,13,excess,shared,2.0,0.0015139052411541343,7.656026350470148e-05,0.00047583194059323065,0.00023749964499484875
CBBT,5,batch,13,gate,shared,0.5,0.0026504811830818653,0.0015980704618223976,0.009932214627330477,0.004957417202936693
CBBT,5,batch,13,amp_true,shared,0.0001,1.9246166571974755e-06,9.477309307564641e-08,5.890270321684356e-07,2.9399815165405685e-07
CBBT,5,batch,13,amp_true,shared,0.0003,5.773849971592426e-06,2.843192792269392e-07,1.7670810965053066e-06,8.819944549621704e-07
CBBT,5,batch,13,amp_true,shared,0.0007,1.3472316600382328e-05,6.634116515295249e-07,4.123189225179049e-06,2.0579870615783977e-06
CBBT,5,batch,13,amp_true,shared,0.001,1.9246166571974755e-05,9.477309307564642e-07,5.890270321684356e-06,2.9399815165405685e-06
CBBT,5,batch,13,amp_true,shared,0.003,5.773849971592426e-05,2.8431927922693923e-06,1.7670810965053068e-05,8.819944549621706e-06
CBBT,5,batch,13,tail,temporal,0.01,0.0005547085776925087,3.602354117700012e-05,0.011086568444817035,0.005530429621825387
CBBT,5,batch,13,tail,temporal,0.025,0.0013867714442312717,9.00588529425003e-05,0.02771642111204259,0.013826074054563467
CBBT,5,batch,13,tail,temporal,0.05,0.0027735428884625435,0.0001801177058850006,0.05543284222408518,0.027652148109126935
CBBT,5,batch,13,tail,temporal,0.1,0.005547085776925087,0.0003602354117700012,0.11086568444817035,0.05530429621825387
CBBT,5,batch,13,body,temporal,1.0,0.01624053530395031,0.003280342772070013,1.0095549598059697,0.5036069260170264
CBBT,5,batch,13,excess,temporal,2.0,0.0015139052411541343,1.8621702193041166e-06,0.0005730996153536471,0.0002858853129157633
CBBT,5,batch,13,gate,temporal,0.5,0.0026504811830818653,4.800872730516857e-05,0.01477511715469921,0.00737042719620692
CBBT,5,batch,13,amp_true,temporal,0.0001,1.9246166571974755e-06,2.279932461817674e-09,7.016696988035192e-07,3.500212808242236e-07
CBBT,5,batch,13,amp_true,temporal,0.0003,5.773849971592426e-06,6.839797385453022e-09,2.1050090964105574e-06,1.0500638424726707e-06
CBBT,5,batch,13,amp_true,temporal,0.0007,1.3472316600382328e-05,1.595952723272372e-08,4.9116878916246344e-06,2.450148965769565e-06
CBBT,5,batch,13,amp_true,temporal,0.001,1.9246166571974755e-05,2.279932461817674e-08,7.016696988035192e-06,3.500212808242236e-06
CBBT,5,batch,13,amp_true,temporal,0.003,5.773849971592426e-05,6.839797385453022e-08,2.1050090964105575e-05,1.0500638424726709e-05
CBBT,5,batch,13,tail,excess,0.01,0.0005547085776925087,5.774475657576115e-06,0.07264365064419658,0.0053999443065531096
CBBT,5,batch,13,tail,excess,0.025,0.0013867714442312717,1.4436189143940287e-05,0.18160912661049144,0.013499860766382774
CBBT,5,batch,13,tail,excess,0.05,0.0027735428884625435,2.8872378287880574e-05,0.3632182532209829,0.026999721532765548
CBBT,5,batch,13,tail,excess,0.1,0.005547085776925087,5.774475657576115e-05,0.7264365064419658,0.053999443065531096
CBBT,5,batch,13,body,excess,1.0,0.01624053530395031,0.0,0.0,0.0
CBBT,5,batch,13,excess,excess,2.0,0.0015139052411541343,0.001129997061273342,14.215509184874842,1.05670567498869
CBBT,5,batch,13,gate,excess,0.5,0.0026504811830818653,0.0,0.0,0.0
CBBT,5,batch,13,amp_true,excess,0.0001,1.9246166571974755e-06,1.3677350371569848e-06,0.01720628367057058,0.0012790240126961195
CBBT,5,batch,13,amp_true,excess,0.0003,5.773849971592426e-06,4.103205111470954e-06,0.051618851011711736,0.003837072038088358
CBBT,5,batch,13,amp_true,excess,0.0007,1.3472316600382328e-05,9.574145260098893e-06,0.12044398569399405,0.008953168088872835
CBBT,5,batch,13,amp_true,excess,0.001,1.9246166571974755e-05,1.3677350371569848e-05,0.1720628367057058,0.012790240126961195
CBBT,5,batch,13,amp_true,excess,0.003,5.773849971592426e-05,4.103205111470954e-05,0.5161885101171174,0.038370720380883586
CBBT,5,batch,13,tail,full,0.01,0.0005547085776925087,0.003166215106464847,0.016168620454084452,0.008014662026686664
CBBT,5,batch,13,tail,full,0.025,0.0013867714442312717,0.007915537766162118,0.040421551135211134,0.02003665506671666
CBBT,5,batch,13,tail,full,0.05,0.0027735428884625435,0.015831075532324237,0.08084310227042227,0.04007331013343332
CBBT,5,batch,13,tail,full,0.1,0.005547085776925087,0.031662151064648474,0.16168620454084454,0.08014662026686664
CBBT,5,batch,13,body,full,1.0,0.01624053530395031,0.1996046652372751,1.0193028472691097,0.5052606588731953
CBBT,5,batch,13,excess,full,2.0,0.0015139052411541343,0.0011325876709704632,0.005783681641056632,0.002866926943746247
CBBT,5,batch,13,gate,full,0.5,0.0026504811830818653,0.00462258709940561,0.023605741812560036,0.011701186446559306
CBBT,5,batch,13,amp_true,full,0.0001,1.9246166571974755e-06,1.371014613721511e-06,7.001234654273617e-06,3.470458700102307e-06
CBBT,5,batch,13,amp_true,full,0.0003,5.773849971592426e-06,4.113043841164532e-06,2.100370396282085e-05,1.0411376100306918e-05
CBBT,5,batch,13,amp_true,full,0.0007,1.3472316600382328e-05,9.597102296050575e-06,4.900864257991531e-05,2.4293210900716144e-05
CBBT,5,batch,13,amp_true,full,0.001,1.9246166571974755e-05,1.371014613721511e-05,7.001234654273616e-05,3.4704587001023064e-05
CBBT,5,batch,13,amp_true,full,0.003,5.773849971592426e-05,4.1130438411645326e-05,0.0002100370396282085,0.00010411376100306919
CBBT,5,batch,14,tail,shared,0.01,0.0005455808341503143,0.0014509920099311214,0.00875192035648506,0.004366970784707386
CBBT,5,batch,14,tail,shared,0.025,0.001363952085375786,0.0036274800248278036,0.02187980089121265,0.010917426961768464
CBBT,5,batch,14,tail,shared,0.05,0.002727904170751572,0.007254960049655607,0.0437596017824253,0.02183485392353693
CBBT,5,batch,14,tail,shared,0.1,0.005455808341503144,0.014509920099311215,0.0875192035648506,0.04366970784707386
CBBT,5,batch,14,body,shared,1.0,0.01854591630399227,0.16729352097225647,1.0090610848881618,0.5034941016603919
CBBT,5,batch,14,excess,shared,2.0,0.0012274745386093855,6.355852935899215e-05,0.0003833647484741301,0.00019128860733207007
CBBT,5,batch,14,gate,shared,0.5,0.003056697314605117,0.001891987829634112,0.011411866286694996,0.00569421162934337
CBBT,5,batch,14,amp_true,shared,0.0001,1.5498640947043896e-06,8.210142779431672e-08,4.952095892269442e-07,2.4709614808806817e-07
CBBT,5,batch,14,amp_true,shared,0.0003,4.6495922841131686e-06,2.463042833829501e-07,1.4856287676808325e-06,7.412884442642044e-07
CBBT,5,batch,14,amp_true,shared,0.0007,1.0849048662930726e-05,5.747099945602169e-07,3.466467124588609e-06,1.729673036616477e-06
CBBT,5,batch,14,amp_true,shared,0.001,1.5498640947043896e-05,8.210142779431671e-07,4.9520958922694415e-06,2.4709614808806815e-06
CBBT,5,batch,14,amp_true,shared,0.003,4.6495922841131686e-05,2.4630428338295013e-06,1.4856287676808325e-05,7.412884442642044e-06
CBBT,5,batch,14,tail,temporal,0.01,0.0005455808341503143,3.871575484732354e-05,0.01154643980044159,0.005761106560232439
CBBT,5,batch,14,tail,temporal,0.025,0.001363952085375786,9.678938711830886e-05,0.028866099501103977,0.014402766400581097
CBBT,5,batch,14,tail,temporal,0.05,0.002727904170751572,0.0001935787742366177,0.057732199002207954,0.028805532801162194
CBBT,5,batch,14,tail,temporal,0.1,0.005455808341503144,0.0003871575484732354,0.11546439800441591,0.05761106560232439
CBBT,5,batch,14,body,temporal,1.0,0.01854591630399227,0.003387892413423084,1.010392176420827,0.504136088403885
CBBT,5,batch,14,excess,temporal,2.0,0.0012274745386093855,1.4822845760190607e-06,0.0004420709267227514,0.00022057168790098176
CBBT,5,batch,14,gate,temporal,0.5,0.003056697314605117,5.178706546088316e-05,0.015444777872565558,0.007706185859953755
CBBT,5,batch,14,amp_true,temporal,0.0001,1.5498640947043896e-06,1.877817241285798e-09,5.600330877763235e-07,2.794290146311604e-07
CBBT,5,batch,14,amp_true,temporal,0.0003,4.6495922841131686e-06,5.633451723857393e-09,1.68009926332897e-06,8.382870438934812e-07
CBBT,5,batch,14,amp_true,temporal,0.0007,1.0849048662930726e-05,1.3144720689000584e-08,3.9202316144342635e-06,1.9560031024181226e-06
CBBT,5,batch,14,amp_true,temporal,0.001,1.5498640947043896e-05,1.8778172412857977e-08,5.600330877763234e-06,2.794290146311604e-06
CBBT,5,batch,14,amp_true,temporal,0.003,4.6495922841131686e-05,5.6334517238573926e-08,1.6800992633289704e-05,8.382870438934811e-06
CBBT,5,batch,14,tail,excess,0.01,0.0005455808341503143,5.385659971148094e-06,0.061179877888181564,0.006904095200648108
CBBT,5,batch,14,tail,excess,0.025,0.001363952085375786,1.3464149927870236e-05,0.15294969472045392,0.01726023800162027
CBBT,5,batch,14,tail,excess,0.05,0.002727904170751572,2.692829985574047e-05,0.30589938944090783,0.03452047600324054
CBBT,5,batch,14,tail,excess,0.1,0.005455808341503144,5.385659971148094e-05,0.6117987788818157,0.06904095200648108
CBBT,5,batch,14,body,excess,1.0,0.01854591630399227,0.0,0.0,0.0
CBBT,5,batch,14,excess,excess,2.0,0.0012274745386093855,0.000854976156353551,9.712335558359879,1.096028492212956
CBBT,5,batch,14,gate,excess,0.5,0.003056697314605117,0.0,0.0,0.0
CBBT,5,batch,14,amp_true,excess,0.0001,1.5498640947043896e-06,1.1396255143792623e-06,0.012945887817183576,0.0014609320095425016
CBBT,5,batch,14,amp_true,excess,0.0003,4.6495922841131686e-06,3.4188765431377866e-06,0.03883766345155072,0.0043827960286275044
CBBT,5,batch,14,amp_true,excess,0.0007,1.0849048662930726e-05,7.977378600654836e-06,0.09062121472028502,0.010226524066797511
CBBT,5,batch,14,amp_true,excess,0.001,1.5498640947043896e-05,1.1396255143792623e-05,0.12945887817183574,0.014609320095425015
CBBT,5,batch,14,amp_true,excess,0.003,4.6495922841131686e-05,3.418876543137787e-05,0.38837663451550725,0.04382796028627505
CBBT,5,batch,14,tail,full,0.01,0.0005455808341503143,0.0034276013678754954,0.01705204946696453,0.008459493816421445
CBBT,5,batch,14,tail,full,0.025,0.001363952085375786,0.008569003419688739,0.042630123667411327,0.02114873454105361
CBBT,5,batch,14,tail,full,0.05,0.002727904170751572,0.017138006839377478,0.08526024733482265,0.04229746908210722
CBBT,5,batch,14,tail,full,0.1,0.005455808341503144,0.034276013678754956,0.1705204946696453,0.08459493816421444
CBBT,5,batch,14,body,full,1.0,0.01854591630399227,0.20486744247635644,1.019199547537418,0.5056232265098588
CBBT,5,batch,14,excess,full,2.0,0.0012274745386093855,0.000857335357131251,0.00426517653324464,0.00211594709356375
CBBT,5,batch,14,gate,full,0.5,0.003056697314605117,0.005573753721384241,0.027728990034985336,0.013756306547844373
CBBT,5,batch,14,amp_true,full,0.0001,1.5498640947043896e-06,1.1425790814950462e-06,5.684241814166571e-06,2.819943055592494e-06
CBBT,5,batch,14,amp_true,full,0.0003,4.6495922841131686e-06,3.427737244485138e-06,1.705272544249971e-05,8.459829166777481e-06
CBBT,5,batch,14,amp_true,full,0.0007,1.0849048662930726e-05,7.998053570465323e-06,3.978969269916599e-05,1.9739601389147457e-05
CBBT,5,batch,14,amp_true,full,0.001,1.5498640947043896e-05,1.142579081495046e-05,5.6842418141665704e-05,2.819943055592494e-05
CBBT,5,batch,14,amp_true,full,0.003,4.6495922841131686e-05,3.4277372444851385e-05,0.00017052725442499712,8.459829166777482e-05
CBBT,5,batch,15,tail,shared,0.01,0.0005295573920011521,0.001348131881380815,0.008904346220385388,0.004444370484797364
CBBT,5,batch,15,tail,shared,0.025,0.0013238934800028801,0.0033703297034520375,0.02226086555096347,0.011110926211993409
CBBT,5,batch,15,tail,shared,0.05,0.0026477869600057603,0.006740659406904075,0.04452173110192694,0.022221852423986818
CBBT,5,batch,15,tail,shared,0.1,0.0052955739200115206,0.01348131881380815,0.08904346220385388,0.044443704847973636
CBBT,5,batch,15,body,shared,1.0,0.016499239951372147,0.15264813259980192,1.0082335722019642,0.5032332996910672
CBBT,5,batch,15,excess,shared,2.0,0.001210841117426753,6.300109932720402e-05,0.00041611923018965315,0.00020769498164587892
CBBT,5,batch,15,gate,shared,0.5,0.002863263711333275,0.0017530267962269877,0.011578657654197822,0.00577918277863893
CBBT,5,batch,15,amp_true,shared,0.0001,1.592761091887951e-06,8.372016769792219e-08,5.529676800221341e-07,2.7599929015685547e-07
CBBT,5,batch,15,amp_true,shared,0.0003,4.778283275663852e-06,2.511605030937665e-07,1.6589030400664022e-06,8.279978704705662e-07
CBBT,5,batch,15,amp_true,shared,0.0007,1.1149327643215657e-05,5.860411738854553e-07,3.870773760154939e-06,1.931995031097988e-06
CBBT,5,batch,15,amp_true,shared,0.001,1.592761091887951e-05,8.372016769792218e-07,5.529676800221341e-06,2.7599929015685546e-06
CBBT,5,batch,15,amp_true,shared,0.003,4.7782832756638526e-05,2.5116050309376655e-06,1.6589030400664025e-05,8.279978704705662e-06
CBBT,5,batch,15,tail,temporal,0.01,0.0005295573920011521,3.69845675880431e-05,0.012070242669135535,0.006022411521142708
CBBT,5,batch,15,tail,temporal,0.025,0.0013238934800028801,9.246141897010775e-05,0.03017560667283884,0.01505602880285677
CBBT,5,batch,15,tail,temporal,0.05,0.0026477869600057603,0.0001849228379402155,0.06035121334567768,0.03011205760571354
CBBT,5,batch,15,tail,temporal,0.1,0.0052955739200115206,0.000369845675880431,0.12070242669135536,0.06022411521142708
CBBT,5,batch,15,body,temporal,1.0,0.016499239951372147,0.0030959554876125376,1.0103926168493675,0.504132377731803
CBBT,5,batch,15,excess,temporal,2.0,0.001210841117426753,1.4859549006323109e-06,0.00048495460176264786,0.00024196664979691878
CBBT,5,batch,15,gate,temporal,0.5,0.002863263711333275,4.9355900911485723e-05,0.016107737362002824,0.008036907436544047
CBBT,5,batch,15,amp_true,temporal,0.0001,1.592761091887951e-06,1.964500682943e-09,6.411322752485136e-07,3.198910334177747e-07
CBBT,5,batch,15,amp_true,temporal,0.0003,4.778283275663852e-06,5.893502048828999e-09,1.9233968257455405e-06,9.59673100253324e-07
CBBT,5,batch,15,amp_true,temporal,0.0007,1.1149327643215657e-05,1.3751504780600999e-08,4.4879259267395945e-06,2.239237233924423e-06
CBBT,5,batch,15,amp_true,temporal,0.001,1.592761091887951e-05,1.9645006829429998e-08,6.411322752485136e-06,3.198910334177747e-06
CBBT,5,batch,15,amp_true,temporal,0.003,4.7782832756638526e-05,5.893502048829e-08,1.923396825745541e-05,9.59673100253324e-06
CBBT,5,batch,15,tail,excess,0.01,0.0005295573920011521,5.380773027561635e-06,0.06628170959635388,0.006400664191258382
CBBT,5,batch,15,tail,excess,0.025,0.0013238934800028801,1.3451932568904089e-05,0.1657042739908847,0.016001660478145954
CBBT,5,batch,15,tail,excess,0.05,0.0026477869600057603,2.6903865137808177e-05,0.3314085479817694,0.03200332095629191
CBBT,5,batch,15,tail,excess,0.1,0.0052955739200115206,5.3807730275616354e-05,0.6628170959635388,0.06400664191258382
CBBT,5,batch,15,body,excess,1.0,0.016499239951372147,0.0,0.0,0.0
CBBT,5,batch,15,excess,excess,2.0,0.001210841117426753,0.0009076299392856216,11.180412879066893,1.0796653978047677
CBBT,5,batch,15,gate,excess,0.5,0.002863263711333275,0.0,0.0,0.0
CBBT,5,batch,15,amp_true,excess,0.0001,1.592761091887951e-06,1.17080142007075e-06,0.014422225082274994,0.001392719352058838
CBBT,5,batch,15,amp_true,excess,0.0003,4.778283275663852e-06,3.5124042602122498e-06,0.04326667524682498,0.0041781580561765135
CBBT,5,batch,15,amp_true,excess,0.0007,1.1149327643215657e-05,8.19560994049525e-06,0.10095557557592495,0.009749035464411865
CBBT,5,batch,15,amp_true,excess,0.001,1.592761091887951e-05,1.17080142007075e-05,0.14422225082274995,0.013927193520588379
CBBT,5,batch,15,amp_true,excess,0.003,4.7782832756638526e-05,3.5124042602122504e-05,0.4326667524682498,0.04178158056176513
CBBT,5,batch,15,tail,full,0.01,0.0005295573920011521,0.003275581449348277,0.017710168123958158,0.008781470735305925
CBBT,5,batch,15,tail,full,0.025,0.0013238934800028801,0.008188953623370692,0.0442754203098954,0.02195367683826481
CBBT,5,batch,15,tail,full,0.05,0.0026477869600057603,0.016377907246741385,0.0885508406197908,0.04390735367652962
CBBT,5,batch,15,tail,full,0.1,0.0052955739200115206,0.03275581449348277,0.1771016812395816,0.08781470735305924
CBBT,5,batch,15,body,full,1.0,0.016499239951372147,0.18860662403452902,1.0197441500373214,0.50563345013863
CBBT,5,batch,15,excess,full,2.0,0.001210841117426753,0.0009098138519521767,0.0049191133020932585,0.002439110075276443
CBBT,5,batch,15,gate,full,0.5,0.002863263711333275,0.005143016290684715,0.02780687477345567,0.013787856521423185
CBBT,5,batch,15,amp_true,full,0.0001,1.592761091887951e-06,1.1737908807445441e-06,6.346364504076329e-06,3.1468032250207136e-06
CBBT,5,batch,15,amp_true,full,0.0003,4.778283275663852e-06,3.521372642233632e-06,1.903909351222898e-05,9.440409675062138e-06
CBBT,5,batch,15,amp_true,full,0.0007,1.1149327643215657e-05,8.216536165211808e-06,4.4424551528534296e-05,2.2027622575144993e-05
CBBT,5,batch,15,amp_true,full,0.001,1.592761091887951e-05,1.1737908807445441e-05,6.346364504076329e-05,3.1468032250207134e-05
CBBT,5,batch,15,amp_true,full,0.003,4.7782832756638526e-05,3.521372642233632e-05,0.00019039093512228985,9.44040967506214e-05
CBBT,5,accum4,3,tail,shared,0.01,0.0004827695619314909,0.001176856921307833,0.007103630790997338,0.0035466005755892503
CBBT,5,accum4,3,tail,shared,0.025,0.0012069239048287273,0.0029421423032695826,0.017759076977493345,0.008866501438973126
CBBT,5,accum4,3,tail,shared,0.05,0.0024138478096574546,0.005884284606539165,0.03551815395498669,0.01773300287794625
CBBT,5,accum4,3,tail,shared,0.1,0.004827695619314909,0.01176856921307833,0.07103630790997338,0.0354660057558925
CBBT,5,accum4,3,body,shared,1.0,0.01764526590704918,0.16672154631976874,1.0063485955825981,0.5024355309766287
CBBT,5,accum4,3,excess,shared,2.0,0.0011543756409082562,6.012108156406391e-05,0.0003628971019790052,0.00018118214595126938
CBBT,5,accum4,3,gate,shared,0.5,0.0025822057796176523,0.0015267058739134643,0.009215355459418158,0.004600912679478281
CBBT,5,accum4,3,amp_true,shared,0.0001,1.471030106768012e-06,7.626151141548079e-08,4.603224154530013e-07,2.2982328215470744e-07
CBBT,5,accum4,3,amp_true,shared,0.0003,4.4130903203040355e-06,2.2878453424644235e-07,1.3809672463590037e-06,6.894698464641222e-07
CBBT,5,accum4,3,amp_true,shared,0.0007,1.0297210747376085e-05,5.338305799083655e-07,3.2222569081710088e-06,1.6087629750829518e-06
CBBT,5,accum4,3,amp_true,shared,0.001,1.4710301067680121e-05,7.62615114154808e-07,4.603224154530013e-06,2.2982328215470743e-06
CBBT,5,accum4,3,amp_true,shared,0.003,4.413090320304036e-05,2.287845342464424e-06,1.3809672463590037e-05,6.894698464641222e-06
CBBT,5,accum4,3,tail,temporal,0.01,0.0004827695619314909,3.31783891263156e-05,0.009896750572458134,0.004939578189078297
CBBT,5,accum4,3,tail,temporal,0.025,0.0012069239048287273,8.294597281578901e-05,0.024741876431145338,0.012348945472695744
CBBT,5,accum4,3,tail,temporal,0.05,0.0024138478096574546,0.00016589194563157802,0.049483752862290675,0.024697890945391487
CBBT,5,accum4,3,tail,temporal,0.1,0.004827695619314909,0.00033178389126315604,0.09896750572458135,0.049395781890782975
CBBT,5,accum4,3,body,temporal,1.0,0.01764526590704918,0.003380331271308033,1.0083158443000317,0.5032616428736993
CBBT,5,accum4,3,excess,temporal,2.0,0.0011543756409082562,1.4351982266416215e-06,0.0004281039328651599,0.00021367143022926066
CBBT,5,accum4,3,gate,temporal,0.5,0.0025822057796176523,4.3835615761372416e-05,0.013075684709367723,0.006526219542947931
CBBT,5,accum4,3,amp_true,temporal,0.0001,1.471030106768012e-06,1.7977567115562628e-09,5.362511632646784e-07,2.6764891471566647e-07
CBBT,5,accum4,3,amp_true,temporal,0.0003,4.4130903203040355e-06,5.393270134668788e-09,1.6087534897940348e-06,8.029467441469993e-07
CBBT,5,accum4,3,amp_true,temporal,0.0007,1.0297210747376085e-05,1.258429698089384e-08,3.7537581428527483e-06,1.8735424030096652e-06
CBBT,5,accum4,3,amp_true,temporal,0.001,1.4710301067680121e-05,1.797756711556263e-08,5.362511632646784e-06,2.676489147156665e-06
CBBT,5,accum4,3,amp_true,temporal,0.003,4.413090320304036e-05,5.3932701346687883e-08,1.608753489794035e-05,8.029467441469994e-06
CBBT,5,accum4,3,tail,excess,0.01,0.0004827695619314909,4.992381721949791e-06,0.05604787792262123,0.006294176258118449
CBBT,5,accum4,3,tail,excess,0.025,0.0012069239048287273,1.2480954304874477e-05,0.1401196948065531,0.015735440645296122
CBBT,5,accum4,3,tail,excess,0.05,0.0024138478096574546,2.4961908609748953e-05,0.2802393896131062,0.031470881290592244
CBBT,5,accum4,3,tail,excess,0.1,0.004827695619314909,4.992381721949791e-05,0.5604787792262124,0.06294176258118449
CBBT,5,accum4,3,body,excess,1.0,0.01764526590704918,0.0,0.0,0.0
CBBT,5,accum4,3,excess,excess,2.0,0.0011543756409082562,0.0008663820857791098,9.726595457353907,1.092296594788482
CBBT,5,accum4,3,gate,excess,0.5,0.0025822057796176523,0.0,0.0,0.0
CBBT,5,accum4,3,amp_true,excess,0.0001,1.471030106768012e-06,1.0896056664384047e-06,0.012232655429337833,0.0013737271102998625
CBBT,5,accum4,3,amp_true,excess,0.0003,4.4130903203040355e-06,3.268816999315214e-06,0.036697966288013494,0.004121181330899587
CBBT,5,accum4,3,amp_true,excess,0.0007,1.0297210747376085e-05,7.627239665068833e-06,0.08562858800536483,0.009616089772099037
CBBT,5,accum4,3,amp_true,excess,0.001,1.4710301067680121e-05,1.0896056664384048e-05,0.12232655429337833,0.013737271102998624
CBBT,5,accum4,3,amp_true,excess,0.003,4.413090320304036e-05,3.268816999315214e-05,0.36697966288013495,0.04121181330899588
CBBT,5,accum4,3,tail,full,0.01,0.0004827695619314909,0.002937070263342786,0.014495811675436732,0.007196874672981654
CBBT,5,accum4,3,tail,full,0.025,0.0012069239048287273,0.007342675658356965,0.03623952918859183,0.017992186682454135
CBBT,5,accum4,3,tail,full,0.05,0.0024138478096574546,0.01468535131671393,0.07247905837718366,0.03598437336490827
CBBT,5,accum4,3,tail,full,0.1,0.004827695619314909,0.02937070263342786,0.14495811675436732,0.07196874672981654
CBBT,5,accum4,3,body,full,1.0,0.01764526590704918,0.20594204085376236,1.0164200283290337,0.5046318014318524
CBBT,5,accum4,3,excess,full,2.0,0.0011543756409082562,0.0008684655796330639,0.004286282710387654,0.00212805189321685
CBBT,5,accum4,3,gate,full,0.5,0.0025822057796176523,0.004418760239013075,0.021808642804050492,0.010827546091436501
CBBT,5,accum4,3,amp_true,full,0.0001,1.471030106768012e-06,1.092271178077154e-06,5.390867727452093e-06,2.676455812325199e-06
CBBT,5,accum4,3,amp_true,full,0.0003,4.4130903203040355e-06,3.2768135342314614e-06,1.6172603182356276e-05,8.029367436975596e-06
CBBT,5,accum4,3,amp_true,full,0.0007,1.0297210747376085e-05,7.645898246540078e-06,3.773607409216465e-05,1.8735190686276393e-05
CBBT,5,accum4,3,amp_true,full,0.001,1.4710301067680121e-05,1.092271178077154e-05,5.390867727452092e-05,2.676455812325199e-05
CBBT,5,accum4,3,amp_true,full,0.003,4.413090320304036e-05,3.276813534231462e-05,0.00016172603182356278,8.029367436975597e-05
CBBT,20,batch,0,tail,shared,0.01,3.052514512091875e-05,0.0010581919325753778,0.08067441573786661,0.03238172252277953
CBBT,20,batch,0,tail,shared,0.025,7.631286280229688e-05,0.0026454798314384446,0.20168603934466656,0.08095430630694883
CBBT,20,batch,0,tail,shared,0.05,0.00015262572560459375,0.005290959662876889,0.4033720786893331,0.16190861261389766
CBBT,20,batch,0,tail,shared,0.1,0.0003052514512091875,0.010581919325753779,0.8067441573786662,0.3238172252277953
CBBT,20,batch,0,body,shared,1.0,0.0014267370570451021,0.012585497308844456,0.9594928962371339,0.38512869841517106
CBBT,20,batch,0,excess,shared,2.0,9.947294893208891e-05,0.0020646837866700202,0.15740732190961482,0.06318137137420281
CBBT,20,batch,0,gate,shared,0.5,0.0005759418127126992,0.012408777747406258,0.9460201537888133,0.37972090458620855
CBBT,20,batch,0,amp_true,shared,0.0001,1.0157051729038358e-07,4.886270152260455e-06,0.0003725193677404161,0.00014952471226723033
CBBT,20,batch,0,amp_true,shared,0.0003,3.047115518711507e-07,1.4658810456781363e-05,0.0011175581032212482,0.00044857413680169094
CBBT,20,batch,0,amp_true,shared,0.0007,7.10993621032685e-07,3.420389106582318e-05,0.0026076355741829127,0.0010466729858706122
CBBT,20,batch,0,amp_true,shared,0.001,1.0157051729038358e-06,4.8862701522604554e-05,0.0037251936774041613,0.0014952471226723032
CBBT,20,batch,0,amp_true,shared,0.003,3.0471155187115074e-06,0.00014658810456781365,0.011175581032212483,0.00448574136801691
CBBT,20,batch,0,tail,temporal,0.01,3.052514512091875e-05,7.71774488360287e-06,0.06973372631114276,0.0294597099977147
CBBT,20,batch,0,tail,temporal,0.025,7.631286280229688e-05,1.9294362209007178e-05,0.1743343157778569,0.07364927499428675
CBBT,20,batch,0,tail,temporal,0.05,0.00015262572560459375,3.8588724418014355e-05,0.3486686315557138,0.1472985499885735
CBBT,20,batch,0,tail,temporal,0.1,0.0003052514512091875,7.717744883602871e-05,0.6973372631114276,0.294597099977147
CBBT,20,batch,0,body,temporal,1.0,0.0014267370570451021,0.00010474051713112738,0.9463835181734978,0.3998091808203461
CBBT,20,batch,0,excess,temporal,2.0,9.947294893208891e-05,1.4753688828687369e-05,0.13330703649524644,0.05631689060013999
CBBT,20,batch,0,gate,temporal,0.5,0.0005759418127126992,6.489174960556909e-05,0.5863297601945986,0.24770087032624855
CBBT,20,batch,0,amp_true,temporal,0.0001,1.0157051729038358e-07,3.656451285505822e-08,0.00033037885685391805,0.00013957185177321734
CBBT,20,batch,0,amp_true,temporal,0.0003,3.047115518711507e-07,1.0969353856517464e-07,0.000991136570561754,0.000418715555319652
CBBT,20,batch,0,amp_true,temporal,0.0007,7.10993621032685e-07,2.5595158998540754e-07,0.002312651997977426,0.0009770029624125212
CBBT,20,batch,0,amp_true,temporal,0.001,1.0157051729038358e-06,3.6564512855058217e-07,0.0033037885685391804,0.0013957185177321733
CBBT,20,batch,0,amp_true,temporal,0.003,3.0471155187115074e-06,1.0969353856517465e-06,0.00991136570561754,0.00418715555319652
CBBT,20,batch,0,tail,excess,0.01,3.052514512091875e-05,0.0002362728739454433,0.2003345712257259,0.08283464423762706
CBBT,20,batch,0,tail,excess,0.025,7.631286280229688e-05,0.0005906821848636083,0.5008364280643147,0.20708661059406763
CBBT,20,batch,0,tail,excess,0.05,0.00015262572560459375,0.0011813643697272166,1.0016728561286294,0.41417322118813527
CBBT,20,batch,0,tail,excess,0.1,0.0003052514512091875,0.002362728739454433,2.003345712257259,0.8283464423762705
CBBT,20,batch,0,body,excess,1.0,0.0014267370570451021,0.0,0.0,0.0
CBBT,20,batch,0,excess,excess,2.0,9.947294893208891e-05,0.0016711457146679608,1.416955973883907,0.5858851184741568
CBBT,20,batch,0,gate,excess,0.5,0.0005759418127126992,0.0,0.0,0.0
CBBT,20,batch,0,amp_true,excess,0.0001,1.0157051729038358e-07,2.9875802527284953e-06,0.00253315414054264,0.0010474124398354263
CBBT,20,batch,0,amp_true,excess,0.0003,3.047115518711507e-07,8.962740758185485e-06,0.00759946242162792,0.003142237319506278
CBBT,20,batch,0,amp_true,excess,0.0007,7.10993621032685e-07,2.0913061769099467e-05,0.01773207898379848,0.0073318870788479824
CBBT,20,batch,0,amp_true,excess,0.001,1.0157051729038358e-06,2.9875802527284954e-05,0.0253315414054264,0.010474124398354262
CBBT,20,batch,0,amp_true,excess,0.003,3.0471155187115074e-06,8.962740758185485e-05,0.0759946242162792,0.03142237319506278
CBBT,20,batch,0,tail,full,0.01,3.052514512091875e-05,0.0011151994004462674,0.07478748312750938,0.031226709359449104
CBBT,20,batch,0,tail,full,0.025,7.631286280229688e-05,0.0027879985011156684,0.18696870781877345,0.07806677339862277
CBBT,20,batch,0,tail,full,0.05,0.00015262572560459375,0.005575997002231337,0.3739374156375469,0.15613354679724553
CBBT,20,batch,0,tail,full,0.1,0.0003052514512091875,0.011151994004462673,0.7478748312750938,0.31226709359449106
CBBT,20,batch,0,body,full,1.0,0.0014267370570451021,0.014388436864486726,0.9649171070244693,0.40289076188914125
CBBT,20,batch,0,excess,full,2.0,9.947294893208891e-05,0.0026562468143211285,0.1781331784513576,0.074377593123325
CBBT,20,batch,0,gate,full,0.5,0.0005759418127126992,0.012562827509847276,0.8424881236938783,0.35177185642846326
CBBT,20,batch,0,amp_true,full,0.0001,1.0157051729038358e-07,5.727239454341391e-06,0.0003840800343753417,0.0001603684881834776
CBBT,20,batch,0,amp_true,full,0.0003,3.047115518711507e-07,1.718171836302417e-05,0.001152240103126025,0.0004811054645504327
CBBT,20,batch,0,amp_true,full,0.0007,7.10993621032685e-07,4.0090676180389734e-05,0.0026885602406273917,0.001122579417284343
CBBT,20,batch,0,amp_true,full,0.001,1.0157051729038358e-06,5.727239454341391e-05,0.003840800343753417,0.0016036848818347757
CBBT,20,batch,0,amp_true,full,0.003,3.0471155187115074e-06,0.00017181718363024173,0.01152240103126025,0.0048110546455043274
CBBT,20,batch,1,tail,shared,0.01,1.2392887147143483e-05,0.0005618143964109642,0.06611477454659982,0.033609327097443284
CBBT,20,batch,1,tail,shared,0.025,3.098221786785871e-05,0.0014045359910274105,0.16528693636649958,0.08402331774360822
CBBT,20,batch,1,tail,shared,0.05,6.196443573571742e-05,0.002809071982054821,0.33057387273299915,0.16804663548721643
CBBT,20,batch,1,tail,shared,0.1,0.00012392887147143485,0.005618143964109642,0.6611477454659983,0.33609327097443287
CBBT,20,batch,1,body,shared,1.0,0.0015382387209683657,0.00857031924147594,1.008562130237911,0.5127007505617126
CBBT,20,batch,1,excess,shared,2.0,5.5816490203142166e-05,0.001683885578835245,0.19816102278291547,0.10073480063038999
CBBT,20,batch,1,gate,shared,0.5,0.0002011787728406489,0.0038737011618727364,0.4558602994409128,0.2317357658665119
CBBT,20,batch,1,amp_true,shared,0.0001,7.08041712641716e-08,3.962789787249644e-06,0.0004663443212443558,0.00023706529955251559
CBBT,20,batch,1,amp_true,shared,0.0003,2.1241251379251477e-07,1.188836936174893e-05,0.0013990329637330672,0.0007111958986575467
CBBT,20,batch,1,amp_true,shared,0.0007,4.956291988492012e-07,2.7739528510747505e-05,0.0032644102487104903,0.001659457096867609
CBBT,20,batch,1,amp_true,shared,0.001,7.08041712641716e-07,3.962789787249644e-05,0.004663443212443558,0.002370652995525156
CBBT,20,batch,1,amp_true,shared,0.003,2.124125137925148e-06,0.00011888369361748931,0.013990329637330674,0.007111958986575468
CBBT,20,batch,1,tail,temporal,0.01,1.2392887147143483e-05,4.000974223609671e-06,0.10250476122003904,0.040273524157145725
CBBT,20,batch,1,tail,temporal,0.025,3.098221786785871e-05,1.000243555902418e-05,0.2562619030500976,0.10068381039286432
CBBT,20,batch,1,tail,temporal,0.05,6.196443573571742e-05,2.000487111804836e-05,0.5125238061001952,0.20136762078572865
CBBT,20,batch,1,tail,temporal,0.1,0.00012392887147143485,4.000974223609672e-05,1.0250476122003904,0.4027352415714573
CBBT,20,batch,1,body,temporal,1.0,0.0015382387209683657,2.9519690552466422e-05,0.7562930082163949,0.29714312168290696
CBBT,20,batch,1,excess,temporal,2.0,5.5816490203142166e-05,6.770131690693353e-06,0.1734504382176805,0.068147667781325
CBBT,20,batch,1,gate,temporal,0.5,0.0002011787728406489,2.839790585463405e-05,0.7275529398817734,0.2858513160869917
CBBT,20,batch,1,amp_true,temporal,0.0001,7.08041712641716e-08,2.634590614161359e-08,0.0006749808089828687,0.00026519603180019945
CBBT,20,batch,1,amp_true,temporal,0.0003,2.1241251379251477e-07,7.903771842484075e-08,0.002024942426948606,0.0007955880954005983
CBBT,20,batch,1,amp_true,temporal,0.0007,4.956291988492012e-07,1.844213429912951e-07,0.004724865662880081,0.001856372222601396
CBBT,20,batch,1,amp_true,temporal,0.001,7.08041712641716e-07,2.634590614161359e-07,0.0067498080898286865,0.0026519603180019946
CBBT,20,batch,1,amp_true,temporal,0.003,2.124125137925148e-06,7.903771842484076e-07,0.02024942426948606,0.007955880954005984
CBBT,20,batch,1,tail,excess,0.01,1.2392887147143483e-05,6.908490817075265e-05,0.20330029560185903,0.10505783783339738
CBBT,20,batch,1,tail,excess,0.025,3.098221786785871e-05,0.00017271227042688162,0.5082507390046476,0.26264459458349343
CBBT,20,batch,1,tail,excess,0.05,6.196443573571742e-05,0.00034542454085376324,1.0165014780092951,0.5252891891669869
CBBT,20,batch,1,tail,excess,0.1,0.00012392887147143485,0.0006908490817075265,2.0330029560185903,1.0505783783339737
CBBT,20,batch,1,body,excess,1.0,0.0015382387209683657,0.0,0.0,0.0
CBBT,20,batch,1,excess,excess,2.0,5.5816490203142166e-05,0.00032119185674238675,0.9451905075887689,0.48843839982601284
CBBT,20,batch,1,gate,excess,0.5,0.0002011787728406489,0.0,0.0,0.0
CBBT,20,batch,1,amp_true,excess,0.0001,7.08041712641716e-08,1.3652972412682464e-06,0.004017741936461681,0.0020762157751302917
CBBT,20,batch,1,amp_true,excess,0.0003,2.1241251379251477e-07,4.095891723804739e-06,0.012053225809385042,0.006228647325390874
CBBT,20,batch,1,amp_true,excess,0.0007,4.956291988492012e-07,9.557080688877724e-06,0.028124193555231766,0.014533510425912041
CBBT,20,batch,1,amp_true,excess,0.001,7.08041712641716e-07,1.3652972412682464e-05,0.04017741936461681,0.020762157751302916
CBBT,20,batch,1,amp_true,excess,0.003,2.124125137925148e-06,4.0958917238047393e-05,0.12053225809385043,0.06228647325390875
CBBT,20,batch,1,tail,full,0.01,1.2392887147143483e-05,0.0005743901438863716,0.06312377859642875,0.03197712825639655
CBBT,20,batch,1,tail,full,0.025,3.098221786785871e-05,0.0014359753597159288,0.15780944649107187,0.07994282064099138
CBBT,20,batch,1,tail,full,0.05,6.196443573571742e-05,0.0028719507194318577,0.31561889298214374,0.15988564128198277
CBBT,20,batch,1,tail,full,0.1,0.00012392887147143485,0.005743901438863715,0.6312377859642875,0.31977128256396553
CBBT,20,batch,1,body,full,1.0,0.0015382387209683657,0.009156076305685015,1.0062257155415328,0.5097319817698043
CBBT,20,batch,1,excess,full,2.0,5.5816490203142166e-05,0.0017142446883239657,0.18839042298621428,0.09543447575630067
CBBT,20,batch,1,gate,full,0.5,0.0002011787728406489,0.003989698770225423,0.43845609907953914,0.2221122883771561
CBBT,20,batch,1,amp_true,full,0.0001,7.08041712641716e-08,4.1913887262988105e-06,0.0004606212289443346,0.000233340659305926
CBBT,20,batch,1,amp_true,full,0.0003,2.1241251379251477e-07,1.257416617889643e-05,0.0013818636868330036,0.0007000219779177779
CBBT,20,batch,1,amp_true,full,0.0007,4.956291988492012e-07,2.9339721084091676e-05,0.003224348602610342,0.001633384615141482
CBBT,20,batch,1,amp_true,full,0.001,7.08041712641716e-07,4.191388726298811e-05,0.004606212289443346,0.0023334065930592602
CBBT,20,batch,1,amp_true,full,0.003,2.124125137925148e-06,0.00012574166178896433,0.013818636868330039,0.00700021977917778
CBBT,20,batch,2,tail,shared,0.01,2.2073350846767427e-05,0.001156615415831988,0.10185413257760612,0.034999618380894104
CBBT,20,batch,2,tail,shared,0.025,5.518337711691857e-05,0.00289153853957997,0.2546353314440153,0.08749904595223526
CBBT,20,batch,2,tail,shared,0.05,0.00011036675423383714,0.00578307707915994,0.5092706628880306,0.17499809190447052
CBBT,20,batch,2,tail,shared,0.1,0.00022073350846767427,0.01156615415831988,1.0185413257760612,0.34999618380894104
CBBT,20,batch,2,body,shared,1.0,0.0012888072524219751,0.009661698042035219,0.8508306735565787,0.2923666239909304
CBBT,20,batch,2,excess,shared,2.0,6.842715083621442e-05,0.00332404690440226,0.29272298247177264,0.10058691207274319
CBBT,20,batch,2,gate,shared,0.5,0.0006020619766786695,0.012715845808684277,1.1197857361277495,0.3847862864374014
CBBT,20,batch,2,amp_true,shared,0.0001,9.173866128548981e-08,5.0164047748063395e-06,0.00044175579021530313,0.0001517982990361775
CBBT,20,batch,2,amp_true,shared,0.0003,2.7521598385646936e-07,1.5049214324419016e-05,0.0013252673706459091,0.00045539489710853245
CBBT,20,batch,2,amp_true,shared,0.0007,6.421706289984286e-07,3.511483342364438e-05,0.0030922905315071214,0.0010625880932532425
CBBT,20,batch,2,amp_true,shared,0.001,9.17386612854898e-07,5.016404774806339e-05,0.004417557902153031,0.001517982990361775
CBBT,20,batch,2,amp_true,shared,0.003,2.752159838564694e-06,0.00015049214324419017,0.013252673706459092,0.004553948971085325
CBBT,20,batch,2,tail,temporal,0.01,2.2073350846767427e-05,7.246298379780243e-06,0.08115908930680434,0.029586155465861134
CBBT,20,batch,2,tail,temporal,0.025,5.518337711691857e-05,1.8115745949450608e-05,0.20289772326701083,0.07396538866465284
CBBT,20,batch,2,tail,temporal,0.05,0.00011036675423383714,3.6231491898901215e-05,0.40579544653402166,0.14793077732930568
CBBT,20,batch,2,tail,temporal,0.1,0.00022073350846767427,7.246298379780243e-05,0.8115908930680433,0.29586155465861136
CBBT,20,batch,2,body,temporal,1.0,0.0012888072524219751,7.536691080852819e-05,0.8441150949780234,0.3077180959570737
CBBT,20,batch,2,excess,temporal,2.0,6.842715083621442e-05,1.5202376603590814e-05,0.17026776649016725,0.06207029493837213
CBBT,20,batch,2,gate,temporal,0.5,0.0006020619766786695,7.160541909134155e-05,0.8019861035672097,0.2923601748647314
CBBT,20,batch,2,amp_true,temporal,0.0001,9.173866128548981e-08,2.470839832311492e-08,0.00027673592792277384,0.00010088275085938017
CBBT,20,batch,2,amp_true,temporal,0.0003,2.7521598385646936e-07,7.412519496934474e-08,0.0008302077837683214,0.00030264825257814046
CBBT,20,batch,2,amp_true,temporal,0.0007,6.421706289984286e-07,1.7295878826180442e-07,0.0019371514954594168,0.0007061792560156612
CBBT,20,batch,2,amp_true,temporal,0.001,9.17386612854898e-07,2.4708398323114916e-07,0.002767359279227738,0.0010088275085938017
CBBT,20,batch,2,amp_true,temporal,0.003,2.752159838564694e-06,7.412519496934475e-07,0.008302077837683214,0.003026482525781405
CBBT,20,batch,2,tail,excess,0.01,2.2073350846767427e-05,0.00013121751034085298,0.20173070464095866,0.08000405489679396
CBBT,20,batch,2,tail,excess,0.025,5.518337711691857e-05,0.0003280437758521324,0.5043267616023966,0.2000101372419849
CBBT,20,batch,2,tail,excess,0.05,0.00011036675423383714,0.0006560875517042648,1.0086535232047933,0.4000202744839698
CBBT,20,batch,2,tail,excess,0.1,0.00022073350846767427,0.0013121751034085296,2.0173070464095866,0.8000405489679396
CBBT,20,batch,2,body,excess,1.0,0.0012888072524219751,0.0,0.0,0.0
CBBT,20,batch,2,excess,excess,2.0,6.842715083621442e-05,0.0009906037275835622,1.5229307999084634,0.6039766704664402
CBBT,20,batch,2,gate,excess,0.5,0.0006020619766786695,0.0,0.0,0.0
CBBT,20,batch,2,amp_true,excess,0.0001,9.173866128548981e-08,1.4039742517912644e-06,0.002158436891356229,0.0008560110066272382
CBBT,20,batch,2,amp_true,excess,0.0003,2.7521598385646936e-07,4.211922755373793e-06,0.006475310674068685,0.0025680330198817143
CBBT,20,batch,2,amp_true,excess,0.0007,6.421706289984286e-07,9.82781976253885e-06,0.0151090582394936,0.005992077046390667
CBBT,20,batch,2,amp_true,excess,0.001,9.17386612854898e-07,1.4039742517912645e-05,0.021584368913562288,0.008560110066272381
CBBT,20,batch,2,amp_true,excess,0.003,2.752159838564694e-06,4.211922755373793e-05,0.06475310674068686,0.025680330198817145
CBBT,20,batch,2,tail,full,0.01,2.2073350846767427e-05,0.0011900257195267487,0.09420027345231571,0.034064026825104635
CBBT,20,batch,2,tail,full,0.025,5.518337711691857e-05,0.0029750642988168718,0.23550068363078927,0.0851600670627616
CBBT,20,batch,2,tail,full,0.05,0.00011036675423383714,0.0059501285976337435,0.47100136726157854,0.1703201341255232
CBBT,20,batch,2,tail,full,0.1,0.00022073350846767427,0.011900257195267487,0.9420027345231571,0.3406402682510464
CBBT,20,batch,2,body,full,1.0,0.0012888072524219751,0.01110088970213329,0.878726256371005,0.3177586823471143
CBBT,20,batch,2,excess,full,2.0,6.842715083621442e-05,0.003468513163845381,0.2745611990950314,0.0992848503336922
CBBT,20,batch,2,gate,full,0.5,0.0006020619766786695,0.01290523695529319,1.021555106085439,0.36940742592039233
CBBT,20,batch,2,amp_true,full,0.0001,9.173866128548981e-08,5.209170813516551e-06,0.00041234849553354653,0.0001491105035937767
CBBT,20,batch,2,amp_true,full,0.0003,2.7521598385646936e-07,1.562751244054965e-05,0.0012370454866006395,0.00044733151078133
CBBT,20,batch,2,amp_true,full,0.0007,6.421706289984286e-07,3.6464195694615855e-05,0.002886439468734826,0.0010437735251564368
CBBT,20,batch,2,amp_true,full,0.001,9.17386612854898e-07,5.209170813516551e-05,0.004123484955335465,0.0014911050359377668
CBBT,20,batch,2,amp_true,full,0.003,2.752159838564694e-06,0.00015627512440549653,0.012370454866006396,0.004473315107813301
CBBT,20,batch,3,tail,shared,0.01,4.327422007918358e-05,0.0012669399703841146,0.09034977247461058,0.04335055429563255
CBBT,20,batch,3,tail,shared,0.025,0.00010818555019795895,0.003167349925960286,0.22587443118652645,0.10837638573908137
CBBT,20,batch,3,tail,shared,0.05,0.0002163711003959179,0.006334699851920572,0.4517488623730529,0.21675277147816274
CBBT,20,batch,3,tail,shared,0.1,0.0004327422007918358,0.012669399703841145,0.9034977247461058,0.4335055429563255
CBBT,20,batch,3,body,shared,1.0,0.0013820366002619267,0.012061820305993533,0.8601691838215113,0.4127161572782376
CBBT,20,batch,3,excess,shared,2.0,0.00019542753580026329,0.004594770212128887,0.3276685975209235,0.15721805311459128
CBBT,20,batch,3,gate,shared,0.5,0.00023849215358495712,0.003982775297746475,0.2840251711845473,0.13627758285968078
CBBT,20,batch,3,amp_true,shared,0.0001,2.4139699526131155e-07,7.044218639517491e-06,0.0005023470458105899,0.0002410301906491487
CBBT,20,batch,3,amp_true,shared,0.0003,7.241909857839345e-07,2.113265591855247e-05,0.0015070411374317695,0.000723090571947446
CBBT,20,batch,3,amp_true,shared,0.0007,1.6897789668291807e-06,4.930953047662244e-05,0.003516429320674129,0.0016872113345440408
CBBT,20,batch,3,amp_true,shared,0.001,2.4139699526131154e-06,7.044218639517492e-05,0.005023470458105899,0.002410301906491487
CBBT,20,batch,3,amp_true,shared,0.003,7.241909857839346e-06,0.00021132655918552472,0.015070411374317695,0.00723090571947446
CBBT,20,batch,3,tail,temporal,0.01,4.327422007918358e-05,8.814500077352258e-06,0.08483358726247969,0.04131934176118361
CBBT,20,batch,3,tail,temporal,0.025,0.00010818555019795895,2.2036250193380645e-05,0.21208396815619923,0.10329835440295904
CBBT,20,batch,3,tail,temporal,0.05,0.0002163711003959179,4.407250038676129e-05,0.42416793631239846,0.20659670880591807
CBBT,20,batch,3,tail,temporal,0.1,0.0004327422007918358,8.814500077352258e-05,0.8483358726247969,0.41319341761183614
CBBT,20,batch,3,body,temporal,1.0,0.0013820366002619267,7.939555108585632e-05,0.7641283512607185,0.37217900968235557
CBBT,20,batch,3,excess,temporal,2.0,0.00019542753580026329,2.4342268118677923e-05,0.23427782727217905,0.11410817253519683
CBBT,20,batch,3,gate,temporal,0.5,0.00023849215358495712,1.996365398603362e-05,0.19213663482216023,0.09358273692349
CBBT,20,batch,3,amp_true,temporal,0.0001,2.4139699526131155e-07,4.6486347956869554e-08,0.00044739958265423114,0.00021791199519010808
CBBT,20,batch,3,amp_true,temporal,0.0003,7.241909857839345e-07,1.3945904387060863e-07,0.0013421987479626933,0.0006537359855703242
CBBT,20,batch,3,amp_true,temporal,0.0007,1.6897789668291807e-06,3.2540443569808685e-07,0.003131797078579618,0.0015253839663307565
CBBT,20,batch,3,amp_true,temporal,0.001,2.4139699526131154e-06,4.648634795686955e-07,0.004473995826542312,0.0021791199519010807
CBBT,20,batch,3,amp_true,temporal,0.003,7.241909857839346e-06,1.3945904387060864e-06,0.013421987479626935,0.006537359855703242
CBBT,20,batch,3,tail,excess,0.01,4.327422007918358e-05,0.00010053419574589447,0.20017992298435627,0.09335774714360282
CBBT,20,batch,3,tail,excess,0.025,0.00010818555019795895,0.00025133548936473617,0.5004498074608906,0.23339436785900705
CBBT,20,batch,3,tail,excess,0.05,0.0002163711003959179,0.0005026709787294723,1.0008996149217813,0.4667887357180141
CBBT,20,batch,3,tail,excess,0.1,0.0004327422007918358,0.0010053419574589447,2.0017992298435625,0.9335774714360282
CBBT,20,batch,3,body,excess,1.0,0.0013820366002619267,0.0,0.0,0.0
CBBT,20,batch,3,excess,excess,2.0,0.00019542753580026329,0.0005861280487108408,1.1670762050602925,0.5442883763015988
CBBT,20,batch,3,gate,excess,0.5,0.00023849215358495712,0.0,0.0,0.0
CBBT,20,batch,3,amp_true,excess,0.0001,2.4139699526131155e-07,2.6999661539853195e-06,0.005376071422814575,0.002507234037432888
CBBT,20,batch,3,amp_true,excess,0.0003,7.241909857839345e-07,8.099898461955958e-06,0.01612821426844372,0.0075217021122986625
CBBT,20,batch,3,amp_true,excess,0.0007,1.6897789668291807e-06,1.8899763077897236e-05,0.03763249995970202,0.017550638262030214
CBBT,20,batch,3,amp_true,excess,0.001,2.4139699526131154e-06,2.6999661539853195e-05,0.053760714228145746,0.02507234037432888
CBBT,20,batch,3,amp_true,excess,0.003,7.241909857839346e-06,8.099898461955959e-05,0.16128214268443725,0.07521702112298663
CBBT,20,batch,3,tail,full,0.01,4.327422007918358e-05,0.0012916618071998375,0.08624627762186084,0.04170061918229369
CBBT,20,batch,3,tail,full,0.025,0.00010818555019795895,0.0032291545179995943,0.21561569405465209,0.10425154795573421
CBBT,20,batch,3,tail,full,0.05,0.0002163711003959179,0.006458309035999189,0.43123138810930417,0.20850309591146843
CBBT,20,batch,3,tail,full,0.1,0.0004327422007918358,0.012916618071998377,0.8624627762186083,0.41700619182293686
CBBT,20,batch,3,body,full,1.0,0.0013820366002619267,0.01303242629476339,0.8701954722508141,0.42074499912433977
CBBT,20,batch,3,excess,full,2.0,0.00019542753580026329,0.004632003820351676,0.3092861345042183,0.14954179668914733
CBBT,20,batch,3,gate,full,0.5,0.00023849215358495712,0.004047043527706499,0.2702274215222098,0.13065666262046952
CBBT,20,batch,3,amp_true,full,0.0001,2.4139699526131155e-07,7.543926926607384e-06,0.0005037197913916097,0.00024355169608017595
CBBT,20,batch,3,amp_true,full,0.0003,7.241909857839345e-07,2.2631780779822148e-05,0.001511159374174829,0.0007306550882405277
CBBT,20,batch,3,amp_true,full,0.0007,1.6897789668291807e-06,5.2807488486251684e-05,0.0035260385397412673,0.0017048618725612314
CBBT,20,batch,3,amp_true,full,0.001,2.4139699526131154e-06,7.543926926607383e-05,0.005037197913916097,0.0024355169608017593
CBBT,20,batch,3,amp_true,full,0.003,7.241909857839346e-06,0.0002263178077982215,0.015111593741748289,0.007306550882405278
CBBT,20,accum4,0,tail,shared,0.01,2.706640079850331e-05,0.000989732151496457,0.09779454748483524,0.03969544118782955
CBBT,20,accum4,0,tail,shared,0.025,6.766600199625827e-05,0.0024743303787411425,0.2444863687120881,0.09923860296957387
CBBT,20,accum4,0,tail,shared,0.05,0.00013533200399251655,0.004948660757482285,0.4889727374241762,0.19847720593914775
CBBT,20,accum4,0,tail,shared,0.1,0.0002706640079850331,0.00989732151496457,0.9779454748483524,0.3969544118782955
CBBT,20,accum4,0,body,shared,1.0,0.0014089549076743424,0.009025907144908502,0.8918418013821874,0.362004372289818
CBBT,20,accum4,0,excess,shared,2.0,0.0001047860314429272,0.0025264460251590852,0.24963586905985025,0.10132881856398622
CBBT,20,accum4,0,gate,shared,0.5,0.00040441867895424366,0.00763840108977367,0.7547435707253191,0.3063553111513214
CBBT,20,accum4,0,amp_true,shared,0.0001,1.2637758627533913e-07,4.976164369869414e-06,0.0004916903447319016,0.00019958030037365247
CBBT,20,accum4,0,amp_true,shared,0.0003,3.7913275882601735e-07,1.4928493109608239e-05,0.0014750710341957048,0.0005987409011209573
CBBT,20,accum4,0,amp_true,shared,0.0007,8.846431039273739e-07,3.483315058908589e-05,0.0034418324131233113,0.0013970621026155672
CBBT,20,accum4,0,amp_true,shared,0.001,1.2637758627533913e-06,4.976164369869413e-05,0.004916903447319016,0.0019958030037365245
CBBT,20,accum4,0,amp_true,shared,0.003,3.791327588260174e-06,0.00014928493109608239,0.014750710341957048,0.005987409011209574
CBBT,20,accum4,0,tail,temporal,0.01,2.706640079850331e-05,6.9366441076749944e-06,0.08761845432169438,0.03592860339051179
CBBT,20,accum4,0,tail,temporal,0.025,6.766600199625827e-05,1.7341610269187485e-05,0.21904613580423593,0.0898215084762795
CBBT,20,accum4,0,tail,temporal,0.05,0.00013533200399251655,3.468322053837497e-05,0.43809227160847186,0.179643016952559
CBBT,20,accum4,0,tail,temporal,0.1,0.0002706640079850331,6.936644107674994e-05,0.8761845432169437,0.359286033905118
CBBT,20,accum4,0,body,temporal,1.0,0.0014089549076743424,6.487439557122324e-05,0.8194444138651318,0.3360193189237874
CBBT,20,accum4,0,excess,temporal,2.0,0.0001047860314429272,1.4977367171192477e-05,0.18918280093055317,0.07757582435755239
CBBT,20,accum4,0,gate,temporal,0.5,0.00040441867895424366,4.5715192841434355e-05,0.577439821563401,0.2367835234192492
CBBT,20,accum4,0,amp_true,temporal,0.0001,1.2637758627533913e-07,3.338074728483293e-08,0.00042164041225123107,0.00017289680881114885
CBBT,20,accum4,0,amp_true,temporal,0.0003,3.7913275882601735e-07,1.0014224185449877e-07,0.001264921236753693,0.0005186904264334464
CBBT,20,accum4,0,amp_true,temporal,0.0007,8.846431039273739e-07,2.336652309938305e-07,0.002951482885758617,0.0012102776616780418
CBBT,20,accum4,0,amp_true,temporal,0.001,1.2637758627533913e-06,3.3380747284832926e-07,0.00421640412251231,0.0017289680881114884
CBBT,20,accum4,0,amp_true,temporal,0.003,3.791327588260174e-06,1.0014224185449878e-06,0.012649212367536931,0.005186904264334465
CBBT,20,accum4,0,tail,excess,0.01,2.706640079850331e-05,0.0001321351599409158,0.20100683505465428,0.08732917783550798
CBBT,20,accum4,0,tail,excess,0.025,6.766600199625827e-05,0.0003303378998522895,0.5025170876366357,0.21832294458876997
CBBT,20,accum4,0,tail,excess,0.05,0.00013533200399251655,0.000660675799704579,1.0050341752732714,0.43664588917753994
CBBT,20,accum4,0,tail,excess,0.1,0.0002706640079850331,0.001321351599409158,2.010068350546543,0.8732917783550799
CBBT,20,accum4,0,body,excess,1.0,0.0014089549076743424,0.0,0.0,0.0
CBBT,20,accum4,0,excess,excess,2.0,0.0001047860314429272,0.0008557397167711612,1.3017695833240097,0.565565182955331
CBBT,20,accum4,0,gate,excess,0.5,0.00040441867895424366,0.0,0.0,0.0
CBBT,20,accum4,0,amp_true,excess,0.0001,1.2637758627533913e-07,2.101438041123108e-06,0.0031967525516939316,0.001388857110292226
CBBT,20,accum4,0,amp_true,excess,0.0003,3.7913275882601735e-07,6.304314123369324e-06,0.009590257655081794,0.004166571330876678
CBBT,20,accum4,0,amp_true,excess,0.0007,8.846431039273739e-07,1.4710066287861755e-05,0.02237726786185752,0.009721999772045582
CBBT,20,accum4,0,amp_true,excess,0.001,1.2637758627533913e-06,2.101438041123108e-05,0.031967525516939314,0.01388857110292226
CBBT,20,accum4,0,amp_true,excess,0.003,3.791327588260174e-06,6.304314123369324e-05,0.09590257655081795,0.04166571330876678
CBBT,20,accum4,0,tail,full,0.01,2.706640079850331e-05,0.0010197763423228272,0.0924812573687851,0.03855667813082114
CBBT,20,accum4,0,tail,full,0.025,6.766600199625827e-05,0.002549440855807068,0.23120314342196277,0.09639169532705286
CBBT,20,accum4,0,tail,full,0.05,0.00013533200399251655,0.005098881711614136,0.46240628684392554,0.1927833906541057
CBBT,20,accum4,0,tail,full,0.1,0.0002706640079850331,0.010197763423228272,0.9248125736878511,0.3855667813082114
CBBT,20,accum4,0,body,full,1.0,0.0014089549076743424,0.009965022718406527,0.9037058347594064,0.37676709840586803
CBBT,20,accum4,0,excess,full,2.0,0.0001047860314429272,0.002667436968496487,0.2419039494842903,0.10085300507590542
CBBT,20,accum4,0,gate,full,0.5,0.00040441867895424366,0.007768351947689577,0.7044946288606416,0.2937132714529927
CBBT,20,accum4,0,amp_true,full,0.0001,1.2637758627533913e-07,5.401689890824646e-06,0.0004898672898038032,0.00020423225156276917
CBBT,20,accum4,0,amp_true,full,0.0003,3.7913275882601735e-07,1.6205069672473935e-05,0.0014696018694114095,0.0006126967546883074
CBBT,20,accum4,0,amp_true,full,0.0007,8.846431039273739e-07,3.781182923577252e-05,0.0034290710286266225,0.0014296257609393841
CBBT,20,accum4,0,amp_true,full,0.001,1.2637758627533913e-06,5.401689890824646e-05,0.004898672898038032,0.0020423225156276916
CBBT,20,accum4,0,amp_true,full,0.003,3.791327588260174e-06,0.00016205069672473938,0.014696018694114096,0.006126967546883075
CBBT,20,batch,4,tail,shared,0.01,1.678170985542238e-05,0.0006498771989151001,0.03315609359193733,0.016713337464134698
CBBT,20,batch,4,tail,shared,0.025,4.195427463855595e-05,0.0016246929972877503,0.08289023397984333,0.041783343660336744
CBBT,20,batch,4,tail,shared,0.05,8.39085492771119e-05,0.0032493859945755005,0.16578046795968665,0.08356668732067349
CBBT,20,batch,4,tail,shared,0.1,0.0001678170985542238,0.006498771989151001,0.3315609359193733,0.16713337464134698
CBBT,20,batch,4,body,shared,1.0,0.0013136158231645823,0.018206721449195485,0.928888967607434,0.4682347375841028
CBBT,20,batch,4,excess,shared,2.0,0.00010955811012536287,0.002531655101110897,0.12916254580875725,0.0651083098750048
CBBT,20,batch,4,gate,shared,0.5,0.00020429317373782396,0.0015363980197783279,0.07838551132933708,0.03951260119088761
CBBT,20,batch,4,amp_true,shared,0.0001,1.5386585146188736e-07,5.069897444599349e-06,0.0002586611662253752,0.00013038602837828263
CBBT,20,batch,4,amp_true,shared,0.0003,4.61597554385662e-07,1.5209692333798045e-05,0.0007759834986761255,0.0003911580851348478
CBBT,20,batch,4,amp_true,shared,0.0007,1.0770609602332115e-06,3.548928211219544e-05,0.0018106281635776262,0.0009127021986479783
CBBT,20,batch,4,amp_true,shared,0.001,1.5386585146188737e-06,5.069897444599349e-05,0.0025866116622537518,0.0013038602837828262
CBBT,20,batch,4,amp_true,shared,0.003,4.615975543856621e-06,0.00015209692333798046,0.007759834986761255,0.003911580851348478
CBBT,20,batch,4,tail,temporal,0.01,1.678170985542238e-05,4.689435680154213e-06,0.02814667652580333,0.014085058978747978
CBBT,20,batch,4,tail,temporal,0.025,4.195427463855595e-05,1.1723589200385533e-05,0.07036669131450833,0.035212647446869944
CBBT,20,batch,4,tail,temporal,0.05,8.39085492771119e-05,2.3447178400771065e-05,0.14073338262901666,0.07042529489373989
CBBT,20,batch,4,tail,temporal,0.1,0.0001678170985542238,4.689435680154213e-05,0.2814667652580333,0.14085058978747977
CBBT,20,batch,4,body,temporal,1.0,0.0013136158231645823,0.0001551508120003383,0.9312377897772209,0.4660066768531817
CBBT,20,batch,4,excess,temporal,2.0,0.00010955811012536287,1.7776874797712575e-05,0.1066993938499796,0.05339412821957419
CBBT,20,batch,4,gate,temporal,0.5,0.00020429317373782396,6.155584666792011e-06,0.03694671646241493,0.018488743421168106
CBBT,20,batch,4,amp_true,temporal,0.0001,1.5386585146188736e-07,3.7514430622842847e-08,0.00022516708103268509,0.0001126773036067134
CBBT,20,batch,4,amp_true,temporal,0.0003,4.61597554385662e-07,1.1254329186852853e-07,0.0006755012430980552,0.00033803191082014015
CBBT,20,batch,4,amp_true,temporal,0.0007,1.0770609602332115e-06,2.626010143598999e-07,0.0015761695672287955,0.0007887411252469938
CBBT,20,batch,4,amp_true,temporal,0.001,1.5386585146188737e-06,3.751443062284285e-07,0.0022516708103268506,0.001126773036067134
CBBT,20,batch,4,amp_true,temporal,0.003,4.615975543856621e-06,1.1254329186852855e-06,0.006755012430980553,0.003380319108201402
CBBT,20,batch,4,tail,excess,0.01,1.678170985542238e-05,0.00015834776740590795,0.20095902695667053,0.08848554021286159
CBBT,20,batch,4,tail,excess,0.025,4.195427463855595e-05,0.0003958694185147699,0.5023975673916764,0.22121385053215398
CBBT,20,batch,4,tail,excess,0.05,8.39085492771119e-05,0.0007917388370295398,1.0047951347833528,0.44242770106430795
CBBT,20,batch,4,tail,excess,0.1,0.0001678170985542238,0.0015834776740590796,2.0095902695667056,0.8848554021286159
CBBT,20,batch,4,body,excess,1.0,0.0013136158231645823,0.0,0.0,0.0
CBBT,20,batch,4,excess,excess,2.0,0.00010955811012536287,0.001001313021477657,1.2707655672806544,0.5595388244439337
CBBT,20,batch,4,gate,excess,0.5,0.00020429317373782396,0.0,0.0,0.0
CBBT,20,batch,4,amp_true,excess,0.0001,1.5386585146188736e-07,2.1735338953796277e-06,0.0027584301555269993,0.0012145818286823289
CBBT,20,batch,4,amp_true,excess,0.0003,4.61597554385662e-07,6.520601686138883e-06,0.008275290466580997,0.0036437454860469864
CBBT,20,batch,4,amp_true,excess,0.0007,1.0770609602332115e-06,1.5214737267657395e-05,0.019309011088688995,0.008502072800776302
CBBT,20,batch,4,amp_true,excess,0.001,1.5386585146188737e-06,2.173533895379628e-05,0.027584301555269992,0.01214581828682329
CBBT,20,batch,4,amp_true,excess,0.003,4.615975543856621e-06,6.520601686138883e-05,0.08275290466580998,0.03643745486046987
CBBT,20,batch,4,tail,full,0.01,1.678170985542238e-05,0.0006732298363589502,0.030528464673059124,0.015359905570475254
CBBT,20,batch,4,tail,full,0.025,4.195427463855595e-05,0.0016830745908973756,0.07632116168264781,0.03839976392618814
CBBT,20,batch,4,tail,full,0.05,8.39085492771119e-05,0.0033661491817947513,0.15264232336529562,0.07679952785237627
CBBT,20,batch,4,tail,full,0.1,0.0001678170985542238,0.0067322983635895025,0.30528464673059125,0.15359905570475255
CBBT,20,batch,4,body,full,1.0,0.0013136158231645823,0.020801756122831378,0.94328213432724,0.47459722147012606
CBBT,20,batch,4,excess,full,2.0,0.00010955811012536287,0.0027224814632907128,0.12345439059063754,0.06211408932746525
CBBT,20,batch,4,gate,full,0.5,0.00020429317373782396,0.001596429901356211,0.07239214784382071,0.036422943860201264
CBBT,20,batch,4,amp_true,full,0.0001,1.5386585146188736e-07,5.516168026186217e-06,0.0002501376671432863,0.00012585274064995584
CBBT,20,batch,4,amp_true,full,0.0003,4.61597554385662e-07,1.654850407855865e-05,0.0007504130014298588,0.0003775582219498674
CBBT,20,batch,4,amp_true,full,0.0007,1.0770609602332115e-06,3.861317618330352e-05,0.0017509636700030042,0.0008809691845496907
CBBT,20,batch,4,amp_true,full,0.001,1.5386585146188737e-06,5.516168026186217e-05,0.0025013766714328633,0.0012585274064995581
CBBT,20,batch,4,amp_true,full,0.003,4.615975543856621e-06,0.00016548504078558652,0.00750413001429859,0.0037755822194986744
CBBT,20,batch,5,tail,shared,0.01,2.4680818896740674e-05,0.0009276856106504264,0.06085403777261493,0.025688173415110708
CBBT,20,batch,5,tail,shared,0.025,6.170204724185169e-05,0.002319214026626066,0.15213509443153733,0.06422043353777677
CBBT,20,batch,5,tail,shared,0.05,0.00012340409448370339,0.004638428053252132,0.30427018886307466,0.12844086707555355
CBBT,20,batch,5,tail,shared,0.1,0.00024680818896740677,0.009276856106504264,0.6085403777261493,0.2568817341511071
CBBT,20,batch,5,body,shared,1.0,0.0011771776480600238,0.013791742858193087,0.9047065419654718,0.3819016681626437
CBBT,20,batch,5,excess,shared,2.0,0.0001065833421307616,0.0021382558158149476,0.1402646529052925,0.05920959166760376
CBBT,20,batch,5,gate,shared,0.5,0.00039348111022263765,0.00884556235961163,0.5802485020484667,0.24493895047974784
CBBT,20,batch,5,amp_true,shared,0.0001,9.716113563627005e-08,3.7622390602855517e-06,0.00024679421051244157,0.0001041786660266918
CBBT,20,batch,5,amp_true,shared,0.0003,2.914834069088101e-07,1.1286717180856653e-05,0.0007403826315373246,0.00031253599808007536
CBBT,20,batch,5,amp_true,shared,0.0007,6.801279494538903e-07,2.633567342199886e-05,0.001727559473587091,0.0007292506621868425
CBBT,20,batch,5,amp_true,shared,0.001,9.716113563627004e-07,3.7622390602855514e-05,0.0024679421051244156,0.001041786660266918
CBBT,20,batch,5,amp_true,shared,0.003,2.9148340690881014e-06,0.00011286717180856655,0.007403826315373247,0.003125359980800754
CBBT,20,batch,5,tail,temporal,0.01,2.4680818896740674e-05,7.379057609472303e-06,0.059009405151699,0.02502478438849374
CBBT,20,batch,5,tail,temporal,0.025,6.170204724185169e-05,1.844764402368076e-05,0.1475235128792475,0.06256196097123434
CBBT,20,batch,5,tail,temporal,0.05,0.00012340409448370339,3.689528804736152e-05,0.295047025758495,0.12512392194246869
CBBT,20,batch,5,tail,temporal,0.1,0.00024680818896740677,7.379057609472304e-05,0.59009405151699,0.25024784388493737
CBBT,20,batch,5,body,temporal,1.0,0.0011771776480600238,0.00011196527614206007,0.8953723757770153,0.379710668047432
CBBT,20,batch,5,excess,temporal,2.0,0.0001065833421307616,1.8194368334298926e-05,0.14549809871923022,0.06170302073075006
CBBT,20,batch,5,gate,temporal,0.5,0.00039348111022263765,6.576692069570661e-05,0.5259298780823776,0.22303701873699294
CBBT,20,batch,5,amp_true,temporal,0.0001,9.716113563627005e-08,2.9000947430462937e-08,0.00023191696653926695,9.835164528025365e-05
CBBT,20,batch,5,amp_true,temporal,0.0003,2.914834069088101e-07,8.70028422913888e-08,0.0006957508996178008,0.0002950549358407609
CBBT,20,batch,5,amp_true,temporal,0.0007,6.801279494538903e-07,2.0300663201324056e-07,0.0016234187657748686,0.0006884615169617755
CBBT,20,batch,5,amp_true,temporal,0.001,9.716113563627004e-07,2.9000947430462935e-07,0.0023191696653926696,0.0009835164528025364
CBBT,20,batch,5,amp_true,temporal,0.003,2.9148340690881014e-06,8.700284229138881e-07,0.006957508996178008,0.0029505493584076094
CBBT,20,batch,5,tail,excess,0.01,2.4680818896740674e-05,0.0002125128997170032,0.20044738775167287,0.08013976263937395
CBBT,20,batch,5,tail,excess,0.025,6.170204724185169e-05,0.0005312822492925081,0.5011184693791821,0.20034940659843486
CBBT,20,batch,5,tail,excess,0.05,0.00012340409448370339,0.0010625644985850162,1.0022369387583643,0.40069881319686973
CBBT,20,batch,5,tail,excess,0.1,0.00024680818896740677,0.0021251289971700323,2.0044738775167286,0.8013976263937395
CBBT,20,batch,5,body,excess,1.0,0.0011771776480600238,0.0,0.0,0.0
CBBT,20,batch,5,excess,excess,2.0,0.0001065833421307616,0.0015880357399712646,1.497874322723131,0.5988568573183758
CBBT,20,batch,5,gate,excess,0.5,0.00039348111022263765,0.0,0.0,0.0
CBBT,20,batch,5,amp_true,excess,0.0001,9.716113563627005e-08,2.976124521990948e-06,0.002807153762671335,0.0011223126365278798
CBBT,20,batch,5,amp_true,excess,0.0003,2.914834069088101e-07,8.928373565972843e-06,0.008421461288014005,0.0033669379095836393
CBBT,20,batch,5,amp_true,excess,0.0007,6.801279494538903e-07,2.0832871653936638e-05,0.019650076338699345,0.007856188455695159
CBBT,20,batch,5,amp_true,excess,0.001,9.716113563627004e-07,2.976124521990948e-05,0.028071537626713352,0.011223126365278798
CBBT,20,batch,5,amp_true,excess,0.003,2.9148340690881014e-06,8.928373565972845e-05,0.08421461288014005,0.033669379095836394
CBBT,20,batch,5,tail,full,0.01,2.4680818896740674e-05,0.0009718973045133745,0.05750121862565614,0.024906886551142326
CBBT,20,batch,5,tail,full,0.025,6.170204724185169e-05,0.002429743261283436,0.14375304656414034,0.062267216377855816
CBBT,20,batch,5,tail,full,0.05,0.00012340409448370339,0.004859486522566872,0.2875060931282807,0.12453443275571163
CBBT,20,batch,5,tail,full,0.1,0.00024680818896740677,0.009718973045133745,0.5750121862565614,0.24906886551142327
CBBT,20,batch,5,body,full,1.0,0.0011771776480600238,0.015519863047668055,0.918215364936144,0.3977287172445439
CBBT,20,batch,5,excess,full,2.0,0.0001065833421307616,0.002663455545957644,0.15758037288158697,0.06825657897095752
CBBT,20,batch,5,gate,full,0.5,0.00039348111022263765,0.009109983876934409,0.5389820222272254,0.2334622535239459
CBBT,20,batch,5,amp_true,full,0.0001,9.716113563627005e-08,4.797057422747216e-06,0.00028381254515704693,0.00012293455744020527
CBBT,20,batch,5,amp_true,full,0.0003,2.914834069088101e-07,1.4391172268241647e-05,0.0008514376354711407,0.0003688036723206158
CBBT,20,batch,5,amp_true,full,0.0007,6.801279494538903e-07,3.357940195923051e-05,0.0019866878160993283,0.0008605419020814369
CBBT,20,batch,5,amp_true,full,0.001,9.716113563627004e-07,4.797057422747216e-05,0.0028381254515704693,0.0012293455744020528
CBBT,20,batch,5,amp_true,full,0.003,2.9148340690881014e-06,0.0001439117226824165,0.008514376354711408,0.003688036723206158
CBBT,20,batch,6,tail,shared,0.01,2.7789799496531486e-05,0.0006114405171221639,0.041331287887315236,0.020633309756782615
CBBT,20,batch,6,tail,shared,0.025,6.947449874132872e-05,0.0015286012928054098,0.1033282197182881,0.051583274391956535
CBBT,20,batch,6,tail,shared,0.05,0.00013894899748265744,0.0030572025856108196,0.2066564394365762,0.10316654878391307
CBBT,20,batch,6,tail,shared,0.1,0.0002778979949653149,0.006114405171221639,0.4133128788731524,0.20633309756782614
CBBT,20,batch,6,body,shared,1.0,0.001527779153548181,0.014625291041255591,0.9886196572431815,0.49353641423313144
CBBT,20,batch,6,excess,shared,2.0,0.00019812295795418322,0.002478565891516101,0.16754257779986872,0.0836402174212311
CBBT,20,batch,6,gate,shared,0.5,0.00018524337792769074,0.0022398329888857196,0.151405050026551,0.07558407820380939
CBBT,20,batch,6,amp_true,shared,0.0001,2.2447612136602403e-07,4.380765721122952e-06,0.0002961247809334152,0.00014783072688944075
CBBT,20,batch,6,amp_true,shared,0.0003,6.73428364098072e-07,1.3142297163368855e-05,0.0008883743428002455,0.0004434921806683222
CBBT,20,batch,6,amp_true,shared,0.0007,1.571332849562168e-06,3.0665360047860665e-05,0.0020728734665339064,0.0010348150882260852
CBBT,20,batch,6,amp_true,shared,0.001,2.24476121366024e-06,4.380765721122952e-05,0.002961247809334152,0.0014783072688944075
CBBT,20,batch,6,amp_true,shared,0.003,6.734283640980721e-06,0.00013142297163368856,0.008883743428002456,0.0044349218066832225
CBBT,20,batch,6,tail,temporal,0.01,2.7789799496531486e-05,3.985264709963916e-06,0.03702674945522108,0.018431641146550676
CBBT,20,batch,6,tail,temporal,0.025,6.947449874132872e-05,9.96316177490979e-06,0.09256687363805272,0.046079102866376696
CBBT,20,batch,6,tail,temporal,0.05,0.00013894899748265744,1.992632354981958e-05,0.18513374727610543,0.09215820573275339
CBBT,20,batch,6,tail,temporal,0.1,0.0002778979949653149,3.985264709963916e-05,0.37026749455221086,0.18431641146550679
CBBT,20,batch,6,body,temporal,1.0,0.001527779153548181,0.00010421469917586221,0.9682497492044445,0.4819875409035539
CBBT,20,batch,6,excess,temporal,2.0,0.00019812295795418322,9.148283467359446e-06,0.08499590981857925,0.042310333252322
CBBT,20,batch,6,gate,temporal,0.5,0.00018524337792769074,1.0012319243868445e-05,0.0930235914270704,0.046306453592980454
CBBT,20,batch,6,amp_true,temporal,0.0001,2.2447612136602403e-07,2.6286472399238762e-08,0.00024422533970071226,0.00012157356199203759
CBBT,20,batch,6,amp_true,temporal,0.0003,6.73428364098072e-07,7.885941719771628e-08,0.0007326760191021367,0.00036472068597611274
CBBT,20,batch,6,amp_true,temporal,0.0007,1.571332849562168e-06,1.840053067946713e-07,0.0017095773779049856,0.0008510149339442632
CBBT,20,batch,6,amp_true,temporal,0.001,2.24476121366024e-06,2.628647239923876e-07,0.002442253397007122,0.001215735619920376
CBBT,20,batch,6,amp_true,temporal,0.003,6.734283640980721e-06,7.885941719771628e-07,0.007326760191021367,0.003647206859761128
CBBT,20,batch,6,tail,excess,0.01,2.7789799496531486e-05,3.995278588055722e-05,0.22670145519087992,0.10334155974582722
CBBT,20,batch,6,tail,excess,0.025,6.947449874132872e-05,9.988196470139306e-05,0.5667536379771998,0.25835389936456804
CBBT,20,batch,6,tail,excess,0.05,0.00013894899748265744,0.00019976392940278611,1.1335072759543996,0.5167077987291361
CBBT,20,batch,6,tail,excess,0.1,0.0002778979949653149,0.00039952785880557223,2.267014551908799,1.0334155974582722
CBBT,20,batch,6,body,excess,1.0,0.001527779153548181,0.0,0.0,0.0
CBBT,20,batch,6,excess,excess,2.0,0.00019812295795418322,0.0003506939712580441,1.9899196478700825,0.9071022504315818
CBBT,20,batch,6,gate,excess,0.5,0.00018524337792769074,0.0,0.0,0.0
CBBT,20,batch,6,amp_true,excess,0.0001,2.2447612136602403e-07,1.1088028531617316e-06,0.0062916068251923935,0.0028680206841876087
CBBT,20,batch,6,amp_true,excess,0.0003,6.73428364098072e-07,3.326408559485194e-06,0.01887482047557718,0.008604062052562825
CBBT,20,batch,6,amp_true,excess,0.0007,1.571332849562168e-06,7.76161997213212e-06,0.04404124777634675,0.02007614478931326
CBBT,20,batch,6,amp_true,excess,0.001,2.24476121366024e-06,1.1088028531617315e-05,0.06291606825192393,0.028680206841876086
CBBT,20,batch,6,amp_true,excess,0.003,6.734283640980721e-06,3.3264085594851945e-05,0.1887482047557718,0.08604062052562826
CBBT,20,batch,6,tail,full,0.01,2.7789799496531486e-05,0.000621716621214544,0.037340616444288724,0.018651433181527687
CBBT,20,batch,6,tail,full,0.025,6.947449874132872e-05,0.00155429155303636,0.0933515411107218,0.04662858295381922
CBBT,20,batch,6,tail,full,0.05,0.00013894899748265744,0.00310858310607272,0.1867030822214436,0.09325716590763844
CBBT,20,batch,6,tail,full,0.1,0.0002778979949653149,0.00621716621214544,0.3734061644428872,0.18651433181527688
CBBT,20,batch,6,body,full,1.0,0.001527779153548181,0.01648813462695951,0.9902857507401763,0.494642302922517
CBBT,20,batch,6,excess,full,2.0,0.00019812295795418322,0.002503252911725809,0.15034664290814642,0.07509732380696137
CBBT,20,batch,6,gate,full,0.5,0.00018524337792769074,0.002305715676115683,0.13848245607979165,0.06917122753556289
CBBT,20,batch,6,amp_true,full,0.0001,2.2447612136602403e-07,4.518910495965316e-06,0.00027140806248073977,0.00013556683912382676
CBBT,20,batch,6,amp_true,full,0.0003,6.73428364098072e-07,1.3556731487895946e-05,0.0008142241874422192,0.00040670051737148026
CBBT,20,batch,6,amp_true,full,0.0007,1.571332849562168e-06,3.163237347175721e-05,0.0018998564373651783,0.0009489678738667873
CBBT,20,batch,6,amp_true,full,0.001,2.24476121366024e-06,4.5189104959653155e-05,0.0027140806248073975,0.0013556683912382677
CBBT,20,batch,6,amp_true,full,0.003,6.734283640980721e-06,0.00013556731487895948,0.008142241874422192,0.004067005173714803
CBBT,20,batch,7,tail,shared,0.01,2.5232043117284775e-05,0.0010475322370862106,0.09999322864339026,0.04293010409729676
CBBT,20,batch,7,tail,shared,0.025,6.308010779321194e-05,0.0026188305927155268,0.24998307160847566,0.1073252602432419
CBBT,20,batch,7,tail,shared,0.05,0.00012616021558642387,0.0052376611854310536,0.4999661432169513,0.2146505204864838
CBBT,20,batch,7,tail,shared,0.1,0.00025232043117284775,0.010475322370862107,0.9999322864339026,0.4293010409729676
CBBT,20,batch,7,body,shared,1.0,0.0013479308690875769,0.009360307455295076,0.8934974317861705,0.3836053528588922
CBBT,20,batch,7,excess,shared,2.0,8.894456550478935e-05,0.002610766544932989,0.2492133099293951,0.10699477837500569
CBBT,20,batch,7,gate,shared,0.5,0.0005339986528269947,0.005472123910858485,0.5223470152149633,0.22425930277802789
CBBT,20,batch,7,amp_true,shared,0.0001,9.059978765435517e-08,4.331969652829063e-06,0.00041351245969904716,0.00017753335082037853
CBBT,20,batch,7,amp_true,shared,0.0003,2.717993629630655e-07,1.2995908958487186e-05,0.0012405373790971414,0.0005326000524611355
CBBT,20,batch,7,amp_true,shared,0.0007,6.341985135804862e-07,3.0323787569803438e-05,0.0028945872178933302,0.0012427334557426498
CBBT,20,batch,7,amp_true,shared,0.001,9.059978765435517e-07,4.331969652829063e-05,0.004135124596990471,0.0017753335082037853
CBBT,20,batch,7,amp_true,shared,0.003,2.717993629630655e-06,0.00012995908958487188,0.012405373790971414,0.005326000524611356
CBBT,20,batch,7,tail,temporal,0.01,2.5232043117284775e-05,7.621344342825289e-06,0.08780998585886703,0.03690363806778822
CBBT,20,batch,7,tail,temporal,0.025,6.308010779321194e-05,1.9053360857063224e-05,0.2195249646471676,0.09225909516947056
CBBT,20,batch,7,tail,temporal,0.05,0.00012616021558642387,3.810672171412645e-05,0.4390499292943352,0.18451819033894112
CBBT,20,batch,7,tail,temporal,0.1,0.00025232043117284775,7.62134434282529e-05,0.8780998585886703,0.36903638067788225
CBBT,20,batch,7,body,temporal,1.0,0.0013479308690875769,7.521580033808018e-05,0.8666054264124451,0.3642056503153022
CBBT,20,batch,7,excess,temporal,2.0,8.894456550478935e-05,1.479034353574235e-05,0.1704082374842374,0.0716169562992017
CBBT,20,batch,7,gate,temporal,0.5,0.0005339986528269947,4.101981871650804e-05,0.47261343135882905,0.19862382217979252
CBBT,20,batch,7,amp_true,temporal,0.0001,9.059978765435517e-08,2.8074209096782882e-08,0.00032345945713738926,0.0001359393310344793
CBBT,20,batch,7,amp_true,temporal,0.0003,2.717993629630655e-07,8.422262729034864e-08,0.0009703783714121677,0.00040781799310343785
CBBT,20,batch,7,amp_true,temporal,0.0007,6.341985135804862e-07,1.9651946367748016e-07,0.002264216199961725,0.0009515753172413551
CBBT,20,batch,7,amp_true,temporal,0.001,9.059978765435517e-07,2.807420909678288e-07,0.0032345945713738926,0.001359393310344793
CBBT,20,batch,7,amp_true,temporal,0.003,2.717993629630655e-06,8.422262729034865e-07,0.009703783714121677,0.004078179931034379
CBBT,20,batch,7,tail,excess,0.01,2.5232043117284775e-05,0.00014975478619788646,0.20437378067043857,0.09331702058308641
CBBT,20,batch,7,tail,excess,0.025,6.308010779321194e-05,0.0003743869654947161,0.5109344516760964,0.23329255145771605
CBBT,20,batch,7,tail,excess,0.05,0.00012616021558642387,0.0007487739309894322,1.0218689033521928,0.4665851029154321
CBBT,20,batch,7,tail,excess,0.1,0.00025232043117284775,0.0014975478619788645,2.0437378067043857,0.9331702058308642
CBBT,20,batch,7,body,excess,1.0,0.0013479308690875769,0.0,0.0,0.0
CBBT,20,batch,7,excess,excess,2.0,8.894456550478935e-05,0.0008742811895687141,1.1931515286937004,0.5447927096939785
CBBT,20,batch,7,gate,excess,0.5,0.0005339986528269947,0.0,0.0,0.0
CBBT,20,batch,7,amp_true,excess,0.0001,9.059978765435517e-08,1.5726735955582314e-06,0.0021462636129712174,0.0009799834650577282
CBBT,20,batch,7,amp_true,excess,0.0003,2.717993629630655e-07,4.718020786674693e-06,0.006438790838913651,0.0029399503951731843
CBBT,20,batch,7,amp_true,excess,0.0007,6.341985135804862e-07,1.1008715168907619e-05,0.015023845290798522,0.006859884255404097
CBBT,20,batch,7,amp_true,excess,0.001,9.059978765435517e-07,1.5726735955582312e-05,0.021462636129712175,0.009799834650577282
CBBT,20,batch,7,amp_true,excess,0.003,2.717993629630655e-06,4.718020786674694e-05,0.06438790838913652,0.029399503951731847
CBBT,20,batch,7,tail,full,0.01,2.5232043117284775e-05,0.0010809357875952977,0.092350711498005,0.04067683880721172
CBBT,20,batch,7,tail,full,0.025,6.308010779321194e-05,0.0027023394689882443,0.23087677874501253,0.10169209701802931
CBBT,20,batch,7,tail,full,0.05,0.00012616021558642387,0.005404678937976489,0.46175355749002506,0.20338419403605862
CBBT,20,batch,7,tail,full,0.1,0.00025232043117284775,0.010809357875952977,0.9235071149800501,0.40676838807211724
CBBT,20,batch,7,body,full,1.0,0.0013479308690875769,0.010688434605747733,0.9131759277177954,0.40221790836127136
CBBT,20,batch,7,excess,full,2.0,8.894456550478935e-05,0.002753265252491126,0.23522766840382112,0.10360849196993116
CBBT,20,batch,7,gate,full,0.5,0.0005339986528269947,0.00558930413655157,0.4775271757239075,0.2103318495104833
CBBT,20,batch,7,amp_true,full,0.0001,9.059978765435517e-08,4.608607524100745e-06,0.0003937404874091474,0.00017342712447386885
CBBT,20,batch,7,amp_true,full,0.0003,2.717993629630655e-07,1.3825822572302235e-05,0.001181221462227442,0.0005202813734216065
CBBT,20,batch,7,amp_true,full,0.0007,6.341985135804862e-07,3.226025266870522e-05,0.0027561834118640318,0.0012139898713170818
CBBT,20,batch,7,amp_true,full,0.001,9.059978765435517e-07,4.6086075241007454e-05,0.003937404874091474,0.0017342712447386884
CBBT,20,batch,7,amp_true,full,0.003,2.717993629630655e-06,0.00013825822572302238,0.011812214622274421,0.005202813734216065
CBBT,20,accum4,1,tail,shared,0.01,2.362109284149483e-05,0.000786711069765616,0.05548019152060788,0.025880179678053276
CBBT,20,accum4,1,tail,shared,0.025,5.905273210373707e-05,0.00196677767441404,0.1387004788015197,0.0647004491951332
CBBT,20,accum4,1,tail,shared,0.05,0.00011810546420747415,0.00393355534882808,0.2774009576030394,0.1294008983902664
CBBT,20,accum4,1,tail,shared,0.1,0.0002362109284149483,0.00786711069765616,0.5548019152060788,0.2588017967805328
CBBT,20,accum4,1,body,shared,1.0,0.001341625873465091,0.013234458800336123,0.9333163560708468,0.43536971177555184
CBBT,20,accum4,1,excess,shared,2.0,0.00012580224392877426,0.00199828553295,0.14092246612718434,0.06573695302928449
CBBT,20,accum4,1,gate,shared,0.5,0.00032925407867878675,0.003817824056478857,0.26923939167213756,0.12559372348771475
CBBT,20,accum4,1,amp_true,shared,0.0001,1.4152572402963416e-07,4.144268714754304e-06,0.00029226081956102833,0.00013633266785470618
CBBT,20,accum4,1,amp_true,shared,0.0003,4.2457717208890243e-07,1.2432806144262911e-05,0.0008767824586830848,0.00040899800356411855
CBBT,20,accum4,1,amp_true,shared,0.0007,9.90680068207439e-07,2.9009881003280128e-05,0.002045825736927198,0.0009543286749829433
CBBT,20,accum4,1,amp_true,shared,0.001,1.4152572402963416e-06,4.144268714754304e-05,0.002922608195610283,0.0013633266785470618
CBBT,20,accum4,1,amp_true,shared,0.003,4.245771720889025e-06,0.0001243280614426291,0.008767824586830848,0.004089980035641186
CBBT,20,accum4,1,tail,temporal,0.01,2.362109284149483e-05,5.884688776474921e-06,0.04894990428784182,0.022747515553384196
CBBT,20,accum4,1,tail,temporal,0.025,5.905273210373707e-05,1.4711721941187303e-05,0.12237476071960457,0.05686878888346049
CBBT,20,accum4,1,tail,temporal,0.05,0.00011810546420747415,2.9423443882374605e-05,0.24474952143920914,0.11373757776692098
CBBT,20,accum4,1,tail,temporal,0.1,0.0002362109284149483,5.884688776474921e-05,0.4894990428784183,0.22747515553384196
CBBT,20,accum4,1,body,temporal,1.0,0.001341625873465091,0.00011080218061199517,0.9216725542944166,0.42831055686348013
CBBT,20,accum4,1,excess,temporal,2.0,0.00012580224392877426,1.274262163007525e-05,0.10599542862180192,0.04925714761327819
CBBT,20,accum4,1,gate,temporal,0.5,0.00032925407867878675,2.985741508997346e-05,0.2483593723391522,0.11541511198657929
CBBT,20,accum4,1,amp_true,temporal,0.0001,1.4152572402963416e-07,2.9744748708403186e-08,0.0002474221930245265,0.00011497959528136985
CBBT,20,accum4,1,amp_true,temporal,0.0003,4.2457717208890243e-07,8.923424612520954e-08,0.0007422665790735793,0.00034493878584410955
CBBT,20,accum4,1,amp_true,temporal,0.0007,9.90680068207439e-07,2.082132409588223e-07,0.0017319553511716853,0.000804857166969589
CBBT,20,accum4,1,amp_true,temporal,0.001,1.4152572402963416e-06,2.9744748708403186e-07,0.002474221930245265,0.0011497959528136985
CBBT,20,accum4,1,amp_true,temporal,0.003,4.245771720889025e-06,8.923424612520956e-07,0.007422665790735795,0.0034493878584410955
CBBT,20,accum4,1,tail,excess,0.01,2.362109284149483e-05,0.00013664017486569012,0.20314553689671036,0.09332188131877642
CBBT,20,accum4,1,tail,excess,0.025,5.905273210373707e-05,0.0003416004371642253,0.5078638422417759,0.23330470329694106
CBBT,20,accum4,1,tail,excess,0.05,0.00011810546420747415,0.0006832008743284506,1.0157276844835519,0.4666094065938821
CBBT,20,accum4,1,tail,excess,0.1,0.0002362109284149483,0.0013664017486569012,2.0314553689671038,0.9332188131877642
CBBT,20,accum4,1,body,excess,1.0,0.001341625873465091,0.0,0.0,0.0
CBBT,20,accum4,1,excess,excess,2.0,0.00012580224392877426,0.0007918964239062477,1.177327417497426,0.5408457956174547
CBBT,20,accum4,1,gate,excess,0.5,0.00032925407867878675,0.0,0.0,0.0
CBBT,20,accum4,1,amp_true,excess,0.0001,1.4152572402963416e-07,1.8877705484270588e-06,0.002806584241969569,0.0012893008900973473
CBBT,20,accum4,1,amp_true,excess,0.0003,4.2457717208890243e-07,5.663311645281175e-06,0.008419752725908706,0.003867902670292042
CBBT,20,accum4,1,amp_true,excess,0.0007,9.90680068207439e-07,1.3214393838989412e-05,0.01964608969378698,0.009025106230681432
CBBT,20,accum4,1,amp_true,excess,0.001,1.4152572402963416e-06,1.8877705484270587e-05,0.02806584241969569,0.012893008900973474
CBBT,20,accum4,1,amp_true,excess,0.003,4.245771720889025e-06,5.663311645281176e-05,0.08419752725908707,0.03867902670292042
CBBT,20,accum4,1,tail,full,0.01,2.362109284149483e-05,0.0008120801758532628,0.05069742325402724,0.023982828184459896
CBBT,20,accum4,1,tail,full,0.025,5.905273210373707e-05,0.002030200439633157,0.1267435581350681,0.059957070461149745
CBBT,20,accum4,1,tail,full,0.05,0.00011810546420747415,0.004060400879266314,0.2534871162701362,0.11991414092229949
CBBT,20,accum4,1,tail,full,0.1,0.0002362109284149483,0.008120801758532628,0.5069742325402724,0.23982828184459898
CBBT,20,accum4,1,body,full,1.0,0.001341625873465091,0.015152998167835913,0.9459878279568891,0.44750723185281926
CBBT,20,accum4,1,excess,full,2.0,0.00012580224392877426,0.002149475521468614,0.13418979249378435,0.06347957215421415
CBBT,20,accum4,1,gate,full,0.5,0.00032925407867878675,0.0039501112562710635,0.24660183589539691,0.11665700307129265
CBBT,20,accum4,1,amp_true,full,0.0001,1.4152572402963416e-07,4.5539697872954634e-06,0.00028430017214739635,0.00013449050748120126
CBBT,20,accum4,1,amp_true,full,0.0003,4.2457717208890243e-07,1.3661909361886387e-05,0.0008529005164421889,0.00040347152244360376
CBBT,20,accum4,1,amp_true,full,0.0007,9.90680068207439e-07,3.187778851106824e-05,0.0019901012050317743,0.0009414335523684088
CBBT,20,accum4,1,amp_true,full,0.001,1.4152572402963416e-06,4.553969787295463e-05,0.0028430017214739634,0.0013449050748120127
CBBT,20,accum4,1,amp_true,full,0.003,4.245771720889025e-06,0.0001366190936188639,0.00852900516442189,0.004034715224436038
CBBT,20,batch,8,tail,shared,0.01,4.824387840926647e-05,0.0019708328919724937,0.1151134985202037,0.03996409031749785
CBBT,20,batch,8,tail,shared,0.025,0.00012060969602316618,0.004927082229931234,0.28778374630050924,0.09991022579374463
CBBT,20,batch,8,tail,shared,0.05,0.00024121939204633236,0.009854164459862468,0.5755674926010185,0.19982045158748926
CBBT,20,batch,8,tail,shared,0.1,0.00048243878409266473,0.019708328919724936,1.151134985202037,0.3996409031749785
CBBT,20,batch,8,body,shared,1.0,0.0011739449109882116,0.01204846654480105,0.7037335034466417,0.24431599814729535
CBBT,20,batch,8,excess,shared,2.0,0.00022730021737515926,0.008373763985574972,0.48909944221464363,0.1698012355994308
CBBT,20,batch,8,gate,shared,0.5,0.0007762392633594573,0.016776050338780095,0.9798648346665497,0.3401808411259534
CBBT,20,batch,8,amp_true,shared,0.0001,2.877011662349105e-07,1.1327524722745506e-05,0.0006616243344225324,0.00022969690780856388
CBBT,20,batch,8,amp_true,shared,0.0003,8.631034987047314e-07,3.398257416823651e-05,0.001984873003267597,0.0006890907234256916
CBBT,20,batch,8,amp_true,shared,0.0007,2.0139081636443735e-06,7.929267305921853e-05,0.004631370340957727,0.0016078783546599471
CBBT,20,batch,8,amp_true,shared,0.001,2.877011662349105e-06,0.00011327524722745505,0.0066162433442253235,0.002296969078085639
CBBT,20,batch,8,amp_true,shared,0.003,8.631034987047314e-06,0.00033982574168236513,0.01984873003267597,0.006890907234256916
CBBT,20,batch,8,tail,temporal,0.01,4.824387840926647e-05,1.2998694497938974e-05,0.09779657943459207,0.035285602321097904
CBBT,20,batch,8,tail,temporal,0.025,0.00012060969602316618,3.249673624484744e-05,0.24449144858648017,0.08821400580274477
CBBT,20,batch,8,tail,temporal,0.05,0.00024121939204633236,6.499347248969488e-05,0.48898289717296034,0.17642801160548954
CBBT,20,batch,8,tail,temporal,0.1,0.00048243878409266473,0.00012998694497938975,0.9779657943459207,0.3528560232109791
CBBT,20,batch,8,body,temporal,1.0,0.0011739449109882116,9.821548277227027e-05,0.7389309952755713,0.26661080983374624
CBBT,20,batch,8,excess,temporal,2.0,0.00022730021737515926,5.292161652429761e-05,0.39815945170848566,0.1436583585499369
CBBT,20,batch,8,gate,temporal,0.5,0.0007762392633594573,0.00010278449804089612,0.7733062984821264,0.2790136288855609
CBBT,20,batch,8,amp_true,temporal,0.0001,2.877011662349105e-07,7.071648756904783e-08,0.0005320403979782953,0.00019196342050364573
CBBT,20,batch,8,amp_true,temporal,0.0003,8.631034987047314e-07,2.1214946270714346e-07,0.0015961211939348856,0.0005758902615109372
CBBT,20,batch,8,amp_true,temporal,0.0007,2.0139081636443735e-06,4.950154129833348e-07,0.0037242827858480665,0.00134374394352552
CBBT,20,batch,8,amp_true,temporal,0.001,2.877011662349105e-06,7.071648756904783e-07,0.005320403979782952,0.0019196342050364574
CBBT,20,batch,8,amp_true,temporal,0.003,8.631034987047314e-06,2.121494627071435e-06,0.01596121193934886,0.005758902615109372
CBBT,20,batch,8,tail,excess,0.01,4.824387840926647e-05,0.0005635899096881295,0.2074986220574372,0.07505026795420569
CBBT,20,batch,8,tail,excess,0.025,0.00012060969602316618,0.0014089747742203236,0.5187465551435929,0.1876256698855142
CBBT,20,batch,8,tail,excess,0.05,0.00024121939204633236,0.002817949548440647,1.0374931102871858,0.3752513397710284
CBBT,20,batch,8,tail,excess,0.1,0.00048243878409266473,0.005635899096881294,2.0749862205743717,0.7505026795420568
CBBT,20,batch,8,body,excess,1.0,0.0011739449109882116,0.0,0.0,0.0
CBBT,20,batch,8,excess,excess,2.0,0.00022730021737515926,0.004797475552096382,1.766301257886429,0.6388542795023143
CBBT,20,batch,8,gate,excess,0.5,0.0007762392633594573,0.0,0.0,0.0
CBBT,20,batch,8,amp_true,excess,0.0001,2.877011662349105e-07,5.883846648198168e-06,0.0021662738294480595,0.0007835205349809838
CBBT,20,batch,8,amp_true,excess,0.0003,8.631034987047314e-07,1.7651539944594502e-05,0.006498821488344178,0.002350561604942951
CBBT,20,batch,8,amp_true,excess,0.0007,2.0139081636443735e-06,4.118692653738717e-05,0.015163916806136416,0.005484643744866886
CBBT,20,batch,8,amp_true,excess,0.001,2.877011662349105e-06,5.883846648198168e-05,0.021662738294480594,0.007835205349809837
CBBT,20,batch,8,amp_true,excess,0.003,8.631034987047314e-06,0.00017651539944594504,0.06498821488344178,0.023505616049429513
CBBT,20,batch,8,tail,full,0.01,4.824387840926647e-05,0.0020713959907742207,0.11125512764730223,0.04003954462271011
CBBT,20,batch,8,tail,full,0.025,0.00012060969602316618,0.005178489976935552,0.2781378191182556,0.10009886155677528
CBBT,20,batch,8,tail,full,0.05,0.00024121939204633236,0.010356979953871104,0.5562756382365112,0.20019772311355055
CBBT,20,batch,8,tail,full,0.1,0.00048243878409266473,0.02071395990774221,1.1125512764730223,0.4003954462271011
CBBT,20,batch,8,body,full,1.0,0.0011739449109882116,0.01372318471138301,0.7370752253999314,0.2652655837244037
CBBT,20,batch,8,excess,full,2.0,0.00022730021737515926,0.009650683652419393,0.518340310793178,0.18654519969225106
CBBT,20,batch,8,gate,full,0.5,0.0007762392633594573,0.017012450674695305,0.9137424132501196,0.3288462374963455
CBBT,20,batch,8,amp_true,full,0.0001,2.877011662349105e-07,1.2764500292762088e-05,0.0006855840774773728,0.0002467344637794809
CBBT,20,batch,8,amp_true,full,0.0003,8.631034987047314e-07,3.829350087828626e-05,0.002056752232432118,0.0007402033913384426
CBBT,20,batch,8,amp_true,full,0.0007,2.0139081636443735e-06,8.93515020493346e-05,0.004799088542341609,0.0017271412464563661
CBBT,20,batch,8,amp_true,full,0.001,2.877011662349105e-06,0.0001276450029276209,0.006855840774773728,0.002467344637794809
CBBT,20,batch,8,amp_true,full,0.003,8.631034987047314e-06,0.0003829350087828626,0.020567522324321182,0.007402033913384426
CBBT,20,batch,9,tail,shared,0.01,3.911267966032028e-05,0.0016094028863911042,0.12925303518429723,0.05045125754198123
CBBT,20,batch,9,tail,shared,0.025,9.778169915080071e-05,0.004023507215977761,0.3231325879607431,0.12612814385495308
CBBT,20,batch,9,tail,shared,0.05,0.00019556339830160142,0.008047014431955522,0.6462651759214862,0.25225628770990616
CBBT,20,batch,9,tail,shared,0.1,0.00039112679660320283,0.016094028863911043,1.2925303518429725,0.5045125754198123
CBBT,20,batch,9,body,shared,1.0,0.0013394858688116074,0.009146670176600475,0.7345798197282506,0.286728088183066
CBBT,20,batch,9,excess,shared,2.0,0.00026215199613943696,0.007004787460336112,0.5625627042956147,0.2195847535608168
CBBT,20,batch,9,gate,shared,0.5,0.0005373931489884853,0.007684476101825213,0.6171492970224088,0.24089150464849493
CBBT,20,batch,9,amp_true,shared,0.0001,3.744207788258791e-07,1.496425122918434e-05,0.001201796583681781,0.00046909651962872314
CBBT,20,batch,9,amp_true,shared,0.0003,1.1232623364776373e-06,4.489275368755301e-05,0.0036053897510453427,0.0014072895588861693
CBBT,20,batch,9,amp_true,shared,0.0007,2.6209454517811537e-06,0.00010474975860429037,0.008412576085772467,0.003283675637401062
CBBT,20,batch,9,amp_true,shared,0.001,3.744207788258791e-06,0.0001496425122918434,0.01201796583681781,0.004690965196287231
CBBT,20,batch,9,amp_true,shared,0.003,1.1232623364776373e-05,0.00044892753687553015,0.03605389751045343,0.014072895588861694
CBBT,20,batch,9,tail,temporal,0.01,3.911267966032028e-05,1.0519891006664116e-05,0.10959440437815841,0.04467826260277126
CBBT,20,batch,9,tail,temporal,0.025,9.778169915080071e-05,2.629972751666029e-05,0.27398601094539604,0.11169565650692814
CBBT,20,batch,9,tail,temporal,0.05,0.00019556339830160142,5.259945503332058e-05,0.5479720218907921,0.22339131301385629
CBBT,20,batch,9,tail,temporal,0.1,0.00039112679660320283,0.00010519891006664116,1.0959440437815842,0.44678262602771257
CBBT,20,batch,9,body,temporal,1.0,0.0013394858688116074,6.826231089408255e-05,0.711144944294052,0.2899118869259983
CBBT,20,batch,9,excess,temporal,2.0,0.00026215199613943696,3.440881871439549e-05,0.3584651200256116,0.146135186894907
CBBT,20,batch,9,gate,temporal,0.5,0.0005373931489884853,4.4710085924447296e-05,0.46578193951648933,0.18988494830027305
CBBT,20,batch,9,amp_true,temporal,0.0001,3.744207788258791e-07,9.669237420987099e-08,0.0010073244250085756,0.00041065513738663164
CBBT,20,batch,9,amp_true,temporal,0.0003,1.1232623364776373e-06,2.9007712262961293e-07,0.0030219732750257264,0.0012319654121598948
CBBT,20,batch,9,amp_true,temporal,0.0007,2.6209454517811537e-06,6.768466194690968e-07,0.0070512709750600285,0.0028745859617064213
CBBT,20,batch,9,amp_true,temporal,0.001,3.744207788258791e-06,9.669237420987098e-07,0.010073244250085756,0.004106551373866316
CBBT,20,batch,9,amp_true,temporal,0.003,1.1232623364776373e-05,2.9007712262961293e-06,0.03021973275025727,0.012319654121598949
CBBT,20,batch,9,tail,excess,0.01,3.911267966032028e-05,0.0003004433306960003,0.2074325233263829,0.0921790796795147
CBBT,20,batch,9,tail,excess,0.025,9.778169915080071e-05,0.0007511083267400008,0.5185813083159573,0.23044769919878677
CBBT,20,batch,9,tail,excess,0.05,0.00019556339830160142,0.0015022166534800017,1.0371626166319146,0.46089539839757354
CBBT,20,batch,9,tail,excess,0.1,0.00039112679660320283,0.0030044333069600034,2.074325233263829,0.9217907967951471
CBBT,20,batch,9,body,excess,1.0,0.0013394858688116074,0.0,0.0,0.0
CBBT,20,batch,9,excess,excess,2.0,0.00026215199613943696,0.0018176906972273723,1.2549726668230734,0.5576860542195592
CBBT,20,batch,9,gate,excess,0.5,0.0005373931489884853,0.0,0.0,0.0
CBBT,20,batch,9,amp_true,excess,0.0001,3.744207788258791e-07,5.761294882532664e-06,0.003977721630041286,0.0017676240600977627
CBBT,20,batch,9,amp_true,excess,0.0003,1.1232623364776373e-06,1.728388464759799e-05,0.011933164890123854,0.005302872180293287
CBBT,20,batch,9,amp_true,excess,0.0007,2.6209454517811537e-06,4.032906417772865e-05,0.027844051410288995,0.012373368420684337
CBBT,20,batch,9,amp_true,excess,0.001,3.744207788258791e-06,5.761294882532665e-05,0.03977721630041285,0.017676240600977625
CBBT,20,batch,9,amp_true,excess,0.003,1.1232623364776373e-05,0.00017283884647597994,0.11933164890123855,0.053028721802932874
CBBT,20,batch,9,tail,full,0.01,3.911267966032028e-05,0.0016491948004284946,0.12068570338898188,0.04866331668383551
CBBT,20,batch,9,tail,full,0.025,9.778169915080071e-05,0.004122987001071237,0.3017142584724547,0.12165829170958878
CBBT,20,batch,9,tail,full,0.05,0.00019556339830160142,0.008245974002142473,0.6034285169449094,0.24331658341917756
CBBT,20,batch,9,tail,full,0.1,0.00039112679660320283,0.016491948004284947,1.2068570338898188,0.4866331668383551
CBBT,20,batch,9,body,full,1.0,0.0013394858688116074,0.010616031708900199,0.7768659309715705,0.31325063166681316
CBBT,20,batch,9,excess,full,2.0,0.00026215199613943696,0.007236784288291932,0.5295774652454175,0.21353810083699967
CBBT,20,batch,9,gate,full,0.5,0.0005373931489884853,0.007841047451866779,0.5737965744186542,0.23136828662328698
CBBT,20,batch,9,amp_true,full,0.0001,3.744207788258791e-07,1.603500338552013e-05,0.0011734184839313096,0.000473149956313953
CBBT,20,batch,9,amp_true,full,0.0003,1.1232623364776373e-06,4.810501015656039e-05,0.0035202554517939286,0.001419449868941859
CBBT,20,batch,9,amp_true,full,0.0007,2.6209454517811537e-06,0.00011224502369864092,0.008213929387519168,0.0033120496941976708
CBBT,20,batch,9,amp_true,full,0.001,3.744207788258791e-06,0.0001603500338552013,0.011734184839313096,0.00473149956313953
CBBT,20,batch,9,amp_true,full,0.003,1.1232623364776373e-05,0.0004810501015656039,0.03520255451793929,0.01419449868941859
CBBT,20,batch,10,tail,shared,0.01,1.6100970096886158e-05,0.0008846843265323871,0.08572003708853425,0.032015303621649976
CBBT,20,batch,10,tail,shared,0.025,4.0252425242215396e-05,0.002211710816330968,0.21430009272133563,0.08003825905412494
CBBT,20,batch,10,tail,shared,0.05,8.050485048443079e-05,0.004423421632661936,0.42860018544267126,0.16007651810824988
CBBT,20,batch,10,tail,shared,0.1,0.00016100970096886159,0.008846843265323872,0.8572003708853425,0.32015303621649976
CBBT,20,batch,10,body,shared,1.0,0.0011644361075013876,0.008974620240062379,0.8695811113202694,0.3247770795271161
CBBT,20,batch,10,excess,shared,2.0,6.828976620454341e-05,0.00325318242969471,0.31521177686308843,0.11772744254611846
CBBT,20,batch,10,gate,shared,0.5,0.0004654699005186558,0.00894300383171402,0.8665176912788516,0.3236329325332768
CBBT,20,batch,10,amp_true,shared,0.0001,8.610297227278352e-08,5.301751099136294e-06,0.0005137044787867653,0.00019186184956002054
CBBT,20,batch,10,amp_true,shared,0.0003,2.5830891681835053e-07,1.590525329740888e-05,0.0015411134363602955,0.0005755855486800615
CBBT,20,batch,10,amp_true,shared,0.0007,6.027208059094846e-07,3.711225769395406e-05,0.0035959313515073568,0.0013430329469201437
CBBT,20,batch,10,amp_true,shared,0.001,8.610297227278352e-07,5.301751099136294e-05,0.0051370447878676525,0.0019186184956002054
CBBT,20,batch,10,amp_true,shared,0.003,2.5830891681835054e-06,0.00015905253297408882,0.015411134363602957,0.005755855486800616
CBBT,20,batch,10,tail,temporal,0.01,1.6100970096886158e-05,6.684378517426824e-06,0.08217684757707809,0.029774172690135763
CBBT,20,batch,10,tail,temporal,0.025,4.0252425242215396e-05,1.671094629356706e-05,0.20544211894269526,0.07443543172533941
CBBT,20,batch,10,tail,temporal,0.05,8.050485048443079e-05,3.342189258713412e-05,0.4108842378853905,0.14887086345067882
CBBT,20,batch,10,tail,temporal,0.1,0.00016100970096886159,6.684378517426824e-05,0.821768475770781,0.29774172690135764
CBBT,20,batch,10,body,temporal,1.0,0.0011644361075013876,7.219609233111115e-05,0.8875690177758289,0.321582464998852
CBBT,20,batch,10,excess,temporal,2.0,6.828976620454341e-05,2.285327296136299e-05,0.28095505421889744,0.10179514728444328
CBBT,20,batch,10,gate,temporal,0.5,0.0004654699005186558,7.353795107497025e-05,0.9040656481172429,0.32755949545295765
CBBT,20,batch,10,amp_true,temporal,0.0001,8.610297227278352e-08,3.744052486249302e-08,0.0004602887608488239,0.00016677102440547004
CBBT,20,batch,10,amp_true,temporal,0.0003,2.5830891681835053e-07,1.1232157458747903e-07,0.0013808662825464714,0.0005003130732164101
CBBT,20,batch,10,amp_true,temporal,0.0007,6.027208059094846e-07,2.620836740374511e-07,0.003222021325941767,0.0011673971708382903
CBBT,20,batch,10,amp_true,temporal,0.001,8.610297227278352e-07,3.744052486249301e-07,0.004602887608488239,0.0016677102440547005
CBBT,20,batch,10,amp_true,temporal,0.003,2.5830891681835054e-06,1.1232157458747904e-06,0.013808662825464715,0.005003130732164102
CBBT,20,batch,10,tail,excess,0.01,1.6100970096886158e-05,0.00020680218357848509,0.2008114170321495,0.07478283799263197
CBBT,20,batch,10,tail,excess,0.025,4.0252425242215396e-05,0.0005170054589462127,0.5020285425803738,0.18695709498157995
CBBT,20,batch,10,tail,excess,0.05,8.050485048443079e-05,0.0010340109178924254,1.0040570851607475,0.3739141899631599
CBBT,20,batch,10,tail,excess,0.1,0.00016100970096886159,0.002068021835784851,2.008114170321495,0.7478283799263198
CBBT,20,batch,10,body,excess,1.0,0.0011644361075013876,0.0,0.0,0.0
CBBT,20,batch,10,excess,excess,2.0,6.828976620454341e-05,0.0017353887648746424,1.6851170086600757,0.6275431652229209
CBBT,20,batch,10,gate,excess,0.5,0.0004654699005186558,0.0,0.0,0.0
CBBT,20,batch,10,amp_true,excess,0.0001,8.610297227278352e-08,2.5587922436037967e-06,0.0024846676540721444,0.0009252984784737724
CBBT,20,batch,10,amp_true,excess,0.0003,2.5830891681835053e-07,7.676376730811388e-06,0.007454002962216432,0.0027758954354213166
CBBT,20,batch,10,amp_true,excess,0.0007,6.027208059094846e-07,1.7911545705226577e-05,0.01739267357850501,0.006477089349316407
CBBT,20,batch,10,amp_true,excess,0.001,8.610297227278352e-07,2.5587922436037965e-05,0.024846676540721445,0.009252984784737723
CBBT,20,batch,10,amp_true,excess,0.003,2.5830891681835054e-06,7.67637673081139e-05,0.07454002962216433,0.02775895435421317
CBBT,20,batch,10,tail,full,0.01,1.6100970096886158e-05,0.0009233221020266872,0.08086742260540362,0.0313581390426645
CBBT,20,batch,10,tail,full,0.025,4.0252425242215396e-05,0.002308305255066718,0.20216855651350907,0.07839534760666124
CBBT,20,batch,10,tail,full,0.05,8.050485048443079e-05,0.004616610510133436,0.40433711302701814,0.15679069521332248
CBBT,20,batch,10,tail,full,0.1,0.00016100970096886159,0.009233221020266871,0.8086742260540363,0.31358139042664496
CBBT,20,batch,10,body,full,1.0,0.0011644361075013876,0.010156767584992487,0.889561307801026,0.3449471527380555
CBBT,20,batch,10,excess,full,2.0,6.828976620454341e-05,0.0036871086349777537,0.32292844666265863,0.12522267688302285
CBBT,20,batch,10,gate,full,0.5,0.0004654699005186558,0.009190697615956095,0.8049498939932397,0.3121371979590133
CBBT,20,batch,10,amp_true,full,0.0001,8.610297227278352e-08,5.886933196760419e-06,0.0005155959265214738,0.00019993377101413192
CBBT,20,batch,10,amp_true,full,0.0003,2.5830891681835053e-07,1.7660799590281255e-05,0.001546787779564421,0.0005998013130423957
CBBT,20,batch,10,amp_true,full,0.0007,6.027208059094846e-07,4.120853237732293e-05,0.0036091714856503164,0.0013995363970989232
CBBT,20,batch,10,amp_true,full,0.001,8.610297227278352e-07,5.886933196760419e-05,0.005155959265214737,0.001999337710141319
CBBT,20,batch,10,amp_true,full,0.003,2.5830891681835054e-06,0.00017660799590281257,0.015467877795644213,0.005998013130423957
CBBT,20,batch,11,tail,shared,0.01,3.236561082303524e-05,0.0014462333406827874,0.09019783492164139,0.04437133663132909
CBBT,20,batch,11,tail,shared,0.025,8.091402705758811e-05,0.0036155833517069686,0.2254945873041035,0.11092834157832272
CBBT,20,batch,11,tail,shared,0.05,0.00016182805411517622,0.007231166703413937,0.450989174608207,0.22185668315664545
CBBT,20,batch,11,tail,shared,0.1,0.00032365610823035243,0.014462333406827874,0.901978349216414,0.4437133663132909
CBBT,20,batch,11,body,shared,1.0,0.001172784948721528,0.013995178698462214,0.8728431176581786,0.42938076987763074
CBBT,20,batch,11,excess,shared,2.0,0.00016228118329308927,0.007461078070660829,0.46532815225876617,0.22891050661964538
CBBT,20,batch,11,gate,shared,0.5,0.0002566827170085162,0.0025386219964706825,0.15832729154066275,0.07788649868348178
CBBT,20,batch,11,amp_true,shared,0.0001,2.3103065323084595e-07,1.014033391715724e-05,0.0006324264134847404,0.0003111117391193904
CBBT,20,batch,11,amp_true,shared,0.0003,6.930919596925378e-07,3.0421001751471715e-05,0.001897279240454221,0.0009333352173581712
CBBT,20,batch,11,amp_true,shared,0.0007,1.6172145726159216e-06,7.098233742010067e-05,0.004426984894393183,0.0021777821738357328
CBBT,20,batch,11,amp_true,shared,0.001,2.3103065323084594e-06,0.0001014033391715724,0.006324264134847404,0.003111117391193904
CBBT,20,batch,11,amp_true,shared,0.003,6.930919596925378e-06,0.0003042100175147172,0.01897279240454221,0.009333352173581713
CBBT,20,batch,11,tail,temporal,0.01,3.236561082303524e-05,9.964358107072172e-06,0.0739090109162883,0.036636119371361214
CBBT,20,batch,11,tail,temporal,0.025,8.091402705758811e-05,2.491089526768043e-05,0.18477252729072077,0.09159029842840304
CBBT,20,batch,11,tail,temporal,0.05,0.00016182805411517622,4.982179053536086e-05,0.36954505458144155,0.18318059685680607
CBBT,20,batch,11,tail,temporal,0.1,0.00032365610823035243,9.964358107072173e-05,0.7390901091628831,0.36636119371361214
CBBT,20,batch,11,body,temporal,1.0,0.001172784948721528,0.00011626160141273238,0.8623515810677356,0.42746094248051997
CBBT,20,batch,11,excess,temporal,2.0,0.00016228118329308927,4.787845780274881e-05,0.3551306990750227,0.17603551342993512
CBBT,20,batch,11,gate,temporal,0.5,0.0002566827170085162,5.9690066077945125e-06,0.04427413886517861,0.021946344788270435
CBBT,20,batch,11,amp_true,temporal,0.0001,2.3103065323084595e-07,6.757592787215733e-08,0.0005012334901168172,0.00024845752566818297
CBBT,20,batch,11,amp_true,temporal,0.0003,6.930919596925378e-07,2.0272778361647195e-07,0.0015037004703504513,0.0007453725770045487
CBBT,20,batch,11,amp_true,temporal,0.0007,1.6172145726159216e-06,4.7303149510510124e-07,0.0035086344308177197,0.0017392026796772806
CBBT,20,batch,11,amp_true,temporal,0.001,2.3103065323084594e-06,6.757592787215732e-07,0.005012334901168172,0.0024845752566818296
CBBT,20,batch,11,amp_true,temporal,0.003,6.930919596925378e-06,2.0272778361647197e-06,0.015037004703504515,0.007453725770045489
CBBT,20,batch,11,tail,excess,0.01,3.236561082303524e-05,0.0003096579611281211,0.20245700252286,0.07658880699529054
CBBT,20,batch,11,tail,excess,0.025,8.091402705758811e-05,0.0007741449028203028,0.50614250630715,0.19147201748822637
CBBT,20,batch,11,tail,excess,0.05,0.00016182805411517622,0.0015482898056406057,1.0122850126143,0.38294403497645274
CBBT,20,batch,11,tail,excess,0.1,0.00032365610823035243,0.0030965796112812113,2.0245700252286,0.7658880699529055
CBBT,20,batch,11,body,excess,1.0,0.001172784948721528,0.0,0.0,0.0
CBBT,20,batch,11,excess,excess,2.0,0.00016228118329308927,0.002515602146535051,1.644722029015864,0.6221928432777983
CBBT,20,batch,11,gate,excess,0.5,0.0002566827170085162,0.0,0.0,0.0
CBBT,20,batch,11,amp_true,excess,0.0001,2.3103065323084595e-07,3.4773206877087357e-06,0.0022735017716949872,0.0008600581171606428
CBBT,20,batch,11,amp_true,excess,0.0003,6.930919596925378e-07,1.0431962063126205e-05,0.00682050531508496,0.002580174351481928
CBBT,20,batch,11,amp_true,excess,0.0007,1.6172145726159216e-06,2.434124481396115e-05,0.015914512401864908,0.0060204068201244985
CBBT,20,batch,11,amp_true,excess,0.001,2.3103065323084594e-06,3.4773206877087354e-05,0.02273501771694987,0.008600581171606426
CBBT,20,batch,11,amp_true,excess,0.003,6.930919596925378e-06,0.00010431962063126207,0.06820505315084961,0.02580174351481928
CBBT,20,batch,11,tail,full,0.01,3.236561082303524e-05,0.0014883707220340956,0.08348344297653375,0.04110420730894432
CBBT,20,batch,11,tail,full,0.025,8.091402705758811e-05,0.003720926805085239,0.20870860744133438,0.1027605182723608
CBBT,20,batch,11,tail,full,0.05,0.00016182805411517622,0.007441853610170478,0.41741721488266875,0.2055210365447216
CBBT,20,batch,11,tail,full,0.1,0.00032365610823035243,0.014883707220340957,0.8348344297653375,0.4110420730894432
CBBT,20,batch,11,body,full,1.0,0.001172784948721528,0.015924176475952574,0.8931948600558355,0.4397766237951935
CBBT,20,batch,11,excess,full,2.0,0.00016228118329308927,0.007873750068178928,0.4416424988056411,0.21744868419537958
CBBT,20,batch,11,gate,full,0.5,0.0002566827170085162,0.0025668064820025213,0.14397343309682883,0.07088727572790615
CBBT,20,batch,11,amp_true,full,0.0001,2.3103065323084595e-07,1.0719987458790082e-05,0.000601289348464191,0.00029605297949773606
CBBT,20,batch,11,amp_true,full,0.0003,6.930919596925378e-07,3.215996237637024e-05,0.0018038680453925724,0.0008881589384932081
CBBT,20,batch,11,amp_true,full,0.0007,1.6172145726159216e-06,7.503991221153057e-05,0.0042090254392493365,0.0020723708564841523
CBBT,20,batch,11,amp_true,full,0.001,2.3103065323084594e-06,0.00010719987458790081,0.006012893484641909,0.002960529794977361
CBBT,20,batch,11,amp_true,full,0.003,6.930919596925378e-06,0.00032159962376370247,0.018038680453925728,0.008881589384932081
CBBT,20,accum4,2,tail,shared,0.01,3.395578474737704e-05,0.0014183788975698666,0.1098030331710804,0.04350765982974998
CBBT,20,accum4,2,tail,shared,0.025,8.48894618684426e-05,0.0035459472439246667,0.274507582927701,0.10876914957437496
CBBT,20,accum4,2,tail,shared,0.05,0.0001697789237368852,0.0070918944878493335,0.549015165855402,0.21753829914874992
CBBT,20,accum4,2,tail,shared,0.1,0.0003395578474737704,0.014183788975698667,1.098030331710804,0.43507659829749984
CBBT,20,accum4,2,body,shared,1.0,0.0012126629590056837,0.010125857052854133,0.7838877325128796,0.31060272039795456
CBBT,20,accum4,2,excess,shared,2.0,0.00018000579075305723,0.005988165841497284,0.46357061124809124,0.18368228890204505
CBBT,20,accum4,2,gate,shared,0.5,0.0005089462574687786,0.007411123811253364,0.5737281308092448,0.2273304081783893
CBBT,20,accum4,2,amp_true,shared,0.0001,2.4481389264110475e-07,9.977994925986606e-06,0.0007724410661467918,0.00030606716566820093
CBBT,20,accum4,2,amp_true,shared,0.0003,7.344416779233142e-07,2.9933984777959814e-05,0.0023173231984403753,0.0009182014970046027
CBBT,20,accum4,2,amp_true,shared,0.0007,1.7136972484877332e-06,6.984596448190624e-05,0.005407087463027543,0.0021424701596774063
CBBT,20,accum4,2,amp_true,shared,0.001,2.4481389264110476e-06,9.977994925986606e-05,0.007724410661467919,0.0030606716566820096
CBBT,20,accum4,2,amp_true,shared,0.003,7.344416779233143e-06,0.0002993398477795982,0.023173231984403755,0.009182014970046028
CBBT,20,accum4,2,tail,temporal,0.01,3.395578474737704e-05,1.0015763281399767e-05,0.09320935869481238,0.03749503447531121
CBBT,20,accum4,2,tail,temporal,0.025,8.48894618684426e-05,2.503940820349942e-05,0.23302339673703096,0.09373758618827803
CBBT,20,accum4,2,tail,temporal,0.05,0.0001697789237368852,5.007881640699884e-05,0.4660467934740619,0.18747517237655606
CBBT,20,accum4,2,tail,temporal,0.1,0.0003395578474737704,0.00010015763281399768,0.9320935869481238,0.3749503447531121
CBBT,20,accum4,2,body,temporal,1.0,0.0012126629590056837,8.50404327843336e-05,0.7914089001761275,0.3183575599241147
CBBT,20,accum4,2,excess,temporal,2.0,0.00018000579075305723,3.912333455257526e-05,0.3640921636417199,0.1464622052881556
CBBT,20,accum4,2,gate,temporal,0.5,0.0005089462574687786,5.5540506066500703e-05,0.5168747310210353,0.20792156635800937
CBBT,20,accum4,2,amp_true,temporal,0.0001,2.4481389264110475e-07,6.780277307955987e-08,0.0006309906513278161,0.0002538266173743377
CBBT,20,accum4,2,amp_true,temporal,0.0003,7.344416779233142e-07,2.0340831923867957e-07,0.0018929719539834482,0.0007614798521230131
CBBT,20,accum4,2,amp_true,temporal,0.0007,1.7136972484877332e-06,4.74619411556919e-07,0.004416934559294713,0.001776786321620364
CBBT,20,accum4,2,amp_true,temporal,0.001,2.4481389264110476e-06,6.780277307955986e-07,0.006309906513278161,0.0025382661737433773
CBBT,20,accum4,2,amp_true,temporal,0.003,7.344416779233143e-06,2.034083192386796e-06,0.018929719539834484,0.007614798521230132
CBBT,20,accum4,2,tail,excess,0.01,3.395578474737704e-05,0.0003436454130124879,0.20532472049158926,0.07862596365113056
CBBT,20,accum4,2,tail,excess,0.025,8.48894618684426e-05,0.0008591135325312197,0.5133118012289731,0.1965649091278264
CBBT,20,accum4,2,tail,excess,0.05,0.0001697789237368852,0.0017182270650624395,1.0266236024579463,0.3931298182556528
CBBT,20,accum4,2,tail,excess,0.1,0.0003395578474737704,0.003436454130124879,2.0532472049158925,0.7862596365113056
CBBT,20,accum4,2,body,excess,1.0,0.0012126629590056837,0.0,0.0,0.0
CBBT,20,accum4,2,excess,excess,2.0,0.00018000579075305723,0.002700074020346538,1.6132674045444289,0.6177760963490996
CBBT,20,accum4,2,gate,excess,0.5,0.0005089462574687786,0.0,0.0,0.0
CBBT,20,accum4,2,amp_true,excess,0.0001,2.4481389264110475e-07,4.40222507421265e-06,0.002630285750012125,0.0010072277282413811
CBBT,20,accum4,2,amp_true,excess,0.0003,7.344416779233142e-07,1.3206675222637948e-05,0.007890857250036375,0.003021683184724143
CBBT,20,accum4,2,amp_true,excess,0.0007,1.7136972484877332e-06,3.081557551948855e-05,0.018412000250084874,0.007050594097689667
CBBT,20,accum4,2,amp_true,excess,0.001,2.4481389264110476e-06,4.40222507421265e-05,0.02630285750012125,0.010072277282413812
CBBT,20,accum4,2,amp_true,excess,0.003,7.344416779233143e-06,0.00013206675222637949,0.07890857250036375,0.030216831847241433
CBBT,20,accum4,2,tail,full,0.01,3.395578474737704e-05,0.0014737688772948245,0.10388815767735388,0.04237867064107939
CBBT,20,accum4,2,tail,full,0.025,8.48894618684426e-05,0.0036844221932370615,0.2597203941933847,0.10594667660269848
CBBT,20,accum4,2,tail,full,0.05,0.0001697789237368852,0.007368844386474123,0.5194407883867694,0.21189335320539696
CBBT,20,accum4,2,tail,full,0.1,0.0003395578474737704,0.014737688772948246,1.0388815767735389,0.4237867064107939
CBBT,20,accum4,2,body,full,1.0,0.0012126629590056837,0.011534493055346935,0.8130835517857856,0.33167784293396946
CBBT,20,accum4,2,excess,full,2.0,0.00018000579075305723,0.006568754056944528,0.46304123239745626,0.18888651334019033
CBBT,20,accum4,2,gate,full,0.5,0.0005089462574687786,0.007589856294029981,0.5350202460985382,0.21824861757714736
CBBT,20,accum4,2,amp_true,full,0.0001,2.4481389264110475e-07,1.0905960221229538e-05,0.0007687773385238811,0.0003136041908338805
CBBT,20,accum4,2,amp_true,full,0.0003,7.344416779233142e-07,3.271788066368861e-05,0.002306332015571643,0.0009408125725016413
CBBT,20,accum4,2,amp_true,full,0.0007,1.7136972484877332e-06,7.634172154860677e-05,0.005381441369667167,0.002195229335837163
CBBT,20,accum4,2,amp_true,full,0.001,2.4481389264110476e-06,0.00010905960221229539,0.007687773385238811,0.0031360419083388048
CBBT,20,accum4,2,amp_true,full,0.003,7.344416779233143e-06,0.00032717880663688616,0.02306332015571643,0.009408125725016415
CBBT,20,batch,12,tail,shared,0.01,1.5905590262264015e-05,0.0005570650606470164,0.053457803791677534,0.026037299526912045
CBBT,20,batch,12,tail,shared,0.025,3.9763975655660035e-05,0.0013926626516175412,0.13364450947919385,0.06509324881728011
CBBT,20,batch,12,tail,shared,0.05,7.952795131132007e-05,0.0027853253032350824,0.2672890189583877,0.13018649763456022
CBBT,20,batch,12,tail,shared,0.1,0.00015905590262264014,0.005570650606470165,0.5345780379167754,0.26037299526912044
CBBT,20,batch,12,body,shared,1.0,0.0011573710944503546,0.009813508253856337,0.9417366763827208,0.45868476030197347
CBBT,20,batch,12,excess,shared,2.0,0.0001151858814409934,0.0018791281651054014,0.1803273474608959,0.08783071554959497
CBBT,20,batch,12,gate,shared,0.5,0.0001242924336111173,0.0031328687412494924,0.30064043557188064,0.1464307269597376
CBBT,20,batch,12,amp_true,shared,0.0001,1.2295930646359922e-07,2.349783785670856e-06,0.0002254930158810538,0.00010982922565621341
CBBT,20,batch,12,amp_true,shared,0.0003,3.688779193907976e-07,7.049351357012567e-06,0.0006764790476431613,0.00032948767696864016
CBBT,20,batch,12,amp_true,shared,0.0007,8.607151452451944e-07,1.644848649969599e-05,0.0015784511111673765,0.0007688045795934939
CBBT,20,batch,12,amp_true,shared,0.001,1.229593064635992e-06,2.349783785670856e-05,0.002254930158810538,0.001098292256562134
CBBT,20,batch,12,amp_true,shared,0.003,3.688779193907976e-06,7.049351357012568e-05,0.006764790476431614,0.0032948767696864023
CBBT,20,batch,12,tail,temporal,0.01,1.5905590262264015e-05,3.9433369082890725e-06,0.04310863811294935,0.020771354441703742
CBBT,20,batch,12,tail,temporal,0.025,3.9763975655660035e-05,9.858342270722682e-06,0.10777159528237337,0.05192838610425935
CBBT,20,batch,12,tail,temporal,0.05,7.952795131132007e-05,1.9716684541445364e-05,0.21554319056474674,0.1038567722085187
CBBT,20,batch,12,tail,temporal,0.1,0.00015905590262264014,3.943336908289073e-05,0.4310863811294935,0.2077135444170374
CBBT,20,batch,12,body,temporal,1.0,0.0011573710944503546,8.18714872830322e-05,0.8950207398293252,0.431254473197713
CBBT,20,batch,12,excess,temporal,2.0,0.0001151858814409934,1.084282590311701e-05,0.11853399008252312,0.05711411051637685
CBBT,20,batch,12,gate,temporal,0.5,0.0001242924336111173,1.6742961959942292e-05,0.18303439570502938,0.08819281876293335
CBBT,20,batch,12,amp_true,temporal,0.0001,1.2295930646359922e-07,1.474281656035326e-08,0.0001611687661102265,7.765714047927566e-05
CBBT,20,batch,12,amp_true,temporal,0.0003,3.688779193907976e-07,4.422844968105977e-08,0.0004835062983306794,0.00023297142143782697
CBBT,20,batch,12,amp_true,temporal,0.0007,8.607151452451944e-07,1.0319971592247281e-07,0.0011281813627715854,0.0005435999833549297
CBBT,20,batch,12,amp_true,temporal,0.001,1.229593064635992e-06,1.4742816560353258e-07,0.0016116876611022648,0.0007765714047927567
CBBT,20,batch,12,amp_true,temporal,0.003,3.688779193907976e-06,4.4228449681059774e-07,0.004835062983306795,0.00232971421437827
CBBT,20,batch,12,tail,excess,0.01,1.5905590262264015e-05,0.0001490996639494904,0.1999453958554577,0.09124369157056343
CBBT,20,batch,12,tail,excess,0.025,3.9763975655660035e-05,0.00037274915987372593,0.49986348963864424,0.22810922892640859
CBBT,20,batch,12,tail,excess,0.05,7.952795131132007e-05,0.0007454983197474519,0.9997269792772885,0.45621845785281717
CBBT,20,batch,12,tail,excess,0.1,0.00015905590262264014,0.0014909966394949037,1.999453958554577,0.9124369157056343
CBBT,20,batch,12,body,excess,1.0,0.0011573710944503546,0.0,0.0,0.0
CBBT,20,batch,12,excess,excess,2.0,0.0001151858814409934,0.0008916870299058264,1.195768732477463,0.5456807492320112
CBBT,20,batch,12,gate,excess,0.5,0.0001242924336111173,0.0,0.0,0.0
CBBT,20,batch,12,amp_true,excess,0.0001,1.2295930646359922e-07,9.737335559626976e-07,0.0013057946352626202,0.0005958903051737698
CBBT,20,batch,12,amp_true,excess,0.0003,3.688779193907976e-07,2.921200667888092e-06,0.0039173839057878605,0.001787670915521309
CBBT,20,batch,12,amp_true,excess,0.0007,8.607151452451944e-07,6.816134891738882e-06,0.00914056244683834,0.0041712321362163875
CBBT,20,batch,12,amp_true,excess,0.001,1.229593064635992e-06,9.737335559626975e-06,0.013057946352626202,0.005958903051737697
CBBT,20,batch,12,amp_true,excess,0.003,3.688779193907976e-06,2.9212006678880926e-05,0.03917383905787861,0.01787670915521309
CBBT,20,batch,12,tail,full,0.01,1.5905590262264015e-05,0.000580738145318232,0.049606367158887305,0.024276069944104056
CBBT,20,batch,12,tail,full,0.025,3.9763975655660035e-05,0.00145184536329558,0.12401591789721828,0.06069017486026014
CBBT,20,batch,12,tail,full,0.05,7.952795131132007e-05,0.00290369072659116,0.24803183579443655,0.12138034972052028
CBBT,20,batch,12,tail,full,0.1,0.00015905590262264014,0.00580738145318232,0.4960636715888731,0.24276069944104056
CBBT,20,batch,12,body,full,1.0,0.0011573710944503546,0.011135131569342743,0.9511574699275943,0.46547180513867836
CBBT,20,batch,12,excess,full,2.0,0.0001151858814409934,0.002079958754445546,0.17766905528795207,0.08694662923528544
CBBT,20,batch,12,gate,full,0.5,0.0001242924336111173,0.0032208411350609202,0.27512266792587997,0.13463790058209507
CBBT,20,batch,12,amp_true,full,0.0001,1.2295930646359922e-07,2.543548874586337e-06,0.00021726869567033967,0.00010632566653920906
CBBT,20,batch,12,amp_true,full,0.0003,3.688779193907976e-07,7.63064662375901e-06,0.0006518060870110189,0.0003189769996176271
CBBT,20,batch,12,amp_true,full,0.0007,8.607151452451944e-07,1.7804842122104357e-05,0.0015208808696923776,0.0007442796657744634
CBBT,20,batch,12,amp_true,full,0.001,1.229593064635992e-06,2.5435488745863367e-05,0.0021726869567033967,0.0010632566653920904
CBBT,20,batch,12,amp_true,full,0.003,3.688779193907976e-06,7.63064662375901e-05,0.00651806087011019,0.0031897699961762715
CBBT,20,batch,13,tail,shared,0.01,3.562463913112879e-05,0.0010534445124582626,0.07116992988203022,0.0317351408671998
CBBT,20,batch,13,tail,shared,0.025,8.906159782782198e-05,0.0026336112811456568,0.17792482470507556,0.0793378521679995
CBBT,20,batch,13,tail,shared,0.05,0.00017812319565564395,0.0052672225622913136,0.3558496494101511,0.158675704335999
CBBT,20,batch,13,tail,shared,0.1,0.0003562463913112879,0.010534445124582627,0.7116992988203023,0.317351408671998
CBBT,20,batch,13,body,shared,1.0,0.0011501829139888287,0.012868174929548124,0.8693643534280825,0.3876552958067246
CBBT,20,batch,13,excess,shared,2.0,0.00017413338355254382,0.002602133942555325,0.17579823905784567,0.07838959361002604
CBBT,20,batch,13,gate,shared,0.5,0.0004275011597201228,0.005862438413913385,0.3960619908516222,0.17660665245355836
CBBT,20,batch,13,amp_true,shared,0.0001,2.436464186757803e-07,6.294399444202385e-06,0.00042524495765610846,0.0001896195297178512
CBBT,20,batch,13,amp_true,shared,0.0003,7.309392560273408e-07,1.8883198332607155e-05,0.0012757348729683252,0.0005688585891535536
CBBT,20,batch,13,amp_true,shared,0.0007,1.705524930730462e-06,4.406079610941669e-05,0.0029767147035927592,0.0013273367080249585
CBBT,20,batch,13,amp_true,shared,0.001,2.436464186757803e-06,6.294399444202385e-05,0.004252449576561085,0.001896195297178512
CBBT,20,batch,13,amp_true,shared,0.003,7.309392560273409e-06,0.00018883198332607156,0.012757348729683255,0.005688585891535537
CBBT,20,batch,13,tail,temporal,0.01,3.562463913112879e-05,8.078733802533271e-06,0.06763251454267119,0.030252807495544654
CBBT,20,batch,13,tail,temporal,0.025,8.906159782782198e-05,2.0196834506333178e-05,0.16908128635667796,0.07563201873886163
CBBT,20,batch,13,tail,temporal,0.05,0.00017812319565564395,4.0393669012666356e-05,0.3381625727133559,0.15126403747772327
CBBT,20,batch,13,tail,temporal,0.1,0.0003562463913112879,8.078733802533271e-05,0.6763251454267118,0.30252807495544654
CBBT,20,batch,13,body,temporal,1.0,0.0011501829139888287,0.00010311117789692913,0.8632130243528092,0.38612518889736114
CBBT,20,batch,13,excess,temporal,2.0,0.00017413338355254382,1.7606374798659645e-05,0.1473948057603627,0.06593140466037349
CBBT,20,batch,13,gate,temporal,0.5,0.0004275011597201228,3.695656927214093e-05,0.30938829893881914,0.13839297137569423
CBBT,20,batch,13,amp_true,temporal,0.0001,2.436464186757803e-07,4.571028519391423e-08,0.00038267154280509163,0.00017117341557959287
CBBT,20,batch,13,amp_true,temporal,0.0003,7.309392560273408e-07,1.3713085558174267e-07,0.0011480146284152748,0.0005135202467387786
CBBT,20,batch,13,amp_true,temporal,0.0007,1.705524930730462e-06,3.199719963573996e-07,0.002678700799635641,0.0011982139090571501
CBBT,20,batch,13,amp_true,temporal,0.001,2.436464186757803e-06,4.571028519391423e-07,0.0038267154280509164,0.0017117341557959288
CBBT,20,batch,13,amp_true,temporal,0.003,7.309392560273409e-06,1.3713085558174267e-06,0.011480146284152748,0.005135202467387786
CBBT,20,batch,13,tail,excess,0.01,3.562463913112879e-05,6.63587253446134e-05,0.21246410372438906,0.06979244146288581
CBBT,20,batch,13,tail,excess,0.025,8.906159782782198e-05,0.00016589681336153352,0.5311602593109727,0.17448110365721453
CBBT,20,batch,13,tail,excess,0.05,0.00017812319565564395,0.00033179362672306704,1.0623205186219453,0.34896220731442906
CBBT,20,batch,13,tail,excess,0.1,0.0003562463913112879,0.0006635872534461341,2.1246410372438906,0.6979244146288581
CBBT,20,batch,13,body,excess,1.0,0.0011501829139888287,0.0,0.0,0.0
CBBT,20,batch,13,excess,excess,2.0,0.00017413338355254382,0.0007519316341881198,2.4074977313102095,0.7908401538853
CBBT,20,batch,13,gate,excess,0.5,0.0004275011597201228,0.0,0.0,0.0
CBBT,20,batch,13,amp_true,excess,0.0001,2.436464186757803e-07,1.7198673385900077e-06,0.005506586672976806,0.0018088614561101715
CBBT,20,batch,13,amp_true,excess,0.0003,7.309392560273408e-07,5.159602015770022e-06,0.016519760018930418,0.005426584368330514
CBBT,20,batch,13,amp_true,excess,0.0007,1.705524930730462e-06,1.2039071370130054e-05,0.03854610671083764,0.0126620301927712
CBBT,20,batch,13,amp_true,excess,0.001,2.436464186757803e-06,1.7198673385900077e-05,0.05506586672976806,0.018088614561101713
CBBT,20,batch,13,amp_true,excess,0.003,7.309392560273409e-06,5.1596020157700235e-05,0.16519760018930418,0.05426584368330514
CBBT,20,batch,13,tail,full,0.01,3.562463913112879e-05,0.0010800803601266455,0.06523470391445932,0.029725898778489565
CBBT,20,batch,13,tail,full,0.025,8.906159782782198e-05,0.0027002009003166136,0.16308675978614828,0.0743147469462239
CBBT,20,batch,13,tail,full,0.05,0.00017812319565564395,0.005400401800633227,0.32617351957229657,0.1486294938924478
CBBT,20,batch,13,tail,full,0.1,0.0003562463913112879,0.010800803601266454,0.6523470391445931,0.2972589877848956
CBBT,20,batch,13,body,full,1.0,0.0011501829139888287,0.014780328515306284,0.8927024229395198,0.40678320389725475
CBBT,20,batch,13,excess,full,2.0,0.00017413338355254382,0.002708597836056755,0.16359391799124023,0.07454584684496816
CBBT,20,batch,13,gate,full,0.5,0.0004275011597201228,0.005975606389652933,0.3609147318377792,0.1644602357717998
CBBT,20,batch,13,amp_true,full,0.0001,2.436464186757803e-07,6.525136628877895e-06,0.00039410526447896066,0.00017958436992882216
CBBT,20,batch,13,amp_true,full,0.0003,7.309392560273408e-07,1.9575409886633683e-05,0.001182315793436882,0.0005387531097864664
CBBT,20,batch,13,amp_true,full,0.0007,1.705524930730462e-06,4.5675956402145264e-05,0.0027587368513527248,0.001257090589501755
CBBT,20,batch,13,amp_true,full,0.001,2.436464186757803e-06,6.525136628877895e-05,0.003941052644789607,0.0017958436992882214
CBBT,20,batch,13,amp_true,full,0.003,7.309392560273409e-06,0.00019575409886633685,0.01182315793436882,0.005387531097864664
CBBT,20,batch,14,tail,shared,0.01,3.7761540152132515e-05,0.0008332985319489417,0.06379914704254448,0.026992869471044782
CBBT,20,batch,14,tail,shared,0.025,9.440385038033128e-05,0.0020832463298723542,0.1594978676063612,0.06748217367761196
CBBT,20,batch,14,tail,shared,0.05,0.00018880770076066256,0.0041664926597447085,0.3189957352127224,0.13496434735522392
CBBT,20,batch,14,tail,shared,0.1,0.0003776154015213251,0.008332985319489417,0.6379914704254448,0.26992869471044784
CBBT,20,batch,14,body,shared,1.0,0.0014680279418826103,0.011937881772931156,0.9139901792775668,0.3867013706406478
CBBT,20,batch,14,excess,shared,2.0,0.0001955510233528912,0.002373012652704477,0.18168300718065816,0.07686851510199763
CBBT,20,batch,14,gate,shared,0.5,0.0005674607236869633,0.008027022066119518,0.6145662586400513,0.2600176894170221
CBBT,20,batch,14,amp_true,shared,0.0001,2.2647548466920855e-07,5.224334778194177e-06,0.0003999864273538789,0.00016923081144882632
CBBT,20,batch,14,amp_true,shared,0.0003,6.794264540076256e-07,1.567300433458253e-05,0.0011999592820616366,0.0005076924343464789
CBBT,20,batch,14,amp_true,shared,0.0007,1.5853283926844598e-06,3.657034344735924e-05,0.0027999049914771523,0.0011846156801417842
CBBT,20,batch,14,amp_true,shared,0.001,2.2647548466920854e-06,5.224334778194177e-05,0.003999864273538789,0.0016923081144882633
CBBT,20,batch,14,amp_true,shared,0.003,6.794264540076256e-06,0.00015673004334582533,0.011999592820616368,0.00507692434346479
CBBT,20,batch,14,tail,temporal,0.01,3.7761540152132515e-05,5.69351401073149e-06,0.060491411491684216,0.02349605304505693
CBBT,20,batch,14,tail,temporal,0.025,9.440385038033128e-05,1.4233785026828723e-05,0.15122852872921055,0.058740132612642326
CBBT,20,batch,14,tail,temporal,0.05,0.00018880770076066256,2.8467570053657446e-05,0.3024570574584211,0.11748026522528465
CBBT,20,batch,14,tail,temporal,0.1,0.0003776154015213251,5.693514010731489e-05,0.6049141149168422,0.2349605304505693
CBBT,20,batch,14,body,temporal,1.0,0.0014680279418826103,9.252704228298593e-05,0.9830644797393702,0.38184156383659273
CBBT,20,batch,14,excess,temporal,2.0,0.0001955510233528912,5.440221954374402e-06,0.057800280148230666,0.022450764743168122
CBBT,20,batch,14,gate,temporal,0.5,0.0005674607236869633,6.329427140795826e-05,0.6724774558538824,0.2612034598749587
CBBT,20,batch,14,amp_true,temporal,0.0001,2.2647548466920855e-07,3.640547110934954e-08,0.0003867942239666762,0.0001502384781530847
CBBT,20,batch,14,amp_true,temporal,0.0003,6.794264540076256e-07,1.092164133280486e-07,0.0011603826719000284,0.000450715434459254
CBBT,20,batch,14,amp_true,temporal,0.0007,1.5853283926844598e-06,2.548382977654468e-07,0.0027075595677667334,0.001051669347071593
CBBT,20,batch,14,amp_true,temporal,0.001,2.2647548466920854e-06,3.640547110934954e-07,0.0038679422396667618,0.0015023847815308468
CBBT,20,batch,14,amp_true,temporal,0.003,6.794264540076256e-06,1.0921641332804862e-06,0.011603826719000286,0.0045071543445925405
CBBT,20,batch,14,tail,excess,0.01,3.7761540152132515e-05,8.204265995884683e-05,1.1214525347003448,0.2650905347195161
CBBT,20,batch,14,tail,excess,0.025,9.440385038033128e-05,0.00020510664989711706,2.803631336750862,0.6627263367987903
CBBT,20,batch,14,tail,excess,0.05,0.00018880770076066256,0.0004102132997942341,5.607262673501724,1.3254526735975807
CBBT,20,batch,14,tail,excess,0.1,0.0003776154015213251,0.0008204265995884683,11.214525347003448,2.6509053471951614
CBBT,20,batch,14,body,excess,1.0,0.0014680279418826103,0.0,0.0,0.0
CBBT,20,batch,14,excess,excess,2.0,0.0001955510233528912,0.00026470776381927366,3.6183272560749526,0.8553053093409838
CBBT,20,batch,14,gate,excess,0.5,0.0005674607236869633,0.0,0.0,0.0
CBBT,20,batch,14,amp_true,excess,0.0001,2.2647548466920855e-07,2.2083357198826682e-06,0.030186048231176082,0.007135420732549985
CBBT,20,batch,14,amp_true,excess,0.0003,6.794264540076256e-07,6.625007159648004e-06,0.09055814469352823,0.02140626219764995
CBBT,20,batch,14,amp_true,excess,0.0007,1.5853283926844598e-06,1.5458350039178676e-05,0.21130233761823256,0.04994794512784989
CBBT,20,batch,14,amp_true,excess,0.001,2.2647548466920854e-06,2.208335719882668e-05,0.30186048231176077,0.07135420732549984
CBBT,20,batch,14,amp_true,excess,0.003,6.794264540076256e-06,6.625007159648004e-05,0.9055814469352824,0.21406262197649953
CBBT,20,batch,14,tail,full,0.01,3.7761540152132515e-05,0.0008630326916187436,0.05928480410464156,0.025782101550627913
CBBT,20,batch,14,tail,full,0.025,9.440385038033128e-05,0.0021575817290468593,0.1482120102616039,0.06445525387656979
CBBT,20,batch,14,tail,full,0.05,0.00018880770076066256,0.004315163458093719,0.2964240205232078,0.12891050775313959
CBBT,20,batch,14,tail,full,0.1,0.0003776154015213251,0.008630326916187437,0.5928480410464156,0.25782101550627917
CBBT,20,batch,14,body,full,1.0,0.0014680279418826103,0.013540373164534714,0.9301366893269515,0.4045029572479397
CBBT,20,batch,14,excess,full,2.0,0.0001955510233528912,0.0023877309836164,0.16402178618839128,0.07133069615209198
CBBT,20,batch,14,gate,full,0.5,0.0005674607236869633,0.008206664929672532,0.563745183042266,0.2451646046129901
CBBT,20,batch,14,amp_true,full,0.0001,2.2647548466920855e-07,5.6718974361635725e-06,0.0003896229327928198,0.00016944136311874026
CBBT,20,batch,14,amp_true,full,0.0003,6.794264540076256e-07,1.7015692308490716e-05,0.0011688687983784593,0.0005083240893562207
CBBT,20,batch,14,amp_true,full,0.0007,1.5853283926844598e-06,3.9703282053145e-05,0.0027273605295497385,0.0011860895418311817
CBBT,20,batch,14,amp_true,full,0.001,2.2647548466920854e-06,5.671897436163572e-05,0.003896229327928198,0.0016944136311874026
CBBT,20,batch,14,amp_true,full,0.003,6.794264540076256e-06,0.00017015692308490715,0.011688687983784593,0.005083240893562208
CBBT,20,batch,15,tail,shared,0.01,4.568209871649742e-05,0.0014891353293570093,0.10439581235155593,0.04668916256242733
CBBT,20,batch,15,tail,shared,0.025,0.00011420524679124356,0.0037228383233925233,0.2609895308788898,0.11672290640606833
CBBT,20,batch,15,tail,shared,0.05,0.00022841049358248713,0.0074456766467850466,0.5219790617577796,0.23344581281213667
CBBT,20,batch,15,tail,shared,0.1,0.00045682098716497426,0.014891353293570093,1.0439581235155593,0.46689162562427333
CBBT,20,batch,15,body,shared,1.0,0.0012595250736922026,0.010604065821101601,0.7433978925886263,0.3324714303554051
CBBT,20,batch,15,excess,shared,2.0,0.0003336971567478031,0.0071444757805408455,0.5008633790574486,0.22400220085103198
CBBT,20,batch,15,gate,shared,0.5,0.000402149889850989,0.003705316200394464,0.2597611426804203,0.1161735317233466
CBBT,20,batch,15,amp_true,shared,0.0001,4.594918340444565e-07,1.0489342332201388e-05,0.0007353552039333825,0.0003288744814969668
CBBT,20,batch,15,amp_true,shared,0.0003,1.3784755021333692e-06,3.146802699660416e-05,0.002206065611800147,0.0009866234444909003
CBBT,20,batch,15,amp_true,shared,0.0007,3.2164428383111952e-06,7.342539632540972e-05,0.0051474864275336775,0.0023021213704787673
CBBT,20,batch,15,amp_true,shared,0.001,4.594918340444565e-06,0.00010489342332201388,0.007353552039333825,0.003288744814969668
CBBT,20,batch,15,amp_true,shared,0.003,1.3784755021333694e-05,0.0003146802699660416,0.022060656118001475,0.009866234444909004
CBBT,20,batch,15,tail,temporal,0.01,4.568209871649742e-05,9.830578880214462e-06,0.10097716232160667,0.04556706781385321
CBBT,20,batch,15,tail,temporal,0.025,0.00011420524679124356,2.4576447200536154e-05,0.2524429058040167,0.11391766953463303
CBBT,20,batch,15,tail,temporal,0.05,0.00022841049358248713,4.915289440107231e-05,0.5048858116080334,0.22783533906926606
CBBT,20,batch,15,tail,temporal,0.1,0.00045682098716497426,9.830578880214462e-05,1.0097716232160667,0.4556706781385321
CBBT,20,batch,15,body,temporal,1.0,0.0012595250736922026,7.300807882263598e-05,0.7499200927932677,0.3384097843277382
CBBT,20,batch,15,excess,temporal,2.0,0.0003336971567478031,4.043355760014854e-05,0.41532304036007706,0.18741914220631473
CBBT,20,batch,15,gate,temporal,0.5,0.000402149889850989,2.390014086211113e-05,0.24549606210880742,0.11078282903729708
CBBT,20,batch,15,amp_true,temporal,0.0001,4.594918340444565e-07,6.414296925773844e-08,0.0006588599814365336,0.00029731789608360333
CBBT,20,batch,15,amp_true,temporal,0.0003,1.3784755021333692e-06,1.9242890777321529e-07,0.0019765799443096006,0.0008919536882508099
CBBT,20,batch,15,amp_true,temporal,0.0007,3.2164428383111952e-06,4.4900078480416905e-07,0.004612019870055735,0.0020812252725852234
CBBT,20,batch,15,amp_true,temporal,0.001,4.594918340444565e-06,6.414296925773844e-07,0.006588599814365336,0.0029731789608360335
CBBT,20,batch,15,amp_true,temporal,0.003,1.3784755021333694e-05,1.924289077732153e-06,0.01976579944309601,0.0089195368825081
CBBT,20,batch,15,tail,excess,0.01,4.568209871649742e-05,0.00038157313804974857,0.20044761814527307,0.0783530264842467
CBBT,20,batch,15,tail,excess,0.025,0.00011420524679124356,0.0009539328451243714,0.5011190453631826,0.19588256621061675
CBBT,20,batch,15,tail,excess,0.05,0.00022841049358248713,0.0019078656902487428,1.0022380907263653,0.3917651324212335
CBBT,20,batch,15,tail,excess,0.1,0.00045682098716497426,0.0038157313804974857,2.0044761814527305,0.783530264842467
CBBT,20,batch,15,body,excess,1.0,0.0012595250736922026,0.0,0.0,0.0
CBBT,20,batch,15,excess,excess,2.0,0.0003336971567478031,0.0029717927294942463,1.5611391758161366,0.6102341365795938
CBBT,20,batch,15,gate,excess,0.5,0.000402149889850989,0.0,0.0,0.0
CBBT,20,batch,15,amp_true,excess,0.0001,4.594918340444565e-07,4.282838705417645e-06,0.0022498565328501305,0.0008794470602110213
CBBT,20,batch,15,amp_true,excess,0.0003,1.3784755021333692e-06,1.2848516116252932e-05,0.00674956959855039,0.0026383411806330634
CBBT,20,batch,15,amp_true,excess,0.0007,3.2164428383111952e-06,2.997987093792351e-05,0.015748995729950914,0.006156129421477149
CBBT,20,batch,15,amp_true,excess,0.001,4.594918340444565e-06,4.282838705417645e-05,0.022498565328501304,0.008794470602110213
CBBT,20,batch,15,amp_true,excess,0.003,1.3784755021333694e-05,0.00012848516116252933,0.06749569598550391,0.02638341180633064
CBBT,20,batch,15,tail,full,0.01,4.568209871649742e-05,0.001546840135399359,0.10148697098454525,0.045762021208050715
CBBT,20,batch,15,tail,full,0.025,0.00011420524679124356,0.0038671003384983978,0.2537174274613631,0.11440505302012678
CBBT,20,batch,15,tail,full,0.05,0.00022841049358248713,0.0077342006769967955,0.5074348549227262,0.22881010604025356
CBBT,20,batch,15,tail,full,0.1,0.00045682098716497426,0.015468401353993591,1.0148697098454524,0.4576202120805071
CBBT,20,batch,15,body,full,1.0,0.0012595250736922026,0.011723261001746517,0.7691539816565018,0.34682324715535706
CBBT,20,batch,15,excess,full,2.0,0.0003336971567478031,0.007737899340635648,0.5076775213501142,0.22891952802899634
CBBT,20,batch,15,gate,full,0.5,0.000402149889850989,0.003822233548563104,0.2507737524789725,0.113077705128403
CBBT,20,batch,15,amp_true,full,0.0001,4.594918340444565e-07,1.1330004851664255e-05,0.0007433527533462547,0.00033518908026996353
CBBT,20,batch,15,amp_true,full,0.0003,1.3784755021333692e-06,3.399001455499276e-05,0.002230058260038764,0.0010055672408098904
CBBT,20,batch,15,amp_true,full,0.0007,3.2164428383111952e-06,7.931003396164979e-05,0.005203469273423782,0.002346323561889745
CBBT,20,batch,15,amp_true,full,0.001,4.594918340444565e-06,0.00011330004851664256,0.007433527533462547,0.0033518908026996352
CBBT,20,batch,15,amp_true,full,0.003,1.3784755021333694e-05,0.00033990014554992766,0.02230058260038764,0.010055672408098905
CBBT,20,accum4,3,tail,shared,0.01,3.374346706550568e-05,0.0009237479162739982,0.07396136910449636,0.03293746251606954
CBBT,20,accum4,3,tail,shared,0.025,8.435866766376421e-05,0.0023093697906849957,0.1849034227612409,0.08234365629017386
CBBT,20,accum4,3,tail,shared,0.05,0.00016871733532752842,0.004618739581369991,0.3698068455224818,0.16468731258034772
CBBT,20,accum4,3,tail,shared,0.1,0.00033743467065505683,0.009237479162739983,0.7396136910449636,0.32937462516069543
CBBT,20,accum4,3,body,shared,1.0,0.001258776756003499,0.010908446574621346,0.8734023960958387,0.38895519419343916
CBBT,20,accum4,3,excess,shared,2.0,0.00020464186127355788,0.0027298263160812765,0.21856795365692339,0.09733559381002972
CBBT,20,accum4,3,gate,shared,0.5,0.0003803510517172981,0.0045570406534576665,0.36486682119302866,0.16248735511403922
CBBT,20,accum4,3,amp_true,shared,0.0001,2.6314326096326115e-07,5.811072961010745e-06,0.00046527294361440306,0.00020720154758613148
CBBT,20,accum4,3,amp_true,shared,0.0003,7.894297828897833e-07,1.7433218883032234e-05,0.001395818830843209,0.0006216046427583944
CBBT,20,accum4,3,amp_true,shared,0.0007,1.842002826742828e-06,4.067751072707521e-05,0.003256910605300821,0.0014504108331029203
CBBT,20,accum4,3,amp_true,shared,0.001,2.631432609632611e-06,5.811072961010745e-05,0.00465272943614403,0.0020720154758613147
CBBT,20,accum4,3,amp_true,shared,0.003,7.894297828897835e-06,0.00017433218883032236,0.01395818830843209,0.006216046427583944
CBBT,20,accum4,3,tail,temporal,0.01,3.374346706550568e-05,6.828368783132941e-06,0.06845605112319574,0.030146956288971776
CBBT,20,accum4,3,tail,temporal,0.025,8.435866766376421e-05,1.707092195783235e-05,0.17114012780798935,0.07536739072242944
CBBT,20,accum4,3,tail,temporal,0.05,0.00016871733532752842,3.41418439156647e-05,0.3422802556159787,0.15073478144485888
CBBT,20,accum4,3,tail,temporal,0.1,0.00033743467065505683,6.82836878313294e-05,0.6845605112319574,0.30146956288971777
CBBT,20,accum4,3,body,temporal,1.0,0.001258776756003499,8.642891681463317e-05,0.8664708272054337,0.3815799732067863
CBBT,20,accum4,3,excess,temporal,2.0,0.00020464186127355788,1.5808191329096465e-05,0.15848094737691887,0.06979248897381872
CBBT,20,accum4,3,gate,temporal,0.5,0.0003803510517172981,3.4575313640375e-05,0.34662589460788895,0.15264853175016066
CBBT,20,accum4,3,amp_true,temporal,0.0001,2.6314326096326115e-07,3.9982214596442335e-08,0.0004008313864349983,0.00017651976834534856
CBBT,20,accum4,3,amp_true,temporal,0.0003,7.894297828897833e-07,1.1994664378932699e-07,0.0012024941593049947,0.0005295593050360456
CBBT,20,accum4,3,amp_true,temporal,0.0007,1.842002826742828e-06,2.798755021750963e-07,0.002805819705044988,0.0012356383784174398
CBBT,20,accum4,3,amp_true,temporal,0.001,2.631432609632611e-06,3.9982214596442334e-07,0.004008313864349983,0.0017651976834534855
CBBT,20,accum4,3,amp_true,temporal,0.003,7.894297828897835e-06,1.19946643789327e-06,0.012024941593049948,0.005295593050360457
CBBT,20,accum4,3,tail,excess,0.01,3.374346706550568e-05,0.0001591199326952366,0.2318523855769751,0.10826206319393242
CBBT,20,accum4,3,tail,excess,0.025,8.435866766376421e-05,0.0003977998317380915,0.5796309639424377,0.27065515798483103
CBBT,20,accum4,3,tail,excess,0.05,0.00016871733532752842,0.000795599663476183,1.1592619278848755,0.5413103159696621
CBBT,20,accum4,3,tail,excess,0.1,0.00033743467065505683,0.001591199326952366,2.318523855769751,1.0826206319393241
CBBT,20,accum4,3,body,excess,1.0,0.001258776756003499,0.0,0.0,0.0
CBBT,20,accum4,3,excess,excess,2.0,0.00020464186127355788,0.0007855231843929664,1.1445795705328592,0.5344544783835004
CBBT,20,accum4,3,gate,excess,0.5,0.0003803510517172981,0.0,0.0,0.0
CBBT,20,accum4,3,amp_true,excess,0.0001,2.6314326096326115e-07,2.2472502249672705e-06,0.003274450389851461,0.0015289847208141047
CBBT,20,accum4,3,amp_true,excess,0.0003,7.894297828897833e-07,6.7417506749018106e-06,0.009823351169554382,0.004586954162442314
CBBT,20,accum4,3,amp_true,excess,0.0007,1.842002826742828e-06,1.5730751574770894e-05,0.022921152728960226,0.010702893045698733
CBBT,20,accum4,3,amp_true,excess,0.001,2.631432609632611e-06,2.2472502249672706e-05,0.03274450389851461,0.015289847208141048
CBBT,20,accum4,3,amp_true,excess,0.003,7.894297828897835e-06,6.741750674901811e-05,0.09823351169554383,0.045869541624423145
CBBT,20,accum4,3,tail,full,0.01,3.374346706550568e-05,0.0009522590848208896,0.06883528383218673,0.03125152420682534
CBBT,20,accum4,3,tail,full,0.025,8.435866766376421e-05,0.002380647712052224,0.17208820958046683,0.07812881051706334
CBBT,20,accum4,3,tail,full,0.05,0.00016871733532752842,0.004761295424104448,0.34417641916093367,0.1562576210341267
CBBT,20,accum4,3,tail,full,0.1,0.00033743467065505683,0.009522590848208896,0.6883528383218673,0.3125152420682534
CBBT,20,accum4,3,body,full,1.0,0.001258776756003499,0.012378429930334518,0.8947908728134406,0.40623902546763535
CBBT,20,accum4,3,excess,full,2.0,0.00020464186127355788,0.002840598244945726,0.20533633079576072,0.09322360503442638
CBBT,20,accum4,3,gate,full,0.5,0.0003803510517172981,0.004685150976431582,0.3386722189371126,0.153758689716384
CBBT,20,accum4,3,amp_true,full,0.0001,2.6314326096326115e-07,6.2304656753573115e-06,0.000450377297529889,0.00020447329091099898
CBBT,20,accum4,3,amp_true,full,0.0003,7.894297828897833e-07,1.8691397026071932e-05,0.0013511318925896667,0.0006134198727329969
CBBT,20,accum4,3,amp_true,full,0.0007,1.842002826742828e-06,4.361325972750118e-05,0.0031526410827092226,0.0014313130363769928
CBBT,20,accum4,3,amp_true,full,0.001,2.631432609632611e-06,6.230465675357312e-05,0.004503772975298889,0.0020447329091099896
CBBT,20,accum4,3,amp_true,full,0.003,7.894297828897835e-06,0.00018691397026071935,0.013511318925896668,0.006134198727329969
CBBT,50,batch,0,tail,shared,0.01,1.1968985199928284e-05,0.00030599731167038705,0.024774761273343278,0.012731522801411682
CBBT,50,batch,0,tail,shared,0.025,2.992246299982071e-05,0.0007649932791759677,0.0619369031833582,0.031828807003529205
CBBT,50,batch,0,tail,shared,0.05,5.984492599964142e-05,0.0015299865583519353,0.1238738063667164,0.06365761400705841
CBBT,50,batch,0,tail,shared,0.1,0.00011968985199928284,0.0030599731167038706,0.2477476127334328,0.12731522801411682
CBBT,50,batch,0,body,shared,1.0,0.0008009875891730189,0.012282679544516032,0.9944546631839256,0.5110411389884513
CBBT,50,batch,0,excess,shared,2.0,8.386811532545835e-05,0.0014400788347216364,0.11659451892000273,0.05991685489001371
CBBT,50,batch,0,gate,shared,0.5,0.0002529201447032392,0.0054957111002208025,0.4449546624837539,0.2286581238262678
CBBT,50,batch,0,amp_true,shared,0.0001,7.429066463373602e-08,3.2452175078130567e-06,0.0002627457365466887,0.00013502262641041607
CBBT,50,batch,0,amp_true,shared,0.0003,2.2287199390120802e-07,9.735652523439168e-06,0.000788237209640066,0.0004050678792312482
CBBT,50,batch,0,amp_true,shared,0.0007,5.200346524361521e-07,2.2716522554691396e-05,0.0018392201558268208,0.0009451583848729125
CBBT,50,batch,0,amp_true,shared,0.001,7.429066463373602e-07,3.245217507813056e-05,0.002627457365466887,0.0013502262641041608
CBBT,50,batch,0,amp_true,shared,0.003,2.2287199390120803e-06,9.73565252343917e-05,0.00788237209640066,0.004050678792312482
CBBT,50,batch,0,tail,temporal,0.01,1.1968985199928284e-05,3.7393966766529154e-06,0.023676091699871674,0.01230890101958411
CBBT,50,batch,0,tail,temporal,0.025,2.992246299982071e-05,9.348491691632289e-06,0.059190229249679184,0.030772252548960273
CBBT,50,batch,0,tail,temporal,0.05,5.984492599964142e-05,1.8696983383264578e-05,0.11838045849935837,0.061544505097920546
CBBT,50,batch,0,tail,temporal,0.1,0.00011968985199928284,3.7393966766529156e-05,0.23676091699871674,0.12308901019584109
CBBT,50,batch,0,body,temporal,1.0,0.0008009875891730189,0.000160287940595002,1.0148674527110342,0.5276167697680139
CBBT,50,batch,0,excess,temporal,2.0,8.386811532545835e-05,6.35579717478612e-06,0.040241902570955515,0.020921256846978823
CBBT,50,batch,0,gate,temporal,0.5,0.0002529201447032392,2.312080387856946e-05,0.1463899982105506,0.07610631100235724
CBBT,50,batch,0,amp_true,temporal,0.0001,7.429066463373602e-08,3.875935551089657e-08,0.00024540591294671315,0.00012758343439336054
CBBT,50,batch,0,amp_true,temporal,0.0003,2.2287199390120802e-07,1.1627806653268971e-07,0.0007362177388401393,0.00038275030318008163
CBBT,50,batch,0,amp_true,temporal,0.0007,5.200346524361521e-07,2.71315488576276e-07,0.0017178413906269918,0.0008930840407535239
CBBT,50,batch,0,amp_true,temporal,0.001,7.429066463373602e-07,3.8759355510896573e-07,0.002454059129467131,0.0012758343439336055
CBBT,50,batch,0,amp_true,temporal,0.003,2.2287199390120803e-06,1.1627806653268973e-06,0.007362177388401394,0.0038275030318008166
CBBT,50,batch,0,tail,excess,0.01,1.1968985199928284e-05,9.985436365490572e-05,0.1999452203370293,0.08653079977141795
CBBT,50,batch,0,tail,excess,0.025,2.992246299982071e-05,0.00024963590913726434,0.4998630508425732,0.21632699942854489
CBBT,50,batch,0,tail,excess,0.05,5.984492599964142e-05,0.0004992718182745287,0.9997261016851464,0.43265399885708977
CBBT,50,batch,0,tail,excess,0.1,0.00011968985199928284,0.0009985436365490573,1.9994522033702928,0.8653079977141795
CBBT,50,batch,0,body,excess,1.0,0.0008009875891730189,0.0,0.0,0.0
CBBT,50,batch,0,excess,excess,2.0,8.386811532545835e-05,0.0006573119278178173,1.3161806197263182,0.5696068226916585
CBBT,50,batch,0,gate,excess,0.5,0.0002529201447032392,0.0,0.0,0.0
CBBT,50,batch,0,amp_true,excess,0.0001,7.429066463373602e-08,1.6739856079402281e-06,0.003351935849066734,0.0014506257729658555
CBBT,50,batch,0,amp_true,excess,0.0003,2.2287199390120802e-07,5.0219568238206836e-06,0.0100558075472002,0.004351877318897566
CBBT,50,batch,0,amp_true,excess,0.0007,5.200346524361521e-07,1.1717899255581596e-05,0.023463550943467134,0.010154380410760987
CBBT,50,batch,0,amp_true,excess,0.001,7.429066463373602e-07,1.673985607940228e-05,0.03351935849066734,0.014506257729658554
CBBT,50,batch,0,amp_true,excess,0.003,2.2287199390120803e-06,5.021956823820684e-05,0.10055807547200202,0.043518773188975665
CBBT,50,batch,0,tail,full,0.01,1.1968985199928284e-05,0.00032746221062466136,0.02417114933953833,0.012365496657705062
CBBT,50,batch,0,tail,full,0.025,2.992246299982071e-05,0.0008186555265616534,0.060427873348845834,0.030913741644262655
CBBT,50,batch,0,tail,full,0.05,5.984492599964142e-05,0.0016373110531233068,0.12085574669769167,0.06182748328852531
CBBT,50,batch,0,tail,full,0.1,0.00011968985199928284,0.0032746221062466135,0.24171149339538334,0.12365496657705062
CBBT,50,batch,0,body,full,1.0,0.0008009875891730189,0.013460023350694066,0.9935321510921161,0.5082720031668438
CBBT,50,batch,0,excess,full,2.0,8.386811532545835e-05,0.0015829990589589125,0.11684678542130052,0.05977657554856963
CBBT,50,batch,0,gate,full,0.5,0.0002529201447032392,0.005516043278720767,0.4071587545902777,0.20829461389350704
CBBT,50,batch,0,amp_true,full,0.0001,7.429066463373602e-08,3.651529061722965e-06,0.0002695323350447175,0.00013788757585834156
CBBT,50,batch,0,amp_true,full,0.0003,2.2287199390120802e-07,1.0954587185168893e-05,0.0008085970051341524,0.00041366272757502467
CBBT,50,batch,0,amp_true,full,0.0007,5.200346524361521e-07,2.5560703432060755e-05,0.0018867263453130226,0.000965213031008391
CBBT,50,batch,0,amp_true,full,0.001,7.429066463373602e-07,3.651529061722965e-05,0.002695323350447175,0.0013788757585834158
CBBT,50,batch,0,amp_true,full,0.003,2.2287199390120803e-06,0.00010954587185168894,0.008085970051341524,0.004136627275750248
CBBT,50,batch,1,tail,shared,0.01,6.089701200835407e-06,9.923226844977592e-05,0.005207181796290709,0.002544533638039419
CBBT,50,batch,1,tail,shared,0.025,1.5224253002088518e-05,0.0002480806711244398,0.013017954490726772,0.006361334095098548
CBBT,50,batch,1,tail,shared,0.05,3.0448506004177036e-05,0.0004961613422488796,0.026035908981453543,0.012722668190197095
CBBT,50,batch,1,tail,shared,0.1,6.089701200835407e-05,0.0009923226844977592,0.05207181796290709,0.02544533638039419
CBBT,50,batch,1,body,shared,1.0,0.000951538560912013,0.018978991137426116,0.9959165370968713,0.48666307965815553
CBBT,50,batch,1,excess,shared,2.0,3.936263237847015e-05,0.0008994700129547406,0.04719940348978154,0.023064389639842583
CBBT,50,batch,1,gate,shared,0.5,0.00011168919445481151,0.0024117487106836933,0.12655574824287988,0.06184254191406339
CBBT,50,batch,1,amp_true,shared,0.0001,2.3878819774836303e-08,1.8248404900594598e-06,9.575792561651646e-05,4.679292415211455e-05
CBBT,50,batch,1,amp_true,shared,0.0003,7.16364593245089e-08,5.474521470178379e-06,0.0002872737768495493,0.00014037877245634363
CBBT,50,batch,1,amp_true,shared,0.0007,1.671517384238541e-07,1.277388343041622e-05,0.0006703054793156151,0.00032755046906480183
CBBT,50,batch,1,amp_true,shared,0.001,2.3878819774836304e-07,1.82484049005946e-05,0.0009575792561651645,0.0004679292415211455
CBBT,50,batch,1,amp_true,shared,0.003,7.163645932450891e-07,5.4745214701783796e-05,0.0028727377684954936,0.0014037877245634365
CBBT,50,batch,1,tail,temporal,0.01,6.089701200835407e-06,4.10577124509611e-07,0.0016118012687993376,0.0007812860257636467
CBBT,50,batch,1,tail,temporal,0.025,1.5224253002088518e-05,1.0264428112740274e-06,0.004029503171998344,0.001953215064409117
CBBT,50,batch,1,tail,temporal,0.05,3.0448506004177036e-05,2.052885622548055e-06,0.008059006343996688,0.003906430128818234
CBBT,50,batch,1,tail,temporal,0.1,6.089701200835407e-05,4.10577124509611e-06,0.016118012687993375,0.007812860257636467
CBBT,50,batch,1,body,temporal,1.0,0.000951538560912013,0.0002532046582231067,0.9940046949214596,0.48182241366772177
CBBT,50,batch,1,excess,temporal,2.0,3.936263237847015e-05,1.3743016318960987e-05,0.05395091401277715,0.02615154610639938
CBBT,50,batch,1,gate,temporal,0.5,0.00011168919445481151,2.1005297468208153e-05,0.08246042726126815,0.03997091995449293
CBBT,50,batch,1,amp_true,temporal,0.0001,2.3878819774836303e-08,2.3475739773817498e-08,9.215863450414022e-05,4.467191749090761e-05
CBBT,50,batch,1,amp_true,temporal,0.0003,7.16364593245089e-08,7.042721932145248e-08,0.0002764759035124206,0.00013401575247272283
CBBT,50,batch,1,amp_true,temporal,0.0007,1.671517384238541e-07,1.6433017841672248e-07,0.0006451104415289815,0.00031270342243635326
CBBT,50,batch,1,amp_true,temporal,0.001,2.3878819774836304e-07,2.3475739773817497e-07,0.0009215863450414023,0.0004467191749090761
CBBT,50,batch,1,amp_true,temporal,0.003,7.163645932450891e-07,7.042721932145249e-07,0.002764759035124207,0.0013401575247272283
CBBT,50,batch,1,tail,excess,0.01,6.089701200835407e-06,5.567978847010175e-05,0.20008016641024365,0.05781357578203052
CBBT,50,batch,1,tail,excess,0.025,1.5224253002088518e-05,0.0001391994711752544,0.5002004160256092,0.1445339394550763
CBBT,50,batch,1,tail,excess,0.05,3.0448506004177036e-05,0.0002783989423505088,1.0004008320512183,0.2890678789101526
CBBT,50,batch,1,tail,excess,0.1,6.089701200835407e-05,0.0005567978847010176,2.0008016641024366,0.5781357578203052
CBBT,50,batch,1,body,excess,1.0,0.000951538560912013,0.0,0.0,0.0
CBBT,50,batch,1,excess,excess,2.0,3.936263237847015e-05,0.0006850352317996048,2.461610701860741,0.7112874774708159
CBBT,50,batch,1,gate,excess,0.5,0.00011168919445481151,0.0,0.0,0.0
CBBT,50,batch,1,amp_true,excess,0.0001,2.3878819774836303e-08,4.131893973237216e-07,0.0014847578564324139,0.0004290238377491962
CBBT,50,batch,1,amp_true,excess,0.0003,7.16364593245089e-08,1.2395681919711647e-06,0.004454273569297241,0.0012870715132475884
CBBT,50,batch,1,amp_true,excess,0.0007,1.671517384238541e-07,2.892325781266051e-06,0.010393304995026897,0.003003166864244373
CBBT,50,batch,1,amp_true,excess,0.001,2.3878819774836304e-07,4.131893973237216e-06,0.014847578564324138,0.004290238377491962
CBBT,50,batch,1,amp_true,excess,0.003,7.163645932450891e-07,1.2395681919711647e-05,0.044542735692972416,0.012870715132475886
CBBT,50,batch,1,tail,full,0.01,6.089701200835407e-06,0.00011493189614061605,0.005432277341399492,0.0026659902627233813
CBBT,50,batch,1,tail,full,0.025,1.5224253002088518e-05,0.0002873297403515401,0.01358069335349873,0.006664975656808453
CBBT,50,batch,1,tail,full,0.05,3.0448506004177036e-05,0.0005746594807030802,0.02716138670699746,0.013329951313616906
CBBT,50,batch,1,tail,full,0.1,6.089701200835407e-05,0.0011493189614061605,0.05432277341399492,0.026659902627233813
CBBT,50,batch,1,body,full,1.0,0.000951538560912013,0.021073848197526567,0.9960593351688393,0.4888344835447466
CBBT,50,batch,1,excess,full,2.0,3.936263237847015e-05,0.0011306279551698425,0.053439339545112416,0.026226341167797346
CBBT,50,batch,1,gate,full,0.5,0.00011168919445481151,0.0024366834727991525,0.11517029529604794,0.05652194586499853
CBBT,50,batch,1,amp_true,full,0.0001,2.3878819774836303e-08,1.8710340168530315e-06,8.843476907666303e-05,4.340099343746596e-05
CBBT,50,batch,1,amp_true,full,0.0003,7.16364593245089e-08,5.6131020505590935e-06,0.00026530430722998907,0.00013020298031239785
CBBT,50,batch,1,amp_true,full,0.0007,1.671517384238541e-07,1.309723811797122e-05,0.0006190433835366411,0.0003038069540622617
CBBT,50,batch,1,amp_true,full,0.001,2.3878819774836304e-07,1.8710340168530312e-05,0.0008843476907666303,0.0004340099343746596
CBBT,50,batch,1,amp_true,full,0.003,7.163645932450891e-07,5.613102050559094e-05,0.002653043072299891,0.0013020298031239787
CBBT,50,batch,2,tail,shared,0.01,5.54874655790627e-06,0.00042521247463433206,0.027202357451170556,0.013133136878895316
CBBT,50,batch,2,tail,shared,0.025,1.3871866394765675e-05,0.0010630311865858302,0.06800589362792639,0.03283284219723829
CBBT,50,batch,2,tail,shared,0.05,2.774373278953135e-05,0.0021260623731716604,0.13601178725585278,0.06566568439447658
CBBT,50,batch,2,tail,shared,0.1,5.54874655790627e-05,0.004252124746343321,0.27202357451170556,0.13133136878895316
CBBT,50,batch,2,body,shared,1.0,0.0008506811573170125,0.015507639204196235,0.9920789488104823,0.4789698338751145
CBBT,50,batch,2,excess,shared,2.0,2.4189668692997657e-05,0.00041618973101407184,0.02662514038490349,0.01285445990195582
CBBT,50,batch,2,gate,shared,0.5,0.0003579616022761911,0.006624931056295629,0.42382045079390523,0.20461800056641627
CBBT,50,batch,2,amp_true,shared,0.0001,2.063257561530918e-08,1.3788231169181655e-06,8.820822888745206e-05,4.2586409869192644e-05
CBBT,50,batch,2,amp_true,shared,0.0003,6.189772684592753e-08,4.136469350754496e-06,0.00026462468666235613,0.00012775922960757793
CBBT,50,batch,2,amp_true,shared,0.0007,1.4442802930716424e-07,9.651761818427159e-06,0.0006174576022121644,0.0002981048690843485
CBBT,50,batch,2,amp_true,shared,0.001,2.063257561530918e-07,1.3788231169181654e-05,0.0008820822888745206,0.00042586409869192646
CBBT,50,batch,2,amp_true,shared,0.003,6.189772684592754e-07,4.136469350754496e-05,0.0026462468666235616,0.0012775922960757793
CBBT,50,batch,2,tail,temporal,0.01,5.54874655790627e-06,3.6019497927745138e-06,0.01757734935973779,0.008846560865912264
CBBT,50,batch,2,tail,temporal,0.025,1.3871866394765675e-05,9.004874481936285e-06,0.04394337339934448,0.022116402164780658
CBBT,50,batch,2,tail,temporal,0.05,2.774373278953135e-05,1.800974896387257e-05,0.08788674679868896,0.044232804329561316
CBBT,50,batch,2,tail,temporal,0.1,5.54874655790627e-05,3.601949792774514e-05,0.17577349359737793,0.08846560865912263
CBBT,50,batch,2,body,temporal,1.0,0.0008506811573170125,0.0002030422040245125,0.9908366191192589,0.49868135859501456
CBBT,50,batch,2,excess,temporal,2.0,2.4189668692997657e-05,4.265823391436948e-06,0.02081702199421042,0.010477066157690795
CBBT,50,batch,2,gate,temporal,0.5,0.0003579616022761911,6.9318280151595445e-06,0.033827001966683055,0.017024900949801657
CBBT,50,batch,2,amp_true,temporal,0.0001,2.063257561530918e-08,1.197326898666146e-08,5.842900208627008e-05,2.9406920959009354e-05
CBBT,50,batch,2,amp_true,temporal,0.0003,6.189772684592753e-08,3.591980695998438e-08,0.00017528700625881022,8.822076287702805e-05
CBBT,50,batch,2,amp_true,temporal,0.0007,1.4442802930716424e-07,8.381288290663022e-08,0.00040900301460389054,0.00020584844671306548
CBBT,50,batch,2,amp_true,temporal,0.001,2.063257561530918e-07,1.197326898666146e-07,0.0005842900208627008,0.00029406920959009354
CBBT,50,batch,2,amp_true,temporal,0.003,6.189772684592754e-07,3.591980695998438e-07,0.0017528700625881024,0.0008822076287702806
CBBT,50,batch,2,tail,excess,0.01,5.54874655790627e-06,1.1534879994413593e-05,0.2354805471663689,0.08357631091417311
CBBT,50,batch,2,tail,excess,0.025,1.3871866394765675e-05,2.883719998603398e-05,0.5887013679159223,0.20894077728543278
CBBT,50,batch,2,tail,excess,0.05,2.774373278953135e-05,5.767439997206796e-05,1.1774027358318446,0.41788155457086557
CBBT,50,batch,2,tail,excess,0.1,5.54874655790627e-05,0.00011534879994413592,2.3548054716636893,0.8357631091417311
CBBT,50,batch,2,body,excess,1.0,0.0008506811573170125,0.0,0.0,0.0
CBBT,50,batch,2,excess,excess,2.0,2.4189668692997657e-05,0.00014660418148430813,2.9928731715910297,1.0622248917183723
CBBT,50,batch,2,gate,excess,0.5,0.0003579616022761911,0.0,0.0,0.0
CBBT,50,batch,2,amp_true,excess,0.0001,2.063257561530918e-08,4.0732588682107344e-07,0.008315415743389279,0.0029512916455859475
CBBT,50,batch,2,amp_true,excess,0.0003,6.189772684592753e-08,1.22197766046322e-06,0.02494624723016783,0.008853874936757843
CBBT,50,batch,2,amp_true,excess,0.0007,1.4442802930716424e-07,2.8512812077475136e-06,0.05820791020372494,0.020659041519101633
CBBT,50,batch,2,amp_true,excess,0.001,2.063257561530918e-07,4.073258868210734e-06,0.08315415743389278,0.029512916455859475
CBBT,50,batch,2,amp_true,excess,0.003,6.189772684592754e-07,1.2219776604632201e-05,0.24946247230167834,0.08853874936757843
CBBT,50,batch,2,tail,full,0.01,5.54874655790627e-06,0.0004339683527013491,0.02548139808269382,0.012375788515732468
CBBT,50,batch,2,tail,full,0.025,1.3871866394765675e-05,0.0010849208817533729,0.06370349520673456,0.030939471289331166
CBBT,50,batch,2,tail,full,0.05,2.774373278953135e-05,0.0021698417635067457,0.12740699041346912,0.06187894257866233
CBBT,50,batch,2,tail,full,0.1,5.54874655790627e-05,0.0043396835270134914,0.25481398082693824,0.12375788515732467
CBBT,50,batch,2,body,full,1.0,0.0008506811573170125,0.016895411706397245,0.9920509382350985,0.4818186415277579
CBBT,50,batch,2,excess,full,2.0,2.4189668692997657e-05,0.0004412557968233952,0.0259092962543539,0.012583609815864752
CBBT,50,batch,2,gate,full,0.5,0.0003579616022761911,0.00663158499980947,0.38938797321853835,0.18911769250193666
CBBT,50,batch,2,amp_true,full,0.0001,2.063257561530918e-08,1.4377300044940633e-06,8.441945213723533e-05,4.10007835077931e-05
CBBT,50,batch,2,amp_true,full,0.0003,6.189772684592753e-08,4.313190013482189e-06,0.00025325835641170594,0.0001230023505233793
CBBT,50,batch,2,amp_true,full,0.0007,1.4442802930716424e-07,1.0064110031458443e-05,0.0005909361649606473,0.0002870054845545517
CBBT,50,batch,2,amp_true,full,0.001,2.063257561530918e-07,1.4377300044940633e-05,0.0008441945213723533,0.00041000783507793106
CBBT,50,batch,2,amp_true,full,0.003,6.189772684592754e-07,4.3131900134821895e-05,0.00253258356411706,0.0012300235052337932
CBBT,50,batch,3,tail,shared,0.01,2.1760170347988606e-05,0.0005907912036557551,0.038320343274450136,0.016983802943693296
CBBT,50,batch,3,tail,shared,0.025,5.440042586997152e-05,0.001476978009139388,0.09580085818612534,0.04245950735923324
CBBT,50,batch,3,tail,shared,0.05,0.00010880085173994304,0.002953956018278776,0.19160171637225068,0.08491901471846648
CBBT,50,batch,3,tail,shared,0.1,0.00021760170347988607,0.005907912036557552,0.38320343274450136,0.16983802943693296
CBBT,50,batch,3,body,shared,1.0,0.0009065977646969259,0.016142128193996623,1.0470228563771282,0.46404672690154014
CBBT,50,batch,3,excess,shared,2.0,0.00012800574768334627,0.002057915515743224,0.13348206355328193,0.05916004059958452
CBBT,50,batch,3,gate,shared,0.5,0.00018299033399671316,0.005445332746233003,0.35319926699660203,0.15654000559349843
CBBT,50,batch,3,amp_true,shared,0.0001,1.705222763121128e-07,5.42632051062976e-06,0.00035196608107537845,0.0001559934502944241
CBBT,50,batch,3,amp_true,shared,0.0003,5.115668289363383e-07,1.627896153188928e-05,0.0010558982432261352,0.00046798035088327226
CBBT,50,batch,3,amp_true,shared,0.0007,1.1936559341847897e-06,3.798424357440832e-05,0.002463762567527649,0.0010919541520609686
CBBT,50,batch,3,amp_true,shared,0.001,1.7052227631211281e-06,5.42632051062976e-05,0.003519660810753785,0.0015599345029442412
CBBT,50,batch,3,amp_true,shared,0.003,5.115668289363384e-06,0.0001627896153188928,0.010558982432261353,0.004679803508832723
CBBT,50,batch,3,tail,temporal,0.01,2.1760170347988606e-05,6.431081440138534e-06,0.03276796519985992,0.014369132334135783
CBBT,50,batch,3,tail,temporal,0.025,5.440042586997152e-05,1.6077703600346333e-05,0.0819199129996498,0.03592283083533946
CBBT,50,batch,3,tail,temporal,0.05,0.00010880085173994304,3.2155407200692666e-05,0.1638398259992996,0.07184566167067892
CBBT,50,batch,3,tail,temporal,0.1,0.00021760170347988607,6.431081440138533e-05,0.3276796519985992,0.14369132334135784
CBBT,50,batch,3,body,temporal,1.0,0.0009065977646969259,0.00020922392049597054,1.0660480993135328,0.46747444097186613
CBBT,50,batch,3,excess,temporal,2.0,0.00012800574768334627,1.868136710508409e-05,0.09518622845678297,0.04174026384429396
CBBT,50,batch,3,gate,temporal,0.5,0.00018299033399671316,6.808878917047313e-05,0.34692937646745164,0.15213255051556684
CBBT,50,batch,3,amp_true,temporal,0.0001,1.705222763121128e-07,6.102293144230778e-08,0.0003109270676335745,0.00013634512103030178
CBBT,50,batch,3,amp_true,temporal,0.0003,5.115668289363383e-07,1.8306879432692333e-07,0.0009327812029007233,0.0004090353630909053
CBBT,50,batch,3,amp_true,temporal,0.0007,1.1936559341847897e-06,4.271605200961545e-07,0.0021764894734350214,0.0009544158472121124
CBBT,50,batch,3,amp_true,temporal,0.001,1.7052227631211281e-06,6.102293144230778e-07,0.0031092706763357447,0.001363451210303018
CBBT,50,batch,3,amp_true,temporal,0.003,5.115668289363384e-06,1.8306879432692335e-06,0.009327812029007234,0.004090353630909054
CBBT,50,batch,3,tail,excess,0.01,2.1760170347988606e-05,3.8613727179995816e-05,0.20319277620514256,0.10128862937869981
CBBT,50,batch,3,tail,excess,0.025,5.440042586997152e-05,9.653431794998955e-05,0.5079819405128564,0.2532215734467495
CBBT,50,batch,3,tail,excess,0.05,0.00010880085173994304,0.0001930686358999791,1.0159638810257128,0.506443146893499
CBBT,50,batch,3,tail,excess,0.1,0.00021760170347988607,0.0003861372717999582,2.0319277620514256,1.012886293786998
CBBT,50,batch,3,body,excess,1.0,0.0009065977646969259,0.0,0.0,0.0
CBBT,50,batch,3,excess,excess,2.0,0.00012800574768334627,0.0002335693512695165,1.2290863479626506,0.6126815819845953
CBBT,50,batch,3,gate,excess,0.5,0.00018299033399671316,0.0,0.0,0.0
CBBT,50,batch,3,amp_true,excess,0.0001,1.705222763121128e-07,2.358280499455204e-06,0.012409720499682803,0.006186064307308837
CBBT,50,batch,3,amp_true,excess,0.0003,5.115668289363383e-07,7.074841498365612e-06,0.037229161499048403,0.01855819292192651
CBBT,50,batch,3,amp_true,excess,0.0007,1.1936559341847897e-06,1.650796349618643e-05,0.08686804349777962,0.04330245015116186
CBBT,50,batch,3,amp_true,excess,0.001,1.7052227631211281e-06,2.358280499455204e-05,0.12409720499682803,0.06186064307308837
CBBT,50,batch,3,amp_true,excess,0.003,5.115668289363384e-06,7.074841498365612e-05,0.3722916149904841,0.1855819292192651
CBBT,50,batch,3,tail,full,0.01,2.1760170347988606e-05,0.0006008744387054247,0.03550259238387458,0.016008216987241947
CBBT,50,batch,3,tail,full,0.025,5.440042586997152e-05,0.0015021860967635618,0.08875648095968644,0.04002054246810487
CBBT,50,batch,3,tail,full,0.05,0.00010880085173994304,0.0030043721935271235,0.17751296191937288,0.08004108493620973
CBBT,50,batch,3,tail,full,0.1,0.00021760170347988607,0.006008744387054247,0.35502592383874576,0.16008216987241947
CBBT,50,batch,3,body,full,1.0,0.0009065977646969259,0.01762760183187893,1.041524688403738,0.4696263593728304
CBBT,50,batch,3,excess,full,2.0,0.00012800574768334627,0.002071127932260381,0.12237233940641162,0.05517802591069447
CBBT,50,batch,3,gate,full,0.5,0.00018299033399671316,0.0055341416949728685,0.32698408208964924,0.14743802595786606
CBBT,50,batch,3,amp_true,full,0.0001,1.705222763121128e-07,5.9166241386614975e-06,0.00034958301028090605,0.0001576279451123066
CBBT,50,batch,3,amp_true,full,0.0003,5.115668289363383e-07,1.7749872415984488e-05,0.001048749030842718,0.00047288383533691976
CBBT,50,batch,3,amp_true,full,0.0007,1.1936559341847897e-06,4.141636897063048e-05,0.0024470810719663424,0.001103395615786146
CBBT,50,batch,3,amp_true,full,0.001,1.7052227631211281e-06,5.916624138661497e-05,0.003495830102809061,0.001576279451123066
CBBT,50,batch,3,amp_true,full,0.003,5.115668289363384e-06,0.0001774987241598449,0.010487490308427182,0.0047288383533691985
CBBT,50,accum4,0,tail,shared,0.01,1.1341900826664641e-05,0.0003219125191939793,0.02109263595230527,0.010199288675402738
CBBT,50,accum4,0,tail,shared,0.025,2.8354752066661605e-05,0.0008047812979849483,0.05273158988076318,0.025498221688506847
CBBT,50,accum4,0,tail,shared,0.05,5.670950413332321e-05,0.0016095625959698966,0.10546317976152636,0.050996443377013694
CBBT,50,accum4,0,tail,shared,0.1,0.00011341900826664642,0.0032191251919397933,0.21092635952305272,0.10199288675402739
CBBT,50,accum4,0,body,shared,1.0,0.0008774512680247426,0.015349370236310372,1.0057349720423667,0.48632050228350426
CBBT,50,accum4,0,excess,shared,2.0,6.885654102006811e-05,0.0004402931037772281,0.028849273006022715,0.013949990135385183
CBBT,50,accum4,0,gate,shared,0.5,0.00022639031885773875,0.002721729642232635,0.17833556970059194,0.08623369599615885
CBBT,50,accum4,0,amp_true,shared,0.0001,7.233108408399858e-08,2.851653232160441e-06,0.00018684853772937642,9.035011931121432e-05
CBBT,50,accum4,0,amp_true,shared,0.0003,2.1699325225199572e-07,8.554959696481323e-06,0.0005605456131881291,0.0002710503579336429
CBBT,50,accum4,0,amp_true,shared,0.0007,5.0631758858799e-07,1.9961572625123087e-05,0.0013079397641056348,0.0006324508351785003
CBBT,50,accum4,0,amp_true,shared,0.001,7.233108408399858e-07,2.851653232160441e-05,0.001868485377293764,0.0009035011931121432
CBBT,50,accum4,0,amp_true,shared,0.003,2.1699325225199573e-06,8.554959696481324e-05,0.005605456131881292,0.0027105035793364295
CBBT,50,accum4,0,tail,temporal,0.01,1.1341900826664641e-05,3.470611130058997e-06,0.01721006254520501,0.00832749017791987
CBBT,50,accum4,0,tail,temporal,0.025,2.8354752066661605e-05,8.676527825147492e-06,0.04302515636301253,0.020818725444799676
CBBT,50,accum4,0,tail,temporal,0.05,5.670950413332321e-05,1.7353055650294985e-05,0.08605031272602506,0.04163745088959935
CBBT,50,accum4,0,tail,temporal,0.1,0.00011341900826664642,3.470611130058997e-05,0.17210062545205013,0.0832749017791987
CBBT,50,accum4,0,body,temporal,1.0,0.0008774512680247426,0.00020334260204369457,1.0083350649593599,0.4879064400518851
CBBT,50,accum4,0,excess,temporal,2.0,6.885654102006811e-05,1.6031994509937404e-06,0.007949943623782358,0.003846765650512379
CBBT,50,accum4,0,gate,temporal,0.5,0.00022639031885773875,1.531940580476927e-05,0.07596585217283451,0.036757849436337205
CBBT,50,accum4,0,amp_true,temporal,0.0001,7.233108408399858e-08,3.3749465436869994e-08,0.00016735681102535214,8.097949652192911e-05
CBBT,50,accum4,0,amp_true,temporal,0.0003,2.1699325225199572e-07,1.0124839631060997e-07,0.0005020704330760563,0.0002429384895657873
CBBT,50,accum4,0,amp_true,temporal,0.0007,5.0631758858799e-07,2.3624625805808996e-07,0.001171497677177465,0.0005668564756535037
CBBT,50,accum4,0,amp_true,temporal,0.001,7.233108408399858e-07,3.374946543686999e-07,0.0016735681102535214,0.0008097949652192911
CBBT,50,accum4,0,amp_true,temporal,0.003,2.1699325225199573e-06,1.0124839631060998e-06,0.005020704330760564,0.002429384895657873
CBBT,50,accum4,0,tail,excess,0.01,1.1341900826664641e-05,2.2356342433868185e-05,0.20581401156437842,0.20418362503871365
CBBT,50,accum4,0,tail,excess,0.025,2.8354752066661605e-05,5.589085608467046e-05,0.514535028910946,0.5104590625967841
CBBT,50,accum4,0,tail,excess,0.05,5.670950413332321e-05,0.00011178171216934092,1.029070057821892,1.0209181251935682
CBBT,50,accum4,0,tail,excess,0.1,0.00011341900826664642,0.00022356342433868184,2.058140115643784,2.0418362503871363
CBBT,50,accum4,0,body,excess,1.0,0.0008774512680247426,0.0,0.0,0.0
CBBT,50,accum4,0,excess,excess,2.0,6.885654102006811e-05,7.037012887702635e-05,0.6478322006976508,0.6427003008678921
CBBT,50,accum4,0,gate,excess,0.5,0.00022639031885773875,0.0,0.0,0.0
CBBT,50,accum4,0,amp_true,excess,0.0001,7.233108408399858e-08,1.2019676892547893e-06,0.01106539643629405,0.010977740240713655
CBBT,50,accum4,0,amp_true,excess,0.0003,2.1699325225199572e-07,3.6059030677643675e-06,0.03319618930888214,0.032933220722140964
CBBT,50,accum4,0,amp_true,excess,0.0007,5.0631758858799e-07,8.413773824783525e-06,0.07745777505405833,0.07684418168499559
CBBT,50,accum4,0,amp_true,excess,0.001,7.233108408399858e-07,1.2019676892547894e-05,0.11065396436294049,0.10977740240713656
CBBT,50,accum4,0,amp_true,excess,0.003,2.1699325225199573e-06,3.605903067764368e-05,0.33196189308882146,0.32933220722140966
CBBT,50,accum4,0,tail,full,0.01,1.1341900826664641e-05,0.00032933490297795204,0.01973984141707304,0.009598409548531282
CBBT,50,accum4,0,tail,full,0.025,2.8354752066661605e-05,0.00082333725744488,0.0493496035426826,0.023996023871328206
CBBT,50,accum4,0,tail,full,0.05,5.670950413332321e-05,0.00164667451488976,0.0986992070853652,0.04799204774265641
CBBT,50,accum4,0,tail,full,0.1,0.00011341900826664642,0.00329334902977952,0.1973984141707304,0.09598409548531282
CBBT,50,accum4,0,body,full,1.0,0.0008774512680247426,0.016754191678710954,1.004221185846008,0.4882980574871791
CBBT,50,accum4,0,excess,full,2.0,6.885654102006811e-05,0.0004458811189902015,0.026725447257932737,0.01299512912638925
CBBT,50,accum4,0,gate,full,0.5,0.00022639031885773875,0.002733067565981193,0.16381598138180442,0.07965478783113145
CBBT,50,accum4,0,amp_true,full,0.0001,7.233108408399858e-08,3.0946166939547763e-06,0.00018548669525435553,9.019207547002202e-05
CBBT,50,accum4,0,amp_true,full,0.0003,2.1699325225199572e-07,9.283850081864327e-06,0.0005564600857630665,0.000270576226410066
CBBT,50,accum4,0,amp_true,full,0.0007,5.0631758858799e-07,2.1662316857683433e-05,0.0012984068667804887,0.0006313445282901541
CBBT,50,accum4,0,amp_true,full,0.001,7.233108408399858e-07,3.094616693954776e-05,0.0018548669525435553,0.0009019207547002201
CBBT,50,accum4,0,amp_true,full,0.003,2.1699325225199573e-06,9.283850081864328e-05,0.0055646008576306655,0.0027057622641006606
CBBT,50,batch,4,tail,shared,0.01,1.0936488397419453e-05,0.00035198408170727393,0.04345625592709467,0.01917536478534437
CBBT,50,batch,4,tail,shared,0.025,2.7341220993548634e-05,0.0008799602042681848,0.1086406398177367,0.04793841196336093
CBBT,50,batch,4,tail,shared,0.05,5.468244198709727e-05,0.0017599204085363696,0.2172812796354734,0.09587682392672187
CBBT,50,batch,4,tail,shared,0.1,0.00010936488397419453,0.003519840817072739,0.4345625592709468,0.19175364785344373
CBBT,50,batch,4,body,shared,1.0,0.0007499007042497396,0.007978983430784337,0.9850921221334498,0.43467851489019876
CBBT,50,batch,4,excess,shared,2.0,8.73599637998268e-05,0.0023814584453330256,0.29401689752038096,0.12973693068420417
CBBT,50,batch,4,gate,shared,0.5,0.00024219001352321357,0.007836247916840181,0.9674698734403935,0.42690257930121656
CBBT,50,batch,4,amp_true,shared,0.0001,1.2301799142733216e-07,5.041422460124883e-06,0.0006224183309686947,0.0002746462687773448
CBBT,50,batch,4,amp_true,shared,0.0003,3.6905397428199643e-07,1.5124267380374646e-05,0.001867254992906084,0.0008239388063320344
CBBT,50,batch,4,amp_true,shared,0.0007,8.611259399913251e-07,3.528995722087417e-05,0.004356928316780863,0.0019225238814414138
CBBT,50,batch,4,amp_true,shared,0.001,1.2301799142733217e-06,5.041422460124882e-05,0.006224183309686947,0.0027464626877734483
CBBT,50,batch,4,amp_true,shared,0.003,3.6905397428199648e-06,0.00015124267380374647,0.018672549929060842,0.008239388063320344
CBBT,50,batch,4,tail,temporal,0.01,1.0936488397419453e-05,3.876290902714279e-06,0.036366902984701015,0.016585622212752876
CBBT,50,batch,4,tail,temporal,0.025,2.7341220993548634e-05,9.6907272567857e-06,0.09091725746175255,0.04146405553188219
CBBT,50,batch,4,tail,temporal,0.05,5.468244198709727e-05,1.93814545135714e-05,0.1818345149235051,0.08292811106376438
CBBT,50,batch,4,tail,temporal,0.1,0.00010936488397419453,3.87629090271428e-05,0.3636690298470102,0.16585622212752876
CBBT,50,batch,4,body,temporal,1.0,0.0007499007042497396,0.00010334384359339599,0.9695597230320077,0.44218093813694037
CBBT,50,batch,4,excess,temporal,2.0,8.73599637998268e-05,2.6550480948293186e-05,0.24909347339427537,0.11360247660126195
CBBT,50,batch,4,gate,temporal,0.5,0.00024219001352321357,8.07962545916589e-05,0.7580209086486731,0.3457057760872158
CBBT,50,batch,4,amp_true,temporal,0.0001,1.2301799142733216e-07,5.972554917095258e-08,0.0005603380414217902,0.00025554980775694146
CBBT,50,batch,4,amp_true,temporal,0.0003,3.6905397428199643e-07,1.791766475128577e-07,0.0016810141242653706,0.0007666494232708243
CBBT,50,batch,4,amp_true,temporal,0.0007,8.611259399913251e-07,4.18078844196668e-07,0.003922366289952532,0.0017888486542985901
CBBT,50,batch,4,amp_true,temporal,0.001,1.2301799142733217e-06,5.972554917095257e-07,0.005603380414217902,0.0025554980775694147
CBBT,50,batch,4,amp_true,temporal,0.003,3.6905397428199648e-06,1.7917664751285773e-06,0.016810141242653707,0.0076664942327082436
CBBT,50,batch,4,tail,excess,0.01,1.0936488397419453e-05,0.00011456417135110504,0.20469077449862455,0.08006867443831339
CBBT,50,batch,4,tail,excess,0.025,2.7341220993548634e-05,0.00028641042837776264,0.5117269362465614,0.2001716860957835
CBBT,50,batch,4,tail,excess,0.05,5.468244198709727e-05,0.0005728208567555253,1.0234538724931228,0.400343372191567
CBBT,50,batch,4,tail,excess,0.1,0.00010936488397419453,0.0011456417135110506,2.0469077449862456,0.800686744383134
CBBT,50,batch,4,body,excess,1.0,0.0007499007042497396,0.0,0.0,0.0
CBBT,50,batch,4,excess,excess,2.0,8.73599637998268e-05,0.0008708365434289865,1.5559158193524087,0.6086259505261034
CBBT,50,batch,4,gate,excess,0.5,0.00024219001352321357,0.0,0.0,0.0
CBBT,50,batch,4,amp_true,excess,0.0001,1.2301799142733216e-07,1.9378654286257046e-06,0.003462366731077293,0.0013543703435375787
CBBT,50,batch,4,amp_true,excess,0.0003,3.6905397428199643e-07,5.8135962858771125e-06,0.010387100193231878,0.004063111030612736
CBBT,50,batch,4,amp_true,excess,0.0007,8.611259399913251e-07,1.3565058000379932e-05,0.02423656711754105,0.00948059240476305
CBBT,50,batch,4,amp_true,excess,0.001,1.2301799142733217e-06,1.9378654286257043e-05,0.03462366731077293,0.013543703435375788
CBBT,50,batch,4,amp_true,excess,0.003,3.6905397428199648e-06,5.813596285877113e-05,0.1038710019323188,0.040631110306127365
CBBT,50,batch,4,tail,full,0.01,1.0936488397419453e-05,0.00037044049058527665,0.03991140845434812,0.01804868173335989
CBBT,50,batch,4,tail,full,0.025,2.7341220993548634e-05,0.0009261012264631917,0.0997785211358703,0.04512170433339973
CBBT,50,batch,4,tail,full,0.05,5.468244198709727e-05,0.0018522024529263833,0.1995570422717406,0.09024340866679946
CBBT,50,batch,4,tail,full,0.1,0.00010936488397419453,0.0037044049058527666,0.3991140845434812,0.18048681733359892
CBBT,50,batch,4,body,full,1.0,0.0007499007042497396,0.009160987617775805,0.9870085154044652,0.4463436208478501
CBBT,50,batch,4,excess,full,2.0,8.73599637998268e-05,0.0025356854324263757,0.27319577523886307,0.12354421427709794
CBBT,50,batch,4,gate,full,0.5,0.00024219001352321357,0.007921027601052443,0.8534147211183247,0.3859300206267379
CBBT,50,batch,4,amp_true,full,0.0001,1.2301799142733216e-07,5.401042754960777e-06,0.0005819105334086416,0.0002631507737141271
CBBT,50,batch,4,amp_true,full,0.0003,3.6905397428199643e-07,1.6203128264882328e-05,0.0017457316002259247,0.0007894523211423812
CBBT,50,batch,4,amp_true,full,0.0007,8.611259399913251e-07,3.780729928472544e-05,0.004073373733860491,0.0018420554159988894
CBBT,50,batch,4,amp_true,full,0.001,1.2301799142733217e-06,5.401042754960777e-05,0.005819105334086416,0.0026315077371412707
CBBT,50,batch,4,amp_true,full,0.003,3.6905397428199648e-06,0.0001620312826488233,0.01745731600225925,0.007894523211423813
CBBT,50,batch,5,tail,shared,0.01,1.1476274812594056e-05,0.000453203452501451,0.0452743998782397,0.023536806304286857
CBBT,50,batch,5,tail,shared,0.025,2.869068703148514e-05,0.0011330086312536277,0.11318599969559927,0.05884201576071714
CBBT,50,batch,5,tail,shared,0.05,5.738137406297028e-05,0.0022660172625072555,0.22637199939119854,0.11768403152143428
CBBT,50,batch,5,tail,shared,0.1,0.00011476274812594056,0.004532034525014511,0.4527439987823971,0.23536806304286856
CBBT,50,batch,5,body,shared,1.0,0.0008023504051379859,0.010534885412143464,1.0524205236924804,0.5471219515537208
CBBT,50,batch,5,excess,shared,2.0,7.227154856082052e-05,0.0014935814705622334,0.14920672906556764,0.07756811555221471
CBBT,50,batch,5,gate,shared,0.5,0.00028016133001074195,0.0036732598660037703,0.36695359470945654,0.19076819802286174
CBBT,50,batch,5,amp_true,shared,0.0001,6.779151735827327e-08,2.5365394444530755e-06,0.0002533967922822231,0.00013173341301296525
CBBT,50,batch,5,amp_true,shared,0.0003,2.033745520748198e-07,7.609618333359226e-06,0.0007601903768466691,0.0003952002390388957
CBBT,50,batch,5,amp_true,shared,0.0007,4.7454062150791287e-07,1.7755776111171527e-05,0.0017737775459755615,0.0009221338910907566
CBBT,50,batch,5,amp_true,shared,0.001,6.779151735827327e-07,2.5365394444530754e-05,0.0025339679228222308,0.0013173341301296524
CBBT,50,batch,5,amp_true,shared,0.003,2.0337455207481982e-06,7.609618333359227e-05,0.007601903768466692,0.003952002390388957
CBBT,50,batch,5,tail,temporal,0.01,1.1476274812594056e-05,5.841293809851948e-06,0.0432896893698508,0.02286758065189669
CBBT,50,batch,5,tail,temporal,0.025,2.869068703148514e-05,1.4603234524629869e-05,0.10822422342462701,0.05716895162974173
CBBT,50,batch,5,tail,temporal,0.05,5.738137406297028e-05,2.9206469049259737e-05,0.21644844684925402,0.11433790325948345
CBBT,50,batch,5,tail,temporal,0.1,0.00011476274812594056,5.8412938098519474e-05,0.43289689369850803,0.2286758065189669
CBBT,50,batch,5,body,temporal,1.0,0.0008023504051379859,0.0001400816710350206,1.038141929325306,0.5483937316837321
CBBT,50,batch,5,excess,temporal,2.0,7.227154856082052e-05,1.958806966349546e-05,0.14516671797223102,0.07668365561230116
CBBT,50,batch,5,gate,temporal,0.5,0.00028016133001074195,3.272875888389367e-05,0.24255205296383,0.12812701394194864
CBBT,50,batch,5,amp_true,temporal,0.0001,6.779151735827327e-08,3.0387128349511384e-08,0.00022519828481722546,0.00011895996519469721
CBBT,50,batch,5,amp_true,temporal,0.0003,2.033745520748198e-07,9.116138504853414e-08,0.0006755948544516764,0.0003568798955840916
CBBT,50,batch,5,amp_true,temporal,0.0007,4.7454062150791287e-07,2.1270989844657968e-07,0.001576387993720578,0.0008327197563628804
CBBT,50,batch,5,amp_true,temporal,0.001,6.779151735827327e-07,3.038712834951138e-07,0.0022519828481722547,0.001189599651946972
CBBT,50,batch,5,amp_true,temporal,0.003,2.0337455207481982e-06,9.116138504853414e-07,0.006755948544516764,0.003568798955840916
CBBT,50,batch,5,tail,excess,0.01,1.1476274812594056e-05,0.00010897664335822685,0.20061680794809542,0.08140541778608462
CBBT,50,batch,5,tail,excess,0.025,2.869068703148514e-05,0.00027244160839556716,0.5015420198702385,0.20351354446521155
CBBT,50,batch,5,tail,excess,0.05,5.738137406297028e-05,0.0005448832167911343,1.003084039740477,0.4070270889304231
CBBT,50,batch,5,tail,excess,0.1,0.00011476274812594056,0.0010897664335822687,2.006168079480954,0.8140541778608462
CBBT,50,batch,5,body,excess,1.0,0.0008023504051379859,0.0,0.0,0.0
CBBT,50,batch,5,excess,excess,2.0,7.227154856082052e-05,0.000796053143414211,1.4654666877914093,0.594650713424343
CBBT,50,batch,5,gate,excess,0.5,0.00028016133001074195,0.0,0.0,0.0
CBBT,50,batch,5,amp_true,excess,0.0001,6.779151735827327e-08,1.6579256543735304e-06,0.00305210127919182,0.0012384684129872888
CBBT,50,batch,5,amp_true,excess,0.0003,2.033745520748198e-07,4.9737769631205905e-06,0.00915630383757546,0.003715405238961866
CBBT,50,batch,5,amp_true,excess,0.0007,4.7454062150791287e-07,1.1605479580614712e-05,0.02136470895434274,0.008669278890911021
CBBT,50,batch,5,amp_true,excess,0.001,6.779151735827327e-07,1.6579256543735303e-05,0.0305210127919182,0.012384684129872888
CBBT,50,batch,5,amp_true,excess,0.003,2.0337455207481982e-06,4.9737769631205915e-05,0.0915630383757546,0.037154052389618664
CBBT,50,batch,5,tail,full,0.01,1.1476274812594056e-05,0.00047372163154733355,0.042497337593729693,0.02190243598372058
CBBT,50,batch,5,tail,full,0.025,2.869068703148514e-05,0.001184304078868334,0.10624334398432422,0.05475608995930145
CBBT,50,batch,5,tail,full,0.05,5.738137406297028e-05,0.002368608157736668,0.21248668796864845,0.1095121799186029
CBBT,50,batch,5,tail,full,0.1,0.00011476274812594056,0.004737216315473336,0.4249733759372969,0.2190243598372058
CBBT,50,batch,5,body,full,1.0,0.0008023504051379859,0.011603790692911073,1.0409704298976004,0.5364992136623236
CBBT,50,batch,5,excess,full,2.0,7.227154856082052e-05,0.001692479310463348,0.1518314973125246,0.0782514820573295
CBBT,50,batch,5,gate,full,0.5,0.00028016133001074195,0.003722044585612675,0.33390281287564716,0.17208807416848954
CBBT,50,batch,5,amp_true,full,0.0001,6.779151735827327e-08,3.0303052368855873e-06,0.0002718472117123627,0.00014010562752903992
CBBT,50,batch,5,amp_true,full,0.0003,2.033745520748198e-07,9.09091571065676e-06,0.0008155416351370879,0.0004203168825871197
CBBT,50,batch,5,amp_true,full,0.0007,4.7454062150791287e-07,2.121213665819911e-05,0.0019029304819865385,0.0009807393927032794
CBBT,50,batch,5,amp_true,full,0.001,6.779151735827327e-07,3.0303052368855876e-05,0.0027184721171236268,0.0014010562752903993
CBBT,50,batch,5,amp_true,full,0.003,2.0337455207481982e-06,9.090915710656762e-05,0.00815541635137088,0.004203168825871198
CBBT,50,batch,6,tail,shared,0.01,1.240810612216592e-05,0.00037164860548382457,0.02463205051067793,0.011520170418655723
CBBT,50,batch,6,tail,shared,0.025,3.1020265305414795e-05,0.0009291215137095615,0.061580126276694826,0.028800426046639307
CBBT,50,batch,6,tail,shared,0.05,6.204053061082959e-05,0.001858243027419123,0.12316025255338965,0.057600852093278615
CBBT,50,batch,6,tail,shared,0.1,0.00012408106122165918,0.003716486054838246,0.2463205051067793,0.11520170418655723
CBBT,50,batch,6,body,shared,1.0,0.0008931531338021159,0.015276681003295217,1.0125047492612196,0.47353862221625115
CBBT,50,batch,6,excess,shared,2.0,0.00011144837480969727,0.002381333059338409,0.15782950705279547,0.07381532518181684
CBBT,50,batch,6,gate,shared,0.5,0.0001450217969249934,0.004742526926510099,0.3143242328327026,0.1470063861462216
CBBT,50,batch,6,amp_true,shared,0.0001,1.4143126318231227e-07,4.732058886863523e-06,0.0003136304342350015,0.00014668190329091582
CBBT,50,batch,6,amp_true,shared,0.0003,4.242937895469367e-07,1.4196176660590568e-05,0.0009408913027050044,0.0004400457098727474
CBBT,50,batch,6,amp_true,shared,0.0007,9.900188422761857e-07,3.312441220804466e-05,0.0021954130396450106,0.0010267733230364107
CBBT,50,batch,6,amp_true,shared,0.001,1.4143126318231226e-06,4.732058886863523e-05,0.003136304342350015,0.001466819032909158
CBBT,50,batch,6,amp_true,shared,0.003,4.242937895469368e-06,0.0001419617666059057,0.009408913027050046,0.004400457098727475
CBBT,50,batch,6,tail,temporal,0.01,1.240810612216592e-05,3.740779949084338e-06,0.019818032536399254,0.00912872510636267
CBBT,50,batch,6,tail,temporal,0.025,3.1020265305414795e-05,9.351949872710846e-06,0.04954508134099814,0.022821812765906675
CBBT,50,batch,6,tail,temporal,0.05,6.204053061082959e-05,1.8703899745421692e-05,0.09909016268199627,0.04564362553181335
CBBT,50,batch,6,tail,temporal,0.1,0.00012408106122165918,3.7407799490843384e-05,0.19818032536399255,0.0912872510636267
CBBT,50,batch,6,body,temporal,1.0,0.0008931531338021159,0.0001899236905791932,1.00618425316699,0.46347584890892163
CBBT,50,batch,6,excess,temporal,2.0,0.00011144837480969727,1.8096821383401793e-05,0.09587396207826943,0.04416215600932591
CBBT,50,batch,6,gate,temporal,0.5,0.0001450217969249934,5.612409436304532e-05,0.2973361553745051,0.13696112475399935
CBBT,50,batch,6,amp_true,temporal,0.0001,1.4143126318231227e-07,5.117229284486e-08,0.00027110233116220167,0.00012487711140489872
CBBT,50,batch,6,amp_true,temporal,0.0003,4.242937895469367e-07,1.5351687853457998e-07,0.0008133069934866049,0.0003746313342146961
CBBT,50,batch,6,amp_true,temporal,0.0007,9.900188422761857e-07,3.5820604991401996e-07,0.0018977163181354115,0.000874139779834291
CBBT,50,batch,6,amp_true,temporal,0.001,1.4143126318231226e-06,5.117229284485999e-07,0.0027110233116220167,0.0012487711140489874
CBBT,50,batch,6,amp_true,temporal,0.003,4.242937895469368e-06,1.5351687853457998e-06,0.00813306993486605,0.0037463133421469616
CBBT,50,batch,6,tail,excess,0.01,1.240810612216592e-05,8.713525837059555e-05,0.2033757725566308,0.08546714598495736
CBBT,50,batch,6,tail,excess,0.025,3.1020265305414795e-05,0.0002178381459264889,0.5084394313915771,0.21366786496239343
CBBT,50,batch,6,tail,excess,0.05,6.204053061082959e-05,0.0004356762918529778,1.0168788627831542,0.42733572992478686
CBBT,50,batch,6,tail,excess,0.1,0.00012408106122165918,0.0008713525837059556,2.0337577255663084,0.8546714598495737
CBBT,50,batch,6,body,excess,1.0,0.0008931531338021159,0.0,0.0,0.0
CBBT,50,batch,6,excess,excess,2.0,0.00011144837480969727,0.0005947329180896445,1.3881208243729477,0.5833473852368852
CBBT,50,batch,6,gate,excess,0.5,0.0001450217969249934,0.0,0.0,0.0
CBBT,50,batch,6,amp_true,excess,0.0001,1.4143126318231227e-07,1.455896827836448e-06,0.003398097941761598,0.0014280252225168627
CBBT,50,batch,6,amp_true,excess,0.0003,4.242937895469367e-07,4.367690483509344e-06,0.010194293825284792,0.004284075667550588
CBBT,50,batch,6,amp_true,excess,0.0007,9.900188422761857e-07,1.0191277794855136e-05,0.023786685592331182,0.009996176557618038
CBBT,50,batch,6,amp_true,excess,0.001,1.4143126318231226e-06,1.455896827836448e-05,0.03398097941761598,0.014280252225168627
CBBT,50,batch,6,amp_true,excess,0.003,4.242937895469368e-06,4.367690483509344e-05,0.10194293825284793,0.04284075667550588
CBBT,50,batch,6,tail,full,0.01,1.240810612216592e-05,0.0003824934736925631,0.023627893581408578,0.011143081612109076
CBBT,50,batch,6,tail,full,0.025,3.1020265305414795e-05,0.0009562336842314078,0.05906973395352144,0.02785770403027269
CBBT,50,batch,6,tail,full,0.05,6.204053061082959e-05,0.0019124673684628155,0.11813946790704288,0.05571540806054538
CBBT,50,batch,6,tail,full,0.1,0.00012408106122165918,0.003824934736925631,0.23627893581408577,0.11143081612109076
CBBT,50,batch,6,body,full,1.0,0.0008931531338021159,0.01634332494923435,1.0095815202778378,0.4761257805640768
CBBT,50,batch,6,excess,full,2.0,0.00011144837480969727,0.0024544763969852005,0.15162116766640418,0.07150561431169669
CBBT,50,batch,6,gate,full,0.5,0.0001450217969249934,0.004805108120451724,0.29682750458757173,0.1399859491046858
CBBT,50,batch,6,amp_true,full,0.0001,1.4143126318231227e-07,4.950961207891684e-06,0.0003058373347299841,0.00014423504868024583
CBBT,50,batch,6,amp_true,full,0.0003,4.242937895469367e-07,1.485288362367505e-05,0.0009175120041899522,0.0004327051460407374
CBBT,50,batch,6,amp_true,full,0.0007,9.900188422761857e-07,3.465672845524179e-05,0.0021408613431098886,0.0010096453407617207
CBBT,50,batch,6,amp_true,full,0.001,1.4143126318231226e-06,4.9509612078916844e-05,0.003058373347299841,0.0014423504868024582
CBBT,50,batch,6,amp_true,full,0.003,4.242937895469368e-06,0.0001485288362367505,0.009175120041899522,0.004327051460407375
CBBT,50,batch,7,tail,shared,0.01,9.29701142013073e-06,0.00025655990664895113,0.01878807975791465,0.008755683363745199
CBBT,50,batch,7,tail,shared,0.025,2.3242528550326826e-05,0.000641399766622378,0.046970199394786624,0.021889208409363
CBBT,50,batch,7,tail,shared,0.05,4.648505710065365e-05,0.001282799533244756,0.09394039878957325,0.043778416818726
CBBT,50,batch,7,tail,shared,0.1,9.29701142013073e-05,0.002565599066489512,0.1878807975791465,0.087556833637452
CBBT,50,batch,7,body,shared,1.0,0.0009319872478954494,0.013348658865724684,0.9775325798414464,0.45555298131152205
CBBT,50,batch,7,excess,shared,2.0,4.765157791553065e-05,0.0012734258378273996,0.09325395584754076,0.04345851839775074
CBBT,50,batch,7,gate,shared,0.5,0.0004296257102396339,0.0038264472872169006,0.28021368482978115,0.1305861125868551
CBBT,50,batch,7,amp_true,shared,0.0001,3.3624094794504345e-08,7.335806500697911e-07,5.3720676556188074e-05,2.503508820873558e-05
CBBT,50,batch,7,amp_true,shared,0.0003,1.0087228438351303e-07,2.200741950209373e-06,0.0001611620296685642,7.510526462620672e-05
CBBT,50,batch,7,amp_true,shared,0.0007,2.353686635615304e-07,5.135064550488537e-06,0.0003760447358933165,0.00017524561746114906
CBBT,50,batch,7,amp_true,shared,0.001,3.3624094794504344e-07,7.335806500697911e-06,0.0005372067655618807,0.0002503508820873558
CBBT,50,batch,7,amp_true,shared,0.003,1.0087228438351304e-06,2.2007419502093732e-05,0.0016116202966856422,0.0007510526462620674
CBBT,50,batch,7,tail,temporal,0.01,9.29701142013073e-06,2.64424671383324e-06,0.014221544411657164,0.0066790058123715945
CBBT,50,batch,7,tail,temporal,0.025,2.3242528550326826e-05,6.6106167845831e-06,0.03555386102914291,0.01669751453092899
CBBT,50,batch,7,tail,temporal,0.05,4.648505710065365e-05,1.32212335691662e-05,0.07110772205828582,0.03339502906185798
CBBT,50,batch,7,tail,temporal,0.1,9.29701142013073e-05,2.64424671383324e-05,0.14221544411657164,0.06679005812371595
CBBT,50,batch,7,body,temporal,1.0,0.0009319872478954494,0.00018140536133669794,0.9756519273584185,0.45820515023228103
CBBT,50,batch,7,excess,temporal,2.0,4.765157791553065e-05,1.652204176377583e-05,0.08886044917275099,0.04173241944301583
CBBT,50,batch,7,gate,temporal,0.5,0.0004296257102396339,3.4695258457073586e-05,0.1866014076674063,0.08763548109344207
CBBT,50,batch,7,amp_true,temporal,0.0001,3.3624094794504345e-08,2.7976482516601838e-09,1.504658345646695e-05,7.066477131675092e-06
CBBT,50,batch,7,amp_true,temporal,0.0003,1.0087228438351303e-07,8.39294475498055e-09,4.513975036940085e-05,2.1199431395025274e-05
CBBT,50,batch,7,amp_true,temporal,0.0007,2.353686635615304e-07,1.9583537761621285e-08,0.00010532608419526865,4.946533992172564e-05
CBBT,50,batch,7,amp_true,temporal,0.001,3.3624094794504344e-07,2.7976482516601838e-08,0.0001504658345646695,7.066477131675092e-05
CBBT,50,batch,7,amp_true,temporal,0.003,1.0087228438351304e-06,8.392944754980552e-08,0.0004513975036940085,0.00021199431395025275
CBBT,50,batch,7,tail,excess,0.01,9.29701142013073e-06,2.058450966477911e-05,0.18599602824655936,0.032040465931281
CBBT,50,batch,7,tail,excess,0.025,2.3242528550326826e-05,5.146127416194778e-05,0.4649900706163984,0.08010116482820251
CBBT,50,batch,7,tail,excess,0.05,4.648505710065365e-05,0.00010292254832389555,0.9299801412327968,0.16020232965640502
CBBT,50,batch,7,tail,excess,0.1,9.29701142013073e-05,0.0002058450966477911,1.8599602824655936,0.32040465931281004
CBBT,50,batch,7,body,excess,1.0,0.0009319872478954494,0.0,0.0,0.0
CBBT,50,batch,7,excess,excess,2.0,4.765157791553065e-05,0.0005340878826190389,4.825872781012966,0.831325345419587
CBBT,50,batch,7,gate,excess,0.5,0.0004296257102396339,0.0,0.0,0.0
CBBT,50,batch,7,amp_true,excess,0.0001,3.3624094794504345e-08,1.8479705181405235e-07,0.0016697758765611196,0.00028764268565407443
CBBT,50,batch,7,amp_true,excess,0.0003,1.0087228438351303e-07,5.54391155442157e-07,0.005009327629683358,0.0008629280569622231
CBBT,50,batch,7,amp_true,excess,0.0007,2.353686635615304e-07,1.2935793626983663e-06,0.011688431135927836,0.002013498799578521
CBBT,50,batch,7,amp_true,excess,0.001,3.3624094794504344e-07,1.8479705181405233e-06,0.016697758765611196,0.0028764268565407442
CBBT,50,batch,7,amp_true,excess,0.003,1.0087228438351304e-06,5.54391155442157e-06,0.050093276296833585,0.008629280569622233
CBBT,50,batch,7,tail,full,0.01,9.29701142013073e-06,0.00027098241180096617,0.018235037548580295,0.008590420776662
CBBT,50,batch,7,tail,full,0.025,2.3242528550326826e-05,0.0006774560295024155,0.045587593871450734,0.021476051941655
CBBT,50,batch,7,tail,full,0.05,4.648505710065365e-05,0.001354912059004831,0.09117518774290147,0.04295210388331
CBBT,50,batch,7,tail,full,0.1,9.29701142013073e-05,0.002709824118009662,0.18235037548580293,0.08590420776662
CBBT,50,batch,7,body,full,1.0,0.0009319872478954494,0.01454949666112558,0.979069512907858,0.46123398775972496
CBBT,50,batch,7,excess,full,2.0,4.765157791553065e-05,0.001380892186525401,0.09292345102576892,0.043775700609568965
CBBT,50,batch,7,gate,full,0.5,0.0004296257102396339,0.003870989299387105,0.2604878846392521,0.12271433663420035
CBBT,50,batch,7,amp_true,full,0.0001,3.3624094794504345e-08,7.564988569165077e-07,5.090656980152172e-05,2.3981790754559413e-05
CBBT,50,batch,7,amp_true,full,0.0003,1.0087228438351303e-07,2.269496570749523e-06,0.00015271970940456515,7.194537226367823e-05
CBBT,50,batch,7,amp_true,full,0.0007,2.353686635615304e-07,5.295491998415554e-06,0.000356345988610652,0.0001678725352819159
CBBT,50,batch,7,amp_true,full,0.001,3.3624094794504344e-07,7.564988569165077e-06,0.0005090656980152172,0.00023981790754559412
CBBT,50,batch,7,amp_true,full,0.003,1.0087228438351304e-06,2.2694965707495233e-05,0.0015271970940456516,0.0007194537226367823
CBBT,50,accum4,1,tail,shared,0.01,1.102947018807754e-05,0.0003394623518577988,0.030111774229235215,0.01414124248406405
CBBT,50,accum4,1,tail,shared,0.025,2.757367547019385e-05,0.0008486558796444971,0.07527943557308804,0.03535310621016013
CBBT,50,accum4,1,tail,shared,0.05,5.51473509403877e-05,0.0016973117592889943,0.15055887114617608,0.07070621242032026
CBBT,50,accum4,1,tail,shared,0.1,0.0001102947018807754,0.0033946235185779885,0.30111774229235216,0.1414124248406405
CBBT,50,accum4,1,body,shared,1.0,0.0008443478727713227,0.011383281094864401,1.0097461130536955,0.47420203550045426
CBBT,50,accum4,1,excess,shared,2.0,7.968286627146881e-05,0.0012245448128249232,0.10862240462179858,0.051011798616224756
CBBT,50,accum4,1,gate,shared,0.5,0.0002742497126746457,0.003075927251806587,0.27284800934493963,0.1281362510248524
CBBT,50,accum4,1,amp_true,shared,0.0001,9.14662166906055e-08,3.0905144337250653e-06,0.00027414195527492605,0.00012874392040420902
CBBT,50,accum4,1,amp_true,shared,0.0003,2.743986500718165e-07,9.271543301175196e-06,0.000822425865824778,0.000386231761212627
CBBT,50,accum4,1,amp_true,shared,0.0007,6.402635168342386e-07,2.1633601036075457e-05,0.001918993686924482,0.0009012074428294631
CBBT,50,accum4,1,amp_true,shared,0.001,9.14662166906055e-07,3.090514433725065e-05,0.00274141955274926,0.0012874392040420901
CBBT,50,accum4,1,amp_true,shared,0.003,2.7439865007181654e-06,9.271543301175197e-05,0.00822425865824778,0.0038623176121262703
CBBT,50,accum4,1,tail,temporal,0.01,1.102947018807754e-05,3.9690947145462235e-06,0.02628052514325317,0.012394344136182543
CBBT,50,accum4,1,tail,temporal,0.025,2.757367547019385e-05,9.922736786365558e-06,0.06570131285813292,0.030985860340456358
CBBT,50,accum4,1,tail,temporal,0.05,5.51473509403877e-05,1.9845473572731117e-05,0.13140262571626585,0.061971720680912716
CBBT,50,accum4,1,tail,temporal,0.1,0.0001102947018807754,3.9690947145462233e-05,0.2628052514325317,0.12394344136182543
CBBT,50,accum4,1,body,temporal,1.0,0.0008443478727713227,0.00015169094070289279,1.0043896323602517,0.4736872905860754
CBBT,50,accum4,1,excess,temporal,2.0,7.968286627146881e-05,1.1911384846181181e-05,0.0788687273684317,0.037195837726174776
CBBT,50,accum4,1,gate,temporal,0.5,0.0002742497126746457,3.473343131029025e-05,0.22998010390535603,0.10846254162503977
CBBT,50,accum4,1,amp_true,temporal,0.0001,9.14662166906055e-08,3.5733502104762194e-08,0.00023660186215235162,0.00011158547581499595
CBBT,50,accum4,1,amp_true,temporal,0.0003,2.743986500718165e-07,1.0720050631428658e-07,0.0007098055864570548,0.0003347564274449878
CBBT,50,accum4,1,amp_true,temporal,0.0007,6.402635168342386e-07,2.5013451473333534e-07,0.0016562130350664614,0.0007810983307049716
CBBT,50,accum4,1,amp_true,temporal,0.001,9.14662166906055e-07,3.573350210476219e-07,0.0023660186215235164,0.0011158547581499594
CBBT,50,accum4,1,amp_true,temporal,0.003,2.7439865007181654e-06,1.0720050631428658e-06,0.007098055864570549,0.003347564274449878
CBBT,50,accum4,1,tail,excess,0.01,1.102947018807754e-05,7.268275551105706e-05,0.20476939942600467,0.09287363336616121
CBBT,50,accum4,1,tail,excess,0.025,2.757367547019385e-05,0.00018170688877764264,0.5119234985650117,0.23218408341540303
CBBT,50,accum4,1,tail,excess,0.05,5.51473509403877e-05,0.0003634137775552853,1.0238469971300235,0.46436816683080606
CBBT,50,accum4,1,tail,excess,0.1,0.0001102947018807754,0.0007268275551105706,2.047693994260047,0.9287363336616121
CBBT,50,accum4,1,body,excess,1.0,0.0008443478727713227,0.0,0.0,0.0
CBBT,50,accum4,1,excess,excess,2.0,7.968286627146881e-05,0.0004287672653499376,1.2079676231576075,0.5478765014001672
CBBT,50,accum4,1,gate,excess,0.5,0.0002742497126746457,0.0,0.0,0.0
CBBT,50,accum4,1,amp_true,excess,0.0001,9.14662166906055e-08,1.2036445374193788e-06,0.0033910322650365465,0.0015380105044925576
CBBT,50,accum4,1,amp_true,excess,0.0003,2.743986500718165e-07,3.610933612258136e-06,0.010173096795109639,0.004614031513477672
CBBT,50,accum4,1,amp_true,excess,0.0007,6.402635168342386e-07,8.425511761935651e-06,0.023737225855255825,0.010766073531447902
CBBT,50,accum4,1,amp_true,excess,0.001,9.14662166906055e-07,1.2036445374193788e-05,0.03391032265036547,0.015380105044925575
CBBT,50,accum4,1,amp_true,excess,0.003,2.7439865007181654e-06,3.610933612258136e-05,0.1017309679510964,0.046140315134776726
CBBT,50,accum4,1,tail,full,0.01,1.102947018807754e-05,0.0003508824583512733,0.028418143112179814,0.013482837874784055
CBBT,50,accum4,1,tail,full,0.025,2.757367547019385e-05,0.0008772061458781832,0.07104535778044954,0.03370709468696014
CBBT,50,accum4,1,tail,full,0.05,5.51473509403877e-05,0.0017544122917563664,0.14209071556089908,0.06741418937392028
CBBT,50,accum4,1,tail,full,0.1,0.0001102947018807754,0.0035088245835127327,0.28418143112179817,0.13482837874784057
CBBT,50,accum4,1,body,full,1.0,0.0008443478727713227,0.012427596706086915,1.0065171778421305,0.4775367578895162
CBBT,50,accum4,1,excess,full,2.0,7.968286627146881e-05,0.0012974403132522475,0.10508032996224013,0.049854807441745724
CBBT,50,accum4,1,gate,full,0.5,0.0002742497126746457,0.0031133949062181233,0.2521553868078034,0.11963379120734874
CBBT,50,accum4,1,amp_true,full,0.0001,9.14662166906055e-08,3.3166307659313646e-06,0.00026861555918004487,0.00012744323303505258
CBBT,50,accum4,1,amp_true,full,0.0003,2.743986500718165e-07,9.949892297794093e-06,0.0008058466775401345,0.0003823296991051577
CBBT,50,accum4,1,amp_true,full,0.0007,6.402635168342386e-07,2.321641536151955e-05,0.001880308914260314,0.000892102631245368
CBBT,50,accum4,1,amp_true,full,0.001,9.14662166906055e-07,3.316630765931365e-05,0.0026861555918004485,0.0012744323303505258
CBBT,50,accum4,1,amp_true,full,0.003,2.7439865007181654e-06,9.949892297794093e-05,0.008058466775401346,0.0038232969910515775
CBBT,50,batch,8,tail,shared,0.01,2.6529049500823023e-05,0.0005960023583983789,0.03697564612525216,0.01802579101238963
CBBT,50,batch,8,tail,shared,0.025,6.632262375205755e-05,0.0014900058959959473,0.09243911531313038,0.045064477530974076
CBBT,50,batch,8,tail,shared,0.05,0.0001326452475041151,0.0029800117919918947,0.18487823062626077,0.09012895506194815
CBBT,50,batch,8,tail,shared,0.1,0.0002652904950082302,0.005960023583983789,0.36975646125252154,0.1802579101238963
CBBT,50,batch,8,body,shared,1.0,0.0007864473154768348,0.015482553938814909,0.9605288091395346,0.46826204243403635
CBBT,50,batch,8,excess,shared,2.0,0.000146776539622806,0.0028779640260211577,0.17854724547286918,0.08704257180062522
CBBT,50,batch,8,gate,shared,0.5,0.00038914967444725335,0.005962339645160897,0.36990014836597407,0.18032795822716663
CBBT,50,batch,8,amp_true,shared,0.0001,1.8446044996380807e-07,5.8135555575469336e-06,0.0003606696684942733,0.00017582805846753227
CBBT,50,batch,8,amp_true,shared,0.0003,5.533813498914241e-07,1.7440666672640797e-05,0.0010820090054828198,0.0005274841754025968
CBBT,50,batch,8,amp_true,shared,0.0007,1.2912231497466564e-06,4.069488890282853e-05,0.002524687679459913,0.0012307964092727259
CBBT,50,batch,8,amp_true,shared,0.001,1.8446044996380807e-06,5.813555557546933e-05,0.003606696684942733,0.0017582805846753228
CBBT,50,batch,8,amp_true,shared,0.003,5.5338134989142415e-06,0.000174406666726408,0.0108200900548282,0.005274841754025968
CBBT,50,batch,8,tail,temporal,0.01,2.6529049500823023e-05,4.5943748027244515e-06,0.023040397546249355,0.01157877939702175
CBBT,50,batch,8,tail,temporal,0.025,6.632262375205755e-05,1.148593700681113e-05,0.05760099386562339,0.028946948492554376
CBBT,50,batch,8,tail,temporal,0.05,0.0001326452475041151,2.297187401362226e-05,0.11520198773124678,0.05789389698510875
CBBT,50,batch,8,tail,temporal,0.1,0.0002652904950082302,4.594374802724452e-05,0.23040397546249355,0.1157877939702175
CBBT,50,batch,8,body,temporal,1.0,0.0007864473154768348,0.00019562869365230074,0.9810612034807396,0.4930249674415585
CBBT,50,batch,8,excess,temporal,2.0,0.000146776539622806,1.7991340044240613e-05,0.09022503491949446,0.04534191622884875
CBBT,50,batch,8,gate,temporal,0.5,0.00038914967444725335,1.5298156249103508e-05,0.07671894802639231,0.038554533314195276
CBBT,50,batch,8,amp_true,temporal,0.0001,1.8446044996380807e-07,4.963821648686193e-08,0.0002489314194971394,0.00012509862234621284
CBBT,50,batch,8,amp_true,temporal,0.0003,5.533813498914241e-07,1.4891464946058576e-07,0.0007467942584914181,0.00037529586703863847
CBBT,50,batch,8,amp_true,temporal,0.0007,1.2912231497466564e-06,3.4746751540803346e-07,0.0017425199364799757,0.0008756903564234898
CBBT,50,batch,8,amp_true,temporal,0.001,1.8446044996380807e-06,4.963821648686193e-07,0.002489314194971394,0.0012509862234621283
CBBT,50,batch,8,amp_true,temporal,0.003,5.5338134989142415e-06,1.4891464946058578e-06,0.007467942584914182,0.003752958670386385
CBBT,50,batch,8,tail,excess,0.01,2.6529049500823023e-05,0.0002717626259060938,0.2094368570559143,0.07519753407852486
CBBT,50,batch,8,tail,excess,0.025,6.632262375205755e-05,0.0006794065647652346,0.5235921426397858,0.18799383519631216
CBBT,50,batch,8,tail,excess,0.05,0.0001326452475041151,0.0013588131295304692,1.0471842852795716,0.3759876703926243
CBBT,50,batch,8,tail,excess,0.1,0.0002652904950082302,0.0027176262590609384,2.0943685705591433,0.7519753407852486
CBBT,50,batch,8,body,excess,1.0,0.0007864473154768348,0.0,0.0,0.0
CBBT,50,batch,8,excess,excess,2.0,0.000146776539622806,0.002320726980100134,1.7884937753176775,0.6421521193033142
CBBT,50,batch,8,gate,excess,0.5,0.00038914967444725335,0.0,0.0,0.0
CBBT,50,batch,8,amp_true,excess,0.0001,1.8446044996380807e-07,3.4317009909146775e-06,0.0026446781175171177,0.000949561961845275
CBBT,50,batch,8,amp_true,excess,0.0003,5.533813498914241e-07,1.0295102972744032e-05,0.007934034352551352,0.002848685885535825
CBBT,50,batch,8,amp_true,excess,0.0007,1.2912231497466564e-06,2.402190693640274e-05,0.018512746822619823,0.006646933732916925
CBBT,50,batch,8,amp_true,excess,0.001,1.8446044996380807e-06,3.4317009909146776e-05,0.026446781175171175,0.00949561961845275
CBBT,50,batch,8,amp_true,excess,0.003,5.5338134989142415e-06,0.00010295102972744033,0.07934034352551353,0.02848685885535825
CBBT,50,batch,8,tail,full,0.01,2.6529049500823023e-05,0.000658392959113696,0.038150002393107826,0.018616615468205783
CBBT,50,batch,8,tail,full,0.025,6.632262375205755e-05,0.00164598239778424,0.09537500598276956,0.04654153867051446
CBBT,50,batch,8,tail,full,0.05,0.0001326452475041151,0.00329196479556848,0.19075001196553912,0.09308307734102891
CBBT,50,batch,8,tail,full,0.1,0.0002652904950082302,0.00658392959113696,0.38150002393107824,0.18616615468205783
CBBT,50,batch,8,body,full,1.0,0.0007864473154768348,0.01660227002780628,0.9620039712217759,0.46944316874690917
CBBT,50,batch,8,excess,full,2.0,0.000146776539622806,0.0036970867789702473,0.2142244498712596,0.10453824264665476
CBBT,50,batch,8,gate,full,0.5,0.00038914967444725335,0.005966236102991644,0.3457083166766853,0.1687003510357125
CBBT,50,batch,8,amp_true,full,0.0001,1.8446044996380807e-07,6.750851791568944e-06,0.00039117218439056354,0.00019088602049400734
CBBT,50,batch,8,amp_true,full,0.0003,5.533813498914241e-07,2.0252555374706827e-05,0.0011735165531716904,0.0005726580614820219
CBBT,50,batch,8,amp_true,full,0.0007,1.2912231497466564e-06,4.72559625409826e-05,0.0027382052907339444,0.0013362021434580513
CBBT,50,batch,8,amp_true,full,0.001,1.8446044996380807e-06,6.750851791568944e-05,0.003911721843905635,0.0019088602049400734
CBBT,50,batch,8,amp_true,full,0.003,5.5338134989142415e-06,0.0002025255537470683,0.011735165531716905,0.00572658061482022
CBBT,50,batch,9,tail,shared,0.01,1.874803565442562e-05,0.0005706109839731713,0.03549030680651298,0.015783710513901573
CBBT,50,batch,9,tail,shared,0.025,4.687008913606405e-05,0.0014265274599329285,0.08872576701628246,0.03945927628475394
CBBT,50,batch,9,tail,shared,0.05,9.37401782721281e-05,0.002853054919865857,0.17745153403256492,0.07891855256950787
CBBT,50,batch,9,tail,shared,0.1,0.0001874803565442562,0.005706109839731714,0.35490306806512983,0.15783710513901575
CBBT,50,batch,9,body,shared,1.0,0.0008825688855722547,0.016053374074890395,0.9984721416164839,0.44405350805752425
CBBT,50,batch,9,excess,shared,2.0,0.0001658727414906025,0.0036921472880328643,0.22964058475481808,0.10212874551278787
CBBT,50,batch,9,gate,shared,0.5,0.0004962387611158192,0.008314423622967705,0.5171324310019189,0.22998585593479776
CBBT,50,batch,9,amp_true,shared,0.0001,2.2310253698378802e-07,1.1011114254008642e-05,0.0006848585711324281,0.00030457920492630956
CBBT,50,batch,9,amp_true,shared,0.0003,6.69307610951364e-07,3.303334276202592e-05,0.0020545757133972843,0.0009137376147789286
CBBT,50,batch,9,amp_true,shared,0.0007,1.5617177588865162e-06,7.707779977806049e-05,0.004794009997926996,0.002132054434484167
CBBT,50,batch,9,amp_true,shared,0.001,2.2310253698378802e-06,0.00011011114254008641,0.0068485857113242815,0.0030457920492630956
CBBT,50,batch,9,amp_true,shared,0.003,6.693076109513641e-06,0.0003303334276202592,0.020545757133972845,0.009137376147789287
CBBT,50,batch,9,tail,temporal,0.01,1.874803565442562e-05,4.610841807373588e-06,0.022868926822196548,0.010191723744079511
CBBT,50,batch,9,tail,temporal,0.025,4.687008913606405e-05,1.152710451843397e-05,0.057172317055491376,0.02547930936019878
CBBT,50,batch,9,tail,temporal,0.05,9.37401782721281e-05,2.305420903686794e-05,0.11434463411098275,0.05095861872039756
CBBT,50,batch,9,tail,temporal,0.1,0.0001874803565442562,4.610841807373588e-05,0.2286892682219655,0.10191723744079512
CBBT,50,batch,9,body,temporal,1.0,0.0008825688855722547,0.00019871508766603152,0.9855902648912201,0.43923633945410734
CBBT,50,batch,9,excess,temporal,2.0,0.0001658727414906025,1.2544712076361225e-05,0.062219463270470364,0.027728611232515573
CBBT,50,batch,9,gate,temporal,0.5,0.0004962387611158192,9.250134358257824e-05,0.4587896409635907,0.20446334511893058
CBBT,50,batch,9,amp_true,temporal,0.0001,2.2310253698378802e-07,1.093883397841261e-07,0.000542546034375814,0.00024179006491188986
CBBT,50,batch,9,amp_true,temporal,0.0003,6.69307610951364e-07,3.2816501935237824e-07,0.001627638103127442,0.0007253701947356695
CBBT,50,batch,9,amp_true,temporal,0.0007,1.5617177588865162e-06,7.657183784888826e-07,0.0037978222406306983,0.001692530454383229
CBBT,50,batch,9,amp_true,temporal,0.001,2.2310253698378802e-06,1.0938833978412609e-06,0.005425460343758141,0.0024179006491188986
CBBT,50,batch,9,amp_true,temporal,0.003,6.693076109513641e-06,3.281650193523783e-06,0.01627638103127442,0.007253701947356696
CBBT,50,batch,9,tail,excess,0.01,1.874803565442562e-05,0.0001046974365132393,0.22360608253800196,0.10960812878515584
CBBT,50,batch,9,tail,excess,0.025,4.687008913606405e-05,0.0002617435912830982,0.5590152063450049,0.2740203219628896
CBBT,50,batch,9,tail,excess,0.05,9.37401782721281e-05,0.0005234871825661964,1.1180304126900098,0.5480406439257792
CBBT,50,batch,9,tail,excess,0.1,0.0001874803565442562,0.0010469743651323928,2.2360608253800196,1.0960812878515585
CBBT,50,batch,9,body,excess,1.0,0.0008825688855722547,0.0,0.0,0.0
CBBT,50,batch,9,excess,excess,2.0,0.0001658727414906025,0.0004882734739339914,1.0428232280529122,0.5111752837096901
CBBT,50,batch,9,gate,excess,0.5,0.0004962387611158192,0.0,0.0,0.0
CBBT,50,batch,9,amp_true,excess,0.0001,2.2310253698378802e-07,4.08264198417804e-06,0.008719445393219227,0.0042741328086756385
CBBT,50,batch,9,amp_true,excess,0.0003,6.69307610951364e-07,1.2247925952534118e-05,0.02615833617965768,0.012822398426026914
CBBT,50,batch,9,amp_true,excess,0.0007,1.5617177588865162e-06,2.857849388924628e-05,0.06103611775253459,0.029918929660729468
CBBT,50,batch,9,amp_true,excess,0.001,2.2310253698378802e-06,4.08264198417804e-05,0.08719445393219227,0.04274132808675638
CBBT,50,batch,9,amp_true,excess,0.003,6.693076109513641e-06,0.0001224792595253412,0.2615833617965768,0.12822398426026915
CBBT,50,batch,9,tail,full,0.01,1.874803565442562e-05,0.0005812311040442353,0.033399104454821325,0.015089131702557988
CBBT,50,batch,9,tail,full,0.025,4.687008913606405e-05,0.0014530777601105883,0.08349776113705332,0.037722829256394974
CBBT,50,batch,9,tail,full,0.05,9.37401782721281e-05,0.0029061555202211766,0.16699552227410663,0.07544565851278995
CBBT,50,batch,9,tail,full,0.1,0.0001874803565442562,0.005812311040442353,0.33399104454821327,0.1508913170255799
CBBT,50,batch,9,body,full,1.0,0.0008825688855722547,0.017340622655306268,0.9964388749094499,0.45017366969810946
CBBT,50,batch,9,excess,full,2.0,0.0001658727414906025,0.003724293568165109,0.21400793769993945,0.09668504620281998
CBBT,50,batch,9,gate,full,0.5,0.0004962387611158192,0.008403293703092767,0.48287588568690487,0.21815488630765506
CBBT,50,batch,9,amp_true,full,0.0001,2.2310253698378802e-07,1.1743619658597835e-05,0.0006748200103643308,0.00030487188737897565
CBBT,50,batch,9,amp_true,full,0.0003,6.69307610951364e-07,3.52308589757935e-05,0.0020244600310929924,0.0009146156621369269
CBBT,50,batch,9,amp_true,full,0.0007,1.5617177588865162e-06,8.220533761018483e-05,0.004723740072550315,0.0021341032116528294
CBBT,50,batch,9,amp_true,full,0.001,2.2310253698378802e-06,0.00011743619658597835,0.006748200103643308,0.0030487188737897564
CBBT,50,batch,9,amp_true,full,0.003,6.693076109513641e-06,0.00035230858975793505,0.020244600310929926,0.00914615662136927
CBBT,50,batch,10,tail,shared,0.01,7.784022600390016e-06,0.00046138423281012595,0.03418329463595707,0.017902590780499297
CBBT,50,batch,10,tail,shared,0.025,1.9460056500975045e-05,0.001153460582025315,0.08545823658989267,0.044756476951248236
CBBT,50,batch,10,tail,shared,0.05,3.892011300195009e-05,0.00230692116405063,0.17091647317978534,0.08951295390249647
CBBT,50,batch,10,tail,shared,0.1,7.784022600390018e-05,0.00461384232810126,0.3418329463595707,0.17902590780499295
CBBT,50,batch,10,body,shared,1.0,0.0008733009453862906,0.01360242336185807,1.0077839953685026,0.52780004550061
CBBT,50,batch,10,excess,shared,2.0,5.31779442098923e-05,0.0023696156654188913,0.1755614186719033,0.09194562047921788
CBBT,50,batch,10,gate,shared,0.5,0.0003151023993268609,0.004795000780155626,0.35525471568326744,0.18605520226918565
CBBT,50,batch,10,amp_true,shared,0.0001,6.203215452842415e-08,4.1012514675062185e-06,0.00030385582627313304,0.00015913640191710218
CBBT,50,batch,10,amp_true,shared,0.0003,1.860964635852724e-07,1.2303754402518655e-05,0.0009115674788193989,0.00047740920575130644
CBBT,50,batch,10,amp_true,shared,0.0007,4.34225081698969e-07,2.870876027254353e-05,0.002126990783911931,0.0011139548134197152
CBBT,50,batch,10,amp_true,shared,0.001,6.203215452842414e-07,4.1012514675062185e-05,0.00303855826273133,0.0015913640191710216
CBBT,50,batch,10,amp_true,shared,0.003,1.8609646358527244e-06,0.00012303754402518657,0.00911567478819399,0.004774092057513065
CBBT,50,batch,10,tail,temporal,0.01,7.784022600390016e-06,4.951111620106755e-06,0.0267539918456769,0.014437174324862998
CBBT,50,batch,10,tail,temporal,0.025,1.9460056500975045e-05,1.2377779050266889e-05,0.06688497961419225,0.036092935812157494
CBBT,50,batch,10,tail,temporal,0.05,3.892011300195009e-05,2.4755558100533777e-05,0.1337699592283845,0.07218587162431499
CBBT,50,batch,10,tail,temporal,0.1,7.784022600390018e-05,4.9511116201067554e-05,0.267539918456769,0.14437174324862997
CBBT,50,batch,10,body,temporal,1.0,0.0008733009453862906,0.0001877060295345135,1.0142945602673528,0.5473406536044167
CBBT,50,batch,10,excess,temporal,2.0,5.31779442098923e-05,2.388897747709292e-05,0.12908727527534966,0.06965896928659425
CBBT,50,batch,10,gate,temporal,0.5,0.0003151023993268609,4.140810938035616e-05,0.22375424060487228,0.12074381259340435
CBBT,50,batch,10,amp_true,temporal,0.0001,6.203215452842415e-08,4.382853299433969e-08,0.00023683332235463963,0.00012780163724700037
CBBT,50,batch,10,amp_true,temporal,0.0003,1.860964635852724e-07,1.3148559898301905e-07,0.0007104999670639188,0.000383404911741001
CBBT,50,batch,10,amp_true,temporal,0.0007,4.34225081698969e-07,3.067997309603778e-07,0.0016578332564824775,0.0008946114607290025
CBBT,50,batch,10,amp_true,temporal,0.001,6.203215452842414e-07,4.382853299433969e-07,0.0023683332235463965,0.0012780163724700035
CBBT,50,batch,10,amp_true,temporal,0.003,1.8609646358527244e-06,1.3148559898301908e-06,0.007104999670639189,0.003834049117410011
CBBT,50,batch,10,tail,excess,0.01,7.784022600390016e-06,0.00013440014585152862,0.2043291852904698,0.07382478533438153
CBBT,50,batch,10,tail,excess,0.025,1.9460056500975045e-05,0.0003360003646288216,0.5108229632261745,0.18456196333595382
CBBT,50,batch,10,tail,excess,0.05,3.892011300195009e-05,0.0006720007292576432,1.021645926452349,0.36912392667190763
CBBT,50,batch,10,tail,excess,0.1,7.784022600390018e-05,0.0013440014585152863,2.043291852904698,0.7382478533438153
CBBT,50,batch,10,body,excess,1.0,0.0008733009453862906,0.0,0.0,0.0
CBBT,50,batch,10,excess,excess,2.0,5.31779442098923e-05,0.0011659230123434064,1.7725583384910368,0.6404309724317793
CBBT,50,batch,10,gate,excess,0.5,0.0003151023993268609,0.0,0.0,0.0
CBBT,50,batch,10,amp_true,excess,0.0001,6.203215452842415e-08,1.7781193943369537e-06,0.0027032834294347685,0.000976704911695846
CBBT,50,batch,10,amp_true,excess,0.0003,1.860964635852724e-07,5.33435818301086e-06,0.008109850288304304,0.002930114735087538
CBBT,50,batch,10,amp_true,excess,0.0007,4.34225081698969e-07,1.2446835760358675e-05,0.018922984006043378,0.006836934381870922
CBBT,50,batch,10,amp_true,excess,0.001,6.203215452842414e-07,1.7781193943369537e-05,0.027032834294347684,0.00976704911695846
CBBT,50,batch,10,amp_true,excess,0.003,1.8609646358527244e-06,5.334358183010861e-05,0.08109850288304306,0.029301147350875384
CBBT,50,batch,10,tail,full,0.01,7.784022600390016e-06,0.0004835413274732967,0.03218696599591143,0.016692830670178068
CBBT,50,batch,10,tail,full,0.025,1.9460056500975045e-05,0.0012088533186832417,0.08046741498977858,0.04173207667544517
CBBT,50,batch,10,tail,full,0.05,3.892011300195009e-05,0.0024177066373664833,0.16093482997955716,0.08346415335089034
CBBT,50,batch,10,tail,full,0.1,7.784022600390018e-05,0.004835413274732967,0.3218696599591143,0.1669283067017807
CBBT,50,batch,10,body,full,1.0,0.0008733009453862906,0.015081944584788365,1.0039308119523909,0.5206594200467478
CBBT,50,batch,10,excess,full,2.0,5.31779442098923e-05,0.002640919323362707,0.17579299974874463,0.0911699095273908
CBBT,50,batch,10,gate,full,0.5,0.0003151023993268609,0.00483754510389819,0.32201156533297076,0.16700190178300933
CBBT,50,batch,10,amp_true,full,0.0001,6.203215452842415e-08,4.470119929066684e-06,0.00029755388005063755,0.0001543176370078095
CBBT,50,batch,10,amp_true,full,0.0003,1.860964635852724e-07,1.341035978720005e-05,0.0008926616401519125,0.00046295291102342844
CBBT,50,batch,10,amp_true,full,0.0007,4.34225081698969e-07,3.1290839503466784e-05,0.0020828771603544627,0.0010802234590546664
CBBT,50,batch,10,amp_true,full,0.001,6.203215452842414e-07,4.470119929066684e-05,0.0029755388005063754,0.001543176370078095
CBBT,50,batch,10,amp_true,full,0.003,1.8609646358527244e-06,0.0001341035978720005,0.008926616401519125,0.004629529110234285
CBBT,50,batch,11,tail,shared,0.01,1.8846571911126376e-05,0.0008927879767731719,0.09215357778974127,0.03544030854691787
CBBT,50,batch,11,tail,shared,0.025,4.7116429777815943e-05,0.00223196994193293,0.23038394447435318,0.08860077136729466
CBBT,50,batch,11,tail,shared,0.05,9.423285955563189e-05,0.00446393988386586,0.46076788894870635,0.17720154273458932
CBBT,50,batch,11,tail,shared,0.1,0.00018846571911126377,0.00892787976773172,0.9215357778974127,0.35440308546917865
CBBT,50,batch,11,body,shared,1.0,0.0007854584837332368,0.010542820586621733,1.0882299743373143,0.4185101326018436
CBBT,50,batch,11,excess,shared,2.0,0.0001317844435106963,0.006781524651184649,0.6999889959705067,0.2692008991039267
CBBT,50,batch,11,gate,shared,0.5,0.0002565640606917441,0.010362638816892405,1.0696316114952669,0.4113575973080585
CBBT,50,batch,11,amp_true,shared,0.0001,1.824013888835907e-07,9.07549665646712e-06,0.000936772793620143,0.0003602629180605934
CBBT,50,batch,11,amp_true,shared,0.0003,5.47204166650772e-07,2.7226489969401355e-05,0.0028103183808604287,0.00108078875418178
CBBT,50,batch,11,amp_true,shared,0.0007,1.2768097221851348e-06,6.352847659526983e-05,0.006557409555341001,0.0025218404264241534
CBBT,50,batch,11,amp_true,shared,0.001,1.824013888835907e-06,9.075496656467119e-05,0.00936772793620143,0.003602629180605934
CBBT,50,batch,11,amp_true,shared,0.003,5.472041666507721e-06,0.0002722648996940136,0.028103183808604288,0.010807887541817801
CBBT,50,batch,11,tail,temporal,0.01,1.8846571911126376e-05,8.696581462943796e-06,0.06853583892346801,0.027449786398854346
CBBT,50,batch,11,tail,temporal,0.025,4.7116429777815943e-05,2.174145365735949e-05,0.17133959730867004,0.06862446599713587
CBBT,50,batch,11,tail,temporal,0.05,9.423285955563189e-05,4.348290731471898e-05,0.3426791946173401,0.13724893199427174
CBBT,50,batch,11,tail,temporal,0.1,0.00018846571911126377,8.696581462943795e-05,0.6853583892346802,0.2744978639885435
CBBT,50,batch,11,body,temporal,1.0,0.0007854584837332368,0.0001414613992155343,1.1148260626127042,0.4465070796720914
CBBT,50,batch,11,excess,temporal,2.0,0.0001317844435106963,6.066389693204339e-05,0.4780787814522495,0.19147880348182608
CBBT,50,batch,11,gate,temporal,0.5,0.0002565640606917441,0.00010616733337491177,0.8366813201395648,0.33510530960872603
CBBT,50,batch,11,amp_true,temporal,0.0001,1.824013888835907e-07,9.016216790231461e-08,0.0007105481438509981,0.0002845867954807167
CBBT,50,batch,11,amp_true,temporal,0.0003,5.47204166650772e-07,2.704865037069438e-07,0.002131644431552994,0.0008537603864421499
CBBT,50,batch,11,amp_true,temporal,0.0007,1.2768097221851348e-06,6.311351753162023e-07,0.004973837006956987,0.001992107568365017
CBBT,50,batch,11,amp_true,temporal,0.001,1.824013888835907e-06,9.016216790231461e-07,0.007105481438509981,0.0028458679548071667
CBBT,50,batch,11,amp_true,temporal,0.003,5.472041666507721e-06,2.7048650370694383e-06,0.021316444315529946,0.008537603864421501
CBBT,50,batch,11,tail,excess,0.01,1.8846571911126376e-05,0.0001923487925565694,0.20294333460003838,0.07555342069253461
CBBT,50,batch,11,tail,excess,0.025,4.7116429777815943e-05,0.00048087198139142354,0.507358336500096,0.18888355173133653
CBBT,50,batch,11,tail,excess,0.05,9.423285955563189e-05,0.0009617439627828471,1.014716673000192,0.37776710346267306
CBBT,50,batch,11,tail,excess,0.1,0.00018846571911126377,0.0019234879255656942,2.029433346000384,0.7555342069253461
CBBT,50,batch,11,body,excess,1.0,0.0007854584837332368,0.0,0.0,0.0
CBBT,50,batch,11,excess,excess,2.0,0.0001317844435106963,0.0015980539473316644,1.6860745140724596,0.6277057452107782
CBBT,50,batch,11,gate,excess,0.5,0.0002565640606917441,0.0,0.0,0.0
CBBT,50,batch,11,amp_true,excess,0.0001,1.824013888835907e-07,2.44353185462182e-06,0.0025781212150449324,0.0009598042583685891
CBBT,50,batch,11,amp_true,excess,0.0003,5.47204166650772e-07,7.330595563865459e-06,0.0077343636451347965,0.002879412775105767
CBBT,50,batch,11,amp_true,excess,0.0007,1.2768097221851348e-06,1.710472298235274e-05,0.018046848505314527,0.006718629808580123
CBBT,50,batch,11,amp_true,excess,0.001,1.824013888835907e-06,2.44353185462182e-05,0.025781212150449324,0.00959804258368589
CBBT,50,batch,11,amp_true,excess,0.003,5.472041666507721e-06,7.33059556386546e-05,0.07734363645134798,0.02879412775105767
CBBT,50,batch,11,tail,full,0.01,1.8846571911126376e-05,0.000914663590716432,0.08218196263566421,0.03318484904156149
CBBT,50,batch,11,tail,full,0.025,4.7116429777815943e-05,0.00228665897679108,0.20545490658916055,0.08296212260390373
CBBT,50,batch,11,tail,full,0.05,9.423285955563189e-05,0.00457331795358216,0.4109098131783211,0.16592424520780746
CBBT,50,batch,11,tail,full,0.1,0.00018846571911126377,0.00914663590716432,0.8218196263566422,0.3318484904156149
CBBT,50,batch,11,body,full,1.0,0.0007854584837332368,0.01183792697914165,1.063630478525467,0.42949104321529036
CBBT,50,batch,11,excess,full,2.0,0.0001317844435106963,0.006967270126326909,0.6260049476178314,0.252779065134582
CBBT,50,batch,11,gate,full,0.5,0.0002565640606917441,0.010475690728821435,0.9412343869339401,0.3800678402096796
CBBT,50,batch,11,amp_true,full,0.0001,1.824013888835907e-07,9.398696052437136e-06,0.0008444670758134698,0.000340993467820609
CBBT,50,batch,11,amp_true,full,0.0003,5.47204166650772e-07,2.8196088157311406e-05,0.0025334012274404087,0.0010229804034618268
CBBT,50,batch,11,amp_true,full,0.0007,1.2768097221851348e-06,6.579087236705996e-05,0.005911269530694287,0.0023869542747442627
CBBT,50,batch,11,amp_true,full,0.001,1.824013888835907e-06,9.398696052437136e-05,0.008444670758134697,0.0034099346782060897
CBBT,50,batch,11,amp_true,full,0.003,5.472041666507721e-06,0.0002819608815731141,0.02533401227440409,0.010229804034618269
CBBT,50,accum4,2,tail,shared,0.01,1.797691991669126e-05,0.000528350807689456,0.039764785708878383,0.018927207682028914
CBBT,50,accum4,2,tail,shared,0.025,4.494229979172815e-05,0.00132087701922364,0.09941196427219597,0.04731801920507228
CBBT,50,accum4,2,tail,shared,0.05,8.98845995834563e-05,0.00264175403844728,0.19882392854439193,0.09463603841014456
CBBT,50,accum4,2,tail,shared,0.1,0.0001797691991669126,0.00528350807689456,0.39764785708878386,0.18927207682028913
CBBT,50,accum4,2,body,shared,1.0,0.0008319439075421542,0.013493199417193177,1.0155263804710883,0.4833693522322657
CBBT,50,accum4,2,excess,shared,2.0,0.00012440291720849928,0.0027672769967252214,0.20827104864873094,0.09913267031760564
CBBT,50,accum4,2,gate,shared,0.5,0.0003642637238954194,0.0033048402836407882,0.24872918479247627,0.11838989832900909
CBBT,50,accum4,2,amp_true,shared,0.0001,1.6299913258990275e-07,6.81447894098357e-06,0.000512871923090057,0.00024411632628111235
CBBT,50,accum4,2,amp_true,shared,0.0003,4.889973977697081e-07,2.044343682295071e-05,0.001538615769270171,0.000732348978843337
CBBT,50,accum4,2,amp_true,shared,0.0007,1.140993928129319e-06,4.770135258688499e-05,0.003590103461630399,0.0017088142839677865
CBBT,50,accum4,2,amp_true,shared,0.001,1.6299913258990273e-06,6.814478940983571e-05,0.00512871923090057,0.0024411632628111237
CBBT,50,accum4,2,amp_true,shared,0.003,4.8899739776970816e-06,0.0002044343682295071,0.015386157692701711,0.0073234897884333705
CBBT,50,accum4,2,tail,temporal,0.01,1.797691991669126e-05,5.699779394937937e-06,0.03206183745440743,0.015253641621694061
CBBT,50,accum4,2,tail,temporal,0.025,4.494229979172815e-05,1.4249448487344842e-05,0.08015459363601858,0.03813410405423515
CBBT,50,accum4,2,tail,temporal,0.05,8.98845995834563e-05,2.8498896974689684e-05,0.16030918727203716,0.0762682081084703
CBBT,50,accum4,2,tail,temporal,0.1,0.0001797691991669126,5.699779394937937e-05,0.3206183745440743,0.1525364162169406
CBBT,50,accum4,2,body,temporal,1.0,0.0008319439075421542,0.00017937963033747115,1.0090286223392186,0.48005236796178463
CBBT,50,accum4,2,excess,temporal,2.0,0.00012440291720849928,2.7625047519276844e-05,0.15539369541564155,0.07392962875292226
CBBT,50,accum4,2,gate,temporal,0.5,0.0003642637238954194,3.54941687122963e-05,0.19965830060785172,0.09498882179162114
CBBT,50,accum4,2,amp_true,temporal,0.0001,1.6299913258990275e-07,7.293259276439052e-08,0.0004102532347860881,0.00019518082288535378
CBBT,50,accum4,2,amp_true,temporal,0.0003,4.889973977697081e-07,2.1879777829317154e-07,0.001230759704358264,0.0005855424686560612
CBBT,50,accum4,2,amp_true,temporal,0.0007,1.140993928129319e-06,5.105281493507336e-07,0.0028717726435026165,0.0013662657601974763
CBBT,50,accum4,2,amp_true,temporal,0.001,1.6299913258990273e-06,7.293259276439052e-07,0.004102532347860881,0.0019518082288535377
CBBT,50,accum4,2,amp_true,temporal,0.003,4.8899739776970816e-06,2.1879777829317156e-06,0.012307597043582643,0.005855424686560613
CBBT,50,accum4,2,tail,excess,0.01,1.797691991669126e-05,0.00017355067484341766,0.20856708729760062,0.07895266007668612
CBBT,50,accum4,2,tail,excess,0.025,4.494229979172815e-05,0.0004338766871085442,0.5214177182440015,0.19738165019171533
CBBT,50,accum4,2,tail,excess,0.05,8.98845995834563e-05,0.0008677533742170884,1.042835436488003,0.39476330038343066
CBBT,50,accum4,2,tail,excess,0.1,0.0001797691991669126,0.0017355067484341768,2.085670872976006,0.7895266007668613
CBBT,50,accum4,2,body,excess,1.0,0.0008319439075421542,0.0,0.0,0.0
CBBT,50,accum4,2,excess,excess,2.0,0.00012440291720849928,0.001367352215049198,1.6432357238601079,0.622043646544643
CBBT,50,accum4,2,gate,excess,0.5,0.0003642637238954194,0.0,0.0,0.0
CBBT,50,accum4,2,amp_true,excess,0.0001,1.6299913258990275e-07,2.9118036845252926e-06,0.0034993030929542095,0.001324654293172787
CBBT,50,accum4,2,amp_true,excess,0.0003,4.889973977697081e-07,8.735411053575877e-06,0.010497909278862627,0.00397396287951836
CBBT,50,accum4,2,amp_true,excess,0.0007,1.140993928129319e-06,2.0382625791677046e-05,0.024495121650679467,0.009272580052209508
CBBT,50,accum4,2,amp_true,excess,0.001,1.6299913258990273e-06,2.9118036845252924e-05,0.0349930309295421,0.01324654293172787
CBBT,50,accum4,2,amp_true,excess,0.003,4.8899739776970816e-06,8.735411053575877e-05,0.10497909278862629,0.03973962879518361
CBBT,50,accum4,2,tail,full,0.01,1.797691991669126e-05,0.0005584323691437146,0.03830948016779368,0.018371592471658066
CBBT,50,accum4,2,tail,full,0.025,4.494229979172815e-05,0.0013960809228592864,0.09577370041948421,0.04592898117914517
CBBT,50,accum4,2,tail,full,0.05,8.98845995834563e-05,0.002792161845718573,0.19154740083896843,0.09185796235829034
CBBT,50,accum4,2,tail,full,0.1,0.0001797691991669126,0.005584323691437146,0.38309480167793686,0.1837159247165807
CBBT,50,accum4,2,body,full,1.0,0.0008319439075421542,0.014717887841865115,1.0096739794190521,0.4841965695665661
CBBT,50,accum4,2,excess,full,2.0,0.00012440291720849928,0.003086660664310949,0.2117505575213129,0.10154653447107827
CBBT,50,accum4,2,gate,full,0.5,0.0003642637238954194,0.0033425021923357803,0.22930175348617815,0.10996333935186567
CBBT,50,accum4,2,amp_true,full,0.0001,1.6299913258990275e-07,7.410514417658442e-06,0.0005083748199477568,0.00024379487724775944
CBBT,50,accum4,2,amp_true,full,0.0003,4.889973977697081e-07,2.223154325297532e-05,0.0015251244598432705,0.0007313846317432782
CBBT,50,accum4,2,amp_true,full,0.0007,1.140993928129319e-06,5.187360092360909e-05,0.003558623739634298,0.001706564140734316
CBBT,50,accum4,2,amp_true,full,0.001,1.6299913258990273e-06,7.410514417658442e-05,0.005083748199477569,0.0024379487724775946
CBBT,50,accum4,2,amp_true,full,0.003,4.8899739776970816e-06,0.00022231543252975323,0.015251244598432707,0.007313846317432783
CBBT,50,batch,12,tail,shared,0.01,6.135494913905859e-06,0.00017674548357488623,0.012738944450982604,0.006038426358089393
CBBT,50,batch,12,tail,shared,0.025,1.5338737284764647e-05,0.0004418637089372156,0.03184736112745651,0.015096065895223483
CBBT,50,batch,12,tail,shared,0.05,3.0677474569529295e-05,0.0008837274178744312,0.06369472225491302,0.030192131790446965
CBBT,50,batch,12,tail,shared,0.1,6.135494913905859e-05,0.0017674548357488624,0.12738944450982603,0.06038426358089393
CBBT,50,batch,12,body,shared,1.0,0.0008155663963407278,0.013911358196916048,1.0026622221050951,0.47527501305281866
CBBT,50,batch,12,excess,shared,2.0,6.136333104223013e-05,0.0008510682732904142,0.061340811873400354,0.029076347468833884
CBBT,50,batch,12,gate,shared,0.5,8.089016046142206e-05,0.0024599722495466467,0.17730269087558279,0.08404379547009588
CBBT,50,batch,12,amp_true,shared,0.0001,6.271567544899881e-08,1.4693697862549634e-06,0.00010590494142456171,5.020032799504511e-05
CBBT,50,batch,12,amp_true,shared,0.0003,1.881470263469964e-07,4.40810935876489e-06,0.0003177148242736851,0.00015060098398513532
CBBT,50,batch,12,amp_true,shared,0.0007,4.3900972814299163e-07,1.0285588503784744e-05,0.0007413345899719319,0.0003514022959653158
CBBT,50,batch,12,amp_true,shared,0.001,6.271567544899881e-07,1.4693697862549633e-05,0.001059049414245617,0.0005020032799504512
CBBT,50,batch,12,amp_true,shared,0.003,1.8814702634699643e-06,4.40810935876489e-05,0.0031771482427368513,0.0015060098398513534
CBBT,50,batch,12,tail,temporal,0.01,6.135494913905859e-06,1.9223960238150974e-06,0.010276237272733935,0.004839629616633447
CBBT,50,batch,12,tail,temporal,0.025,1.5338737284764647e-05,4.805990059537743e-06,0.025690593181834837,0.012099074041583618
CBBT,50,batch,12,tail,temporal,0.05,3.0677474569529295e-05,9.611980119075486e-06,0.05138118636366967,0.024198148083167236
CBBT,50,batch,12,tail,temporal,0.1,6.135494913905859e-05,1.9223960238150972e-05,0.10276237272733935,0.04839629616633447
CBBT,50,batch,12,body,temporal,1.0,0.0008155663963407278,0.00018596177570227732,0.994065378362089,0.46815854074875635
CBBT,50,batch,12,excess,temporal,2.0,6.136333104223013e-05,6.4922194324256125e-06,0.034704393105151665,0.016344154406070628
CBBT,50,batch,12,gate,temporal,0.5,8.089016046142206e-05,3.396616148252988e-05,0.1815673411276498,0.0855097695988664
CBBT,50,batch,12,amp_true,temporal,0.0001,6.271567544899881e-08,1.3830759717394522e-08,7.393282484846996e-05,3.481892051358169e-05
CBBT,50,batch,12,amp_true,temporal,0.0003,1.881470263469964e-07,4.149227915218356e-08,0.00022179847454540985,0.00010445676154074506
CBBT,50,batch,12,amp_true,temporal,0.0007,4.3900972814299163e-07,9.681531802176165e-08,0.0005175297739392897,0.00024373244359507184
CBBT,50,batch,12,amp_true,temporal,0.001,6.271567544899881e-07,1.3830759717394522e-07,0.0007393282484846996,0.0003481892051358169
CBBT,50,batch,12,amp_true,temporal,0.003,1.8814702634699643e-06,4.149227915218357e-07,0.0022179847454540987,0.0010445676154074508
CBBT,50,batch,12,tail,excess,0.01,6.135494913905859e-06,8.643120818893755e-05,0.20014131972480834,0.08706667970108248
CBBT,50,batch,12,tail,excess,0.025,1.5338737284764647e-05,0.0002160780204723439,0.5003532993120209,0.2176666992527062
CBBT,50,batch,12,tail,excess,0.05,3.0677474569529295e-05,0.0004321560409446878,1.0007065986240418,0.4353333985054124
CBBT,50,batch,12,tail,excess,0.1,6.135494913905859e-05,0.0008643120818893756,2.0014131972480835,0.8706667970108248
CBBT,50,batch,12,body,excess,1.0,0.0008155663963407278,0.0,0.0,0.0
CBBT,50,batch,12,excess,excess,2.0,6.136333104223013e-05,0.0005617312682345404,1.3007528149946737,0.5658613067463678
CBBT,50,batch,12,gate,excess,0.5,8.089016046142206e-05,0.0,0.0,0.0
CBBT,50,batch,12,amp_true,excess,0.0001,6.271567544899881e-08,6.084626450857648e-07,0.0014089646476363757,0.000612936268505573
CBBT,50,batch,12,amp_true,excess,0.0003,1.881470263469964e-07,1.8253879352572944e-06,0.0042268939429091264,0.0018388088055167188
CBBT,50,batch,12,amp_true,excess,0.0007,4.3900972814299163e-07,4.259238515600354e-06,0.009862752533454628,0.004290553879539011
CBBT,50,batch,12,amp_true,excess,0.001,6.271567544899881e-07,6.084626450857648e-06,0.014089646476363757,0.00612936268505573
CBBT,50,batch,12,amp_true,excess,0.003,1.8814702634699643e-06,1.8253879352572945e-05,0.04226893942909127,0.01838808805516719
CBBT,50,batch,12,tail,full,0.01,6.135494913905859e-06,0.0001967762745982892,0.012891950651630289,0.006166387676884738
CBBT,50,batch,12,tail,full,0.025,1.5338737284764647e-05,0.000491940686495723,0.03222987662907572,0.015415969192211845
CBBT,50,batch,12,tail,full,0.05,3.0677474569529295e-05,0.000983881372991446,0.06445975325815144,0.03083193838442369
CBBT,50,batch,12,tail,full,0.1,6.135494913905859e-05,0.001967762745982892,0.12891950651630288,0.06166387676884738
CBBT,50,batch,12,body,full,1.0,0.0008155663963407278,0.01527789001827034,1.0009428452625488,0.4787639817340137
CBBT,50,batch,12,excess,full,2.0,6.136333104223013e-05,0.0010197348790317571,0.06680872358754317,0.031955481445046355
CBBT,50,batch,12,gate,full,0.5,8.089016046142206e-05,0.0025103073510537245,0.16446473822251503,0.07866562341589041
CBBT,50,batch,12,amp_true,full,0.0001,6.271567544899881e-08,1.5903692524768335e-06,0.00010419427831255295,4.9837478528292055e-05
CBBT,50,batch,12,amp_true,full,0.0003,1.881470263469964e-07,4.7711077574304994e-06,0.00031258283493765883,0.00014951243558487617
CBBT,50,batch,12,amp_true,full,0.0007,4.3900972814299163e-07,1.1132584767337833e-05,0.0007293599481878706,0.0003488623496980444
CBBT,50,batch,12,amp_true,full,0.001,6.271567544899881e-07,1.5903692524768335e-05,0.0010419427831255294,0.0004983747852829206
CBBT,50,batch,12,amp_true,full,0.003,1.8814702634699643e-06,4.7711077574305e-05,0.0031258283493765886,0.0014951243558487617
CBBT,50,batch,13,tail,shared,0.01,2.0409326534718275e-05,0.0006451290349409734,0.06365060518973971,0.03061373212491373
CBBT,50,batch,13,tail,shared,0.025,5.102331633679569e-05,0.0016128225873524337,0.1591265129743493,0.07653433031228433
CBBT,50,batch,13,tail,shared,0.05,0.00010204663267359138,0.0032256451747048674,0.3182530259486986,0.15306866062456867
CBBT,50,batch,13,tail,shared,0.1,0.00020409326534718276,0.006451290349409735,0.6365060518973972,0.30613732124913734
CBBT,50,batch,13,body,shared,1.0,0.0007641853298991919,0.010669631375685402,1.0527017967435743,0.5063130305965745
CBBT,50,batch,13,excess,shared,2.0,0.00011943919525947422,0.002420749924341493,0.2388393474050513,0.11487343726821446
CBBT,50,batch,13,gate,shared,0.5,0.00031838775612413883,0.0034291864021559204,0.33833508954626607,0.1627274362742072
CBBT,50,batch,13,amp_true,shared,0.0001,1.6677810344845057e-07,6.340475115964287e-06,0.0006255726474294205,0.00030087873313990873
CBBT,50,batch,13,amp_true,shared,0.0003,5.003343103453517e-07,1.9021425347892856e-05,0.0018767179422882613,0.000902636199419726
CBBT,50,batch,13,amp_true,shared,0.0007,1.1674467241391539e-06,4.438332581175001e-05,0.004379008532005943,0.002106151131979361
CBBT,50,batch,13,amp_true,shared,0.001,1.6677810344845058e-06,6.340475115964286e-05,0.006255726474294205,0.003008787331399087
CBBT,50,batch,13,amp_true,shared,0.003,5.003343103453517e-06,0.0001902142534789286,0.018767179422882616,0.009026361994197261
CBBT,50,batch,13,tail,temporal,0.01,2.0409326534718275e-05,7.547525574181662e-06,0.05695251991009578,0.027505603679498995
CBBT,50,batch,13,tail,temporal,0.025,5.102331633679569e-05,1.8868813935454158e-05,0.14238129977523944,0.06876400919874749
CBBT,50,batch,13,tail,temporal,0.05,0.00010204663267359138,3.7737627870908316e-05,0.2847625995504789,0.13752801839749498
CBBT,50,batch,13,tail,temporal,0.1,0.00020409326534718276,7.547525574181663e-05,0.5695251991009578,0.27505603679498997
CBBT,50,batch,13,body,temporal,1.0,0.0007641853298991919,0.00014190139240461452,1.07076707415733,0.5171341816186673
CBBT,50,batch,13,excess,temporal,2.0,0.00011943919525947422,2.494526416730339e-05,0.1882333011246515,0.09090854255775721
CBBT,50,batch,13,gate,temporal,0.5,0.00031838775612413883,2.2891573035990205e-05,0.17273644935572152,0.0834242334576682
CBBT,50,batch,13,amp_true,temporal,0.0001,1.6677810344845057e-07,7.095517638054513e-08,0.0005354173438459009,0.0002585834180156231
CBBT,50,batch,13,amp_true,temporal,0.0003,5.003343103453517e-07,2.1286552914163538e-07,0.0016062520315377026,0.0007757502540468691
CBBT,50,batch,13,amp_true,temporal,0.0007,1.1674467241391539e-06,4.966862346638159e-07,0.003747921406921306,0.0018100839261093614
CBBT,50,batch,13,amp_true,temporal,0.001,1.6677810344845058e-06,7.095517638054513e-07,0.005354173438459009,0.0025858341801562306
CBBT,50,batch,13,amp_true,temporal,0.003,5.003343103453517e-06,2.1286552914163537e-06,0.016062520315377027,0.007757502540468692
CBBT,50,batch,13,tail,excess,0.01,2.0409326534718275e-05,5.2581949987122405e-05,0.20470617855054238,0.06774341640828013
CBBT,50,batch,13,tail,excess,0.025,5.102331633679569e-05,0.000131454874967806,0.5117654463763559,0.16935854102070036
CBBT,50,batch,13,tail,excess,0.05,0.00010204663267359138,0.000262909749935612,1.0235308927527118,0.3387170820414007
CBBT,50,batch,13,tail,excess,0.1,0.00020409326534718276,0.000525819499871224,2.0470617855054236,0.6774341640828014
CBBT,50,batch,13,body,excess,1.0,0.0007641853298991919,0.0,0.0,0.0
CBBT,50,batch,13,excess,excess,2.0,0.00011943919525947422,0.0005663774965155231,2.2049576510021103,0.7296866434228271
CBBT,50,batch,13,gate,excess,0.5,0.00031838775612413883,0.0,0.0,0.0
CBBT,50,batch,13,amp_true,excess,0.0001,1.6677810344845057e-07,1.8113484106474014e-06,0.007051739451618618,0.0023336321622346623
CBBT,50,batch,13,amp_true,excess,0.0003,5.003343103453517e-07,5.434045231942203e-06,0.02115521835485585,0.007000896486703986
CBBT,50,batch,13,amp_true,excess,0.0007,1.1674467241391539e-06,1.2679438874531809e-05,0.04936217616133032,0.016335425135642633
CBBT,50,batch,13,amp_true,excess,0.001,1.6677810344845058e-06,1.811348410647401e-05,0.07051739451618617,0.023336321622346622
CBBT,50,batch,13,amp_true,excess,0.003,5.003343103453517e-06,5.434045231942204e-05,0.2115521835485585,0.07000896486703986
CBBT,50,batch,13,tail,full,0.01,2.0409326534718275e-05,0.0006584862541875211,0.060285297429219,0.02913303444047442
CBBT,50,batch,13,tail,full,0.025,5.102331633679569e-05,0.001646215635468803,0.1507132435730475,0.07283258610118605
CBBT,50,batch,13,tail,full,0.05,0.00010204663267359138,0.003292431270937606,0.301426487146095,0.1456651722023721
CBBT,50,batch,13,tail,full,0.1,0.00020409326534718276,0.006584862541875212,0.60285297429219,0.2913303444047442
CBBT,50,batch,13,body,full,1.0,0.0007641853298991919,0.011418042079139107,1.0453370262824293,0.5051619696219463
CBBT,50,batch,13,excess,full,2.0,0.00011943919525947422,0.0024861242255282685,0.22760799854035693,0.10999218620740865
CBBT,50,batch,13,gate,full,0.5,0.00031838775612413883,0.0034449219393275494,0.31538721182426005,0.1524117304878395
CBBT,50,batch,13,amp_true,full,0.0001,1.6677810344845057e-07,6.594134345076479e-06,0.0006037018202781754,0.00029174055154311665
CBBT,50,batch,13,amp_true,full,0.0003,5.003343103453517e-07,1.9782403035229436e-05,0.0018111054608345256,0.0008752216546293498
CBBT,50,batch,13,amp_true,full,0.0007,1.1674467241391539e-06,4.615894041553535e-05,0.004225912741947227,0.0020421838608018165
CBBT,50,batch,13,amp_true,full,0.001,1.6677810344845058e-06,6.594134345076479e-05,0.006037018202781753,0.002917405515431166
CBBT,50,batch,13,amp_true,full,0.003,5.003343103453517e-06,0.00019782403035229436,0.018111054608345258,0.008752216546293498
CBBT,50,batch,14,tail,shared,0.01,2.1273160818964243e-05,0.000447299866918447,0.03210250086376579,0.01613422830701546
CBBT,50,batch,14,tail,shared,0.025,5.318290204741061e-05,0.0011182496672961174,0.08025625215941447,0.040335570767538645
CBBT,50,batch,14,tail,shared,0.05,0.00010636580409482122,0.002236499334592235,0.16051250431882894,0.08067114153507729
CBBT,50,batch,14,tail,shared,0.1,0.00021273160818964244,0.00447299866918447,0.32102500863765787,0.16134228307015458
CBBT,50,batch,14,body,shared,1.0,0.0009107242221944034,0.013354479561050618,0.9584447109212623,0.4816997233729253
CBBT,50,batch,14,excess,shared,2.0,0.00015755828644614667,0.0018769286916528439,0.13470628855786784,0.06770133028596685
CBBT,50,batch,14,gate,shared,0.5,0.00017616321565583348,0.0028281158157094544,0.20297254064060669,0.10201090951287245
CBBT,50,batch,14,amp_true,shared,0.0001,1.992985373362899e-07,5.1928630914274915e-06,0.0003726893393159951,0.00018730798929444072
CBBT,50,batch,14,amp_true,shared,0.0003,5.978956120088696e-07,1.5578589274282472e-05,0.0011180680179479852,0.0005619239678833221
CBBT,50,batch,14,amp_true,shared,0.0007,1.395089761354029e-06,3.635004163999244e-05,0.0026088253752119656,0.001311155925061085
CBBT,50,batch,14,amp_true,shared,0.001,1.992985373362899e-06,5.192863091427492e-05,0.003726893393159951,0.0018730798929444074
CBBT,50,batch,14,amp_true,shared,0.003,5.978956120088697e-06,0.00015578589274282476,0.011180680179479853,0.005619239678833222
CBBT,50,batch,14,tail,temporal,0.01,2.1273160818964243e-05,3.713184968008401e-06,0.02402726655314927,0.012356420941146948
CBBT,50,batch,14,tail,temporal,0.025,5.318290204741061e-05,9.282962420021003e-06,0.060068166382873184,0.030891052352867373
CBBT,50,batch,14,tail,temporal,0.05,0.00010636580409482122,1.8565924840042005e-05,0.12013633276574637,0.061782104705734746
CBBT,50,batch,14,tail,temporal,0.1,0.00021273160818964244,3.713184968008401e-05,0.24027266553149274,0.12356420941146949
CBBT,50,batch,14,body,temporal,1.0,0.0009107242221944034,0.00015702920962792756,1.01610415556116,0.5225484404723811
CBBT,50,batch,14,excess,temporal,2.0,0.00015755828644614667,5.531935998737698e-06,0.035796035463303094,0.01840870584385402
CBBT,50,batch,14,gate,temporal,0.5,0.00017616321565583348,3.056797609216722e-05,0.19779917130030086,0.1017215094771653
CBBT,50,batch,14,amp_true,temporal,0.0001,1.992985373362899e-07,5.7540372969214046e-08,0.0003723320790131463,0.00019147795642928867
CBBT,50,batch,14,amp_true,temporal,0.0003,5.978956120088696e-07,1.726211189076421e-07,0.0011169962370394387,0.0005744338692878659
CBBT,50,batch,14,amp_true,temporal,0.0007,1.395089761354029e-06,4.027826107844983e-07,0.0026063245530920237,0.0013403456950050207
CBBT,50,batch,14,amp_true,temporal,0.001,1.992985373362899e-06,5.754037296921404e-07,0.003723320790131463,0.0019147795642928866
CBBT,50,batch,14,amp_true,temporal,0.003,5.978956120088697e-06,1.7262111890764213e-06,0.011169962370394389,0.00574433869287866
CBBT,50,batch,14,tail,excess,0.01,2.1273160818964243e-05,3.9763675195854195e-05,0.20054513495980836,0.13375109132684807
CBBT,50,batch,14,tail,excess,0.025,5.318290204741061e-05,9.940918798963549e-05,0.5013628373995209,0.33437772831712015
CBBT,50,batch,14,tail,excess,0.05,0.00010636580409482122,0.00019881837597927098,1.0027256747990418,0.6687554566342403
CBBT,50,batch,14,tail,excess,0.1,0.00021273160818964244,0.00039763675195854197,2.0054513495980837,1.3375109132684806
CBBT,50,batch,14,body,excess,1.0,0.0009107242221944034,0.0,0.0,0.0
CBBT,50,batch,14,excess,excess,2.0,0.00015755828644614667,0.00023246872582738368,1.1724387085791317,0.781943460347352
CBBT,50,batch,14,gate,excess,0.5,0.00017616321565583348,0.0,0.0,0.0
CBBT,50,batch,14,amp_true,excess,0.0001,1.992985373362899e-07,1.5285890554186478e-06,0.00770932507890971,0.005141638778244426
CBBT,50,batch,14,amp_true,excess,0.0003,5.978956120088696e-07,4.585767166255943e-06,0.023127975236729128,0.015424916334733276
CBBT,50,batch,14,amp_true,excess,0.0007,1.395089761354029e-06,1.0700123387930535e-05,0.05396527555236797,0.03599147144771098
CBBT,50,batch,14,amp_true,excess,0.001,1.992985373362899e-06,1.528589055418648e-05,0.0770932507890971,0.05141638778244426
CBBT,50,batch,14,amp_true,excess,0.003,5.978956120088697e-06,4.585767166255944e-05,0.23127975236729129,0.1542491633473328
CBBT,50,batch,14,tail,full,0.01,2.1273160818964243e-05,0.0004515076842719714,0.03019588776042275,0.015169190890290188
CBBT,50,batch,14,tail,full,0.025,5.318290204741061e-05,0.0011287692106799285,0.07548971940105688,0.03792297722572547
CBBT,50,batch,14,tail,full,0.05,0.00010636580409482122,0.002257538421359857,0.15097943880211376,0.07584595445145094
CBBT,50,batch,14,tail,full,0.1,0.00021273160818964244,0.004515076842719714,0.3019588776042275,0.15169190890290188
CBBT,50,batch,14,body,full,1.0,0.0009107242221944034,0.014401693081040393,0.9631550535764569,0.4838500851694913
CBBT,50,batch,14,excess,full,2.0,0.00015755828644614667,0.001891270213913777,0.12648418862694494,0.06354053297284931
CBBT,50,batch,14,gate,full,0.5,0.00017616321565583348,0.0028934097408579674,0.193505180140485,0.09720916434383751
CBBT,50,batch,14,amp_true,full,0.0001,1.992985373362899e-07,5.413170197458746e-06,0.00036202147915620025,0.00018186492701510588
CBBT,50,batch,14,amp_true,full,0.0003,5.978956120088696e-07,1.6239510592376236e-05,0.0010860644374686007,0.0005455947810453176
CBBT,50,batch,14,amp_true,full,0.0007,1.395089761354029e-06,3.789219138221122e-05,0.0025341503540934015,0.001273054489105741
CBBT,50,batch,14,amp_true,full,0.001,1.992985373362899e-06,5.413170197458746e-05,0.0036202147915620026,0.0018186492701510587
CBBT,50,batch,14,amp_true,full,0.003,5.978956120088697e-06,0.00016239510592376238,0.010860644374686007,0.005455947810453176
CBBT,50,batch,15,tail,shared,0.01,2.1125017665326594e-05,0.0005462811749157964,0.03786638298871064,0.015817227008775345
CBBT,50,batch,15,tail,shared,0.025,5.2812544163316494e-05,0.0013657029372894911,0.0946659574717766,0.03954306752193837
CBBT,50,batch,15,tail,shared,0.05,0.00010562508832663299,0.0027314058745789823,0.1893319149435532,0.07908613504387674
CBBT,50,batch,15,tail,shared,0.1,0.00021125017665326597,0.0054628117491579645,0.3786638298871064,0.15817227008775347
CBBT,50,batch,15,body,shared,1.0,0.000845542992465198,0.013841228939228139,0.9594276722569197,0.40076405753126676
CBBT,50,batch,15,excess,shared,2.0,0.0001867092796601355,0.0037057305856260216,0.25686884346677913,0.10729709277505962
CBBT,50,batch,15,gate,shared,0.5,0.00041263533057644963,0.010197115939260924,0.706829953633049,0.2952510631012549
CBBT,50,batch,15,amp_true,shared,0.0001,2.539191162213683e-07,5.819215929698659e-06,0.00040336857502354964,0.0001684917284351103
CBBT,50,batch,15,amp_true,shared,0.0003,7.617573486641049e-07,1.7457647789095974e-05,0.0012101057250706487,0.0005054751853053308
CBBT,50,batch,15,amp_true,shared,0.0007,1.7774338135495781e-06,4.073451150789061e-05,0.002823580025164847,0.001179442099045772
CBBT,50,batch,15,amp_true,shared,0.001,2.5391911622136832e-06,5.8192159296986586e-05,0.0040336857502354965,0.001684917284351103
CBBT,50,batch,15,amp_true,shared,0.003,7.617573486641049e-06,0.00017457647789095976,0.012101057250706489,0.005054751853053309
CBBT,50,batch,15,tail,temporal,0.01,2.1125017665326594e-05,3.963233610643536e-06,0.02103109158713098,0.008503034105118977
CBBT,50,batch,15,tail,temporal,0.025,5.2812544163316494e-05,9.90808402660884e-06,0.052577728967827454,0.021257585262797446
CBBT,50,batch,15,tail,temporal,0.05,0.00010562508832663299,1.981616805321768e-05,0.10515545793565491,0.04251517052559489
CBBT,50,batch,15,tail,temporal,0.1,0.00021125017665326597,3.963233610643536e-05,0.21031091587130982,0.08503034105118978
CBBT,50,batch,15,body,temporal,1.0,0.000845542992465198,0.00018522290914440765,0.9828943607536549,0.39739184419374063
CBBT,50,batch,15,excess,temporal,2.0,0.0001867092796601355,1.0995434087641033e-05,0.05834780486227549,0.023590471880515305
CBBT,50,batch,15,gate,temporal,0.5,0.00041263533057644963,0.00013681173836949432,0.7259981324634132,0.29352669855550856
CBBT,50,batch,15,amp_true,temporal,0.0001,2.539191162213683e-07,4.8466717096909885e-08,0.0002571909875449323,0.00010398431910029653
CBBT,50,batch,15,amp_true,temporal,0.0003,7.617573486641049e-07,1.4540015129072964e-07,0.0007715729626347968,0.00031195295730088954
CBBT,50,batch,15,amp_true,temporal,0.0007,1.7774338135495781e-06,3.392670196783692e-07,0.001800336912814526,0.0007278902337020757
CBBT,50,batch,15,amp_true,temporal,0.001,2.5391911622136832e-06,4.846671709690989e-07,0.002571909875449323,0.0010398431910029653
CBBT,50,batch,15,amp_true,temporal,0.003,7.617573486641049e-06,1.4540015129072965e-06,0.007715729626347969,0.0031195295730088958
CBBT,50,batch,15,tail,excess,0.01,2.1125017665326594e-05,0.0001267920674607746,0.20687262678709128,0.08636992361006955
CBBT,50,batch,15,tail,excess,0.025,5.2812544163316494e-05,0.0003169801686519365,0.5171815669677282,0.21592480902517389
CBBT,50,batch,15,tail,excess,0.05,0.00010562508832663299,0.000633960337303873,1.0343631339354564,0.43184961805034777
CBBT,50,batch,15,tail,excess,0.1,0.00021125017665326597,0.001267920674607746,2.068726267870913,0.8636992361006955
CBBT,50,batch,15,body,excess,1.0,0.000845542992465198,0.0,0.0,0.0
CBBT,50,batch,15,excess,excess,2.0,0.0001867092796601355,0.0008546861492907957,1.3944970874225286,0.5822065914941232
CBBT,50,batch,15,gate,excess,0.5,0.00041263533057644963,0.0,0.0,0.0
CBBT,50,batch,15,amp_true,excess,0.0001,2.539191162213683e-07,2.3262996331663767e-06,0.0037955664375916714,0.0015846600314556086
CBBT,50,batch,15,amp_true,excess,0.0003,7.617573486641049e-07,6.978898899499128e-06,0.011386699312775013,0.004753980094366826
CBBT,50,batch,15,amp_true,excess,0.0007,1.7774338135495781e-06,1.6284097432164633e-05,0.026568965063141697,0.01109262022018926
CBBT,50,batch,15,amp_true,excess,0.001,2.5391911622136832e-06,2.3262996331663763e-05,0.037955664375916714,0.01584660031455609
CBBT,50,batch,15,amp_true,excess,0.003,7.617573486641049e-06,6.978898899499129e-05,0.11386699312775014,0.04753980094366826
CBBT,50,batch,15,tail,full,0.01,2.1125017665326594e-05,0.0005616094247984805,0.03591447268309709,0.015340409808337912
CBBT,50,batch,15,tail,full,0.025,5.2812544163316494e-05,0.0014040235619962012,0.08978618170774272,0.03835102452084478
CBBT,50,batch,15,tail,full,0.05,0.00010562508832663299,0.0028080471239924024,0.17957236341548544,0.07670204904168956
CBBT,50,batch,15,tail,full,0.1,0.00021125017665326597,0.005616094247984805,0.3591447268309709,0.15340409808337913
CBBT,50,batch,15,body,full,1.0,0.000845542992465198,0.015044380511787804,0.9620760782613261,0.41093854941307206
CBBT,50,batch,15,excess,full,2.0,0.0001867092796601355,0.003803015591216227,0.24319979959940488,0.10387969841796937
CBBT,50,batch,15,gate,full,0.5,0.00041263533057644963,0.010380785645002312,0.6638429235946302,0.28355205396346067
CBBT,50,batch,15,amp_true,full,0.0001,2.539191162213683e-07,6.26697247638193e-06,0.0004007678679707034,0.0001711828929505052
CBBT,50,batch,15,amp_true,full,0.0003,7.617573486641049e-07,1.8800917429145788e-05,0.00120230360391211,0.0005135486788515155
CBBT,50,batch,15,amp_true,full,0.0007,1.7774338135495781e-06,4.386880733467351e-05,0.002805375075794924,0.0011982802506535363
CBBT,50,batch,15,amp_true,full,0.001,2.5391911622136832e-06,6.266972476381929e-05,0.004007678679707034,0.001711828929505052
CBBT,50,batch,15,amp_true,full,0.003,7.617573486641049e-06,0.0001880091742914579,0.012023036039121103,0.005135486788515156
CBBT,50,accum4,3,tail,shared,0.01,1.7235749983228743e-05,0.00038567536264741376,0.03026349523456864,0.01423690052027565
CBBT,50,accum4,3,tail,shared,0.025,4.308937495807186e-05,0.0009641884066185344,0.0756587380864216,0.035592251300689125
CBBT,50,accum4,3,tail,shared,0.05,8.617874991614372e-05,0.0019283768132370687,0.1513174761728432,0.07118450260137825
CBBT,50,accum4,3,tail,shared,0.1,0.00017235749983228745,0.0038567536264741374,0.3026349523456864,0.1423690052027565
CBBT,50,accum4,3,body,shared,1.0,0.0008340047352248803,0.012696972688873901,0.9963166167149521,0.46869868959042443
CBBT,50,accum4,3,excess,shared,2.0,0.00013126752310199663,0.0017021889960545772,0.13356878234798575,0.06283495849251755
CBBT,50,accum4,3,gate,shared,0.5,0.000247019115704461,0.0032257240895231234,0.25311880162944844,0.11907504968208632
CBBT,50,accum4,3,amp_true,shared,0.0001,1.706778581137769e-07,4.408177288095716e-06,0.0003459045230052187,0.0001627243728911239
CBBT,50,accum4,3,amp_true,shared,0.0003,5.120335743413306e-07,1.3224531864287144e-05,0.001037713569015656,0.00048817311867337164
CBBT,50,accum4,3,amp_true,shared,0.0007,1.1947450067964382e-06,3.085724101667001e-05,0.0024213316610365307,0.0011390706102378672
CBBT,50,accum4,3,amp_true,shared,0.001,1.7067785811377689e-06,4.408177288095715e-05,0.003459045230052187,0.0016272437289112389
CBBT,50,accum4,3,amp_true,shared,0.003,5.120335743413307e-06,0.00013224531864287147,0.010377135690156561,0.004881731186733716
CBBT,50,accum4,3,tail,temporal,0.01,1.7235749983228743e-05,4.24367353711731e-06,0.025658119329948593,0.011951839241150904
CBBT,50,accum4,3,tail,temporal,0.025,4.308937495807186e-05,1.0609183842793276e-05,0.06414529832487148,0.02987959810287726
CBBT,50,accum4,3,tail,temporal,0.05,8.617874991614372e-05,2.1218367685586553e-05,0.12829059664974296,0.05975919620575452
CBBT,50,accum4,3,tail,temporal,0.1,0.00017235749983228745,4.2436735371173106e-05,0.2565811932994859,0.11951839241150904
CBBT,50,accum4,3,body,temporal,1.0,0.0008340047352248803,0.00016710063179441227,1.0103246428336907,0.4706205297917939
CBBT,50,accum4,3,excess,temporal,2.0,0.00013126752310199663,1.1271334067969557e-05,0.06814879419780476,0.03174447130190628
CBBT,50,accum4,3,gate,temporal,0.5,0.000247019115704461,4.0952298987367176e-05,0.24760598690335897,0.11533764078964519
CBBT,50,accum4,3,amp_true,temporal,0.0001,1.706778581137769e-07,4.759470697753414e-08,0.00028776734600867806,0.00013404525149019405
CBBT,50,accum4,3,amp_true,temporal,0.0003,5.120335743413306e-07,1.427841209326024e-07,0.0008633020380260341,0.00040213575447058206
CBBT,50,accum4,3,amp_true,temporal,0.0007,1.1947450067964382e-06,3.3316294884273897e-07,0.002014371422060746,0.0009383167604313583
CBBT,50,accum4,3,amp_true,temporal,0.001,1.7067785811377689e-06,4.759470697753414e-07,0.0028776734600867806,0.0013404525149019403
CBBT,50,accum4,3,amp_true,temporal,0.003,5.120335743413307e-06,1.4278412093260242e-06,0.00863302038026034,0.004021357544705821
CBBT,50,accum4,3,tail,excess,0.01,1.7235749983228743e-05,6.408008443398828e-05,0.20508324538965028,0.11492097993869052
CBBT,50,accum4,3,tail,excess,0.025,4.308937495807186e-05,0.0001602002110849707,0.5127081134741257,0.2873024498467263
CBBT,50,accum4,3,tail,excess,0.05,8.617874991614372e-05,0.0003204004221699414,1.0254162269482514,0.5746048996934526
CBBT,50,accum4,3,tail,excess,0.1,0.00017235749983228745,0.0006408008443398828,2.050832453896503,1.1492097993869053
CBBT,50,accum4,3,body,excess,1.0,0.0008340047352248803,0.0,0.0,0.0
CBBT,50,accum4,3,excess,excess,2.0,0.00013126752310199663,0.0002481663213950843,0.7942366967469249,0.44506053783188004
CBBT,50,accum4,3,gate,excess,0.5,0.000247019115704461,0.0,0.0,0.0
CBBT,50,accum4,3,amp_true,excess,0.0001,1.706778581137769e-07,1.5199396168403231e-06,0.004864446608821584,0.0027258539335238557
CBBT,50,accum4,3,amp_true,excess,0.0003,5.120335743413306e-07,4.559818850520969e-06,0.01459333982646475,0.008177561800571565
CBBT,50,accum4,3,amp_true,excess,0.0007,1.1947450067964382e-06,1.0639577317882262e-05,0.03405112626175109,0.01908097753466699
CBBT,50,accum4,3,amp_true,excess,0.001,1.7067785811377689e-06,1.5199396168403231e-05,0.048644466088215835,0.027258539335238557
CBBT,50,accum4,3,amp_true,excess,0.003,5.120335743413307e-06,4.559818850520969e-05,0.14593339826464752,0.08177561800571567
CBBT,50,accum4,3,tail,full,0.01,1.7235749983228743e-05,0.00039410932819843947,0.02844589696135373,0.013507430549574935
CBBT,50,accum4,3,tail,full,0.025,4.308937495807186e-05,0.0009852733204960987,0.07111474240338432,0.03376857637393734
CBBT,50,accum4,3,tail,full,0.05,8.617874991614372e-05,0.0019705466409921974,0.14222948480676864,0.06753715274787468
CBBT,50,accum4,3,tail,full,0.1,0.00017235749983228745,0.003941093281984395,0.2844589696135373,0.13507430549574936
CBBT,50,accum4,3,body,full,1.0,0.0008340047352248803,0.013791345679769671,0.9954273347410009,0.4726750437657029
CBBT,50,accum4,3,excess,full,2.0,0.00013126752310199663,0.001720184263782243,0.12415890926959684,0.05895640578142078
CBBT,50,accum4,3,gate,full,0.5,0.000247019115704461,0.003272799533724479,0.2362230773299968,0.1121696677582971
CBBT,50,accum4,3,amp_true,full,0.0001,1.706778581137769e-07,4.662857862097408e-06,0.00033655426248595504,0.00015981156554383119
CBBT,50,accum4,3,amp_true,full,0.0003,5.120335743413306e-07,1.3988573586292221e-05,0.0010096627874578651,0.0004794346966314935
CBBT,50,accum4,3,amp_true,full,0.0007,1.1947450067964382e-06,3.264000503468185e-05,0.0023558798374016853,0.0011186809588068182
CBBT,50,accum4,3,amp_true,full,0.001,1.7067785811377689e-06,4.662857862097407e-05,0.0033655426248595504,0.001598115655438312
CBBT,50,accum4,3,amp_true,full,0.003,5.120335743413307e-06,0.00013988573586292224,0.010096627874578651,0.004794346966314936
Lewes,50,batch,0,tail,shared,0.01,1.3893410796299577e-05,0.0003590759091601712,0.04183987721276607,0.01628612020096288
Lewes,50,batch,0,tail,shared,0.025,3.4733526990748946e-05,0.000897689772900428,0.10459969303191519,0.0407153005024072
Lewes,50,batch,0,tail,shared,0.05,6.946705398149789e-05,0.001795379545800856,0.20919938606383037,0.0814306010048144
Lewes,50,batch,0,tail,shared,0.1,0.00013893410796299578,0.003590759091601712,0.41839877212766075,0.1628612020096288
Lewes,50,batch,0,body,shared,1.0,0.0007444184157066047,0.00856952141716559,0.9985290428003675,0.3886761888067234
Lewes,50,batch,0,excess,shared,2.0,9.798607061384246e-05,0.003243466810745262,0.37793193484536985,0.1471095358950086
Lewes,50,batch,0,gate,shared,0.5,0.00048288246034644544,0.007667914096314354,0.8934728732378482,0.3477832053821477
Lewes,50,batch,0,amp_true,shared,0.0001,5.5772205814719203e-08,1.7854858783851579e-06,0.00020804656623020544,8.098186731745211e-05
Lewes,50,batch,0,amp_true,shared,0.0003,1.6731661744415758e-07,5.356457635155473e-06,0.0006241396986906162,0.0002429456019523563
Lewes,50,batch,0,amp_true,shared,0.0007,3.9040544070303437e-07,1.2498401148696105e-05,0.001456325963611438,0.0005668730712221647
Lewes,50,batch,0,amp_true,shared,0.001,5.57722058147192e-07,1.785485878385158e-05,0.0020804656623020544,0.000809818673174521
Lewes,50,batch,0,amp_true,shared,0.003,1.673166174441576e-06,5.3564576351554736e-05,0.006241396986906163,0.0024294560195235633
Lewes,50,batch,0,tail,temporal,0.01,1.3893410796299577e-05,3.0900305825433774e-06,0.030164207200527753,0.01139969631388474
Lewes,50,batch,0,tail,temporal,0.025,3.4733526990748946e-05,7.725076456358444e-06,0.07541051800131938,0.02849924078471185
Lewes,50,batch,0,tail,temporal,0.05,6.946705398149789e-05,1.5450152912716888e-05,0.15082103600263877,0.0569984815694237
Lewes,50,batch,0,tail,temporal,0.1,0.00013893410796299578,3.0900305825433776e-05,0.30164207200527754,0.1139969631388474
Lewes,50,batch,0,body,temporal,1.0,0.0007444184157066047,0.00010275807159994352,1.0031019695332906,0.37909359753831373
Lewes,50,batch,0,excess,temporal,2.0,9.798607061384246e-05,1.677208984015141e-05,0.16372549708157833,0.06187535223989444
Lewes,50,batch,0,gate,temporal,0.5,0.00048288246034644544,8.394608936897506e-05,0.8194634861236806,0.30969270367443363
Lewes,50,batch,0,amp_true,temporal,0.0001,5.5772205814719203e-08,1.0435627209581372e-08,0.00010187032555457203,3.849896557859393e-05
Lewes,50,batch,0,amp_true,temporal,0.0003,1.6731661744415758e-07,3.130688162874411e-08,0.00030561097666371604,0.00011549689673578177
Lewes,50,batch,0,amp_true,temporal,0.0007,3.9040544070303437e-07,7.304939046706959e-08,0.0007130922788820042,0.0002694927590501575
Lewes,50,batch,0,amp_true,temporal,0.001,5.57722058147192e-07,1.0435627209581371e-07,0.0010187032555457204,0.0003849896557859393
Lewes,50,batch,0,amp_true,temporal,0.003,1.673166174441576e-06,3.1306881628744114e-07,0.003056109766637161,0.001154968967357818
Lewes,50,batch,0,tail,excess,0.01,1.3893410796299577e-05,1.772839204245698e-05,0.2004828161172692,0.03192827467449339
Lewes,50,batch,0,tail,excess,0.025,3.4733526990748946e-05,4.432098010614245e-05,0.5012070402931731,0.07982068668623349
Lewes,50,batch,0,tail,excess,0.05,6.946705398149789e-05,8.86419602122849e-05,1.0024140805863462,0.15964137337246698
Lewes,50,batch,0,tail,excess,0.1,0.00013893410796299578,0.0001772839204245698,2.0048281611726924,0.31928274674493395
Lewes,50,batch,0,body,excess,1.0,0.0007444184157066047,0.0,0.0,0.0
Lewes,50,batch,0,excess,excess,2.0,9.798607061384246e-05,0.0005042086441638516,5.701880274903357,0.908063858558842
Lewes,50,batch,0,gate,excess,0.5,0.00048288246034644544,0.0,0.0,0.0
Lewes,50,batch,0,amp_true,excess,0.0001,5.5772205814719203e-08,1.0109060813287287e-06,0.011431905247215457,0.0018206099547822387
Lewes,50,batch,0,amp_true,excess,0.0003,1.6731661744415758e-07,3.0327182439861856e-06,0.03429571574164637,0.005461829864346715
Lewes,50,batch,0,amp_true,excess,0.0007,3.9040544070303437e-07,7.0763425693011e-06,0.0800233367305082,0.012744269683475671
Lewes,50,batch,0,amp_true,excess,0.001,5.57722058147192e-07,1.0109060813287287e-05,0.11431905247215457,0.018206099547822388
Lewes,50,batch,0,amp_true,excess,0.003,1.673166174441576e-06,3.032718243986186e-05,0.3429571574164637,0.054618298643467164
Lewes,50,batch,0,tail,full,0.01,1.3893410796299577e-05,0.00037342825224186013,0.03721381149832914,0.015249605109883107
Lewes,50,batch,0,tail,full,0.025,3.4733526990748946e-05,0.0009335706306046504,0.09303452874582285,0.03812401277470777
Lewes,50,batch,0,tail,full,0.05,6.946705398149789e-05,0.0018671412612093008,0.1860690574916457,0.07624802554941554
Lewes,50,batch,0,tail,full,0.1,0.00013893410796299578,0.0037342825224186017,0.3721381149832914,0.15249605109883108
Lewes,50,batch,0,body,full,1.0,0.0007444184157066047,0.010100690985095976,1.0065794649055708,0.41247963413305816
Lewes,50,batch,0,excess,full,2.0,9.798607061384246e-05,0.003282423389700907,0.32710831210200364,0.1340435818550841
Lewes,50,batch,0,gate,full,0.5,0.00048288246034644544,0.007789193597130554,0.7762283129554698,0.31808553789802346
Lewes,50,batch,0,amp_true,full,0.0001,5.5772205814719203e-08,2.051801873276322e-06,0.00020447132129298615,8.37889692152085e-05
Lewes,50,batch,0,amp_true,full,0.0003,1.6731661744415758e-07,6.1554056198289654e-06,0.0006134139638789584,0.0002513669076456255
Lewes,50,batch,0,amp_true,full,0.0007,3.9040544070303437e-07,1.4362613112934255e-05,0.001431299249050903,0.0005865227845064595
Lewes,50,batch,0,amp_true,full,0.001,5.57722058147192e-07,2.051801873276322e-05,0.0020447132129298618,0.000837889692152085
Lewes,50,batch,0,amp_true,full,0.003,1.673166174441576e-06,6.155405619828966e-05,0.006134139638789585,0.002513669076456255
Lewes,50,batch,1,tail,shared,0.01,2.0665545016527175e-05,0.0004375566328619079,0.04389371799468867,0.022960907265559584
Lewes,50,batch,1,tail,shared,0.025,5.166386254131794e-05,0.00109389158215477,0.10973429498672167,0.05740226816389896
Lewes,50,batch,1,tail,shared,0.05,0.00010332772508263588,0.00218778316430954,0.21946858997344335,0.11480453632779793
Lewes,50,batch,1,tail,shared,0.1,0.00020665545016527176,0.00437556632861908,0.4389371799468867,0.22960907265559585
Lewes,50,batch,1,body,shared,1.0,0.0009301492827944458,0.009029889513001798,0.9058379968199146,0.4738459896497962
Lewes,50,batch,1,excess,shared,2.0,0.0001300256117247045,0.0016732646807883684,0.16785440446557406,0.08780503432213554
Lewes,50,batch,1,gate,shared,0.5,0.00012755503121297807,0.0038963970756127043,0.3908690706243952,0.20446453145455068
Lewes,50,batch,1,amp_true,shared,0.0001,1.919695525430143e-07,5.785634357396034e-06,0.0005803888773046446,0.0003036027887035388
Lewes,50,batch,1,amp_true,shared,0.0003,5.759086576290428e-07,1.73569030721881e-05,0.0017411666319139334,0.0009108083661106164
Lewes,50,batch,1,amp_true,shared,0.0007,1.3437868678011e-06,4.049944050177223e-05,0.0040627221411325114,0.0021252195209247714
Lewes,50,batch,1,amp_true,shared,0.001,1.919695525430143e-06,5.7856343573960335e-05,0.0058038887730464455,0.003036027887035388
Lewes,50,batch,1,amp_true,shared,0.003,5.759086576290429e-06,0.000173569030721881,0.017411666319139336,0.009108083661106164
Lewes,50,batch,1,tail,temporal,0.01,2.0665545016527175e-05,4.118398035583017e-06,0.03243283349127177,0.017858413101438028
Lewes,50,batch,1,tail,temporal,0.025,5.166386254131794e-05,1.0295995088957544e-05,0.08108208372817943,0.04464603275359508
Lewes,50,batch,1,tail,temporal,0.05,0.00010332772508263588,2.0591990177915088e-05,0.16216416745635887,0.08929206550719015
Lewes,50,batch,1,tail,temporal,0.1,0.00020665545016527176,4.1183980355830175e-05,0.32432833491271773,0.1785841310143803
Lewes,50,batch,1,body,temporal,1.0,0.0009301492827944458,0.00011213124582361385,0.8830457846824658,0.48622937661573395
Lewes,50,batch,1,excess,temporal,2.0,0.0001300256117247045,1.0813322384854446e-05,0.08515609257903566,0.04688929444878693
Lewes,50,batch,1,gate,temporal,0.5,0.00012755503121297807,1.888253360458171e-05,0.14870201058748478,0.08187943044817152
Lewes,50,batch,1,amp_true,temporal,0.0001,1.919695525430143e-07,5.6691111648663866e-08,0.0004464486843307085,0.0002458269653040623
Lewes,50,batch,1,amp_true,temporal,0.0003,5.759086576290428e-07,1.7007333494599158e-07,0.0013393460529921252,0.0007374808959121868
Lewes,50,batch,1,amp_true,temporal,0.0007,1.3437868678011e-06,3.9683778154064704e-07,0.003125140790314959,0.0017207887571284361
Lewes,50,batch,1,amp_true,temporal,0.001,1.919695525430143e-06,5.669111164866386e-07,0.004464486843307085,0.002458269653040623
Lewes,50,batch,1,amp_true,temporal,0.003,5.759086576290429e-06,1.7007333494599158e-06,0.013393460529921254,0.007374808959121869
Lewes,50,batch,1,tail,excess,0.01,2.0665545016527175e-05,7.029980519003669e-05,0.19984451253498162,0.09374318524282398
Lewes,50,batch,1,tail,excess,0.025,5.166386254131794e-05,0.0001757495129750917,0.499611281337454,0.23435796310705995
Lewes,50,batch,1,tail,excess,0.05,0.00010332772508263588,0.0003514990259501834,0.999222562674908,0.4687159262141199
Lewes,50,batch,1,tail,excess,0.1,0.00020665545016527176,0.0007029980519003669,1.998445125349816,0.9374318524282398
Lewes,50,batch,1,body,excess,1.0,0.0009301492827944458,0.0,0.0,0.0
Lewes,50,batch,1,excess,excess,2.0,0.0001300256117247045,0.0004052606900482796,1.1520533354730687,0.5404058778844921
Lewes,50,batch,1,gate,excess,0.5,0.00012755503121297807,0.0,0.0,0.0
Lewes,50,batch,1,amp_true,excess,0.0001,1.919695525430143e-07,4.0379675152254464e-06,0.011478917296156153,0.005384537492828394
Lewes,50,batch,1,amp_true,excess,0.0003,5.759086576290428e-07,1.2113902545676338e-05,0.03443675188846846,0.016153612478485183
Lewes,50,batch,1,amp_true,excess,0.0007,1.3437868678011e-06,2.8265772606578125e-05,0.08035242107309307,0.037691762449798764
Lewes,50,batch,1,amp_true,excess,0.001,1.919695525430143e-06,4.0379675152254464e-05,0.11478917296156153,0.053845374928283944
Lewes,50,batch,1,amp_true,excess,0.003,5.759086576290429e-06,0.00012113902545676339,0.3443675188846846,0.16153612478485183
Lewes,50,batch,1,tail,full,0.01,2.0665545016527175e-05,0.0004478472855365292,0.036025750181400855,0.01856503492962824
Lewes,50,batch,1,tail,full,0.025,5.166386254131794e-05,0.001119618213841323,0.09006437545350214,0.0464125873240706
Lewes,50,batch,1,tail,full,0.05,0.00010332772508263588,0.002239236427682646,0.18012875090700428,0.0928251746481412
Lewes,50,batch,1,tail,full,0.1,0.00020665545016527176,0.004478472855365292,0.36025750181400856,0.1856503492962824
Lewes,50,batch,1,body,full,1.0,0.0009301492827944458,0.011644283866089697,0.9366899725617459,0.4827014557997786
Lewes,50,batch,1,excess,full,2.0,0.0001300256117247045,0.0017216419252772067,0.13849239217238402,0.07136884270894327
Lewes,50,batch,1,gate,full,0.5,0.00012755503121297807,0.00390892520529758,0.31444192578977986,0.16204035464168198
Lewes,50,batch,1,amp_true,full,0.0001,1.919695525430143e-07,7.055405485972963e-06,0.0005675512248815782,0.0002924743623998027
Lewes,50,batch,1,amp_true,full,0.0003,5.759086576290428e-07,2.1166216457918887e-05,0.0017026536746447343,0.000877423087199408
Lewes,50,batch,1,amp_true,full,0.0007,1.3437868678011e-06,4.938783840181074e-05,0.003972858574171047,0.0020473205367986186
Lewes,50,batch,1,amp_true,full,0.001,1.919695525430143e-06,7.055405485972962e-05,0.005675512248815782,0.002924743623998027
Lewes,50,batch,1,amp_true,full,0.003,5.759086576290429e-06,0.0002116621645791889,0.017026536746447347,0.00877423087199408
Lewes,50,batch,2,tail,shared,0.01,1.1966659221798182e-05,0.00019434237496222508,0.020976644042062093,0.01067218476443917
Lewes,50,batch,2,tail,shared,0.025,2.9916648054495456e-05,0.0004858559374055627,0.05244161010515524,0.026680461911097925
Lewes,50,batch,2,tail,shared,0.05,5.983329610899091e-05,0.0009717118748111254,0.10488322021031048,0.05336092382219585
Lewes,50,batch,2,tail,shared,0.1,0.00011966659221798182,0.0019434237496222509,0.20976644042062095,0.1067218476443917
Lewes,50,batch,2,body,shared,1.0,0.0007449976401403546,0.009175458518628261,0.9903672696465834,0.5038643200088584
Lewes,50,batch,2,excess,shared,2.0,0.00010653366916812956,0.0010851230954477238,0.11712443526251975,0.059588827032854945
Lewes,50,batch,2,gate,shared,0.5,0.00017898052465170622,0.004201843680138477,0.45353247955205445,0.230741505111508
Lewes,50,batch,2,amp_true,shared,0.0001,1.706268289126456e-07,6.6451583670370354e-06,0.0007172554194398456,0.0003649145375308022
Lewes,50,batch,2,amp_true,shared,0.0003,5.118804867379367e-07,1.9935475101111103e-05,0.0021517662583195366,0.0010947436125924065
Lewes,50,batch,2,amp_true,shared,0.0007,1.194387802388519e-06,4.651610856925925e-05,0.005020787936078919,0.0025544017627156155
Lewes,50,batch,2,amp_true,shared,0.001,1.7062682891264558e-06,6.645158367037035e-05,0.007172554194398456,0.003649145375308022
Lewes,50,batch,2,amp_true,shared,0.003,5.118804867379367e-06,0.00019935475101111105,0.021517662583195367,0.010947436125924066
Lewes,50,batch,2,tail,temporal,0.01,1.1966659221798182e-05,1.2959722550392305e-06,0.012826834743695979,0.006981239566466861
Lewes,50,batch,2,tail,temporal,0.025,2.9916648054495456e-05,3.2399306375980766e-06,0.032067086859239945,0.017453098916167153
Lewes,50,batch,2,tail,temporal,0.05,5.983329610899091e-05,6.479861275196153e-06,0.06413417371847989,0.034906197832334306
Lewes,50,batch,2,tail,temporal,0.1,0.00011966659221798182,1.2959722550392306e-05,0.12826834743695978,0.06981239566466861
Lewes,50,batch,2,body,temporal,1.0,0.0007449976401403546,9.91941736632932e-05,0.9817704570211083,0.5343465396334467
Lewes,50,batch,2,excess,temporal,2.0,0.00010653366916812956,1.2514895061398566e-06,0.012386568474986141,0.006741616591951777
Lewes,50,batch,2,gate,temporal,0.5,0.00017898052465170622,4.351089068824369e-05,0.4306473400483619,0.2343876965450824
Lewes,50,batch,2,amp_true,temporal,0.0001,1.706268289126456e-07,4.570869486410442e-08,0.00045240002098204216,0.00024622699126161977
Lewes,50,batch,2,amp_true,temporal,0.0003,5.118804867379367e-07,1.3712608459231322e-07,0.0013572000629461264,0.0007386809737848593
Lewes,50,batch,2,amp_true,temporal,0.0007,1.194387802388519e-06,3.199608640487309e-07,0.003166800146874295,0.0017235889388313385
Lewes,50,batch,2,amp_true,temporal,0.001,1.7062682891264558e-06,4.5708694864104414e-07,0.004524000209820422,0.002462269912616198
Lewes,50,batch,2,amp_true,temporal,0.003,5.118804867379367e-06,1.3712608459231324e-06,0.013572000629461265,0.007386809737848593
Lewes,50,batch,2,tail,excess,0.01,1.1966659221798182e-05,3.779933929162127e-05,0.20386144441263807,0.13359249628739112
Lewes,50,batch,2,tail,excess,0.025,2.9916648054495456e-05,9.449834822905317e-05,0.5096536110315951,0.33398124071847785
Lewes,50,batch,2,tail,excess,0.05,5.983329610899091e-05,0.00018899669645810633,1.0193072220631902,0.6679624814369557
Lewes,50,batch,2,tail,excess,0.1,0.00011966659221798182,0.00037799339291621267,2.0386144441263805,1.3359249628739114
Lewes,50,batch,2,body,excess,1.0,0.0007449976401403546,0.0,0.0,0.0
Lewes,50,batch,2,excess,excess,2.0,0.00010653366916812956,0.00017172253827063991,0.9261432963146284,0.6069112049656115
Lewes,50,batch,2,gate,excess,0.5,0.00017898052465170622,0.0,0.0,0.0
Lewes,50,batch,2,amp_true,excess,0.0001,1.706268289126456e-07,2.956494515249776e-06,0.01594512638506519,0.010449004928500096
Lewes,50,batch,2,amp_true,excess,0.0003,5.118804867379367e-07,8.869483545749327e-06,0.04783537915519556,0.03134701478550028
Lewes,50,batch,2,amp_true,excess,0.0007,1.194387802388519e-06,2.0695461606748432e-05,0.11161588469545632,0.07314303449950066
Lewes,50,batch,2,amp_true,excess,0.001,1.7062682891264558e-06,2.956494515249776e-05,0.1594512638506519,0.10449004928500095
Lewes,50,batch,2,amp_true,excess,0.003,5.118804867379367e-06,8.869483545749328e-05,0.4783537915519557,0.3134701478550029
Lewes,50,batch,2,tail,full,0.01,1.1966659221798182e-05,0.0001980723837354555,0.016318288540925124,0.008215415132393926
Lewes,50,batch,2,tail,full,0.025,2.9916648054495456e-05,0.0004951809593386388,0.04079572135231281,0.020538537830984815
Lewes,50,batch,2,tail,full,0.05,5.983329610899091e-05,0.0009903619186772776,0.08159144270462562,0.04107707566196963
Lewes,50,batch,2,tail,full,0.1,0.00011966659221798182,0.0019807238373545553,0.16318288540925124,0.08215415132393926
Lewes,50,batch,2,body,full,1.0,0.0007449976401403546,0.012138179128077518,1.0000097218901094,0.5034532255728387
Lewes,50,batch,2,excess,full,2.0,0.00010653366916812956,0.0010986267621099358,0.09051089387017423,0.04556755846562414
Lewes,50,batch,2,gate,full,0.5,0.00017898052465170622,0.004256460146782497,0.35067051513305986,0.1765444856109394
Lewes,50,batch,2,amp_true,full,0.0001,1.706268289126456e-07,7.273169153931753e-06,0.0005992035367198417,0.0003016680205529119
Lewes,50,batch,2,amp_true,full,0.0003,5.118804867379367e-07,2.1819507461795254e-05,0.001797610610159525,0.0009050040616587357
Lewes,50,batch,2,amp_true,full,0.0007,1.194387802388519e-06,5.0912184077522264e-05,0.004194424757038892,0.0021116761438703833
Lewes,50,batch,2,amp_true,full,0.001,1.7062682891264558e-06,7.273169153931753e-05,0.005992035367198417,0.003016680205529119
Lewes,50,batch,2,amp_true,full,0.003,5.118804867379367e-06,0.00021819507461795257,0.01797610610159525,0.009050040616587358
Lewes,50,batch,3,tail,shared,0.01,3.306092927232385e-05,0.0009293603545434122,0.13435530578681926,0.06872822302632872
Lewes,50,batch,3,tail,shared,0.025,8.265232318080962e-05,0.0023234008863585306,0.33588826446704817,0.17182055756582182
Lewes,50,batch,3,tail,shared,0.05,0.00016530464636161924,0.004646801772717061,0.6717765289340963,0.34364111513164364
Lewes,50,batch,3,tail,shared,0.1,0.0003306092927232385,0.009293603545434122,1.3435530578681927,0.6872822302632873
Lewes,50,batch,3,body,shared,1.0,0.00085068354383111,0.005998180968902938,0.8671420448503643,0.4435785509546231
Lewes,50,batch,3,excess,shared,2.0,0.00028560933424159884,0.006139476691168201,0.8875688145942121,0.4540276774587166
Lewes,50,batch,3,gate,shared,0.5,0.0003926494682673365,0.007007297238935037,1.0130274641839947,0.5182048976964492
Lewes,50,batch,3,amp_true,shared,0.0001,4.469780717045069e-07,9.240286871221896e-06,0.0013358451994123202,0.0006833393460436561
Lewes,50,batch,3,amp_true,shared,0.0003,1.3409342151135205e-06,2.772086061366568e-05,0.00400753559823696,0.0020500180381309682
Lewes,50,batch,3,amp_true,shared,0.0007,3.1288465019315482e-06,6.468200809855327e-05,0.009350916395886241,0.004783375422305593
Lewes,50,batch,3,amp_true,shared,0.001,4.469780717045069e-06,9.240286871221895e-05,0.013358451994123203,0.006833393460436561
Lewes,50,batch,3,amp_true,shared,0.003,1.3409342151135207e-05,0.00027720860613665685,0.04007535598236961,0.02050018038130968
Lewes,50,batch,3,tail,temporal,0.01,3.306092927232385e-05,7.3574311766050565e-06,0.08203168948412908,0.05063387801155087
Lewes,50,batch,3,tail,temporal,0.025,8.265232318080962e-05,1.8393577941512642e-05,0.2050792237103227,0.12658469502887718
Lewes,50,batch,3,tail,temporal,0.05,0.00016530464636161924,3.6787155883025284e-05,0.4101584474206454,0.25316939005775435
Lewes,50,batch,3,tail,temporal,0.1,0.0003306092927232385,7.357431176605057e-05,0.8203168948412908,0.5063387801155087
Lewes,50,batch,3,body,temporal,1.0,0.00085068354383111,7.298110375915329e-05,0.8137029213153092,0.502256319656725
Lewes,50,batch,3,excess,temporal,2.0,0.00028560933424159884,4.195025768711265e-05,0.46772445841026833,0.28870188239565875
Lewes,50,batch,3,gate,temporal,0.5,0.0003926494682673365,5.115546505849438e-05,0.570357931235309,0.35205216538514117
Lewes,50,batch,3,amp_true,temporal,0.0001,4.469780717045069e-07,8.145470938624091e-08,0.0009081793994402413,0.000560571715797192
Lewes,50,batch,3,amp_true,temporal,0.0003,1.3409342151135205e-06,2.443641281587227e-07,0.0027245381983207234,0.0016817151473915756
Lewes,50,batch,3,amp_true,temporal,0.0007,3.1288465019315482e-06,5.701829657036863e-07,0.0063572557960816884,0.003924002010580343
Lewes,50,batch,3,amp_true,temporal,0.001,4.469780717045069e-06,8.145470938624091e-07,0.009081793994402412,0.00560571715797192
Lewes,50,batch,3,amp_true,temporal,0.003,1.3409342151135207e-05,2.443641281587227e-06,0.027245381983207237,0.01681715147391576
Lewes,50,batch,3,tail,excess,0.01,3.306092927232385e-05,0.0007616656496221954,0.20210769661150235,0.06955023584413146
Lewes,50,batch,3,tail,excess,0.025,8.265232318080962e-05,0.0019041641240554884,0.5052692415287559,0.17387558961032867
Lewes,50,batch,3,tail,excess,0.05,0.00016530464636161924,0.003808328248110977,1.0105384830575117,0.34775117922065735
Lewes,50,batch,3,tail,excess,0.1,0.0003306092927232385,0.007616656496221954,2.0210769661150234,0.6955023584413147
Lewes,50,batch,3,body,excess,1.0,0.00085068354383111,0.0,0.0,0.0
Lewes,50,batch,3,excess,excess,2.0,0.00028560933424159884,0.007199007589681447,1.9102539842264694,0.657365441062483
Lewes,50,batch,3,gate,excess,0.5,0.0003926494682673365,0.0,0.0,0.0
Lewes,50,batch,3,amp_true,excess,0.0001,4.469780717045069e-07,1.2662368457380619e-05,0.0033599547568368693,0.0011562431796588795
Lewes,50,batch,3,amp_true,excess,0.0003,1.3409342151135205e-06,3.798710537214185e-05,0.010079864270510606,0.0034687295389766383
Lewes,50,batch,3,amp_true,excess,0.0007,3.1288465019315482e-06,8.863657920166433e-05,0.023519683297858085,0.008093702257612157
Lewes,50,batch,3,amp_true,excess,0.001,4.469780717045069e-06,0.0001266236845738062,0.03359954756836869,0.011562431796588795
Lewes,50,batch,3,amp_true,excess,0.003,1.3409342151135207e-05,0.00037987105372141853,0.10079864270510608,0.034687295389766386
Lewes,50,batch,3,tail,full,0.01,3.306092927232385e-05,0.0012046112811787938,0.13146885203054415,0.06070807267487432
Lewes,50,batch,3,tail,full,0.025,8.265232318080962e-05,0.0030115282029469846,0.32867213007636037,0.1517701816871858
Lewes,50,batch,3,tail,full,0.05,0.00016530464636161924,0.006023056405893969,0.6573442601527207,0.3035403633743716
Lewes,50,batch,3,tail,full,0.1,0.0003306092927232385,0.012046112811787938,1.3146885203054415,0.6070807267487432
Lewes,50,batch,3,body,full,1.0,0.00085068354383111,0.007703361994704525,0.8407294320110301,0.38822171693241475
Lewes,50,batch,3,excess,full,2.0,0.00028560933424159884,0.009461441978773043,1.0326027449167388,0.47682262006909404
Lewes,50,batch,3,gate,full,0.5,0.0003926494682673365,0.007046347589609265,0.7690242014897958,0.3551105557834579
Lewes,50,batch,3,amp_true,full,0.0001,4.469780717045069e-07,1.5675409928067058e-05,0.0017107827068782808,0.0007899842380608564
Lewes,50,batch,3,amp_true,full,0.0003,1.3409342151135205e-06,4.702622978420117e-05,0.005132348120634842,0.002369952714182569
Lewes,50,batch,3,amp_true,full,0.0007,3.1288465019315482e-06,0.0001097278694964694,0.011975478948147966,0.005529889666425995
Lewes,50,batch,3,amp_true,full,0.001,4.469780717045069e-06,0.00015675409928067057,0.01710782706878281,0.007899842380608564
Lewes,50,batch,3,amp_true,full,0.003,1.3409342151135207e-05,0.00047026229784201173,0.05132348120634842,0.02369952714182569
Lewes,50,accum4,0,tail,shared,0.01,1.9896636076737194e-05,0.0004110572208851617,0.05691352589456281,0.028749831364842642
Lewes,50,accum4,0,tail,shared,0.025,4.974159019184299e-05,0.0010276430522129043,0.14228381473640703,0.07187457841210661
Lewes,50,accum4,0,tail,shared,0.05,9.948318038368598e-05,0.0020552861044258086,0.28456762947281405,0.14374915682421321
Lewes,50,accum4,0,tail,shared,0.1,0.00019896636076737197,0.004110572208851617,0.5691352589456281,0.28749831364842643
Lewes,50,accum4,0,body,shared,1.0,0.0008175622206181288,0.006762015703575351,0.9362447277197763,0.4729434280355852
Lewes,50,accum4,0,excess,shared,2.0,0.00015503867143706884,0.0017099289287456033,0.23675069897680498,0.11959446483251575
Lewes,50,accum4,0,gate,shared,0.5,0.00029551687111961655,0.002366600572734828,0.3276711273637011,0.16552286133680322
Lewes,50,accum4,0,amp_true,shared,0.0001,2.163366647437215e-07,5.423421973073439e-06,0.0007509077841692729,0.00037932058901795593
Lewes,50,accum4,0,amp_true,shared,0.0003,6.490099942311644e-07,1.6270265919220317e-05,0.0022527233525078184,0.0011379617670538675
Lewes,50,accum4,0,amp_true,shared,0.0007,1.5143566532060503e-06,3.796395381151407e-05,0.00525635448918491,0.0026552441231256912
Lewes,50,accum4,0,amp_true,shared,0.001,2.163366647437215e-06,5.423421973073439e-05,0.007509077841692729,0.003793205890179559
Lewes,50,accum4,0,amp_true,shared,0.003,6.4900999423116445e-06,0.00016270265919220318,0.022527233525078186,0.011379617670538677
Lewes,50,accum4,0,tail,temporal,0.01,1.9896636076737194e-05,3.853107751187689e-06,0.041112404836885406,0.021587226392751215
Lewes,50,accum4,0,tail,temporal,0.025,4.974159019184299e-05,9.632769377969224e-06,0.10278101209221352,0.05396806598187803
Lewes,50,accum4,0,tail,temporal,0.05,9.948318038368598e-05,1.9265538755938448e-05,0.20556202418442704,0.10793613196375607
Lewes,50,accum4,0,tail,temporal,0.1,0.00019896636076737197,3.8531077511876896e-05,0.4111240483688541,0.21587226392751213
Lewes,50,accum4,0,body,temporal,1.0,0.0008175622206181288,8.558157626020204e-05,0.9131497578035987,0.4794750059112717
Lewes,50,accum4,0,excess,temporal,2.0,0.00015503867143706884,9.612848863900421e-06,0.10256846152476494,0.05385646031838973
Lewes,50,accum4,0,gate,temporal,0.5,0.00029551687111961655,8.021445655708907e-06,0.08558829455857496,0.04494054528154928
Lewes,50,accum4,0,amp_true,temporal,0.0001,2.163366647437215e-07,4.782989319651867e-08,0.0005103417966430187,0.0002679693378562007
Lewes,50,accum4,0,amp_true,temporal,0.0003,6.490099942311644e-07,1.43489679589556e-07,0.001531025389929056,0.0008039080135686021
Lewes,50,accum4,0,amp_true,temporal,0.0007,1.5143566532060503e-06,3.348092523756307e-07,0.003572392576501131,0.001875785364993405
Lewes,50,accum4,0,amp_true,temporal,0.001,2.163366647437215e-06,4.782989319651867e-07,0.005103417966430187,0.002679693378562007
Lewes,50,accum4,0,amp_true,temporal,0.003,6.4900999423116445e-06,1.4348967958955602e-06,0.015310253899290562,0.00803908013568602
Lewes,50,accum4,0,tail,excess,0.01,1.9896636076737194e-05,0.00021235763638199082,0.20202320379310584,0.07581013902390786
Lewes,50,accum4,0,tail,excess,0.025,4.974159019184299e-05,0.000530894090954977,0.5050580094827647,0.18952534755976969
Lewes,50,accum4,0,tail,excess,0.05,9.948318038368598e-05,0.001061788181909954,1.0101160189655294,0.37905069511953937
Lewes,50,accum4,0,tail,excess,0.1,0.00019896636076737197,0.002123576363819908,2.0202320379310588,0.7581013902390787
Lewes,50,accum4,0,body,excess,1.0,0.0008175622206181288,0.0,0.0,0.0
Lewes,50,accum4,0,excess,excess,2.0,0.00015503867143706884,0.0017561038246286281,1.67064263329166,0.6269163537214943
Lewes,50,accum4,0,gate,excess,0.5,0.00029551687111961655,0.0,0.0,0.0
Lewes,50,accum4,0,amp_true,excess,0.0001,2.163366647437215e-07,5.098128054092904e-06,0.004850026494845211,0.0018199948121820615
Lewes,50,accum4,0,amp_true,excess,0.0003,6.490099942311644e-07,1.529438416227871e-05,0.014550079484535633,0.005459984436546184
Lewes,50,accum4,0,amp_true,excess,0.0007,1.5143566532060503e-06,3.5686896378650325e-05,0.033950185463916475,0.012739963685274431
Lewes,50,accum4,0,amp_true,excess,0.001,2.163366647437215e-06,5.0981280540929034e-05,0.04850026494845212,0.018199948121820617
Lewes,50,accum4,0,amp_true,excess,0.003,6.4900999423116445e-06,0.00015294384162278712,0.14550079484535633,0.05459984436546184
Lewes,50,accum4,0,tail,full,0.01,1.9896636076737194e-05,0.0004668865085191968,0.04984869497399926,0.02487830889361537
Lewes,50,accum4,0,tail,full,0.025,4.974159019184299e-05,0.001167216271297992,0.12462173743499816,0.06219577223403843
Lewes,50,accum4,0,tail,full,0.05,9.948318038368598e-05,0.002334432542595984,0.24924347486999632,0.12439154446807686
Lewes,50,accum4,0,tail,full,0.1,0.00019896636076737197,0.004668865085191968,0.49848694973999264,0.24878308893615372
Lewes,50,accum4,0,body,full,1.0,0.0008175622206181288,0.009012313653510289,0.9622297199135527,0.480226176655429
Lewes,50,accum4,0,excess,full,2.0,0.00015503867143706884,0.0024510727415228586,0.2616969546598783,0.1306067827441176
Lewes,50,accum4,0,gate,full,0.5,0.00029551687111961655,0.002375288355377144,0.2536055819604374,0.1265685693165634
Lewes,50,accum4,0,amp_true,full,0.0001,2.163366647437215e-07,7.4434142403835684e-06,0.000794720942378113,0.000396626493412122
Lewes,50,accum4,0,amp_true,full,0.0003,6.490099942311644e-07,2.2330242721150702e-05,0.0023841628271343385,0.0011898794802363659
Lewes,50,accum4,0,amp_true,full,0.0007,1.5143566532060503e-06,5.210389968268498e-05,0.0055630465966467904,0.002776385453884854
Lewes,50,accum4,0,amp_true,full,0.001,2.163366647437215e-06,7.443414240383568e-05,0.00794720942378113,0.00396626493412122
Lewes,50,accum4,0,amp_true,full,0.003,6.4900999423116445e-06,0.00022330242721150704,0.02384162827134339,0.011898794802363659
Lewes,50,batch,4,tail,shared,0.01,8.464851998724044e-06,0.0004941626653139744,0.05180325733593353,0.022582318984553866
Lewes,50,batch,4,tail,shared,0.025,2.116212999681011e-05,0.0012354066632849362,0.12950814333983382,0.05645579746138466
Lewes,50,batch,4,tail,shared,0.05,4.232425999362022e-05,0.0024708133265698724,0.25901628667966764,0.11291159492276932
Lewes,50,batch,4,tail,shared,0.1,8.464851998724043e-05,0.004941626653139745,0.5180325733593353,0.22582318984553865
Lewes,50,batch,4,body,shared,1.0,0.0008136284304782748,0.00839139013515694,0.8796725715844079,0.38347099458748574
Lewes,50,batch,4,excess,shared,2.0,4.712347435997799e-05,0.0015362885345023044,0.16104970262069795,0.07020554196744322
Lewes,50,batch,4,gate,shared,0.5,0.00019074515148531646,0.004073585188158142,0.42703546138582776,0.18615530186055848
Lewes,50,batch,4,amp_true,shared,0.0001,8.111270726658405e-08,5.480123083304621e-06,0.0005744833558736083,0.0002504314798107476
Lewes,50,batch,4,amp_true,shared,0.0003,2.433381217997521e-07,1.644036924991386e-05,0.0017234500676208248,0.0007512944394322428
Lewes,50,batch,4,amp_true,shared,0.0007,5.677889508660883e-07,3.8360861583132345e-05,0.004021383491115258,0.0017530203586752333
Lewes,50,batch,4,amp_true,shared,0.001,8.111270726658404e-07,5.4801230833046206e-05,0.005744833558736083,0.002504314798107476
Lewes,50,batch,4,amp_true,shared,0.003,2.4333812179975213e-06,0.00016440369249913863,0.01723450067620825,0.007512944394322429
Lewes,50,batch,4,tail,temporal,0.01,8.464851998724044e-06,5.280879405347065e-06,0.046485052902138384,0.0198780076164972
Lewes,50,batch,4,tail,temporal,0.025,2.116212999681011e-05,1.3202198513367664e-05,0.11621263225534595,0.049695019041243
Lewes,50,batch,4,tail,temporal,0.05,4.232425999362022e-05,2.6404397026735327e-05,0.2324252645106919,0.099390038082486
Lewes,50,batch,4,tail,temporal,0.1,8.464851998724043e-05,5.2808794053470654e-05,0.4648505290213838,0.198780076164972
Lewes,50,batch,4,body,temporal,1.0,0.0008136284304782748,9.819831483448618e-05,0.8643927477987787,0.3696329153494122
Lewes,50,batch,4,excess,temporal,2.0,4.712347435997799e-05,1.4622411051488491e-05,0.1287140832258,0.055040908140930794
Lewes,50,batch,4,gate,temporal,0.5,0.00019074515148531646,4.320541622332224e-05,0.38031659211275765,0.16263154805079047
Lewes,50,batch,4,amp_true,temporal,0.0001,8.111270726658405e-08,5.4831064280428366e-08,0.00048265160555938715,0.0002063921990499177
Lewes,50,batch,4,amp_true,temporal,0.0003,2.433381217997521e-07,1.6449319284128509e-07,0.0014479548166781613,0.0006191765971497531
Lewes,50,batch,4,amp_true,temporal,0.0007,5.677889508660883e-07,3.8381744996299855e-07,0.00337856123891571,0.0014447453933494239
Lewes,50,batch,4,amp_true,temporal,0.001,8.111270726658404e-07,5.483106428042837e-07,0.004826516055593872,0.002063921990499177
Lewes,50,batch,4,amp_true,temporal,0.003,2.4333812179975213e-06,1.644931928412851e-06,0.014479548166781615,0.006191765971497531
Lewes,50,batch,4,tail,excess,0.01,8.464851998724044e-06,0.0001083700766167142,0.20096596888227602,0.08781903342353044
Lewes,50,batch,4,tail,excess,0.025,2.116212999681011e-05,0.0002709251915417855,0.5024149222056901,0.2195475835588261
Lewes,50,batch,4,tail,excess,0.05,4.232425999362022e-05,0.000541850383083571,1.0048298444113801,0.4390951671176522
Lewes,50,batch,4,tail,excess,0.1,8.464851998724043e-05,0.001083700766167142,2.0096596888227602,0.8781903342353043
Lewes,50,batch,4,body,excess,1.0,0.0008136284304782748,0.0,0.0,0.0
Lewes,50,batch,4,excess,excess,2.0,4.712347435997799e-05,0.0006983291782149279,1.2950106180609777,0.565899696271182
Lewes,50,batch,4,gate,excess,0.5,0.00019074515148531646,0.0,0.0,0.0
Lewes,50,batch,4,amp_true,excess,0.0001,8.111270726658405e-08,1.7961439839522078e-06,0.0033308439677835772,0.0014555275172320405
Lewes,50,batch,4,amp_true,excess,0.0003,2.433381217997521e-07,5.3884319518566225e-06,0.00999253190335073,0.004366582551696121
Lewes,50,batch,4,amp_true,excess,0.0007,5.677889508660883e-07,1.2573007887665454e-05,0.02331590777448504,0.010188692620624284
Lewes,50,batch,4,amp_true,excess,0.001,8.111270726658404e-07,1.7961439839522076e-05,0.03330843967783577,0.014555275172320406
Lewes,50,batch,4,amp_true,excess,0.003,2.4333812179975213e-06,5.388431951856623e-05,0.09992531903350732,0.043665825516961215
Lewes,50,batch,4,tail,full,0.01,8.464851998724044e-06,0.0005115223544096705,0.045490520209524904,0.020500979993597204
Lewes,50,batch,4,tail,full,0.025,2.116212999681011e-05,0.0012788058860241762,0.11372630052381226,0.05125244998399301
Lewes,50,batch,4,tail,full,0.05,4.232425999362022e-05,0.0025576117720483523,0.22745260104762452,0.10250489996798602
Lewes,50,batch,4,tail,full,0.1,8.464851998724043e-05,0.005115223544096705,0.45490520209524904,0.20500979993597204
Lewes,50,batch,4,body,full,1.0,0.0008136284304782748,0.010288299336316791,0.9149552993055128,0.41233822342991316
Lewes,50,batch,4,excess,full,2.0,4.712347435997799e-05,0.00168755625162232,0.15007713955674568,0.06763449662430826
Lewes,50,batch,4,gate,full,0.5,0.00019074515148531646,0.004183675450721641,0.3720611054443254,0.167674874764626
Lewes,50,batch,4,amp_true,full,0.0001,8.111270726658405e-08,5.766964731924052e-06,0.0005128656126631418,0.00023113052161600805
Lewes,50,batch,4,amp_true,full,0.0003,2.433381217997521e-07,1.7300894195772156e-05,0.0015385968379894254,0.0006933915648480241
Lewes,50,batch,4,amp_true,full,0.0007,5.677889508660883e-07,4.0368753123468364e-05,0.003590059288641993,0.0016179136513120563
Lewes,50,batch,4,amp_true,full,0.001,8.111270726658404e-07,5.766964731924052e-05,0.0051286561266314186,0.0023113052161600803
Lewes,50,batch,4,amp_true,full,0.003,2.4333812179975213e-06,0.00017300894195772156,0.015385968379894257,0.006933915648480241
Lewes,50,batch,5,tail,shared,0.01,2.5065364316105842e-05,0.0006950473310088026,0.06526198719926861,0.023407526076570477
Lewes,50,batch,5,tail,shared,0.025,6.26634107902646e-05,0.0017376183275220067,0.16315496799817153,0.05851881519142619
Lewes,50,batch,5,tail,shared,0.05,0.0001253268215805292,0.0034752366550440134,0.32630993599634306,0.11703763038285238
Lewes,50,batch,5,tail,shared,0.1,0.0002506536431610584,0.006950473310088027,0.6526198719926861,0.23407526076570476
Lewes,50,batch,5,body,shared,1.0,0.0007904012454673648,0.009009799696467851,0.8459818579627237,0.3034284313179774
Lewes,50,batch,5,excess,shared,2.0,0.00020234815019648522,0.003970378744103266,0.3728016715031942,0.13371282765961923
Lewes,50,batch,5,gate,shared,0.5,0.0002849735028576106,0.009054340047399335,0.8501640074116289,0.3049284434457488
Lewes,50,batch,5,amp_true,shared,0.0001,3.34687065333128e-07,8.301339684074343e-06,0.0007794604770476832,0.0002795691983212271
Lewes,50,batch,5,amp_true,shared,0.0003,1.0040611959993839e-06,2.4904019052223023e-05,0.0023383814311430493,0.000838707594963681
Lewes,50,batch,5,amp_true,shared,0.0007,2.3428094573318956e-06,5.810937778852039e-05,0.005456223339333782,0.0019569843882485892
Lewes,50,batch,5,amp_true,shared,0.001,3.34687065333128e-06,8.301339684074343e-05,0.007794604770476832,0.0027956919832122706
Lewes,50,batch,5,amp_true,shared,0.003,1.0040611959993839e-05,0.0002490401905222303,0.023383814311430495,0.008387075949636811
Lewes,50,batch,5,tail,temporal,0.01,2.5065364316105842e-05,7.565978922144504e-06,0.06032444928123296,0.022558421667199634
Lewes,50,batch,5,tail,temporal,0.025,6.26634107902646e-05,1.8914947305361262e-05,0.15081112320308243,0.05639605416799909
Lewes,50,batch,5,tail,temporal,0.05,0.0001253268215805292,3.7829894610722524e-05,0.30162224640616486,0.11279210833599818
Lewes,50,batch,5,tail,temporal,0.1,0.0002506536431610584,7.565978922144505e-05,0.6032444928123297,0.22558421667199635
Lewes,50,batch,5,body,temporal,1.0,0.0007904012454673648,9.870804949536311e-05,0.787011011622633,0.2943039923024365
Lewes,50,batch,5,excess,temporal,2.0,0.00020234815019648522,4.162494543545574e-05,0.33188063773293197,0.12410728085150925
Lewes,50,batch,5,gate,temporal,0.5,0.0002849735028576106,7.71245041659296e-05,0.6149228391689936,0.2299513524623464
Lewes,50,batch,5,amp_true,temporal,0.0001,3.34687065333128e-07,8.805762540194098e-08,0.0007020939143562347,0.000262549111657617
Lewes,50,batch,5,amp_true,temporal,0.0003,1.0040611959993839e-06,2.641728762058229e-07,0.0021062817430687036,0.0007876473349728509
Lewes,50,batch,5,amp_true,temporal,0.0007,2.3428094573318956e-06,6.164033778135868e-07,0.004914657400493642,0.0018378437816033188
Lewes,50,batch,5,amp_true,temporal,0.001,3.34687065333128e-06,8.805762540194098e-07,0.007020939143562346,0.00262549111657617
Lewes,50,batch,5,amp_true,temporal,0.003,1.0040611959993839e-05,2.6417287620582293e-06,0.02106281743068704,0.00787647334972851
Lewes,50,batch,5,tail,excess,0.01,2.5065364316105842e-05,0.0004958117027337747,0.19986096246620147,0.06981172279102513
Lewes,50,batch,5,tail,excess,0.025,6.26634107902646e-05,0.0012395292568344368,0.49965240616550366,0.17452930697756283
Lewes,50,batch,5,tail,excess,0.05,0.0001253268215805292,0.0024790585136688736,0.9993048123310073,0.34905861395512566
Lewes,50,batch,5,tail,excess,0.1,0.0002506536431610584,0.004958117027337747,1.9986096246620146,0.6981172279102513
Lewes,50,batch,5,body,excess,1.0,0.0007904012454673648,0.0,0.0,0.0
Lewes,50,batch,5,excess,excess,2.0,0.00020234815019648522,0.00462215010117975,1.863181854707172,0.6508121123057317
Lewes,50,batch,5,gate,excess,0.5,0.0002849735028576106,0.0,0.0,0.0
Lewes,50,batch,5,amp_true,excess,0.0001,3.34687065333128e-07,9.203356193383926e-06,0.0037098592400846295,0.0012958591896419464
Lewes,50,batch,5,amp_true,excess,0.0003,1.0040611959993839e-06,2.7610068580151776e-05,0.011129577720253888,0.003887577568925839
Lewes,50,batch,5,amp_true,excess,0.0007,2.3428094573318956e-06,6.442349335368748e-05,0.025969014680592404,0.009071014327493625
Lewes,50,batch,5,amp_true,excess,0.001,3.34687065333128e-06,9.203356193383925e-05,0.03709859240084629,0.012958591896419463
Lewes,50,batch,5,amp_true,excess,0.003,1.0040611959993839e-05,0.0002761006858015178,0.11129577720253889,0.03887577568925839
Lewes,50,batch,5,tail,full,0.01,2.5065364316105842e-05,0.0008573788658692716,0.06728058285396542,0.025773858706011833
Lewes,50,batch,5,tail,full,0.025,6.26634107902646e-05,0.002143447164673179,0.16820145713491355,0.06443464676502958
Lewes,50,batch,5,tail,full,0.05,0.0001253268215805292,0.004286894329346358,0.3364029142698271,0.12886929353005916
Lewes,50,batch,5,tail,full,0.1,0.0002506536431610584,0.008573788658692716,0.6728058285396542,0.2577385870601183
Lewes,50,batch,5,body,full,1.0,0.0007904012454673648,0.011163642470918498,0.8760378895684167,0.3355927643471418
Lewes,50,batch,5,excess,full,2.0,0.00020234815019648522,0.006093289664004411,0.4781551032012123,0.18317174951079065
Lewes,50,batch,5,gate,full,0.5,0.0002849735028576106,0.009137242948504648,0.7170214425922335,0.27467671305204505
Lewes,50,batch,5,amp_true,full,0.0001,3.34687065333128e-07,1.2394111737945795e-05,0.0009725957740289266,0.00037258217742101976
Lewes,50,batch,5,amp_true,full,0.0003,1.0040611959993839e-06,3.7182335213837385e-05,0.0029177873220867794,0.0011177465322630591
Lewes,50,batch,5,amp_true,full,0.0007,2.3428094573318956e-06,8.675878216562057e-05,0.006808170418202486,0.002608075241947138
Lewes,50,batch,5,amp_true,full,0.001,3.34687065333128e-06,0.00012394111737945796,0.009725957740289266,0.0037258217742101975
Lewes,50,batch,5,amp_true,full,0.003,1.0040611959993839e-05,0.0003718233521383739,0.029177873220867796,0.011177465322630593
Lewes,50,batch,6,tail,shared,0.01,2.4342716205865144e-05,0.0006674087999523351,0.08036259867326562,0.038539587888163016
Lewes,50,batch,6,tail,shared,0.025,6.0856790514662866e-05,0.001668521999880838,0.20090649668316407,0.09634896972040753
Lewes,50,batch,6,tail,shared,0.05,0.00012171358102932573,0.003337043999761676,0.40181299336632814,0.19269793944081506
Lewes,50,batch,6,tail,shared,0.1,0.00024342716205865146,0.006674087999523352,0.8036259867326563,0.3853958788816301
Lewes,50,batch,6,body,shared,1.0,0.0008468141313642263,0.00747774405398221,0.9003940979419027,0.4318030781047802
Lewes,50,batch,6,excess,shared,2.0,0.00017009663861244917,0.0043798532970316046,0.5273775125264567,0.25291506658327734
Lewes,50,batch,6,gate,shared,0.5,0.0003094337589573115,0.006361907976971063,0.7660364346201095,0.36736901226413593
Lewes,50,batch,6,amp_true,shared,0.0001,2.3635856341570618e-07,5.7029283712525155e-06,0.0006866887940256064,0.0003293161690398471
Lewes,50,batch,6,amp_true,shared,0.0003,7.090756902471184e-07,1.7108785113757545e-05,0.002060066382076819,0.000987948507119541
Lewes,50,batch,6,amp_true,shared,0.0007,1.654509943909943e-06,3.9920498598767604e-05,0.004806821558179245,0.0023052131832789293
Lewes,50,batch,6,amp_true,shared,0.001,2.363585634157062e-06,5.702928371252515e-05,0.006866887940256064,0.0032931616903984703
Lewes,50,batch,6,amp_true,shared,0.003,7.090756902471185e-06,0.00017108785113757546,0.020600663820768195,0.009879485071195411
Lewes,50,batch,6,tail,temporal,0.01,2.4342716205865144e-05,5.9221582495490996e-06,0.05720906960905631,0.030138587261062635
Lewes,50,batch,6,tail,temporal,0.025,6.0856790514662866e-05,1.480539562387275e-05,0.14302267402264077,0.0753464681526566
Lewes,50,batch,6,tail,temporal,0.05,0.00012171358102932573,2.96107912477455e-05,0.28604534804528153,0.1506929363053132
Lewes,50,batch,6,tail,temporal,0.1,0.00024342716205865146,5.9221582495491e-05,0.5720906960905631,0.3013858726106264
Lewes,50,batch,6,body,temporal,1.0,0.0008468141313642263,9.085509450000305e-05,0.8776758753422046,0.462372682106041
Lewes,50,batch,6,excess,temporal,2.0,0.00017009663861244917,4.00671415266739e-05,0.38705549430563113,0.20390658106695297
Lewes,50,batch,6,gate,temporal,0.5,0.0003094337589573115,2.8135874933241174e-05,0.2717974021869562,0.14318690688591393
Lewes,50,batch,6,amp_true,temporal,0.0001,2.3635856341570618e-07,4.499489290288753e-08,0.00043465842209287713,0.00022898451019256246
Lewes,50,batch,6,amp_true,temporal,0.0003,7.090756902471184e-07,1.3498467870866258e-07,0.0013039752662786313,0.0006869535305776873
Lewes,50,batch,6,amp_true,temporal,0.0007,1.654509943909943e-06,3.1496425032021273e-07,0.00304260895465014,0.0016028915713479372
Lewes,50,batch,6,amp_true,temporal,0.001,2.363585634157062e-06,4.499489290288753e-07,0.0043465842209287715,0.0022898451019256246
Lewes,50,batch,6,amp_true,temporal,0.003,7.090756902471185e-06,1.3498467870866258e-06,0.013039752662786314,0.006869535305776874
Lewes,50,batch,6,tail,excess,0.01,2.4342716205865144e-05,0.00020014907305093832,0.2139101511793049,0.07731100446592978
Lewes,50,batch,6,tail,excess,0.025,6.0856790514662866e-05,0.0005003726826273458,0.5347753779482622,0.19327751116482447
Lewes,50,batch,6,tail,excess,0.05,0.00012171358102932573,0.0010007453652546917,1.0695507558965245,0.38655502232964895
Lewes,50,batch,6,tail,excess,0.1,0.00024342716205865146,0.0020014907305093833,2.139101511793049,0.7731100446592979
Lewes,50,batch,6,body,excess,1.0,0.0008468141313642263,0.0,0.0,0.0
Lewes,50,batch,6,excess,excess,2.0,0.00017009663861244917,0.0016561601436979676,1.770028016194756,0.6397201961217288
Lewes,50,batch,6,gate,excess,0.5,0.0003094337589573115,0.0,0.0,0.0
Lewes,50,batch,6,amp_true,excess,0.0001,2.3635856341570618e-07,2.0069880823997565e-06,0.0021449768294052192,0.0007752334908989879
Lewes,50,batch,6,amp_true,excess,0.0003,7.090756902471184e-07,6.02096424719927e-06,0.0064349304882156564,0.002325700472696963
Lewes,50,batch,6,amp_true,excess,0.0007,1.654509943909943e-06,1.4048916576798296e-05,0.015014837805836534,0.005426634436292915
Lewes,50,batch,6,amp_true,excess,0.001,2.363585634157062e-06,2.0069880823997565e-05,0.021449768294052193,0.007752334908989879
Lewes,50,batch,6,amp_true,excess,0.003,7.090756902471185e-06,6.02096424719927e-05,0.06434930488215658,0.023257004726969635
Lewes,50,batch,6,tail,full,0.01,2.4342716205865144e-05,0.0006977727660166163,0.07213410540097627,0.03479458975520046
Lewes,50,batch,6,tail,full,0.025,6.0856790514662866e-05,0.0017444319150415406,0.18033526350244067,0.08698647438800115
Lewes,50,batch,6,tail,full,0.05,0.00012171358102932573,0.0034888638300830813,0.36067052700488134,0.1739729487760023
Lewes,50,batch,6,tail,full,0.1,0.00024342716205865146,0.006977727660166163,0.7213410540097627,0.3479458975520046
Lewes,50,batch,6,body,full,1.0,0.0008468141313642263,0.008935719737900577,0.9237536642293588,0.4455815955996971
Lewes,50,batch,6,excess,full,2.0,0.00017009663861244917,0.004682518694580117,0.4840677560190713,0.23349480652429497
Lewes,50,batch,6,gate,full,0.5,0.0003094337589573115,0.006378946647167839,0.6594404829251413,0.31808755295163094
Lewes,50,batch,6,amp_true,full,0.0001,2.3635856341570618e-07,6.0457748197010706e-06,0.0006249979639711249,0.0003014738677817793
Lewes,50,batch,6,amp_true,full,0.0003,7.090756902471184e-07,1.813732445910321e-05,0.0018749938919133745,0.0009044216033453378
Lewes,50,batch,6,amp_true,full,0.0007,1.654509943909943e-06,4.2320423737907496e-05,0.0043749857477978745,0.002110317074472455
Lewes,50,batch,6,amp_true,full,0.001,2.363585634157062e-06,6.045774819701071e-05,0.006249979639711249,0.003014738677817793
Lewes,50,batch,6,amp_true,full,0.003,7.090756902471185e-06,0.0001813732445910321,0.01874993891913375,0.00904421603345338
Lewes,50,batch,7,tail,shared,0.01,3.4450008533895017e-05,0.0006353226277546999,0.06925718318042164,0.028717510560432508
Lewes,50,batch,7,tail,shared,0.025,8.612502133473754e-05,0.0015883065693867498,0.1731429579510541,0.07179377640108127
Lewes,50,batch,7,tail,shared,0.05,0.0001722500426694751,0.0031766131387734996,0.3462859159021082,0.14358755280216254
Lewes,50,batch,7,tail,shared,0.1,0.0003445000853389502,0.006353226277546999,0.6925718318042164,0.2871751056043251
Lewes,50,batch,7,body,shared,1.0,0.0008667483925819397,0.0081317280809168,0.8864481708510455,0.36756598433081117
Lewes,50,batch,7,excess,shared,2.0,0.00020997776300646365,0.00320117849788258,0.34896381135457005,0.14469794290762597
Lewes,50,batch,7,gate,shared,0.5,0.0004539137298706919,0.006691528211397622,0.7294504789347099,0.3024668470496197
Lewes,50,batch,7,amp_true,shared,0.0001,2.786734141409397e-07,4.7680813224186544e-06,0.0005197735247254507,0.00021552423878474985
Lewes,50,batch,7,amp_true,shared,0.0003,8.36020242422819e-07,1.430424396725596e-05,0.0015593205741763518,0.0006465727163542495
Lewes,50,batch,7,amp_true,shared,0.0007,1.950713898986578e-06,3.3376569256930575e-05,0.0036384146730781544,0.0015086696714932488
Lewes,50,batch,7,amp_true,shared,0.001,2.7867341414093973e-06,4.768081322418654e-05,0.005197735247254506,0.0021552423878474984
Lewes,50,batch,7,amp_true,shared,0.003,8.360202424228192e-06,0.00014304243967255963,0.01559320574176352,0.006465727163542496
Lewes,50,batch,7,tail,temporal,0.01,3.4450008533895017e-05,6.300534566939847e-06,0.07048776280465645,0.029384112606954373
Lewes,50,batch,7,tail,temporal,0.025,8.612502133473754e-05,1.5751336417349618e-05,0.17621940701164113,0.07346028151738593
Lewes,50,batch,7,tail,temporal,0.05,0.0001722500426694751,3.1502672834699235e-05,0.35243881402328225,0.14692056303477186
Lewes,50,batch,7,tail,temporal,0.1,0.0003445000853389502,6.300534566939847e-05,0.7048776280465645,0.2938411260695437
Lewes,50,batch,7,body,temporal,1.0,0.0008667483925819397,7.77452127152155e-05,0.8697811360043588,0.3625841681851253
Lewes,50,batch,7,excess,temporal,2.0,0.00020997776300646365,7.654071834065412e-06,0.08563057534202963,0.035696670859332036
Lewes,50,batch,7,gate,temporal,0.5,0.0004539137298706919,5.4656408217079646e-05,0.6114731848905937,0.25490377628741095
Lewes,50,batch,7,amp_true,temporal,0.0001,2.786734141409397e-07,3.576574825937263e-08,0.00040013233052734094,0.00016680247733897102
Lewes,50,batch,7,amp_true,temporal,0.0003,8.36020242422819e-07,1.0729724477811787e-07,0.0012003969915820227,0.000500407432016913
Lewes,50,batch,7,amp_true,temporal,0.0007,1.950713898986578e-06,2.503602378156084e-07,0.0028009263136913867,0.0011676173413727971
Lewes,50,batch,7,amp_true,temporal,0.001,2.7867341414093973e-06,3.576574825937263e-07,0.004001323305273409,0.0016680247733897103
Lewes,50,batch,7,amp_true,temporal,0.003,8.360202424228192e-06,1.0729724477811787e-06,0.012003969915820228,0.005004074320169131
Lewes,50,batch,7,tail,excess,0.01,3.4450008533895017e-05,8.253145221837075e-05,0.20021055622115927,0.10116516823436644
Lewes,50,batch,7,tail,excess,0.025,8.612502133473754e-05,0.00020632863054592687,0.5005263905528982,0.25291292058591613
Lewes,50,batch,7,tail,excess,0.05,0.0001722500426694751,0.00041265726109185373,1.0010527811057963,0.5058258411718323
Lewes,50,batch,7,tail,excess,0.1,0.0003445000853389502,0.0008253145221837075,2.0021055622115926,1.0116516823436645
Lewes,50,batch,7,body,excess,1.0,0.0008667483925819397,0.0,0.0,0.0
Lewes,50,batch,7,excess,excess,2.0,0.00020997776300646365,0.0004499213715446343,1.0914506607056569,0.551503336256796
Lewes,50,batch,7,gate,excess,0.5,0.0004539137298706919,0.0,0.0,0.0
Lewes,50,batch,7,amp_true,excess,0.0001,2.786734141409397e-07,2.2192259667547443e-06,0.005383553218096741,0.002720276479357099
Lewes,50,batch,7,amp_true,excess,0.0003,8.36020242422819e-07,6.6576779002642325e-06,0.016150659654290224,0.008160829438071296
Lewes,50,batch,7,amp_true,excess,0.0007,1.950713898986578e-06,1.553458176728321e-05,0.03768487252667719,0.01904193535549969
Lewes,50,batch,7,amp_true,excess,0.001,2.7867341414093973e-06,2.2192259667547444e-05,0.05383553218096741,0.027202764793570988
Lewes,50,batch,7,amp_true,excess,0.003,8.360202424228192e-06,6.657677900264233e-05,0.16150659654290225,0.08160829438071297
Lewes,50,batch,7,tail,full,0.01,3.4450008533895017e-05,0.0006617772416140759,0.060702592715905286,0.026403487543613293
Lewes,50,batch,7,tail,full,0.025,8.612502133473754e-05,0.0016544431040351898,0.15175648178976323,0.06600871885903324
Lewes,50,batch,7,tail,full,0.05,0.0001722500426694751,0.0033088862080703795,0.30351296357952645,0.13201743771806648
Lewes,50,batch,7,tail,full,0.1,0.0003445000853389502,0.006617772416140759,0.6070259271590529,0.26403487543613297
Lewes,50,batch,7,body,full,1.0,0.0008667483925819397,0.0100108598660248,0.9182623864507041,0.39941176146940793
Lewes,50,batch,7,excess,full,2.0,0.00020997776300646365,0.0032326418013566517,0.2965193214948863,0.12897544999720423
Lewes,50,batch,7,gate,full,0.5,0.0004539137298706919,0.006753804080219357,0.6195036525653995,0.26946224604089425
Lewes,50,batch,7,amp_true,full,0.0001,2.786734141409397e-07,5.259236008082938e-06,0.00048241196783502645,0.00020983219684263436
Lewes,50,batch,7,amp_true,full,0.0003,8.36020242422819e-07,1.577770802424881e-05,0.0014472359035050792,0.000629496590527903
Lewes,50,batch,7,amp_true,full,0.0007,1.950713898986578e-06,3.681465205658056e-05,0.003376883774845185,0.0014688253778984404
Lewes,50,batch,7,amp_true,full,0.001,2.7867341414093973e-06,5.259236008082938e-05,0.004824119678350265,0.0020983219684263437
Lewes,50,batch,7,amp_true,full,0.003,8.360202424228192e-06,0.00015777708024248814,0.014472359035050794,0.00629496590527903
Lewes,50,accum4,1,tail,shared,0.01,2.3080735263647512e-05,0.0005441133662522394,0.0643378147519256,0.02697817030656337
Lewes,50,accum4,1,tail,shared,0.025,5.770183815911878e-05,0.0013602834156305986,0.160844536879814,0.06744542576640843
Lewes,50,accum4,1,tail,shared,0.05,0.00011540367631823756,0.0027205668312611972,0.321689073759628,0.13489085153281685
Lewes,50,accum4,1,tail,shared,0.1,0.00023080735263647512,0.0054411336625223945,0.643378147519256,0.2697817030656337
Lewes,50,accum4,1,body,shared,1.0,0.0008293980499729514,0.007349930211992231,0.8690807426324481,0.36442344794110404
Lewes,50,accum4,1,excess,shared,2.0,0.000157386506543844,0.002314747891581397,0.2737036622933013,0.1147695805856973
Lewes,50,accum4,1,gate,shared,0.5,0.0003097665357927326,0.004057494393308051,0.4797719350871685,0.20117824988303182
Lewes,50,accum4,1,amp_true,shared,0.0001,2.327079375390895e-07,5.430841700845649e-06,0.0006421611909714814,0.00026927140813056105
Lewes,50,accum4,1,amp_true,shared,0.0003,6.981238126172684e-07,1.6292525102536942e-05,0.0019264835729144439,0.000807814224391683
Lewes,50,accum4,1,amp_true,shared,0.0007,1.6289555627736263e-06,3.801589190591954e-05,0.004495128336800369,0.0018848998569139272
Lewes,50,accum4,1,amp_true,shared,0.001,2.3270793753908947e-06,5.430841700845648e-05,0.006421611909714814,0.0026927140813056104
Lewes,50,accum4,1,amp_true,shared,0.003,6.981238126172684e-06,0.00016292525102536945,0.01926483572914444,0.008078142243916831
Lewes,50,accum4,1,tail,temporal,0.01,2.3080735263647512e-05,6.196708583760994e-06,0.058575836740490654,0.024924158018003233
Lewes,50,accum4,1,tail,temporal,0.025,5.770183815911878e-05,1.5491771459402485e-05,0.14643959185122665,0.062310395045008085
Lewes,50,accum4,1,tail,temporal,0.05,0.00011540367631823756,3.098354291880497e-05,0.2928791837024533,0.12462079009001617
Lewes,50,accum4,1,tail,temporal,0.1,0.00023080735263647512,6.196708583760994e-05,0.5857583674049066,0.24924158018003234
Lewes,50,accum4,1,body,temporal,1.0,0.0008293980499729514,8.862918638966756e-05,0.8377881067392018,0.35648083441781175
Lewes,50,accum4,1,excess,temporal,2.0,0.000157386506543844,2.2688462899804696e-05,0.21446800035011915,0.09125664485534357
Lewes,50,accum4,1,gate,temporal,0.5,0.0003097665357927326,3.666213831537349e-05,0.3465574344009581,0.1474610135846762
Lewes,50,accum4,1,amp_true,temporal,0.0001,2.327079375390895e-07,5.541342051159776e-08,0.0005238083135982274,0.0002228816847654416
Lewes,50,accum4,1,amp_true,temporal,0.0003,6.981238126172684e-07,1.6624026153479326e-07,0.001571424940794682,0.0006686450542963248
Lewes,50,accum4,1,amp_true,temporal,0.0007,1.6289555627736263e-06,3.8789394358118427e-07,0.0036666581951875915,0.0015601717933580912
Lewes,50,accum4,1,amp_true,temporal,0.001,2.3270793753908947e-06,5.541342051159776e-07,0.005238083135982274,0.002228816847654416
Lewes,50,accum4,1,amp_true,temporal,0.003,6.981238126172684e-06,1.6624026153479328e-06,0.015714249407946822,0.006686450542963248
Lewes,50,accum4,1,tail,excess,0.01,2.3080735263647512e-05,0.00021810484610580778,0.20285340703971058,0.07616800756312324
Lewes,50,accum4,1,tail,excess,0.025,5.770183815911878e-05,0.0005452621152645195,0.5071335175992765,0.1904200189078081
Lewes,50,accum4,1,tail,excess,0.05,0.00011540367631823756,0.001090524230529039,1.014267035198553,0.3808400378156162
Lewes,50,accum4,1,tail,excess,0.1,0.00023080735263647512,0.002181048461058078,2.028534070397106,0.7616800756312324
Lewes,50,accum4,1,body,excess,1.0,0.0008293980499729514,0.0,0.0,0.0
Lewes,50,accum4,1,excess,excess,2.0,0.000157386506543844,0.0017904666785420868,1.6652645386757645,0.6252785389580683
Lewes,50,accum4,1,gate,excess,0.5,0.0003097665357927326,0.0,0.0,0.0
Lewes,50,accum4,1,amp_true,excess,0.0001,2.327079375390895e-07,3.701447160155043e-06,0.0034426156998394078,0.0012926437001423553
Lewes,50,accum4,1,amp_true,excess,0.0003,6.981238126172684e-07,1.1104341480465128e-05,0.010327847099518223,0.0038779311004270654
Lewes,50,accum4,1,amp_true,excess,0.0007,1.6289555627736263e-06,2.5910130121085298e-05,0.024098309898875854,0.009048505900996488
Lewes,50,accum4,1,amp_true,excess,0.001,2.3270793753908947e-06,3.701447160155043e-05,0.034426156998394075,0.012926437001423553
Lewes,50,accum4,1,amp_true,excess,0.003,6.981238126172684e-06,0.00011104341480465128,0.10327847099518224,0.03877931100427066
Lewes,50,accum4,1,tail,full,0.01,2.3080735263647512e-05,0.0005925629773761269,0.05794240754293456,0.02541996703212009
Lewes,50,accum4,1,tail,full,0.025,5.770183815911878e-05,0.0014814074434403171,0.1448560188573364,0.06354991758030022
Lewes,50,accum4,1,tail,full,0.05,0.00011540367631823756,0.0029628148868806343,0.2897120377146728,0.12709983516060044
Lewes,50,accum4,1,tail,full,0.1,0.00023080735263647512,0.0059256297737612686,0.5794240754293456,0.2541996703212009
Lewes,50,accum4,1,body,full,1.0,0.0008293980499729514,0.009277179428484567,0.9071476481274983,0.397975581038454
Lewes,50,accum4,1,excess,full,2.0,0.000157386506543844,0.0029264020107548547,0.28615148839106713,0.12553778328425708
Lewes,50,accum4,1,gate,full,0.5,0.0003097665357927326,0.004108781104904686,0.40176770803212136,0.17625988159327577
Lewes,50,accum4,1,amp_true,full,0.0001,2.327079375390895e-07,6.572271499189903e-06,0.0006426544489416442,0.0002819395257788857
Lewes,50,accum4,1,amp_true,full,0.0003,6.981238126172684e-07,1.9716814497569704e-05,0.0019279633468249323,0.000845818577336657
Lewes,50,accum4,1,amp_true,full,0.0007,1.6289555627736263e-06,4.6005900494329315e-05,0.004498581142591509,0.0019735766804521997
Lewes,50,accum4,1,amp_true,full,0.001,2.3270793753908947e-06,6.572271499189903e-05,0.006426544489416442,0.0028193952577888572
Lewes,50,accum4,1,amp_true,full,0.003,6.981238126172684e-06,0.00019716814497569706,0.019279633468249326,0.00845818577336657
Lewes,50,batch,8,tail,shared,0.01,3.345356322824955e-05,0.0005839232282535696,0.08823801469291688,0.03011661043084312
Lewes,50,batch,8,tail,shared,0.025,8.363390807062388e-05,0.001459808070633924,0.2205950367322922,0.0752915260771078
Lewes,50,batch,8,tail,shared,0.05,0.00016726781614124776,0.002919616141267848,0.4411900734645844,0.1505830521542156
Lewes,50,batch,8,tail,shared,0.1,0.0003345356322824955,0.005839232282535696,0.8823801469291688,0.3011661043084312
Lewes,50,batch,8,body,shared,1.0,0.000691391876898706,0.006376304659296941,0.963538419076615,0.32886632029823165
Lewes,50,batch,8,excess,shared,2.0,0.0002660077589098364,0.007440500943430964,1.1243516267245013,0.3837536468515392
Lewes,50,batch,8,gate,shared,0.5,0.0002579314459580928,0.009207864445374584,1.391422089255417,0.47490774982655004
Lewes,50,batch,8,amp_true,shared,0.0001,2.408268628641963e-07,6.921002613945368e-06,0.0010458490102637809,0.00035695983552229134
Lewes,50,batch,8,amp_true,shared,0.0003,7.224805885925889e-07,2.0763007841836102e-05,0.003137547030791342,0.001070879506566874
Lewes,50,batch,8,amp_true,shared,0.0007,1.685788040049374e-06,4.844701829761758e-05,0.007320943071846466,0.002498718848656039
Lewes,50,batch,8,amp_true,shared,0.001,2.408268628641963e-06,6.921002613945368e-05,0.010458490102637809,0.0035695983552229134
Lewes,50,batch,8,amp_true,shared,0.003,7.224805885925889e-06,0.00020763007841836104,0.031375470307913426,0.01070879506566874
Lewes,50,batch,8,tail,temporal,0.01,3.345356322824955e-05,1.4059248763682755e-06,0.02286988164149544,0.007788097746448227
Lewes,50,batch,8,tail,temporal,0.025,8.363390807062388e-05,3.514812190920689e-06,0.05717470410373861,0.01947024436612057
Lewes,50,batch,8,tail,temporal,0.05,0.00016726781614124776,7.029624381841378e-06,0.11434940820747722,0.03894048873224114
Lewes,50,batch,8,tail,temporal,0.1,0.0003345356322824955,1.4059248763682756e-05,0.22869881641495443,0.07788097746448228
Lewes,50,batch,8,body,temporal,1.0,0.000691391876898706,7.306046592544984e-05,1.1884590965512358,0.40471725025470423
Lewes,50,batch,8,excess,temporal,2.0,0.0002660077589098364,5.0637932842534355e-05,0.8237165087157907,0.28050799675333027
Lewes,50,batch,8,gate,temporal,0.5,0.0002579314459580928,9.331614509944407e-05,1.517953931633738,0.516923252139573
Lewes,50,batch,8,amp_true,temporal,0.0001,2.408268628641963e-07,4.972365370446216e-08,0.0008088441239771325,0.000275443362494039
Lewes,50,batch,8,amp_true,temporal,0.0003,7.224805885925889e-07,1.4917096111338647e-07,0.002426532371931397,0.0008263300874821168
Lewes,50,batch,8,amp_true,temporal,0.0007,1.685788040049374e-06,3.480655759312351e-07,0.005661908867839927,0.0019281035374582728
Lewes,50,batch,8,amp_true,temporal,0.001,2.408268628641963e-06,4.972365370446217e-07,0.008088441239771324,0.00275443362494039
Lewes,50,batch,8,amp_true,temporal,0.003,7.224805885925889e-06,1.491709611133865e-06,0.02426532371931397,0.00826330087482117
Lewes,50,batch,8,tail,excess,0.01,3.345356322824955e-05,0.00016123724756197312,0.2002942989542317,0.0510910165459702
Lewes,50,batch,8,tail,excess,0.025,8.363390807062388e-05,0.0004030931189049328,0.5007357473855792,0.1277275413649255
Lewes,50,batch,8,tail,excess,0.05,0.00016726781614124776,0.0008061862378098656,1.0014714947711585,0.255455082729851
Lewes,50,batch,8,tail,excess,0.1,0.0003345356322824955,0.0016123724756197313,2.002942989542317,0.510910165459702
Lewes,50,batch,8,body,excess,1.0,0.000691391876898706,0.0,0.0,0.0
Lewes,50,batch,8,excess,excess,2.0,0.0002660077589098364,0.002350549917183607,2.9199316841368224,0.7448153979730894
Lewes,50,batch,8,gate,excess,0.5,0.0002579314459580928,0.0,0.0,0.0
Lewes,50,batch,8,amp_true,excess,0.0001,2.408268628641963e-07,2.696948020218465e-06,0.003350238987539376,0.0008545780705642615
Lewes,50,batch,8,amp_true,excess,0.0003,7.224805885925889e-07,8.090844060655393e-06,0.010050716962618127,0.002563734211692784
Lewes,50,batch,8,amp_true,excess,0.0007,1.685788040049374e-06,1.8878636141529252e-05,0.023451672912775633,0.00598204649394983
Lewes,50,batch,8,amp_true,excess,0.001,2.408268628641963e-06,2.696948020218465e-05,0.03350238987539376,0.008545780705642615
Lewes,50,batch,8,amp_true,excess,0.003,7.224805885925889e-06,8.090844060655395e-05,0.10050716962618128,0.025637342116927846
Lewes,50,batch,8,tail,full,0.01,3.345356322824955e-05,0.0006061929662978615,0.07649456883132712,0.028041169687113274
Lewes,50,batch,8,tail,full,0.025,8.363390807062388e-05,0.0015154824157446536,0.1912364220783178,0.07010292421778318
Lewes,50,batch,8,tail,full,0.05,0.00016726781614124776,0.0030309648314893072,0.3824728441566356,0.14020584843556635
Lewes,50,batch,8,tail,full,0.1,0.0003345356322824955,0.0060619296629786145,0.7649456883132713,0.2804116968711327
Lewes,50,batch,8,body,full,1.0,0.000691391876898706,0.0078398434761172,0.9892979294583308,0.36265412740897707
Lewes,50,batch,8,excess,full,2.0,0.0002660077589098364,0.007802957080643782,0.9846432912913572,0.36094784288883
Lewes,50,batch,8,gate,full,0.5,0.0002579314459580928,0.0093759703897524,1.1831394493399454,0.43371202124969976
Lewes,50,batch,8,amp_true,full,0.0001,2.408268628641963e-07,7.4279072292267434e-06,0.0009373163207235353,0.00034359885154546264
Lewes,50,batch,8,amp_true,full,0.0003,7.224805885925889e-07,2.2283721687680228e-05,0.0028119489621706057,0.0010307965546363877
Lewes,50,batch,8,amp_true,full,0.0007,1.685788040049374e-06,5.1995350604587205e-05,0.006561214245064746,0.0024051919608182384
Lewes,50,batch,8,amp_true,full,0.001,2.408268628641963e-06,7.427907229226744e-05,0.009373163207235352,0.003435988515454626
Lewes,50,batch,8,amp_true,full,0.003,7.224805885925889e-06,0.0002228372168768023,0.02811948962170606,0.010307965546363878
Lewes,50,batch,9,tail,shared,0.01,5.462360568344593e-05,0.001796318513637231,0.1536477057440998,0.05507729975763099
Lewes,50,batch,9,tail,shared,0.025,0.00013655901420861483,0.004490796284093077,0.38411926436024957,0.13769324939407748
Lewes,50,batch,9,tail,shared,0.05,0.00027311802841722965,0.008981592568186154,0.7682385287204991,0.27538649878815497
Lewes,50,batch,9,tail,shared,0.1,0.0005462360568344593,0.01796318513637231,1.5364770574409983,0.5507729975763099
Lewes,50,batch,9,body,shared,1.0,0.0008367954287678003,0.00731905328883533,0.6260336001165673,0.22441103227011988
Lewes,50,batch,9,excess,shared,2.0,0.00038212520303204656,0.010000318756672682,0.855375047357971,0.30662187671710095
Lewes,50,batch,9,gate,shared,0.5,0.0005562069709412754,0.008762212872071375,0.7494739350590873,0.26866005178450747
Lewes,50,batch,9,amp_true,shared,0.0001,5.717927124351263e-07,2.252429375921659e-05,0.0019266104721051098,0.0006906221083772929
Lewes,50,batch,9,amp_true,shared,0.0003,1.7153781373053788e-06,6.757288127764977e-05,0.005779831416315329,0.0020718663251318784
Lewes,50,batch,9,amp_true,shared,0.0007,4.002548987045884e-06,0.00015767005631451612,0.013486273304735768,0.00483435475864105
Lewes,50,batch,9,amp_true,shared,0.001,5.717927124351263e-06,0.00022524293759216592,0.019266104721051096,0.006906221083772928
Lewes,50,batch,9,amp_true,shared,0.003,1.715378137305379e-05,0.0006757288127764977,0.05779831416315329,0.020718663251318787
Lewes,50,batch,9,tail,temporal,0.01,5.462360568344593e-05,1.8571389091173823e-05,0.12265953429362092,0.04507225927637214
Lewes,50,batch,9,tail,temporal,0.025,0.00013655901420861483,4.6428472727934566e-05,0.3066488357340523,0.11268064819093034
Lewes,50,batch,9,tail,temporal,0.05,0.00027311802841722965,9.285694545586913e-05,0.6132976714681047,0.22536129638186067
Lewes,50,batch,9,tail,temporal,0.1,0.0005462360568344593,0.00018571389091173827,1.2265953429362093,0.45072259276372134
Lewes,50,batch,9,body,temporal,1.0,0.0008367954287678003,8.753477786664086e-05,0.5781460414676542,0.21244453951912248
Lewes,50,batch,9,excess,temporal,2.0,0.00038212520303204656,9.479975383111469e-05,0.6261294510059434,0.2300764397878535
Lewes,50,batch,9,gate,temporal,0.5,0.0005562069709412754,9.017142199657373e-05,0.5955604383922913,0.21884360354499754
Lewes,50,batch,9,amp_true,temporal,0.0001,5.717927124351263e-07,2.2363004859176547e-07,0.0014770223960986436,0.0005427440824502518
Lewes,50,batch,9,amp_true,temporal,0.0003,1.7153781373053788e-06,6.708901457752964e-07,0.00443106718829593,0.0016282322473507552
Lewes,50,batch,9,amp_true,temporal,0.0007,4.002548987045884e-06,1.5654103401423584e-06,0.010339156772690504,0.0037992085771517622
Lewes,50,batch,9,amp_true,temporal,0.001,5.717927124351263e-06,2.236300485917655e-06,0.014770223960986435,0.005427440824502518
Lewes,50,batch,9,amp_true,temporal,0.003,1.715378137305379e-05,6.708901457752964e-06,0.044310671882959306,0.016282322473507554
Lewes,50,batch,9,tail,excess,0.01,5.462360568344593e-05,0.0006870356679281903,0.20027688785070027,0.0719112151916398
Lewes,50,batch,9,tail,excess,0.025,0.00013655901420861483,0.0017175891698204757,0.5006922196267507,0.17977803797909953
Lewes,50,batch,9,tail,excess,0.05,0.00027311802841722965,0.0034351783396409513,1.0013844392535014,0.35955607595819905
Lewes,50,batch,9,tail,excess,0.1,0.0005462360568344593,0.006870356679281903,2.002768878507003,0.7191121519163981
Lewes,50,batch,9,body,excess,1.0,0.0008367954287678003,0.0,0.0,0.0
Lewes,50,batch,9,excess,excess,2.0,0.00038212520303204656,0.006109734929385615,1.781041006124248,0.639498768085574
Lewes,50,batch,9,gate,excess,0.5,0.0005562069709412754,0.0,0.0,0.0
Lewes,50,batch,9,amp_true,excess,0.0001,5.717927124351263e-07,1.2308897666155968e-05,0.003588150997872397,0.001288357839574832
Lewes,50,batch,9,amp_true,excess,0.0003,1.7153781373053788e-06,3.69266929984679e-05,0.01076445299361719,0.003865073518724495
Lewes,50,batch,9,amp_true,excess,0.0007,4.002548987045884e-06,8.616228366309177e-05,0.02511705698510678,0.009018504877023822
Lewes,50,batch,9,amp_true,excess,0.001,5.717927124351263e-06,0.00012308897666155966,0.03588150997872397,0.012883578395748317
Lewes,50,batch,9,amp_true,excess,0.003,1.715378137305379e-05,0.00036926692998467904,0.1076445299361719,0.038650735187244954
Lewes,50,batch,9,tail,full,0.01,5.462360568344593e-05,0.0019382710934056874,0.14081191653253805,0.053324418785231045
Lewes,50,batch,9,tail,full,0.025,0.00013655901420861483,0.004845677733514219,0.3520297913313451,0.1333110469630776
Lewes,50,batch,9,tail,full,0.05,0.00027311802841722965,0.009691355467028437,0.7040595826626902,0.2666220939261552
Lewes,50,batch,9,tail,full,0.1,0.0005462360568344593,0.019382710934056874,1.4081191653253804,0.5332441878523104
Lewes,50,batch,9,body,full,1.0,0.0008367954287678003,0.009685116102435823,0.7036063040221427,0.2664504406978621
Lewes,50,batch,9,excess,full,2.0,0.00038212520303204656,0.011719011739153355,0.8513651720193649,0.3224056180034339
Lewes,50,batch,9,gate,full,0.5,0.0005562069709412754,0.008947567625492994,0.6500247307699245,0.246159499976147
Lewes,50,batch,9,amp_true,full,0.0001,5.717927124351263e-07,2.5668127534110926e-05,0.0018647434015687846,0.0007061643681930352
Lewes,50,batch,9,amp_true,full,0.0003,1.7153781373053788e-06,7.700438260233276e-05,0.005594230204706353,0.0021184931045791053
Lewes,50,batch,9,amp_true,full,0.0007,4.002548987045884e-06,0.00017967689273877646,0.013053203810981491,0.004943150577351246
Lewes,50,batch,9,amp_true,full,0.001,5.717927124351263e-06,0.00025668127534110926,0.018647434015687848,0.007061643681930352
Lewes,50,batch,9,amp_true,full,0.003,1.715378137305379e-05,0.0007700438260233277,0.05594230204706354,0.021184931045791056
Lewes,50,batch,10,tail,shared,0.01,4.2204081546515225e-06,9.565671454224524e-05,0.018900503664521808,0.009338976608633568
Lewes,50,batch,10,tail,shared,0.025,1.0551020386628808e-05,0.00023914178635561312,0.047251259161304515,0.02334744152158392
Lewes,50,batch,10,tail,shared,0.05,2.1102040773257616e-05,0.00047828357271122624,0.09450251832260903,0.04669488304316784
Lewes,50,batch,10,tail,shared,0.1,4.220408154651523e-05,0.0009565671454224525,0.18900503664521806,0.09338976608633567
Lewes,50,batch,10,body,shared,1.0,0.0007243193103931844,0.0048871417335478885,0.9656346727564624,0.4771322384538313
Lewes,50,batch,10,excess,shared,2.0,2.98109334835317e-05,0.0010007424313788352,0.1977334898238099,0.09770260459642438
Lewes,50,batch,10,gate,shared,0.5,0.00011337612522765994,0.002422785110246539,0.47871034536044355,0.23653680330350016
Lewes,50,batch,10,amp_true,shared,0.0001,1.6878794122021646e-08,9.367693340776603e-07,0.00018509325054988338,9.1456903370572e-05
Lewes,50,batch,10,amp_true,shared,0.0003,5.063638236606493e-08,2.8103080022329807e-06,0.0005552797516496501,0.000274370710111716
Lewes,50,batch,10,amp_true,shared,0.0007,1.1815155885415151e-07,6.557385338543622e-06,0.0012956527538491836,0.000640198323594004
Lewes,50,batch,10,amp_true,shared,0.001,1.6878794122021646e-07,9.367693340776604e-06,0.0018509325054988338,0.0009145690337057201
Lewes,50,batch,10,amp_true,shared,0.003,5.063638236606494e-07,2.810308002232981e-05,0.005552797516496501,0.0027437071011171604
Lewes,50,batch,10,tail,temporal,0.01,4.2204081546515225e-06,8.085879955715694e-07,0.02073564079616276,0.009541327270103232
Lewes,50,batch,10,tail,temporal,0.025,1.0551020386628808e-05,2.0214699889289237e-06,0.0518391019904069,0.023853318175258084
Lewes,50,batch,10,tail,temporal,0.05,2.1102040773257616e-05,4.042939977857847e-06,0.1036782039808138,0.04770663635051617
Lewes,50,batch,10,tail,temporal,0.1,4.220408154651523e-05,8.085879955715695e-06,0.2073564079616276,0.09541327270103234
Lewes,50,batch,10,body,temporal,1.0,0.0007243193103931844,3.7688238630239716e-05,0.9664869906018103,0.44472069950862375
Lewes,50,batch,10,excess,temporal,2.0,2.98109334835317e-05,7.436405917761364e-06,0.19070112686518403,0.08774948795095411
Lewes,50,batch,10,gate,temporal,0.5,0.00011337612522765994,1.6705860108679246e-05,0.4284094202507319,0.1971289204124261
Lewes,50,batch,10,amp_true,temporal,0.0001,1.6878794122021646e-08,1.0074872148098246e-08,0.0002583626408929776,0.00011888335332198848
Lewes,50,batch,10,amp_true,temporal,0.0003,5.063638236606493e-08,3.022461644429474e-08,0.0007750879226789328,0.0003566500599659654
Lewes,50,batch,10,amp_true,temporal,0.0007,1.1815155885415151e-07,7.052410503668772e-08,0.0018085384862508431,0.0008321834732539192
Lewes,50,batch,10,amp_true,temporal,0.001,1.6878794122021646e-07,1.0074872148098246e-07,0.0025836264089297762,0.0011888335332198847
Lewes,50,batch,10,amp_true,temporal,0.003,5.063638236606494e-07,3.022461644429474e-07,0.007750879226789328,0.003566500599659654
Lewes,50,batch,10,tail,excess,0.01,4.2204081546515225e-06,2.4353954054501215e-05,0.200100585285522,0.20318834312721834
Lewes,50,batch,10,tail,excess,0.025,1.0551020386628808e-05,6.088488513625304e-05,0.500251463213805,0.5079708578180459
Lewes,50,batch,10,tail,excess,0.05,2.1102040773257616e-05,0.00012176977027250608,1.00050292642761,1.0159417156360917
Lewes,50,batch,10,tail,excess,0.1,4.220408154651523e-05,0.00024353954054501215,2.00100585285522,2.0318834312721834
Lewes,50,batch,10,body,excess,1.0,0.0007243193103931844,0.0,0.0,0.0
Lewes,50,batch,10,excess,excess,2.0,2.98109334835317e-05,0.00010483173661819981,0.8613341310760346,0.874625402632066
Lewes,50,batch,10,gate,excess,0.5,0.00011337612522765994,0.0,0.0,0.0
Lewes,50,batch,10,amp_true,excess,0.0001,1.6878794122021646e-08,5.033128394589294e-07,0.004135393929546954,0.004199207311283154
Lewes,50,batch,10,amp_true,excess,0.0003,5.063638236606493e-08,1.509938518376788e-06,0.012406181788640861,0.01259762193384946
Lewes,50,batch,10,amp_true,excess,0.0007,1.1815155885415151e-07,3.523189876212506e-06,0.02894775750682868,0.029394451178982074
Lewes,50,batch,10,amp_true,excess,0.001,1.6878794122021646e-07,5.033128394589294e-06,0.041353939295469544,0.041992073112831534
Lewes,50,batch,10,amp_true,excess,0.003,5.063638236606494e-07,1.5099385183767883e-05,0.12406181788640863,0.1259762193384946
Lewes,50,batch,10,tail,full,0.01,4.2204081546515225e-06,9.89809820458777e-05,0.017687662942639192,0.008713562332345685
Lewes,50,batch,10,tail,full,0.025,1.0551020386628808e-05,0.00024745245511469425,0.04421915735659798,0.021783905830864217
Lewes,50,batch,10,tail,full,0.05,2.1102040773257616e-05,0.0004949049102293885,0.08843831471319596,0.043567811661728434
Lewes,50,batch,10,tail,full,0.1,4.220408154651523e-05,0.000989809820458777,0.17687662942639193,0.08713562332345687
Lewes,50,batch,10,body,full,1.0,0.0007243193103931844,0.005491125677251715,0.9812509246461323,0.4833985769235905
Lewes,50,batch,10,excess,full,2.0,2.98109334835317e-05,0.0010062182203500443,0.1798087709419232,0.08858009894161493
Lewes,50,batch,10,gate,full,0.5,0.00011337612522765994,0.002460571810414236,0.43969825242382593,0.21661076097749277
Lewes,50,batch,10,amp_true,full,0.0001,1.6878794122021646e-08,1.0634192962479631e-06,0.00019003046534751887,9.361566365325552e-05
Lewes,50,batch,10,amp_true,full,0.0003,5.063638236606493e-08,3.1902578887438892e-06,0.0005700913960425565,0.0002808469909597665
Lewes,50,batch,10,amp_true,full,0.0007,1.1815155885415151e-07,7.443935073735742e-06,0.001330213257432632,0.0006553096455727887
Lewes,50,batch,10,amp_true,full,0.001,1.6878794122021646e-07,1.0634192962479632e-05,0.0019003046534751887,0.0009361566365325552
Lewes,50,batch,10,amp_true,full,0.003,5.063638236606494e-07,3.1902578887438894e-05,0.005700913960425566,0.0028084699095976655
Lewes,50,batch,11,tail,shared,0.01,2.5808261707425117e-05,0.001228399036173935,0.12234189348338881,0.052098083542687405
Lewes,50,batch,11,tail,shared,0.025,6.45206542685628e-05,0.003070997590434837,0.30585473370847205,0.1302452088567185
Lewes,50,batch,11,tail,shared,0.05,0.0001290413085371256,0.006141995180869674,0.6117094674169441,0.260490417713437
Lewes,50,batch,11,tail,shared,0.1,0.0002580826170742512,0.012283990361739348,1.2234189348338882,0.520980835426874
Lewes,50,batch,11,body,shared,1.0,0.0008330615237355232,0.007303689260697293,0.7274079083870897,0.30975945280679823
Lewes,50,batch,11,excess,shared,2.0,0.00021162349730730057,0.010598242652714676,1.0555275896080514,0.44948596902726723
Lewes,50,batch,11,gate,shared,0.5,0.0001377644221065566,0.0014902638275813929,0.14842220897859307,0.06320412757063341
Lewes,50,batch,11,amp_true,shared,0.0001,3.3204755745828156e-07,1.5819413009523102e-05,0.00157552788986947,0.0006709229462873932
Lewes,50,batch,11,amp_true,shared,0.0003,9.961426723748446e-07,4.7458239028569296e-05,0.004726583669608409,0.0020127688388621792
Lewes,50,batch,11,amp_true,shared,0.0007,2.3243329022079708e-06,0.0001107358910666617,0.011028695229086288,0.004696460624011752
Lewes,50,batch,11,amp_true,shared,0.001,3.3204755745828153e-06,0.000158194130095231,0.0157552788986947,0.006709229462873932
Lewes,50,batch,11,amp_true,shared,0.003,9.961426723748446e-06,0.000474582390285693,0.04726583669608409,0.020127688388621796
Lewes,50,batch,11,tail,temporal,0.01,2.5808261707425117e-05,9.520625406811832e-06,0.09762380962303441,0.042537927499413763
Lewes,50,batch,11,tail,temporal,0.025,6.45206542685628e-05,2.3801563517029583e-05,0.24405952405758602,0.10634481874853441
Lewes,50,batch,11,tail,temporal,0.05,0.0001290413085371256,4.7603127034059167e-05,0.48811904811517204,0.21268963749706882
Lewes,50,batch,11,tail,temporal,0.1,0.0002580826170742512,9.520625406811833e-05,0.9762380962303441,0.42537927499413763
Lewes,50,batch,11,body,temporal,1.0,0.0008330615237355232,7.243507241820756e-05,0.7427440338873492,0.32363817788019783
Lewes,50,batch,11,excess,temporal,2.0,0.00021162349730730057,8.141526604627493e-05,0.8348262948381042,0.3637614690673623
Lewes,50,batch,11,gate,temporal,0.5,0.0001377644221065566,6.922079150766369e-06,0.07097850281206296,0.030927684734852523
Lewes,50,batch,11,amp_true,temporal,0.0001,3.3204755745828156e-07,1.312670355234168e-07,0.0013460027611788394,0.0005864979874287406
Lewes,50,batch,11,amp_true,temporal,0.0003,9.961426723748446e-07,3.9380110657025035e-07,0.004038008283536517,0.0017594939622862216
Lewes,50,batch,11,amp_true,temporal,0.0007,2.3243329022079708e-06,9.188692486639176e-07,0.009422019328251876,0.0041054859120011845
Lewes,50,batch,11,amp_true,temporal,0.001,3.3204755745828153e-06,1.312670355234168e-06,0.013460027611788394,0.005864979874287406
Lewes,50,batch,11,amp_true,temporal,0.003,9.961426723748446e-06,3.938011065702504e-06,0.04038008283536518,0.017594939622862217
Lewes,50,batch,11,tail,excess,0.01,2.5808261707425117e-05,0.0006198787712460618,0.1999642328751542,0.07076821562819634
Lewes,50,batch,11,tail,excess,0.025,6.45206542685628e-05,0.0015496969281151548,0.49991058218788553,0.17692053907049088
Lewes,50,batch,11,tail,excess,0.05,0.0001290413085371256,0.0030993938562303095,0.9998211643757711,0.35384107814098176
Lewes,50,batch,11,tail,excess,0.1,0.0002580826170742512,0.006198787712460619,1.9996423287515421,0.7076821562819635
Lewes,50,batch,11,body,excess,1.0,0.0008330615237355232,0.0,0.0,0.0
Lewes,50,batch,11,excess,excess,2.0,0.00021162349730730057,0.005652339113326162,1.8233656436958938,0.6452970673144265
Lewes,50,batch,11,gate,excess,0.5,0.0001377644221065566,0.0,0.0,0.0
Lewes,50,batch,11,amp_true,excess,0.0001,3.3204755745828156e-07,8.896982528826806e-06,0.002870042286985005,0.0010157205041473843
Lewes,50,batch,11,amp_true,excess,0.0003,9.961426723748446e-07,2.6690947586480416e-05,0.008610126860955013,0.0030471615124421526
Lewes,50,batch,11,amp_true,excess,0.0007,2.3243329022079708e-06,6.227887770178765e-05,0.020090296008895035,0.00711004352903169
Lewes,50,batch,11,amp_true,excess,0.001,3.3204755745828153e-06,8.896982528826807e-05,0.02870042286985005,0.010157205041473842
Lewes,50,batch,11,amp_true,excess,0.003,9.961426723748446e-06,0.0002669094758648042,0.08610126860955014,0.03047161512442153
Lewes,50,batch,11,tail,full,0.01,2.5808261707425117e-05,0.0013760925009087457,0.12439617527507858,0.05269472367411237
Lewes,50,batch,11,tail,full,0.025,6.45206542685628e-05,0.0034402312522718646,0.31099043818769645,0.13173680918528094
Lewes,50,batch,11,tail,full,0.05,0.0001290413085371256,0.006880462504543729,0.6219808763753929,0.2634736183705619
Lewes,50,batch,11,tail,full,0.1,0.0002580826170742512,0.013760925009087458,1.2439617527507858,0.5269472367411238
Lewes,50,batch,11,body,full,1.0,0.0008330615237355232,0.008122366768123952,0.7342466872457899,0.3110298705526247
Lewes,50,batch,11,excess,full,2.0,0.00021162349730730057,0.01201131486465397,1.0858002846472425,0.45994939826917325
Lewes,50,batch,11,gate,full,0.5,0.0001377644221065566,0.0015376365016615218,0.13899944926938426,0.05888072968406928
Lewes,50,batch,11,amp_true,full,0.0001,3.3204755745828156e-07,1.814965911757348e-05,0.0016406950661250054,0.0006950050751299683
Lewes,50,batch,11,amp_true,full,0.0003,9.961426723748446e-07,5.4448977352720434e-05,0.004922085198375016,0.0020850152253899046
Lewes,50,batch,11,amp_true,full,0.0007,2.3243329022079708e-06,0.00012704761382301437,0.011484865462875037,0.004865035525909778
Lewes,50,batch,11,amp_true,full,0.001,3.3204755745828153e-06,0.00018149659117573482,0.016406950661250055,0.006950050751299682
Lewes,50,batch,11,amp_true,full,0.003,9.961426723748446e-06,0.0005444897735272044,0.04922085198375016,0.020850152253899048
Lewes,50,accum4,2,tail,shared,0.01,2.952645969344303e-05,0.000720032782814248,0.10388628314468451,0.039939845945119366
Lewes,50,accum4,2,tail,shared,0.025,7.381614923360758e-05,0.0018000819570356203,0.2597157078617113,0.09984961486279842
Lewes,50,accum4,2,tail,shared,0.05,0.00014763229846721516,0.0036001639140712405,0.5194314157234226,0.19969922972559684
Lewes,50,accum4,2,tail,shared,0.1,0.0002952645969344303,0.007200327828142481,1.038862831446845,0.3993984594511937
Lewes,50,accum4,2,body,shared,1.0,0.0007713920349488035,0.005046670548677648,0.7281332990266343,0.2799362043796761
Lewes,50,accum4,2,excess,shared,2.0,0.0002223918481831788,0.004030487459106732,0.5815184688554385,0.22356905413567377
Lewes,50,accum4,2,gate,shared,0.5,0.0002663197410583962,0.004555124263249641,0.6572130328866611,0.25267038623434457
Lewes,50,accum4,2,amp_true,shared,0.0001,2.9038648171990647e-07,1.0932049471092146e-05,0.0015772753877493367,0.0006063951283347094
Lewes,50,accum4,2,amp_true,shared,0.0003,8.711594451597193e-07,3.2796148413276435e-05,0.0047318261632480095,0.001819185385004128
Lewes,50,accum4,2,amp_true,shared,0.0007,2.032705372039345e-06,7.652434629764502e-05,0.011040927714245356,0.004244765898342965
Lewes,50,accum4,2,amp_true,shared,0.001,2.9038648171990646e-06,0.00010932049471092146,0.015772753877493367,0.006063951283347094
Lewes,50,accum4,2,amp_true,shared,0.003,8.711594451597193e-06,0.00032796148413276435,0.0473182616324801,0.01819185385004128
Lewes,50,accum4,2,tail,temporal,0.01,2.952645969344303e-05,6.874090035924832e-06,0.08566375754575503,0.0320901424167135
Lewes,50,accum4,2,tail,temporal,0.025,7.381614923360758e-05,1.718522508981208e-05,0.2141593938643876,0.08022535604178375
Lewes,50,accum4,2,tail,temporal,0.05,0.00014763229846721516,3.437045017962416e-05,0.4283187877287752,0.1604507120835675
Lewes,50,accum4,2,tail,temporal,0.1,0.0002952645969344303,6.874090035924832e-05,0.8566375754575504,0.320901424167135
Lewes,50,accum4,2,body,temporal,1.0,0.0007713920349488035,5.7771518024973875e-05,0.7199389718897907,0.269693331242747
Lewes,50,accum4,2,excess,temporal,2.0,0.0002223918481831788,3.04650973194484e-05,0.37965093514082054,0.14221945109984388
Lewes,50,accum4,2,gate,temporal,0.5,0.0002663197410583962,5.08555562048502e-05,0.6337534151894026,0.2374077198241496
Lewes,50,accum4,2,amp_true,temporal,0.0001,2.9038648171990647e-07,1.0329094806098749e-07,0.0012871944773963336,0.00048219054686683346
Lewes,50,accum4,2,amp_true,temporal,0.0003,8.711594451597193e-07,3.0987284418296245e-07,0.0038615834321890003,0.0014465716406005002
Lewes,50,accum4,2,amp_true,temporal,0.0007,2.032705372039345e-06,7.230366364269124e-07,0.009010361341774334,0.0033753338280678342
Lewes,50,accum4,2,amp_true,temporal,0.001,2.9038648171990646e-06,1.032909480609875e-06,0.012871944773963336,0.004821905468668335
Lewes,50,accum4,2,amp_true,temporal,0.003,8.711594451597193e-06,3.0987284418296245e-06,0.03861583432189001,0.014465716406005004
Lewes,50,accum4,2,tail,excess,0.01,2.952645969344303e-05,0.0002934545859871675,0.2001072247727098,0.07674242439438071
Lewes,50,accum4,2,tail,excess,0.025,7.381614923360758e-05,0.0007336364649679188,0.5002680619317745,0.19185606098595176
Lewes,50,accum4,2,tail,excess,0.05,0.00014763229846721516,0.0014672729299358377,1.000536123863549,0.3837121219719035
Lewes,50,accum4,2,tail,excess,0.1,0.0002952645969344303,0.0029345458598716754,2.001072247727098,0.767424243943807
Lewes,50,accum4,2,body,excess,1.0,0.0007713920349488035,0.0,0.0,0.0
Lewes,50,accum4,2,excess,excess,2.0,0.0002223918481831788,0.0023562491050010525,1.6067306213287813,0.6161916610932696
Lewes,50,accum4,2,gate,excess,0.5,0.0002663197410583962,0.0,0.0,0.0
Lewes,50,accum4,2,amp_true,excess,0.0001,2.9038648171990647e-07,6.050781315478331e-06,0.0041260389667240795,0.0015823628247892943
Lewes,50,accum4,2,amp_true,excess,0.0003,8.711594451597193e-07,1.815234394643499e-05,0.012378116900172237,0.004747088474367883
Lewes,50,accum4,2,amp_true,excess,0.0007,2.032705372039345e-06,4.235546920834832e-05,0.028882272767068555,0.01107653977352506
Lewes,50,accum4,2,amp_true,excess,0.001,2.9038648171990646e-06,6.050781315478331e-05,0.04126038966724079,0.01582362824789294
Lewes,50,accum4,2,amp_true,excess,0.003,8.711594451597193e-06,0.00018152343946434995,0.12378116900172238,0.04747088474367883
Lewes,50,accum4,2,tail,full,0.01,2.952645969344303e-05,0.0007801791403547754,0.09805231614847201,0.03925983048497414
Lewes,50,accum4,2,tail,full,0.025,7.381614923360758e-05,0.0019504478508869387,0.24513079037118005,0.09814957621243535
Lewes,50,accum4,2,tail,full,0.05,0.00014763229846721516,0.0039008957017738774,0.4902615807423601,0.1962991524248707
Lewes,50,accum4,2,tail,full,0.1,0.0002952645969344303,0.007801791403547755,0.9805231614847202,0.3925983048497414
Lewes,50,accum4,2,body,full,1.0,0.0007713920349488035,0.0062764642575560085,0.788821215338585,0.31584146518528444
Lewes,50,accum4,2,excess,full,2.0,0.0002223918481831788,0.004668697784482832,0.5867583577761565,0.23493615007576432
Lewes,50,accum4,2,gate,full,0.5,0.0002663197410583962,0.00467249670499999,0.5872358031938869,0.23512731767794048
Lewes,50,accum4,2,amp_true,full,0.0001,2.9038648171990647e-07,1.2494865352061532e-05,0.001570345096865582,0.0006287611014970785
Lewes,50,accum4,2,amp_true,full,0.0003,8.711594451597193e-07,3.748459605618459e-05,0.004711035290596746,0.0018862833044912353
Lewes,50,accum4,2,amp_true,full,0.0007,2.032705372039345e-06,8.746405746443072e-05,0.010992415678059074,0.004401327710479549
Lewes,50,accum4,2,amp_true,full,0.001,2.9038648171990646e-06,0.0001249486535206153,0.01570345096865582,0.006287611014970784
Lewes,50,accum4,2,amp_true,full,0.003,8.711594451597193e-06,0.00037484596056184595,0.04711035290596746,0.018862833044912354
Lewes,50,batch,12,tail,shared,0.01,1.3979511568322777e-05,0.0008087748210335623,0.11445396817784756,0.05197432290708526
Lewes,50,batch,12,tail,shared,0.025,3.494877892080695e-05,0.0020219370525839057,0.2861349204446189,0.12993580726771314
Lewes,50,batch,12,tail,shared,0.05,6.98975578416139e-05,0.004043874105167811,0.5722698408892378,0.2598716145354263
Lewes,50,batch,12,tail,shared,0.1,0.0001397951156832278,0.008087748210335623,1.1445396817784756,0.5197432290708526
Lewes,50,batch,12,body,shared,1.0,0.0006863668095320463,0.004524346029436542,0.6402639436981338,0.29074819759697457
Lewes,50,batch,12,excess,shared,2.0,0.00010464862862136215,0.005246898826833923,0.7425161809456418,0.3371816317651617
Lewes,50,batch,12,gate,shared,0.5,8.294690633192658e-05,0.0013156341883517185,0.18618229649491919,0.0845466430886276
Lewes,50,batch,12,amp_true,shared,0.0001,1.3947031693533063e-07,6.3120527885181e-06,0.0008932517064152828,0.00040563165581460867
Lewes,50,batch,12,amp_true,shared,0.0003,4.184109508059919e-07,1.8936158365554296e-05,0.0026797551192458482,0.0012168949674438258
Lewes,50,batch,12,amp_true,shared,0.0007,9.762922185473144e-07,4.418436951962669e-05,0.006252761944906979,0.0028394215907022605
Lewes,50,batch,12,amp_true,shared,0.001,1.3947031693533063e-06,6.3120527885181e-05,0.008932517064152828,0.0040563165581460866
Lewes,50,batch,12,amp_true,shared,0.003,4.184109508059919e-06,0.00018936158365554298,0.026797551192458482,0.01216894967443826
Lewes,50,batch,12,tail,temporal,0.01,1.3979511568322777e-05,8.73869836506536e-06,0.09376995980188749,0.043378940261843
Lewes,50,batch,12,tail,temporal,0.025,3.494877892080695e-05,2.1846745912663403e-05,0.23442489950471873,0.10844735065460752
Lewes,50,batch,12,tail,temporal,0.05,6.98975578416139e-05,4.3693491825326806e-05,0.46884979900943746,0.21689470130921504
Lewes,50,batch,12,tail,temporal,0.1,0.0001397951156832278,8.738698365065361e-05,0.9376995980188749,0.4337894026184301
Lewes,50,batch,12,body,temporal,1.0,0.0006863668095320463,5.477545477788693e-05,0.587763987047074,0.2719056181323485
Lewes,50,batch,12,excess,temporal,2.0,0.00010464862862136215,5.567431520056985e-05,0.5974091426733896,0.27636756554721453
Lewes,50,batch,12,gate,temporal,0.5,8.294690633192658e-05,5.382392527740135e-06,0.05775536697568542,0.026718222116467703
Lewes,50,batch,12,amp_true,temporal,0.0001,1.3947031693533063e-07,6.397152358926579e-08,0.0006864417267692343,0.0003175549474658044
Lewes,50,batch,12,amp_true,temporal,0.0003,4.184109508059919e-07,1.9191457076779734e-07,0.0020593251803077027,0.000952664842397413
Lewes,50,batch,12,amp_true,temporal,0.0007,9.762922185473144e-07,4.478006651248605e-07,0.00480509208738464,0.0022228846322606306
Lewes,50,batch,12,amp_true,temporal,0.001,1.3947031693533063e-06,6.397152358926578e-07,0.0068644172676923425,0.003175549474658044
Lewes,50,batch,12,amp_true,temporal,0.003,4.184109508059919e-06,1.9191457076779735e-06,0.02059325180307703,0.00952664842397413
Lewes,50,batch,12,tail,excess,0.01,1.3979511568322777e-05,0.0002346738364565285,0.1999259240529611,0.07627069787870698
Lewes,50,batch,12,tail,excess,0.025,3.494877892080695e-05,0.0005866845911413213,0.4998148101324028,0.19067674469676746
Lewes,50,batch,12,tail,excess,0.05,6.98975578416139e-05,0.0011733691822826426,0.9996296202648056,0.3813534893935349
Lewes,50,batch,12,tail,excess,0.1,0.0001397951156832278,0.002346738364565285,1.9992592405296112,0.7627069787870698
Lewes,50,batch,12,body,excess,1.0,0.0006863668095320463,0.0,0.0,0.0
Lewes,50,batch,12,excess,excess,2.0,0.00010464862862136215,0.001904296397259093,1.6223291980112746,0.6189101323775538
Lewes,50,batch,12,gate,excess,0.5,8.294690633192658e-05,0.0,0.0,0.0
Lewes,50,batch,12,amp_true,excess,0.0001,1.3947031693533063e-07,2.4324658918646123e-06,0.002072293181470311,0.0007905690465542485
Lewes,50,batch,12,amp_true,excess,0.0003,4.184109508059919e-07,7.297397675593835e-06,0.006216879544410931,0.002371707139662745
Lewes,50,batch,12,amp_true,excess,0.0007,9.762922185473144e-07,1.7027261243052285e-05,0.014506052270292174,0.005533983325879739
Lewes,50,batch,12,amp_true,excess,0.001,1.3947031693533063e-06,2.432465891864612e-05,0.020722931814703107,0.007905690465542485
Lewes,50,batch,12,amp_true,excess,0.003,4.184109508059919e-06,7.297397675593836e-05,0.06216879544410932,0.023717071396627452
Lewes,50,batch,12,tail,full,0.01,1.3979511568322777e-05,0.00084438473494343,0.10592546305150816,0.04875624266042813
Lewes,50,batch,12,tail,full,0.025,3.494877892080695e-05,0.002110961837358575,0.2648136576287704,0.12189060665107032
Lewes,50,batch,12,tail,full,0.05,6.98975578416139e-05,0.00422192367471715,0.5296273152575408,0.24378121330214064
Lewes,50,batch,12,tail,full,0.1,0.0001397951156832278,0.0084438473494343,1.0592546305150816,0.4875624266042813
Lewes,50,batch,12,body,full,1.0,0.0006863668095320463,0.0056886892891668634,0.7136285417944283,0.3284748100295534
Lewes,50,batch,12,excess,full,2.0,0.00010464862862136215,0.005581782158741522,0.7002173717138004,0.32230180644784234
Lewes,50,batch,12,gate,full,0.5,8.294690633192658e-05,0.0013390027176807778,0.16797376483489662,0.07731634493675509
Lewes,50,batch,12,amp_true,full,0.0001,1.3947031693533063e-07,6.764532557399942e-06,0.0008485897646143453,0.00039059587082072736
Lewes,50,batch,12,amp_true,full,0.0003,4.184109508059919e-07,2.0293597672199824e-05,0.0025457692938430357,0.001171787612462182
Lewes,50,batch,12,amp_true,full,0.0007,9.762922185473144e-07,4.7351727901799594e-05,0.005940128352300417,0.002734171095745091
Lewes,50,batch,12,amp_true,full,0.001,1.3947031693533063e-06,6.764532557399942e-05,0.008485897646143454,0.0039059587082072734
Lewes,50,batch,12,amp_true,full,0.003,4.184109508059919e-06,0.00020293597672199826,0.025457692938430358,0.01171787612462182
Lewes,50,batch,13,tail,shared,0.01,4.0576327592134476e-05,0.0007961989417252934,0.09465118012941368,0.04415911531024012
Lewes,50,batch,13,tail,shared,0.025,0.00010144081898033619,0.0019904973543132336,0.2366279503235342,0.1103977882756003
Lewes,50,batch,13,tail,shared,0.05,0.00020288163796067238,0.003980994708626467,0.4732559006470684,0.2207955765512006
Lewes,50,batch,13,tail,shared,0.1,0.00040576327592134476,0.007961989417252935,0.9465118012941368,0.4415911531024012
Lewes,50,batch,13,body,shared,1.0,0.0007364369812421501,0.006431583005738199,0.7645789132478363,0.35671111916117665
Lewes,50,batch,13,excess,shared,2.0,0.00029761053156107664,0.0028907712557583063,0.3436514374771854,0.16032915208596465
Lewes,50,batch,13,gate,shared,0.5,0.00040994081064127386,0.004167218973348464,0.4953940190254659,0.2311240238128909
Lewes,50,batch,13,amp_true,shared,0.0001,4.5234840363264084e-07,9.707614175622793e-06,0.001154029589605687,0.000538407716091329
Lewes,50,batch,13,amp_true,shared,0.0003,1.3570452108979225e-06,2.9122842526868374e-05,0.0034620887688170607,0.0016152231482739869
Lewes,50,batch,13,amp_true,shared,0.0007,3.166438825428486e-06,6.795329922935954e-05,0.00807820712723981,0.003768854012639303
Lewes,50,batch,13,amp_true,shared,0.001,4.5234840363264085e-06,9.707614175622792e-05,0.01154029589605687,0.005384077160913291
Lewes,50,batch,13,amp_true,shared,0.003,1.3570452108979225e-05,0.00029122842526868375,0.034620887688170614,0.016152231482739872
Lewes,50,batch,13,tail,temporal,0.01,4.0576327592134476e-05,9.214737923017513e-06,0.0868944592604122,0.04158336129128479
Lewes,50,batch,13,tail,temporal,0.025,0.00010144081898033619,2.3036844807543787e-05,0.2172361481510305,0.10395840322821198
Lewes,50,batch,13,tail,temporal,0.05,0.00020288163796067238,4.607368961508757e-05,0.434472296302061,0.20791680645642396
Lewes,50,batch,13,tail,temporal,0.1,0.00040576327592134476,9.214737923017515e-05,0.868944592604122,0.4158336129128479
Lewes,50,batch,13,body,temporal,1.0,0.0007364369812421501,7.623858293772227e-05,0.718925540205065,0.3440419646353582
Lewes,50,batch,13,excess,temporal,2.0,0.00029761053156107664,3.15778612421231e-05,0.29777745174721887,0.14250146057406957
Lewes,50,batch,13,gate,temporal,0.5,0.00040994081064127386,9.778437021794773e-06,0.09221010999112682,0.04412716703810634
Lewes,50,batch,13,amp_true,temporal,0.0001,4.5234840363264084e-07,1.0279848646747266e-07,0.0009693839335427035,0.0004638988801077421
Lewes,50,batch,13,amp_true,temporal,0.0003,1.3570452108979225e-06,3.0839545940241797e-07,0.00290815180062811,0.001391696640323226
Lewes,50,batch,13,amp_true,temporal,0.0007,3.166438825428486e-06,7.195894052723086e-07,0.006785687534798924,0.0032472921607541944
Lewes,50,batch,13,amp_true,temporal,0.001,4.5234840363264085e-06,1.0279848646747266e-06,0.009693839335427034,0.004638988801077421
Lewes,50,batch,13,amp_true,temporal,0.003,1.3570452108979225e-05,3.0839545940241797e-06,0.029081518006281105,0.013916966403232263
Lewes,50,batch,13,tail,excess,0.01,4.0576327592134476e-05,0.00047500292826745165,0.20002224611450406,0.07138844585880355
Lewes,50,batch,13,tail,excess,0.025,0.00010144081898033619,0.0011875073206686292,0.5000556152862602,0.17847111464700888
Lewes,50,batch,13,tail,excess,0.05,0.00020288163796067238,0.0023750146413372584,1.0001112305725204,0.35694222929401775
Lewes,50,batch,13,tail,excess,0.1,0.00040576327592134476,0.004750029282674517,2.0002224611450408,0.7138844585880355
Lewes,50,batch,13,body,excess,1.0,0.0007364369812421501,0.0,0.0,0.0
Lewes,50,batch,13,excess,excess,2.0,0.00029761053156107664,0.004286772359077948,1.8051464208270167,0.6442613260959581
Lewes,50,batch,13,gate,excess,0.5,0.00040994081064127386,0.0,0.0,0.0
Lewes,50,batch,13,amp_true,excess,0.0001,4.5234840363264084e-07,1.1363965642263936e-05,0.004785330357487481,0.0017078965154027068
Lewes,50,batch,13,amp_true,excess,0.0003,1.3570452108979225e-06,3.40918969267918e-05,0.014355991072462443,0.005123689546208119
Lewes,50,batch,13,amp_true,excess,0.0007,3.166438825428486e-06,7.954775949584754e-05,0.03349731250241237,0.011955275607818946
Lewes,50,batch,13,amp_true,excess,0.001,4.5234840363264085e-06,0.00011363965642263935,0.047853303574874814,0.017078965154027067
Lewes,50,batch,13,amp_true,excess,0.003,1.3570452108979225e-05,0.00034091896926791805,0.14355991072462446,0.051236895462081204
Lewes,50,batch,13,tail,full,0.01,4.0576327592134476e-05,0.0009412636461930873,0.09187626337700251,0.042838576400927766
Lewes,50,batch,13,tail,full,0.025,0.00010144081898033619,0.0023531591154827185,0.2296906584425063,0.10709644100231941
Lewes,50,batch,13,tail,full,0.05,0.00020288163796067238,0.004706318230965437,0.4593813168850126,0.21419288200463882
Lewes,50,batch,13,tail,full,0.1,0.00040576327592134476,0.009412636461930874,0.9187626337700252,0.42838576400927764
Lewes,50,batch,13,body,full,1.0,0.0007364369812421501,0.008328547787489277,0.8129452923908494,0.37904696749538347
Lewes,50,batch,13,excess,full,2.0,0.00029761053156107664,0.005170394154382542,0.504679530556859,0.23531379959403076
Lewes,50,batch,13,gate,full,0.5,0.00040994081064127386,0.004188915353413936,0.40887788647823675,0.19064496024042882
Lewes,50,batch,13,amp_true,full,0.0001,4.5234840363264084e-07,1.4945818415239355e-05,0.0014588536959406792,0.0006802106791706308
Lewes,50,batch,13,amp_true,full,0.0003,1.3570452108979225e-06,4.483745524571806e-05,0.004376561087822037,0.0020406320375118917
Lewes,50,batch,13,amp_true,full,0.0007,3.166438825428486e-06,0.00010462072890667548,0.010211975871584754,0.004761474754194415
Lewes,50,batch,13,amp_true,full,0.001,4.5234840363264085e-06,0.00014945818415239355,0.014588536959406793,0.006802106791706307
Lewes,50,batch,13,amp_true,full,0.003,1.3570452108979225e-05,0.0004483745524571806,0.043765610878220375,0.02040632037511892
Lewes,50,batch,14,tail,shared,0.01,4.641450475901365e-05,0.0008037285493502919,0.0914251875475275,0.03152681669164715
Lewes,50,batch,14,tail,shared,0.025,0.00011603626189753413,0.0020093213733757298,0.22856296886881877,0.07881704172911787
Lewes,50,batch,14,tail,shared,0.05,0.00023207252379506827,0.0040186427467514595,0.45712593773763754,0.15763408345823574
Lewes,50,batch,14,tail,shared,0.1,0.00046414504759013654,0.008037285493502919,0.9142518754752751,0.31526816691647147
Lewes,50,batch,14,body,shared,1.0,0.0008029993041418493,0.007076664301318362,0.8049799418994459,0.27758712614643066
Lewes,50,batch,14,excess,shared,2.0,0.00033034986699931324,0.009588874332948185,1.0907471620463498,0.37613032860220363
Lewes,50,batch,14,gate,shared,0.5,0.0005890827160328627,0.008859396651359755,1.0077681091000907,0.3475160543342594
Lewes,50,batch,14,amp_true,shared,0.0001,4.0562069043517113e-07,7.5178085886836586e-06,0.0008551606891685275,0.0002948913205707493
Lewes,50,batch,14,amp_true,shared,0.0003,1.2168620713055132e-06,2.255342576605097e-05,0.0025654820675055823,0.0008846739617122478
Lewes,50,batch,14,amp_true,shared,0.0007,2.839344833046198e-06,5.2624660120785606e-05,0.005986124824179692,0.002064239243995245
Lewes,50,batch,14,amp_true,shared,0.001,4.056206904351712e-06,7.517808588683659e-05,0.008551606891685274,0.002948913205707493
Lewes,50,batch,14,amp_true,shared,0.003,1.2168620713055134e-05,0.00022553425766050976,0.025654820675055826,0.00884673961712248
Lewes,50,batch,14,tail,temporal,0.01,4.641450475901365e-05,3.9435911853620205e-06,0.06960521574686208,0.024830615030762476
Lewes,50,batch,14,tail,temporal,0.025,0.00011603626189753413,9.858977963405053e-06,0.1740130393671552,0.06207653757690619
Lewes,50,batch,14,tail,temporal,0.05,0.00023207252379506827,1.9717955926810105e-05,0.3480260787343104,0.12415307515381238
Lewes,50,batch,14,tail,temporal,0.1,0.00046414504759013654,3.943591185362021e-05,0.6960521574686208,0.24830615030762476
Lewes,50,batch,14,body,temporal,1.0,0.0008029993041418493,8.060001405386615e-05,1.4226072388648103,0.5074937604775765
Lewes,50,batch,14,excess,temporal,2.0,0.00033034986699931324,6.964364537625481e-05,1.2292250220574434,0.43850755983419093
Lewes,50,batch,14,gate,temporal,0.5,0.0005890827160328627,7.913937713379373e-05,1.3968266893172692,0.4982969367305666
Lewes,50,batch,14,amp_true,temporal,0.0001,4.0562069043517113e-07,1.62674567838995e-08,0.00028712404148254405,0.0001024271883023527
Lewes,50,batch,14,amp_true,temporal,0.0003,1.2168620713055132e-06,4.88023703516985e-08,0.0008613721244476321,0.00030728156490705805
Lewes,50,batch,14,amp_true,temporal,0.0007,2.839344833046198e-06,1.138721974872965e-07,0.0020098682903778083,0.0007169903181164689
Lewes,50,batch,14,amp_true,temporal,0.001,4.056206904351712e-06,1.62674567838995e-07,0.0028712404148254407,0.001024271883023527
Lewes,50,batch,14,amp_true,temporal,0.003,1.2168620713055134e-05,4.88023703516985e-07,0.008613721244476322,0.0030728156490705807
Lewes,50,batch,14,tail,excess,0.01,4.641450475901365e-05,0.00030416614351810124,0.19449348983575096,0.05771410059613026
Lewes,50,batch,14,tail,excess,0.025,0.00011603626189753413,0.000760415358795253,0.4862337245893774,0.14428525149032564
Lewes,50,batch,14,tail,excess,0.05,0.00023207252379506827,0.001520830717590506,0.9724674491787548,0.2885705029806513
Lewes,50,batch,14,tail,excess,0.1,0.00046414504759013654,0.003041661435181012,1.9449348983575097,0.5771410059613026
Lewes,50,batch,14,body,excess,1.0,0.0008029993041418493,0.0,0.0,0.0
Lewes,50,batch,14,excess,excess,2.0,0.00033034986699931324,0.0037110377675405783,2.3729553788365276,0.7041520287386278
Lewes,50,batch,14,gate,excess,0.5,0.0005890827160328627,0.0,0.0,0.0
Lewes,50,batch,14,amp_true,excess,0.0001,4.0562069043517113e-07,1.674507961584641e-06,0.001070733558440783,0.00031773003999100807
Lewes,50,batch,14,amp_true,excess,0.0003,1.2168620713055132e-06,5.023523884753922e-06,0.0032122006753223485,0.0009531901199730241
Lewes,50,batch,14,amp_true,excess,0.0007,2.839344833046198e-06,1.1721555731092485e-05,0.00749513490908548,0.0022241102799370562
Lewes,50,batch,14,amp_true,excess,0.001,4.056206904351712e-06,1.674507961584641e-05,0.01070733558440783,0.0031773003999100804
Lewes,50,batch,14,amp_true,excess,0.003,1.2168620713055134e-05,5.023523884753922e-05,0.032122006753223485,0.009531901199730242
Lewes,50,batch,14,tail,full,0.01,4.641450475901365e-05,0.0008797207397105722,0.08579637405402829,0.031408193366097924
Lewes,50,batch,14,tail,full,0.025,0.00011603626189753413,0.0021993018492764307,0.21449093513507075,0.07852048341524481
Lewes,50,batch,14,tail,full,0.05,0.00023207252379506827,0.0043986036985528615,0.4289818702701415,0.15704096683048963
Lewes,50,batch,14,tail,full,0.1,0.00046414504759013654,0.008797207397105723,0.857963740540283,0.31408193366097925
Lewes,50,batch,14,body,full,1.0,0.0008029993041418493,0.008805918062772079,0.8588132641402566,0.3143929258420734
Lewes,50,batch,14,excess,full,2.0,0.00033034986699931324,0.010281941075749514,1.0027651079667754,0.36709057648477383
Lewes,50,batch,14,gate,full,0.5,0.0005890827160328627,0.00892839973444696,0.8707585131760337,0.31876582266502795
Lewes,50,batch,14,amp_true,full,0.0001,4.0562069043517113e-07,7.702040177089195e-06,0.0007511555544661868,0.00027498177123237976
Lewes,50,batch,14,amp_true,full,0.0003,1.2168620713055132e-06,2.310612053126758e-05,0.00225346666339856,0.0008249453136971391
Lewes,50,batch,14,amp_true,full,0.0007,2.839344833046198e-06,5.3914281239624355e-05,0.005258088881263307,0.0019248723986266582
Lewes,50,batch,14,amp_true,full,0.001,4.056206904351712e-06,7.702040177089194e-05,0.007511555544661868,0.0027498177123237975
Lewes,50,batch,14,amp_true,full,0.003,1.2168620713055134e-05,0.0002310612053126758,0.022534666633985605,0.008249453136971393
Lewes,50,batch,15,tail,shared,0.01,4.46845917031169e-05,0.0019310364796125293,0.11833155436181114,0.04944218809060881
Lewes,50,batch,15,tail,shared,0.025,0.00011171147925779224,0.0048275911990313235,0.2958288859045279,0.12360547022652202
Lewes,50,batch,15,tail,shared,0.05,0.00022342295851558448,0.009655182398062647,0.5916577718090558,0.24721094045304404
Lewes,50,batch,15,tail,shared,0.1,0.00044684591703116896,0.019310364796125294,1.1833155436181115,0.4944218809060881
Lewes,50,batch,15,body,shared,1.0,0.0007656239904463291,0.009466081027009769,0.5800698710081725,0.24236919579700086
Lewes,50,batch,15,excess,shared,2.0,0.00034001836320385337,0.01299322805731449,0.796209128326787,0.33267814062364154
Lewes,50,batch,15,gate,shared,0.5,0.0002929393376689404,0.0038982934252565445,0.23888265459469504,0.09981176368174664
Lewes,50,batch,15,amp_true,shared,0.0001,5.738559179008007e-07,2.538400779402321e-05,0.001555500960189942,0.0006499312162644409
Lewes,50,batch,15,amp_true,shared,0.0003,1.721567753702402e-06,7.615202338206961e-05,0.004666502880569826,0.0019497936487933225
Lewes,50,batch,15,amp_true,shared,0.0007,4.016991425305605e-06,0.00017768805455816244,0.010888506721329594,0.0045495185138510865
Lewes,50,batch,15,amp_true,shared,0.001,5.738559179008007e-06,0.00025384007794023204,0.015555009601899419,0.006499312162644409
Lewes,50,batch,15,amp_true,shared,0.003,1.721567753702402e-05,0.0007615202338206962,0.046665028805698255,0.019497936487933226
Lewes,50,batch,15,tail,temporal,0.01,4.46845917031169e-05,1.7805206438953544e-05,0.09061684702077137,0.03990260945774113
Lewes,50,batch,15,tail,temporal,0.025,0.00011171147925779224,4.451301609738386e-05,0.22654211755192843,0.09975652364435283
Lewes,50,batch,15,tail,temporal,0.05,0.00022342295851558448,8.902603219476772e-05,0.45308423510385687,0.19951304728870567
Lewes,50,batch,15,tail,temporal,0.1,0.00044684591703116896,0.00017805206438953545,0.9061684702077137,0.39902609457741134
Lewes,50,batch,15,body,temporal,1.0,0.0007656239904463291,0.00012359141656742372,0.62899941803926,0.2769762903074068
Lewes,50,batch,15,excess,temporal,2.0,0.00034001836320385337,0.0001115088297676197,0.5675069594481772,0.24989843844621976
Lewes,50,batch,15,gate,temporal,0.5,0.0002929393376689404,2.271650298072256e-05,0.11561213190696464,0.05090913996381941
Lewes,50,batch,15,amp_true,temporal,0.0001,5.738559179008007e-07,2.2737728866104037e-07,0.0011572015777092123,0.0005095670853415168
Lewes,50,batch,15,amp_true,temporal,0.0003,1.721567753702402e-06,6.821318659831209e-07,0.0034716047331276364,0.00152870125602455
Lewes,50,batch,15,amp_true,temporal,0.0007,4.016991425305605e-06,1.5916410206272824e-06,0.008100411043964485,0.003566969597390617
Lewes,50,batch,15,amp_true,temporal,0.001,5.738559179008007e-06,2.2737728866104035e-06,0.011572015777092123,0.005095670853415168
Lewes,50,batch,15,amp_true,temporal,0.003,1.721567753702402e-05,6.821318659831211e-06,0.03471604733127637,0.015287012560245502
Lewes,50,batch,15,tail,excess,0.01,4.46845917031169e-05,0.0006370454982847427,0.1998536116143875,0.07224860302186327
Lewes,50,batch,15,tail,excess,0.025,0.00011171147925779224,0.001592613745711857,0.49963402903596876,0.1806215075546582
Lewes,50,batch,15,tail,excess,0.05,0.00022342295851558448,0.003185227491423714,0.9992680580719375,0.3612430151093164
Lewes,50,batch,15,tail,excess,0.1,0.00044684591703116896,0.006370454982847428,1.998536116143875,0.7224860302186328
Lewes,50,batch,15,body,excess,1.0,0.0007656239904463291,0.0,0.0,0.0
Lewes,50,batch,15,excess,excess,2.0,0.00034001836320385337,0.0056339214809028254,1.7674711752017334,0.638954293886492
Lewes,50,batch,15,gate,excess,0.5,0.0002929393376689404,0.0,0.0,0.0
Lewes,50,batch,15,amp_true,excess,0.0001,5.738559179008007e-07,1.2312776926702259e-05,0.0038627585383294743,0.0013964166369109946
Lewes,50,batch,15,amp_true,excess,0.0003,1.721567753702402e-06,3.6938330780106774e-05,0.011588275614988422,0.004189249910732983
Lewes,50,batch,15,amp_true,excess,0.0007,4.016991425305605e-06,8.61894384869158e-05,0.02703930976830632,0.009774916458376961
Lewes,50,batch,15,amp_true,excess,0.001,5.738559179008007e-06,0.0001231277692670226,0.03862758538329474,0.013964166369109946
Lewes,50,batch,15,amp_true,excess,0.003,1.721567753702402e-05,0.00036938330780106777,0.11588275614988423,0.04189249910732983
Lewes,50,batch,15,tail,full,0.01,4.46845917031169e-05,0.002038135297976755,0.11123207073440261,0.04753599385706339
Lewes,50,batch,15,tail,full,0.025,0.00011171147925779224,0.005095338244941888,0.27808017683600655,0.11883998464265849
Lewes,50,batch,15,tail,full,0.05,0.00022342295851558448,0.010190676489883777,0.5561603536720131,0.23767996928531698
Lewes,50,batch,15,tail,full,0.1,0.00044684591703116896,0.020381352979767554,1.1123207073440262,0.47535993857063397
Lewes,50,batch,15,body,full,1.0,0.0007656239904463291,0.012155976624323175,0.6634174154506405,0.2835172084571899
Lewes,50,batch,15,excess,full,2.0,0.00034001836320385337,0.014162098947626472,0.772902364947885,0.33030655484245175
Lewes,50,batch,15,gate,full,0.5,0.0002929393376689404,0.003936908931251977,0.21485842139657382,0.09182161702296682
Lewes,50,batch,15,amp_true,full,0.0001,5.738559179008007e-07,2.8212627090254507e-05,0.0015397157074026116,0.0006580109129091065
Lewes,50,batch,15,amp_true,full,0.0003,1.721567753702402e-06,8.463788127076351e-05,0.004619147122207834,0.001974032738727319
Lewes,50,batch,15,amp_true,full,0.0007,4.016991425305605e-06,0.00019748838963178154,0.01077800995181828,0.0046060763903637445
Lewes,50,batch,15,amp_true,full,0.001,5.738559179008007e-06,0.0002821262709025451,0.015397157074026115,0.006580109129091064
Lewes,50,batch,15,amp_true,full,0.003,1.721567753702402e-05,0.0008463788127076352,0.04619147122207835,0.019740327387273195
Lewes,50,accum4,3,tail,shared,0.01,3.641373390564695e-05,0.000871483780006068,0.10354075660950426,0.044517610476368825
Lewes,50,accum4,3,tail,shared,0.025,9.103433476411738e-05,0.00217870945001517,0.2588518915237607,0.11129402619092206
Lewes,50,accum4,3,tail,shared,0.05,0.00018206866952823477,0.00435741890003034,0.5177037830475214,0.22258805238184412
Lewes,50,accum4,3,tail,shared,0.1,0.00036413733905646953,0.00871483780006068,1.0354075660950428,0.44517610476368824
Lewes,50,accum4,3,body,shared,1.0,0.0007478567713405937,0.0061847035661768395,0.7348029892684754,0.31593040580623616
Lewes,50,accum4,3,excess,shared,2.0,0.00026815684759640135,0.003785640215505056,0.44977090928993657,0.19338014129919615
Lewes,50,accum4,3,gate,shared,0.5,0.0003437274426687509,0.0031370958724098205,0.3727175280113693,0.16025084491416744
Lewes,50,accum4,3,amp_true,shared,0.0001,3.928238322259858e-07,1.0145224396180096e-05,0.001205351417953383,0.0005182438941793671
Lewes,50,accum4,3,amp_true,shared,0.0003,1.1784714966779573e-06,3.0435673188540285e-05,0.0036160542538601487,0.001554731682538101
Lewes,50,accum4,3,amp_true,shared,0.0007,2.749766825581901e-06,7.101657077326067e-05,0.00843745992567368,0.0036277072592555697
Lewes,50,accum4,3,amp_true,shared,0.001,3.9282383222598585e-06,0.00010145224396180096,0.01205351417953383,0.005182438941793671
Lewes,50,accum4,3,amp_true,shared,0.003,1.1784714966779575e-05,0.00030435673188540285,0.03616054253860149,0.015547316825381014
Lewes,50,accum4,3,tail,temporal,0.01,3.641373390564695e-05,9.307076424684092e-06,0.08331719598370502,0.036947877271430056
Lewes,50,accum4,3,tail,temporal,0.025,9.103433476411738e-05,2.326769106171023e-05,0.20829298995926254,0.09236969317857514
Lewes,50,accum4,3,tail,temporal,0.05,0.00018206866952823477,4.653538212342046e-05,0.4165859799185251,0.1847393863571503
Lewes,50,accum4,3,tail,temporal,0.1,0.00036413733905646953,9.307076424684092e-05,0.8331719598370502,0.3694787727143006
Lewes,50,accum4,3,body,temporal,1.0,0.0007478567713405937,8.31120144654484e-05,0.744020966611256,0.32994383736941746
Lewes,50,accum4,3,excess,temporal,2.0,0.00026815684759640135,3.2480507107486964e-05,0.2907663645210124,0.1289433690625329
Lewes,50,accum4,3,gate,temporal,0.5,0.0003437274426687509,2.6994636239840533e-05,0.2416567024354225,0.10716517854427961
Lewes,50,accum4,3,amp_true,temporal,0.0001,3.928238322259858e-07,1.0037778486347653e-07,0.0008985846029693823,0.00039848668977053407
Lewes,50,accum4,3,amp_true,temporal,0.0003,1.1784714966779573e-06,3.0113335459042954e-07,0.0026957538089081466,0.001195460069311602
Lewes,50,accum4,3,amp_true,temporal,0.0007,2.749766825581901e-06,7.026444940443357e-07,0.006290092220785676,0.0027894068283937385
Lewes,50,accum4,3,amp_true,temporal,0.001,3.9282383222598585e-06,1.0037778486347654e-06,0.008985846029693823,0.003984866897705341
Lewes,50,accum4,3,amp_true,temporal,0.003,1.1784714966779575e-05,3.011333545904296e-06,0.02695753808908147,0.011954600693116022
Lewes,50,accum4,3,tail,excess,0.01,3.641373390564695e-05,0.0002597876222547567,0.2017790884523737,0.0786506891234392
Lewes,50,accum4,3,tail,excess,0.025,9.103433476411738e-05,0.0006494690556368918,0.5044477211309343,0.196626722808598
Lewes,50,accum4,3,tail,excess,0.05,0.00018206866952823477,0.0012989381112737835,1.0088954422618686,0.393253445617196
Lewes,50,accum4,3,tail,excess,0.1,0.00036413733905646953,0.002597876222547567,2.017790884523737,0.786506891234392
Lewes,50,accum4,3,body,excess,1.0,0.0007478567713405937,0.0,0.0,0.0
Lewes,50,accum4,3,excess,excess,2.0,0.00026815684759640135,0.0020186990141149853,1.5679393936959172,0.6111610215103072
Lewes,50,accum4,3,gate,excess,0.5,0.0003437274426687509,0.0,0.0,0.0
Lewes,50,accum4,3,amp_true,excess,0.0001,3.928238322259858e-07,6.143769029293373e-06,0.004771913702559179,0.001860025754018846
Lewes,50,accum4,3,amp_true,excess,0.0003,1.1784714966779573e-06,1.8431307087880116e-05,0.014315741107677537,0.005580077262056537
Lewes,50,accum4,3,amp_true,excess,0.0007,2.749766825581901e-06,4.300638320505361e-05,0.033403395917914254,0.013020180278131921
Lewes,50,accum4,3,amp_true,excess,0.001,3.9282383222598585e-06,6.143769029293374e-05,0.047719137025591794,0.01860025754018846
Lewes,50,accum4,3,amp_true,excess,0.003,1.1784714966779575e-05,0.0001843130708788012,0.14315741107677538,0.055800772620565375
Lewes,50,accum4,3,tail,full,0.01,3.641373390564695e-05,0.0009193685524767591,0.09153096406889162,0.0407801438755351
Lewes,50,accum4,3,tail,full,0.025,9.103433476411738e-05,0.0022984213811918976,0.22882741017222907,0.10195035968883776
Lewes,50,accum4,3,tail,full,0.05,0.00018206866952823477,0.004596842762383795,0.45765482034445815,0.2039007193776755
Lewes,50,accum4,3,tail,full,0.1,0.00036413733905646953,0.00919368552476759,0.9153096406889163,0.407801438755351
Lewes,50,accum4,3,body,full,1.0,0.0007478567713405937,0.008172234367197013,0.8136154844663127,0.36249324863361737
Lewes,50,accum4,3,excess,full,2.0,0.00026815684759640135,0.004290246793698234,0.42713058224883915,0.1903011377072199
Lewes,50,accum4,3,gate,full,0.5,0.0003437274426687509,0.0031749704320408996,0.31609532842083504,0.1408311722979787
Lewes,50,accum4,3,amp_true,full,0.0001,3.928238322259858e-07,1.186050066119269e-05,0.00118081378456344,0.000526092525240626
Lewes,50,accum4,3,amp_true,full,0.0003,1.1784714966779573e-06,3.558150198357807e-05,0.003542441353690319,0.0015782775757218778
Lewes,50,accum4,3,amp_true,full,0.0007,2.749766825581901e-06,8.302350462834883e-05,0.008265696491944079,0.003682647676684382
Lewes,50,accum4,3,amp_true,full,0.001,3.9282383222598585e-06,0.0001186050066119269,0.011808137845634399,0.00526092525240626
Lewes,50,accum4,3,amp_true,full,0.003,1.1784714966779575e-05,0.0003558150198357807,0.0354244135369032,0.01578277575721878
