station,epoch,unit,component,group,loss_n,loss_mean,loss_median,loss_min,loss_max,grad_norm_n,grad_norm_mean,grad_norm_median,grad_norm_min,grad_norm_max,ratio_base_n,ratio_base_mean,ratio_base_median,ratio_base_min,ratio_base_max,ratio_dual_base_n,ratio_dual_base_mean,ratio_dual_base_median,ratio_dual_base_min,ratio_dual_base_max,cosine_base_n,cosine_base_mean,cosine_base_median,cosine_base_min,cosine_base_max,cosine_dual_base_n,cosine_dual_base_mean,cosine_dual_base_median,cosine_dual_base_min,cosine_dual_base_max
Battery,50,accum4,amp_true,excess,4,0.003176354501192691,0.0031067255986272357,0.002530368830775842,0.00396159797674045,4,0.03621307369044001,0.036345719231125055,0.02537715391644182,0.0467837023830681,4,165.10364448692724,139.36100543969505,18.7301159921161,362.9624510762026,4,76.23325641876362,40.8022087833089,5.801246847155213,217.52736126128144,4,-0.15939682544909728,-0.24497070066926113,-0.9823975854009853,0.8347516849431185,4,-0.502604597427893,-0.5337226069192813,-0.9813276911972464,0.03835451532423711
Battery,50,accum4,amp_true,full,4,0.003176354501192691,0.0031067255986272357,0.002530368830775842,0.00396159797674045,4,0.0781395647435414,0.08057456114127262,0.05555883398599768,0.0958503027056227,4,3.1927245136579416,3.3697747201128534,2.0432333714555933,3.9881152429504674,4,1.5062945544218498,1.5750346085410076,0.9821041260573633,1.8930048745480208,4,-0.17301190662376345,-0.17842722888235174,-0.22019388948863602,-0.1149992792417143,4,-0.23686770991666584,-0.2585751601574605,-0.2744851073118961,-0.15583541203984624
Battery,50,accum4,amp_true,shared,4,0.003176354501192691,0.0031067255986272357,0.002530368830775842,0.00396159797674045,4,0.06906291720638241,0.06922851820230302,0.04942452926417077,0.0883701031567528,4,3.1973856698595453,3.2940025983549877,2.126230512888033,4.075306969840174,4,1.4919046238462284,1.48635149109711,1.0109864044854986,1.9839291087051938,4,-0.2159819515858625,-0.22196651331614395,-0.27569681003321345,-0.1442979696779487,4,-0.28740671946623303,-0.3160997794602035,-0.32548391492916107,-0.191943404015364
Battery,50,accum4,amp_true,temporal,4,0.003176354501192691,0.0031067255986272357,0.002530368830775842,0.00396159797674045,4,0.00053524276811393,0.0005512061321236194,0.0003147533525993092,0.000723805455609172,4,2.6183659113690054,2.7638814233856532,1.3900330659067897,3.555667732797925,4,1.235295995221425,1.278525779310301,0.6825231827338041,1.7016092395312936,4,-0.15062449531349636,-0.1687069780593056,-0.18764525188484074,-0.07743877325053357,4,-0.23185043094065952,-0.23344662983481565,-0.30288600472039146,-0.15762245937261538
Battery,50,accum4,base,excess,4,0.002068976638838649,0.0020444024848984554,0.0019249153847340494,0.002262186200823635,4,0.0005116677588800561,0.0002947561732522793,0.00010227365108404787,0.0013548850379316176,4,1.0,1.0,1.0,1.0,4,0.37412410361332205,0.3243878905724894,0.2484097111556146,0.599310922152695,4,1.0,0.9999999999999999,0.9999999999999999,1.0,4,0.8343423225975936,0.9526301809227704,0.432383179862985,0.9997257486818484
Battery,50,accum4,base,full,4,0.002068976638838649,0.0020444024848984554,0.0019249153847340494,0.002262186200823635,4,0.024708401208036187,0.024297429453912108,0.023047121726044187,0.02719162419827635,4,1.0,1.0,1.0,1.0,4,0.4706064664017507,0.4776532079946977,0.43737005705597554,0.48974939256163186,4,1.0,1.0,1.0,1.0000000000000002,4,0.990228065135238,0.992044520126431,0.9800437060581102,0.9967795142299798
Battery,50,accum4,base,shared,4,0.002068976638838649,0.0020444024848984554,0.0019249153847340494,0.002262186200823635,4,0.021717861550822753,0.02145326734316977,0.020719769955588954,0.023245141561362523,4,1.0,1.0,1.0,1.0,4,0.4642383207389422,0.47217522591362016,0.4257857340638136,0.48681709706471504,4,1.0,1.0,1.0,1.0000000000000002,4,0.9889106019321378,0.9904500857012607,0.9787168275721303,0.9960254087538996
Battery,50,accum4,base,temporal,4,0.002068976638838649,0.0020444024848984554,0.0019249153847340494,0.002262186200823635,4,0.00020742300500658898,0.0002026858589882145,0.00019788442773928272,0.00022643587431064418,4,1.0,1.0,1.0,1.0,4,0.47172880861962546,0.4778822010341678,0.4401386403451096,0.4910121920650566,4,1.0,1.0000000000000002,1.0,1.0000000000000002,4,0.9962301852071163,0.9969298782332325,0.992728780317033,0.9983322040449669
Battery,50,accum4,body,excess,4,0.001918768793984782,0.0018833553331205621,0.001793707109754905,0.0021146573999430984,4,0.0,0.0,0.0,0.0,4,0.0,0.0,0.0,0.0,4,0.0,0.0,0.0,0.0,0,,,,,0,,,,
Battery,50,accum4,body,full,4,0.001918768793984782,0.0018833553331205621,0.001793707109754905,0.0021146573999430984,4,0.023993467824357947,0.023862303301043247,0.021696334718440867,0.02655292997690443,4,0.9704232563615401,0.9744473072566839,0.9413902081283809,0.9914082028044122,4,0.4570464095992643,0.4654540921259653,0.4117358890410467,0.48554156510408,4,0.9939110271592407,0.9933777018416778,0.9894208064250354,0.9994678985285721,4,0.9717321015660952,0.9706293671551055,0.9511543137045005,0.9945153582496694
Battery,50,accum4,body,shared,4,0.001918768793984782,0.0018833553331205621,0.001793707109754905,0.0021146573999430984,4,0.02091752298137413,0.020963275987284445,0.01922959709764086,0.022513942853286773,4,0.9626739091585506,0.9670285263375734,0.9280796620260674,0.9885589219329879,4,0.4474085790832477,0.4566119257573421,0.3951630801654651,0.48124738465284145,4,0.9927638957749556,0.9921773735469899,0.987334963459116,0.9993658725467266,4,0.9671445631535057,0.9647445922410971,0.9459145944664847,0.9931744736653442
Battery,50,accum4,body,temporal,4,0.001918768793984782,0.0018833553331205621,0.001793707109754905,0.0021146573999430984,4,0.00020218787708533982,0.00019696719773280066,0.00019131258306392306,0.0002235045298118349,4,0.974350393616287,0.980357914160578,0.9479937345360316,0.9886920116079604,4,0.4599221061515257,0.46889199922817054,0.4172486733743717,0.4846557527753899,4,0.9970812329772525,0.9980277504318708,0.9923527081791198,0.9999167228661483,4,0.9875888427728962,0.9868543715827761,0.9791351874275914,0.9975114404984408
Battery,50,accum4,dual_base,excess,4,0.004866951290750876,0.004782494739629328,0.004553948296234012,0.005348867387510836,4,0.001659420855883068,0.0010463001866331564,0.00017065207274495517,0.004374430977521004,4,2.9680665242739943,3.089037804800034,1.668582972604687,4.025607514891222,4,1.0,1.0,1.0,1.0,4,0.8343423225975936,0.9526301809227704,0.432383179862985,0.9997257486818484,4,1.0,0.9999999999999998,0.9999999999999998,1.0000000000000004
Battery,50,accum4,dual_base,full,4,0.004866951290750876,0.004782494739629328,0.004553948296234012,0.005348867387510836,4,0.05250905774457793,0.05166436516307729,0.0501362751457157,0.05657122550644143,4,2.1288895823869756,2.0936521665813514,2.041860623388433,2.2863933729967663,4,1.0,1.0,1.0,1.0,4,0.990228065135238,0.992044520126431,0.9800437060581102,0.9967795142299798,4,0.9999999999999999,1.0,0.9999999999999997,1.0
Battery,50,accum4,dual_base,shared,4,0.004866951290750876,0.004782494739629328,0.004553948296234012,0.005348867387510836,4,0.04683890907616715,0.04696261495885902,0.04454297422674912,0.04888743216020142,4,2.1596705578595055,2.1179617698494333,2.054159572516133,2.348599119223021,4,1.0,1.0,1.0,1.0,4,0.9889106019321378,0.9904500857012607,0.9787168275721303,0.9960254087538996,4,1.0,1.0,1.0,1.0000000000000002
Battery,50,accum4,dual_base,temporal,4,0.004866951290750876,0.004782494739629328,0.004553948296234012,0.005348867387510836,4,0.00043992823540900183,0.0004419375024910659,0.00041467652769105567,0.0004611614089628198,4,2.1234402441854403,2.092570144677995,2.0366093065719744,2.272011380813798,4,1.0,1.0,1.0,1.0,4,0.9962301852071163,0.9969298782332325,0.992728780317033,0.9983322040449669,4,1.0,1.0,0.9999999999999999,1.0000000000000002
Battery,50,accum4,excess,excess,4,0.0001241253355601657,0.00012177653161415947,0.00010196835501119494,0.0001509799240011489,4,0.0005900580110765915,0.0003854516224522981,7.800622781911375e-05,0.0015113225715826565,4,1.1095605920421512,1.078058150177269,0.7627206713780923,1.5194053964359746,4,0.3832158141628526,0.36513316664713663,0.3454900944486099,0.45710682890852716,4,0.656415497604053,0.9000062615153498,-0.1737833510660503,0.999432818451563,4,0.9479775693275271,0.9895868395974855,0.8127908452352897,0.999945752879848
Battery,50,accum4,excess,full,4,0.0001241253355601657,0.00012177653161415947,0.00010196835501119494,0.0001509799240011489,4,0.002162181332788434,0.0020446015972350427,0.000631834847347069,0.0039276872893365825,4,0.08614450585128555,0.08732697567409373,0.025479324634123175,0.14444474742283156,4,0.040368558433168875,0.039783342515872434,0.012478483762442448,0.0694290649384882,4,0.2721142813117887,0.24812000246907318,0.17572010195095442,0.416497018358054,4,0.36703952283269153,0.34834614569419686,0.21716251549435675,0.5543032844480157
Battery,50,accum4,excess,shared,4,0.0001241253355601657,0.00012177653161415947,0.00010196835501119494,0.0001509799240011489,4,0.0020652673100867653,0.002004395724818098,0.0006270010388695752,0.0036252767518412904,4,0.09402570033702537,0.09561466386755196,0.028915001935323106,0.15595847167767446,4,0.04341172586857457,0.04270749423543212,0.014076317303774611,0.07415559769965946,4,0.30996145427853555,0.28562305414294314,0.20260307455978308,0.4659966342684729,4,0.4098472174864978,0.3937818057712398,0.24837383397628252,0.603451424427229
Battery,50,accum4,excess,temporal,4,0.0001241253355601657,0.00012177653161415947,0.00010196835501119494,0.0001509799240011489,4,1.2675807018529992e-05,1.0505401925478912e-05,1.7822220394502542e-06,2.7910202183711886e-05,4,0.05930041291004408,0.052593902055601494,0.008755100350854937,0.1232587471781184,4,0.02826445204542634,0.02417319891327458,0.004189862712035668,0.060521547643120524,4,0.31399063892958956,0.26089949794706235,0.13330790686044805,0.6008556529637854,4,0.388385524058695,0.3242237853422374,0.2129199532924782,0.692174572257827
Battery,50,accum4,gate,excess,4,0.0012619104491022881,0.0013104237441439182,0.0010152735485462472,0.001411520759575069,4,0.0,0.0,0.0,0.0,4,0.0,0.0,0.0,0.0,4,0.0,0.0,0.0,0.0,0,,,,,0,,,,
Battery,50,accum4,gate,full,4,0.0012619104491022881,0.0013104237441439182,0.0010152735485462472,0.001411520759575069,4,0.012697531839037692,0.01008051395249052,0.008153790780665393,0.022475308670504335,4,0.5269758645615498,0.4145662976038152,0.30358146899348387,0.9751893940450846,4,0.24273714433705404,0.19925496828317676,0.1459199998679817,0.42651864091388086,4,0.3038367757711288,0.26153652140848715,0.21631745274260417,0.47595660752493657,4,0.4186622597862194,0.3709571160793586,0.29295212629367995,0.6397826806924806
Battery,50,accum4,gate,shared,4,0.0012619104491022881,0.0013104237441439182,0.0010152735485462472,0.001411520759575069,4,0.012589335173704157,0.01003427348368076,0.008032976137115256,0.022255817590339847,4,0.5891198136093974,0.4641689110784608,0.3540070360956097,1.074134396185058,4,0.26689807472996807,0.22095843937441054,0.16832431780820528,0.45735110236284604,4,0.34614302842128586,0.29975453440471067,0.2508471061063918,0.5342159387693304,4,0.4673052275118436,0.41956630627691044,0.3351680638686722,0.6949202336248814
Battery,50,accum4,gate,temporal,4,0.0012619104491022881,0.0013104237441439182,0.0010152735485462472,0.001411520759575069,4,7.077630492924006e-05,5.929119023634442e-05,2.1164296853585254e-05,0.00014335854239068616,4,0.3486315726891397,0.2953438795849426,0.09346706619707376,0.7103714653895999,4,0.16020966486628144,0.1411416297446346,0.04589346905931494,0.3126619309165416,4,0.5816248237152465,0.6222267031022912,0.37983535835229343,0.70221053030411,4,0.6453556659763958,0.6729600552571378,0.452711720253969,0.7827908331373389
Battery,50,accum4,tail,excess,4,0.004023973175208084,0.0037914934509899467,0.0034069373505190015,0.005105968448333442,4,0.009951489452915942,0.005351829048106965,0.002334162130785226,0.026768137584664613,4,19.653548462640174,19.490285722014,16.81090994790515,22.822712458627546,4,7.568051648879761,5.909462062968256,4.77538161997666,13.677900849605875,4,0.9708904013310049,0.9688179099003852,0.9463367096952007,0.9995890758280486,4,0.7591934633688704,0.8846322374922345,0.2687607143348018,0.9987486641562107
Battery,50,accum4,tail,full,4,0.004023973175208084,0.0037914934509899467,0.0034069373505190015,0.005105968448333442,4,0.04218648898958914,0.0428454384537998,0.016277542858844214,0.06677753619191273,4,1.692383289331394,1.8286567400269864,0.6564069716758225,2.4558127055957804,4,0.79277606318895,0.8346070533370035,0.32147491565145436,1.180415230430339,4,0.27742598955344316,0.23313914081143816,0.136310640894613,0.5071150356962834,4,0.3496966510061945,0.3244537941138662,0.1347239606941337,0.6151550551029119
Battery,50,accum4,tail,shared,4,0.004023973175208084,0.0037914934509899467,0.0034069373505190015,0.005105968448333442,4,0.0404652248958413,0.042304917562623626,0.01609279482077136,0.061158269637346566,4,1.8516481491099106,2.0167192858843173,0.7421410245608144,2.631013000110194,4,0.8546644742950592,0.9031845380078574,0.3612869391893291,1.2510018819751931,4,0.3075333810371754,0.26063356896438994,0.15225929416627718,0.5566070920536446,4,0.382390741318296,0.3586182152696374,0.1500172350265207,0.6623092997073883
Battery,50,accum4,tail,temporal,4,0.004023973175208084,0.0037914934509899467,0.0034069373505190015,0.005105968448333442,4,0.0002161545978942148,0.00018469921987892423,5.518431416185687e-05,0.00044003563765715383,4,1.0156712382361244,0.9241408279737117,0.27109091773390553,1.943312379263169,4,0.48285642579648524,0.4237508423234921,0.12973394732978763,0.9541900712091692,4,0.25326281961427427,0.24626865955155813,-0.23515870403097625,0.7556726633849571,4,0.2947364496740029,0.3202482519518498,-0.2900668536235444,0.8285161484158565
Battery,50,batch,amp_true,excess,16,0.003176354501192691,0.002581700449809432,0.0005494296783581376,0.009236427024006844,16,0.039700096418973416,0.03103066634290465,0.0038650512367221545,0.13379230181776344,16,66.82661468665222,71.03758956438156,4.60270962824321,143.58237761221054,16,18.84817362947108,18.524634315812918,1.5055584171265137,35.278024509376706,16,-0.2432343880057597,-0.5518894146933271,-0.974034074038574,0.9871440020173655,16,-0.32107873124495767,-0.666095028745211,-0.9810742172444255,0.9831532853651344
Battery,50,batch,amp_true,full,16,0.003176354501192691,0.002581700449809432,0.0005494296783581376,0.009236427024006844,16,0.09605151367757787,0.08379344919856946,0.029302263079533854,0.23481583339231976,16,3.720645559005713,3.344185598231662,1.397589876963891,8.318471804825979,16,1.7515147381564677,1.564535945004879,0.47705299951317653,3.785166331514106,16,-0.066258880600444,-0.11667217720857162,-0.27924441262853944,0.341451739626893,16,-0.07717308726702447,-0.11383882791221361,-0.31688237229547117,0.47228996157676323
Battery,50,batch,amp_true,shared,16,0.003176354501192691,0.002581700449809432,0.0005494296783581376,0.009236427024006844,16,0.08633148109214606,0.07823994779474339,0.029046239008169807,0.19297174815509696,16,3.808142508294151,3.5281811976903437,1.4790625178190158,7.686033236255397,16,1.7715554296503366,1.7032341948989078,0.48783501129262447,3.424434926189003,16,-0.08773892818754028,-0.13140796657078047,-0.3155875934885677,0.3748200676453897,16,-0.1009397187807851,-0.14474326841525423,-0.37452717592356766,0.5058884115750252
Battery,50,batch,amp_true,temporal,16,0.003176354501192691,0.002581700449809432,0.0005494296783581376,0.009236427024006844,16,0.0005823923241040475,0.0005247724695173173,3.526923545109082e-05,0.0014661596677824412,16,2.7411257278639534,2.2164897320992427,0.1714681164679578,6.105629173586372,16,1.317020411819216,1.0992683226360143,0.06315134612249071,2.841414400253272,16,-0.16869620166493884,-0.125032787841486,-0.8567725059662583,0.27625217969224225,16,-0.21759071151647288,-0.16678039296102787,-0.9063905420912933,0.41067713452648485
Battery,50,batch,base,excess,16,0.002068976638838649,0.002037266967818141,0.0017609384376555681,0.002537253312766552,16,0.0008295976164629848,0.00045946043314695783,0.00012421214706408943,0.002615907251419114,16,1.0,1.0,1.0,1.0,16,0.2904423749507453,0.28934131983430134,0.19188361635043671,0.3716258332228352,16,0.9999999999999999,1.0,0.9999999999999996,1.0000000000000002,16,0.9820960309129849,0.9916606214873618,0.9292664079535071,0.9999414974161697
Battery,50,batch,base,full,16,0.002068976638838649,0.002037266967818141,0.0017609384376555681,0.002537253312766552,16,0.025487390486815663,0.024956909340543364,0.02087206161178611,0.036764903221713975,16,1.0,1.0,1.0,1.0,16,0.4674688149546564,0.479218458967379,0.3413397645305798,0.5015641698593324,16,1.0,1.0,0.9999999999999998,1.0000000000000002,16,0.9849679575609882,0.9843965147496156,0.9641808175648401,0.9986923699761237
Battery,50,batch,base,shared,16,0.002068976638838649,0.002037266967818141,0.0017609384376555681,0.002537253312766552,16,0.0224769264566173,0.022184453043562598,0.018321951042913114,0.03172095559001975,16,1.0,1.0,1.0,1.0,16,0.4620361987327769,0.4747516979414972,0.3298271745889229,0.5019577417328182,16,1.0,1.0,0.9999999999999997,1.0000000000000002,16,0.982944730013227,0.9828022579191583,0.9609404664885777,0.9984458434075616
Battery,50,batch,base,temporal,16,0.002068976638838649,0.002037266967818141,0.0017609384376555681,0.002537253312766552,16,0.00020968547968580435,0.0002019350862115356,0.00017794985232571988,0.000295244660049708,16,1.0,1.0,1.0,1.0,16,0.47211082878184246,0.4783468723632678,0.3682978936453868,0.5456318612731462,16,1.0,1.0000000000000002,0.9999999999999998,1.0000000000000004,16,0.9950560847489112,0.9976878296241303,0.9798320124867402,0.9999688021721734
Battery,50,batch,body,excess,16,0.001918768793984782,0.001904902805108577,0.0016608353471383452,0.0024424958974123,16,0.0,0.0,0.0,0.0,16,0.0,0.0,0.0,0.0,16,0.0,0.0,0.0,0.0,0,,,,,0,,,,
Battery,50,batch,body,full,16,0.001918768793984782,0.001904902805108577,0.0016608353471383452,0.0024424958974123,16,0.024520555085744092,0.024067345506750406,0.019442558102427166,0.03636906949656229,16,0.961086987743285,0.9790055784633971,0.7835870852759208,1.006466833774131,16,0.45105127397109457,0.4671471883977823,0.26746943117728617,0.49911997235399774,16,0.9879100424312355,0.9938961683770525,0.9387468099083017,0.9994618824157973,16,0.9568708493284827,0.96757387678552,0.86147837492908,0.994848272480986
Battery,50,batch,body,shared,16,0.001918768793984782,0.001904902805108577,0.0016608353471383452,0.0024424958974123,16,0.021431582648798353,0.020939096510253642,0.016974847272436904,0.031242332917970947,16,0.9535132198908646,0.9754298341958962,0.7543490978451146,1.0089713277710788,16,0.44272274053154703,0.459595755415531,0.24880483159595712,0.4991160195516715,16,0.9863817017794807,0.9936338180920767,0.92765764126874,0.999379096260398,16,0.9518553994098125,0.9610391515349287,0.8411256476148633,0.9936204134275075
Battery,50,batch,body,temporal,16,0.001918768793984782,0.001904902805108577,0.0016608353471383452,0.0024424958974123,16,0.0002029909901441287,0.0001980527552590368,0.00017129557458411338,0.0002923068941275525,16,0.9675689346523036,0.9710299750134548,0.8327861139481005,1.0209543987159952,16,0.45775326935438587,0.46881267547771727,0.30671337162421247,0.5141449723760836,16,0.9945603336309075,0.9984397210956202,0.9647542335784517,0.9999600368109373,16,0.982991610294009,0.9949532216841286,0.9171467026110961,0.99995427075388
Battery,50,batch,dual_base,excess,16,0.004866951290750876,0.004838855471462011,0.003989497199654579,0.006567028351128101,16,0.0026363578359548494,0.0017392889437361793,0.0005487714813946042,0.008237211411936304,16,3.560645877470134,3.463078517352359,2.69087859508512,5.211492356771626,16,1.0,1.0,1.0,1.0,16,0.9820960309129849,0.9916606214873618,0.9292664079535071,0.9999414974161697,16,1.0,1.0,0.9999999999999998,1.0000000000000002
Battery,50,batch,dual_base,full,16,0.004866951290750876,0.004838855471462011,0.003989497199654579,0.006567028351128101,16,0.05490179313310621,0.05240744012963542,0.041613940680092526,0.0742526336355371,16,2.1576618647770385,2.0868171552605017,1.9937628325413634,2.9296323016312753,16,1.0,1.0,1.0,1.0,16,0.9849679575609882,0.9843965147496156,0.9641808175648401,0.9986923699761237,16,1.0,1.0,0.9999999999999997,1.0000000000000002
Battery,50,batch,dual_base,shared,16,0.004866951290750876,0.004838855471462011,0.003989497199654579,0.006567028351128101,16,0.04915482088205103,0.04706365714335744,0.037032147464922734,0.07053321639919981,16,2.1872568422529666,2.106458847081545,1.9921995755018749,3.031890872079721,16,1.0,1.0,1.0,1.0,16,0.982944730013227,0.9828022579191583,0.9609404664885777,0.9984458434075616,16,0.9999999999999999,1.0,0.9999999999999996,1.0000000000000002
Battery,50,batch,dual_base,temporal,16,0.004866951290750876,0.004838855471462011,0.003989497199654579,0.006567028351128101,16,0.0004466324536191326,0.00043794395145153376,0.00035801221501148973,0.000587842790342018,16,2.133861732513334,2.0905716526010107,1.8327375488422857,2.7151933726855453,16,1.0,1.0,1.0,1.0,16,0.9950560847489112,0.9976878296241303,0.9798320124867402,0.9999688021721734,16,1.0,1.0,0.9999999999999996,1.0000000000000004
Battery,50,batch,excess,excess,16,0.0001241253355601657,0.0001202930616273079,5.313007204676978e-05,0.00020482535182964057,16,0.0009069145596016438,0.0006468278721343383,0.00021511505761244792,0.0028085732675456193,16,1.291003426879648,1.2372204401485405,0.8463208335397856,2.1427881259324404,16,0.35742768057009855,0.3569492329013431,0.3145146849380673,0.41116593467669166,16,0.9691181409300931,0.9829073002966886,0.8941299269799836,0.9998765693037829,16,0.9981128908597631,0.9984729770484957,0.992839260228908,0.9999844203937327
Battery,50,batch,excess,full,16,0.0001241253355601657,0.0001202930616273079,5.313007204676978e-05,0.00020482535182964057,16,0.002806204720000873,0.0024218959460006622,0.0009239930321353335,0.00758312642182712,16,0.11347153250709813,0.0899697179131789,0.034300754649077614,0.3439363289941369,16,0.05150345599814371,0.04276226243314024,0.01698342352804511,0.15265632419679373,16,0.24540060814127052,0.19637165599983067,0.026957400655849232,0.6652720724281905,16,0.3242350869442516,0.2979178731817778,0.05209330137379567,0.7870463765865253
Battery,50,batch,excess,shared,16,0.0001241253355601657,0.0001202930616273079,5.313007204676978e-05,0.00020482535182964057,16,0.0026271204089523114,0.0021646578890832215,0.0008292384492429332,0.0070438428808599005,16,0.12033536414803214,0.09446470344163274,0.03751492930317969,0.3696993391265774,16,0.05377946256459407,0.04565264500880357,0.01865299050416191,0.1602288157105189,16,0.2753682217576922,0.22232417786082975,0.0282361690696768,0.71506897225905,16,0.35710719507780114,0.3297249672864614,0.05395340955186018,0.8183354339571278
Battery,50,batch,excess,temporal,16,0.0001241253355601657,0.0001202930616273079,5.313007204676978e-05,0.00020482535182964057,16,1.5262654236487014e-05,9.326169240963515e-06,3.777456758799336e-06,4.997382922209453e-05,16,0.07500208211471722,0.04471180760667323,0.01980121592780802,0.2673507289726721,16,0.03492557868464457,0.021639064544354155,0.008706471803707426,0.12128789216834819,16,0.30227247143234737,0.31165651286143414,-0.2115210962746135,0.8076194947024612,16,0.35168542081160775,0.34948916771282973,-0.1931067331585257,0.8372562633997414
Battery,50,batch,gate,excess,16,0.0012619104491022881,0.0012168160174041986,0.0004737584386020899,0.0028871209360659122,16,0.0,0.0,0.0,0.0,16,0.0,0.0,0.0,0.0,16,0.0,0.0,0.0,0.0,0,,,,,0,,,,
Battery,50,batch,gate,full,16,0.0012619104491022881,0.0012168160174041986,0.0004737584386020899,0.0028871209360659122,16,0.01788960206842626,0.015522806457478654,0.00452681898694382,0.053248523063059244,16,0.7125730461890207,0.6072093435149591,0.1868795830398848,2.14605787789938,16,0.31739896844607657,0.29169760812100476,0.09267601195622367,0.7325348907111702,16,0.18548576364380487,0.14542317067490665,-0.1659514842045072,0.7572522826072038,16,0.3241835717475186,0.2858940107605129,-0.0033618356996053147,0.893414646989658
Battery,50,batch,gate,shared,16,0.0012619104491022881,0.0012168160174041986,0.0004737584386020899,0.0028871209360659122,16,0.01773502092066009,0.015379595757556496,0.004413833690829813,0.05276226377790247,16,0.7924443761060539,0.6722773054052534,0.2111850178344284,2.2680012922294557,16,0.3483109152029895,0.3237712764019245,0.10446860340751302,0.7480484581800675,16,0.20931519749661442,0.16932746352468034,-0.18656881416878648,0.814247360884137,16,0.357398812484558,0.3332561529489954,-0.006130419498210396,0.922033842500608
Battery,50,batch,gate,temporal,16,0.0012619104491022881,0.0012168160174041986,0.0004737584386020899,0.0028871209360659122,16,8.969385502842685e-05,6.736475882052097e-05,9.477922308944649e-06,0.0003166435970966657,16,0.43046540237002906,0.295648139758807,0.05125251713309941,1.539423253478123,16,0.19066150474606403,0.14537272869974044,0.025154908815627885,0.566966341684721,16,0.4708010839183413,0.6329462791493514,-0.8940757949170429,0.8978054274902292,16,0.5216173725386726,0.711537096192568,-0.8910723425471447,0.9280219473896814
Battery,50,batch,tail,excess,16,0.004023973175208084,0.003940486698411405,0.0019279581028968096,0.007296718657016754,16,0.01611676779165116,0.009125359966554836,0.002543872734893092,0.052366393575578055,16,19.056530665775142,19.886577093867096,15.416791601812244,21.260467466115056,16,5.555755411261184,5.402437047158967,3.0646295631205867,7.414984969682973,16,0.9857999006090065,0.9992675016645054,0.9211539490690647,0.999996316009968,16,0.9728336944593013,0.9876931579807839,0.9003847062548358,0.9999281100365666
Battery,50,batch,tail,full,16,0.004023973175208084,0.003940486698411405,0.0019279581028968096,0.007296718657016754,16,0.06236523992866322,0.05423788641099468,0.01800397814392171,0.1475870859508173,16,2.517281099772725,2.252906250645819,0.8291908391023046,6.6938829349802305,16,1.1504837981669507,1.0905056611880428,0.41283686348942067,2.9710835329499226,16,0.25364653731723713,0.2676670157412577,-0.07900127730464229,0.6655670863922688,16,0.30127171952389403,0.3020845258785537,-0.06534731159513814,0.786712827823185
Battery,50,batch,tail,shared,16,0.004023973175208084,0.003940486698411405,0.0019279581028968096,0.007296718657016754,16,0.05919786483227511,0.04832903483709061,0.017695870570703136,0.13794483138829544,16,2.7032916021779174,2.409034215734023,0.9126420394413651,7.240098034945692,16,1.21806495818978,1.1430483169048924,0.4550097770253206,3.1378804639145397,16,0.27222003140444945,0.3046002310507133,-0.10479411348812957,0.709483438130491,16,0.3174229649243295,0.34217531765216347,-0.09055062566320204,0.8128680927160485
Battery,50,batch,tail,temporal,16,0.004023973175208084,0.003940486698411405,0.0019279581028968096,0.007296718657016754,16,0.000292590784089262,0.0002100915650483368,5.2006711395476574e-05,0.0009450085238127111,16,1.444188637324531,0.9612321707901907,0.26046244237404387,5.055620544983483,16,0.6800777990985503,0.4237389919393614,0.12761371808189365,2.2935623248916617,16,0.2638729800980796,0.43120026203584405,-0.8233824010317284,0.7614816359958149,16,0.2955655423920244,0.4420874226646835,-0.8394839470599952,0.8458277298500706
Boston,50,accum4,amp_true,excess,4,0.0037799585406901315,0.004008760690339841,0.002775937377009541,0.004326375405071303,4,0.027759170110229762,0.027421829377988902,0.01607773461918743,0.04011528706575382,4,65.50931948384721,60.57543345738509,53.225027929045766,87.66138309157286,4,28.274909741766262,25.238002299634147,20.787302642475243,41.836331725321514,4,0.9431254768030335,0.9761568938423968,0.8297690499751115,0.990419069552229,4,0.8941208191723349,0.9641765496729423,0.6551772701760508,0.9929529071674044
Boston,50,accum4,amp_true,full,4,0.0037799585406901315,0.004008760690339841,0.002775937377009541,0.004326375405071303,4,0.084016562364119,0.08536917827258646,0.06161023712960404,0.10371765578169906,4,6.234621085114657,5.692148714031829,4.972810653221397,8.581376259173572,4,2.957441894078963,2.655699201877932,2.3666992674050316,4.151669905154957,4,0.45426940951233746,0.4587970214722271,0.40580132247354,0.4936822726313556,4,0.5013915402241245,0.508760982522247,0.44422231699574327,0.5438218788562603
Boston,50,accum4,amp_true,shared,4,0.0037799585406901315,0.004008760690339841,0.002775937377009541,0.004326375405071303,4,0.07908272826216112,0.08060484568824716,0.05947543836476552,0.09564578330738463,4,6.558225128663761,6.051432786180147,5.364636369115029,8.765398573179715,4,3.0707509587533495,2.7735618704189626,2.527822285381006,4.208057808794466,4,0.5237909333616039,0.5275420790807211,0.4756368333305805,0.5644427419543928,4,0.5695724280662378,0.5795355164953595,0.5062417687188151,0.6129769105554167
Boston,50,accum4,amp_true,temporal,4,0.0037799585406901315,0.004008760690339841,0.002775937377009541,0.004326375405071303,4,0.0011001018759065192,0.0011136909301878981,0.0008062955207558568,0.0013667301224944235,4,5.1587652595369615,4.694880187144209,4.058934714367156,7.186365949492272,4,2.492781220367366,2.2387637478702125,1.9679987355924613,3.525598650136577,4,0.47103756068758934,0.4629443280565284,0.36784668369966445,0.5904149029376361,4,0.4975487213827114,0.4748649381259765,0.4170333027285882,0.6234317065503044
Boston,50,accum4,base,excess,4,0.001029955587000586,0.0010302646915079094,0.0009521354804746807,0.0011071574845118448,4,0.00045425286382214325,0.00042736467916617367,0.0002085899219285024,0.0007536921750277233,4,1.0,1.0,1.0,1.0,4,0.4258853118839989,0.41786846766116714,0.3905550349393292,0.47724927727433225,4,1.0,1.0,1.0,1.0000000000000002,4,0.9886720388085206,0.9967883526911179,0.9618251951801972,0.9992862546716494
Boston,50,accum4,base,full,4,0.001029955587000586,0.0010302646915079094,0.0009521354804746807,0.0011071574845118448,4,0.013596478556822791,0.01342535916462565,0.012086366178248379,0.015448829719791493,4,1.0,1.0,1.0,1.0,4,0.47383327795684665,0.4711316419568581,0.455085252069998,0.49798457584367234,4,1.0,1.0,1.0,1.0000000000000002,4,0.9945287051097444,0.9942238463011264,0.9922262659476339,0.9974408618890914
Boston,50,accum4,base,shared,4,0.001029955587000586,0.0010302646915079094,0.0009521354804746807,0.0011071574845118448,4,0.012145408810191386,0.011950082732228466,0.010911743773984302,0.013769726002324312,4,1.0,1.0,1.0,1.0,4,0.4676431908741828,0.46469758458619614,0.44400843248010513,0.49716916184423393,4,1.0,1.0,0.9999999999999998,1.0,4,0.9941958332604186,0.9936420781930522,0.9921709883509882,0.9973281883045821
Boston,50,accum4,base,temporal,4,0.001029955587000586,0.0010302646915079094,0.0009521354804746807,0.0011071574845118448,4,0.0002158156767251501,0.00021792092898899811,0.00019018376354616135,0.00023723708537644285,4,1.0,1.0,1.0,1.0,4,0.4837849808738152,0.4769347723112453,0.4567914021025616,0.5244789767702086,4,0.9999999999999999,1.0,0.9999999999999994,1.0000000000000002,4,0.998650415388464,0.999056943955879,0.9971846023097845,0.9993031713323137
Boston,50,accum4,body,excess,4,0.0009179441804008093,0.0009169101540464908,0.0008360474021174014,0.0010019090113928542,4,0.0,0.0,0.0,0.0,4,0.0,0.0,0.0,0.0,4,0.0,0.0,0.0,0.0,0,,,,,0,,,,
Boston,50,accum4,body,full,4,0.0009179441804008093,0.0009169101540464908,0.0008360474021174014,0.0010019090113928542,4,0.012489127769306716,0.012493964095440409,0.01060375370932521,0.01436482917702084,4,0.9173275400369293,0.927546273459859,0.8773318260378872,0.9368857871901122,4,0.43459351815347563,0.4253736766257752,0.42107204801451903,0.4665546713478331,4,0.9855184569967369,0.9890109689665985,0.9714249750823546,0.9926269149713959,4,0.968745141976575,0.9716883397065024,0.9544888623916415,0.9771150261016537
Boston,50,accum4,body,shared,4,0.0009179441804008093,0.0009169101540464908,0.0008360474021174014,0.0010019090113928542,4,0.01094921821523558,0.010941641608208638,0.009329858651510422,0.012583730993014616,4,0.9002710231233373,0.9116556456474687,0.8550291176882838,0.9227436835101278,4,0.4209143920727026,0.4105489940081265,0.4037998765467661,0.45875970372779135,4,0.9836196112577569,0.987298324054354,0.9685456362506593,0.9913361606716603,4,0.9653839598596796,0.9694042121165414,0.9504642098357377,0.9722632053698983
Boston,50,accum4,body,temporal,4,0.0009179441804008093,0.0009169101540464908,0.0008360474021174014,0.0010019090113928542,4,0.00020024364123843156,0.00020475834983114613,0.00016851545248968146,0.00022294241280175245,4,0.9270033948395392,0.9319423538867169,0.8860664514548816,0.9580624201298413,4,0.44864502521568006,0.4320221436577977,0.42805221575543595,0.5024835977916888,4,0.9907796532844578,0.993869654353462,0.9787285151915381,0.9966507892393695,4,0.9847099835447579,0.9857348232302607,0.9688483652527424,0.9985219224657679
Boston,50,accum4,dual_base,excess,4,0.0024781773681752384,0.0025017434381879866,0.002190957427956164,0.0027182651683688164,4,0.0011160324307818042,0.0010486325413340144,0.00043706702526570996,0.0019297976151934786,4,2.365061935730746,2.4022240457196107,2.095341046321125,2.5604586051626375,4,1.0,1.0,1.0,1.0,4,0.9886720388085206,0.9967883526911179,0.9618251951801972,0.9992862546716494,4,1.0,1.0,0.9999999999999999,1.0000000000000002
Boston,50,accum4,dual_base,full,4,0.0024781773681752384,0.0025017434381879866,0.002190957427956164,0.0027182651683688164,4,0.02883384529563637,0.028379637074683488,0.02487912291139581,0.03369698412178269,4,2.1134135945598636,2.124084787846807,2.008094323616,2.19739047892984,4,1.0,1.0,1.0,1.0,4,0.9945287051097444,0.9942238463011264,0.9922262659476339,0.9974408618890914,4,1.0,0.9999999999999999,0.9999999999999998,1.0
Boston,50,accum4,dual_base,shared,4,0.0024781773681752384,0.0025017434381879866,0.002190957427956164,0.0027182651683688164,4,0.02613331261666927,0.025794045510894648,0.022299400087941647,0.030645759356946137,4,2.1430475740688504,2.1542964956680217,2.0113878268123675,2.2522094781269892,4,1.0,1.0,1.0,1.0,4,0.9941958332604186,0.9936420781930522,0.9921709883509882,0.9973281883045821,4,1.0,1.0,1.0,1.0000000000000002
Boston,50,accum4,dual_base,temporal,4,0.0024781773681752384,0.0025017434381879866,0.002190957427956164,0.0027182651683688164,4,0.0004494402690693231,0.0004498735063814492,0.00037875126894879274,0.0005192627945656012,4,2.073181469961,2.0984443511283306,1.9066541163539006,2.1891830612334378,4,1.0,1.0,1.0,1.0,4,0.998650415388464,0.999056943955879,0.9971846023097845,0.9993031713323137,4,0.9999999999999999,0.9999999999999999,0.9999999999999997,1.0
Boston,50,accum4,excess,excess,4,8.144060439008172e-05,8.455643319393857e-05,5.968863479210995e-05,9.696091638033977e-05,4,0.00033342843797250227,0.0003117538800898529,0.00012171846767513388,0.0005884875240351694,4,0.6934409320504588,0.7047137862105537,0.5835299546104383,0.7808062011702893,4,0.2921810081948356,0.2926434952473398,0.2784892491057556,0.30494779317890724,4,0.9615231465502981,0.9901421298956222,0.8677126219489707,0.9980957044609772,4,0.9916591734566904,0.9981703824348669,0.970583731110662,0.9997121978463657
Boston,50,accum4,excess,full,4,8.144060439008172e-05,8.455643319393857e-05,5.968863479210995e-05,9.696091638033977e-05,4,0.0013901959740546435,0.001345287985921973,0.0009405444966381235,0.001929663427736504,4,0.10448932370461364,0.09663117748103536,0.06503872894252913,0.15965621091385476,4,0.049813909273943274,0.04620789729009623,0.02959816635512314,0.0772416761604575,4,0.4758618482834114,0.47009413940161937,0.4341713775769328,0.529087736753474,4,0.5363097710068863,0.5405900098565208,0.4829252134493958,0.5811338508651074
Boston,50,accum4,excess,shared,4,8.144060439008172e-05,8.455643319393857e-05,5.968863479210995e-05,9.696091638033977e-05,4,0.0013448725750312258,0.0013045581808070977,0.0009326352796152839,0.0018377386588954237,4,0.11286475640771079,0.10512787914372355,0.07278484614870614,0.16841842119468994,4,0.05318597662340076,0.049786586429993854,0.03231708544679263,0.08085364818682271,4,0.5378965115744232,0.5330135668318744,0.49227824107025636,0.5932806715636874,4,0.597244701831416,0.6024477461769158,0.5405769719822547,0.6435063429895777
Boston,50,accum4,excess,temporal,4,8.144060439008172e-05,8.455643319393857e-05,5.968863479210995e-05,9.696091638033977e-05,4,1.557468324217056e-05,1.4057643697304624e-05,9.790031643212715e-06,2.4393413930860273e-05,4,0.07401765810749111,0.062221702101426864,0.0433648914428273,0.12826233678428342,4,0.03579882817552298,0.030090280264072768,0.02008982953457241,0.06292492263937399,4,0.5368217508136822,0.4903304389012938,0.40223919571849714,0.7643869297336441,4,0.5616722878555204,0.514427924131917,0.4268957464536914,0.7909375567045563
Boston,50,accum4,gate,excess,4,0.0007347927621594863,0.0007958380338095594,0.00045042204146739095,0.0008970729395514354,4,0.0,0.0,0.0,0.0,4,0.0,0.0,0.0,0.0,4,0.0,0.0,0.0,0.0,0,,,,,0,,,,
Boston,50,accum4,gate,full,4,0.0007347927621594863,0.0007958380338095594,0.00045042204146739095,0.0008970729395514354,4,0.0064106222847043585,0.0066241508624167444,0.002534610520402853,0.009859576893581093,4,0.45682620744592334,0.46790302264081285,0.20970823513227216,0.6817905493697956,4,0.21409441841104676,0.22232400186702006,0.10145684589125109,0.31027282401889583,4,0.37491374654033244,0.4825132240037141,-0.07868150361206659,0.6133100417659682,4,0.45973072249507957,0.5595696248261425,0.028443807840523663,0.6913398324875096
Boston,50,accum4,gate,shared,4,0.0007347927621594863,0.0007958380338095594,0.00045042204146739095,0.0008970729395514354,4,0.006321972043235217,0.006525171389661076,0.00246800852411198,0.009769536869506738,4,0.5053736926688672,0.5164400831692071,0.22617911263607451,0.7624354917009804,4,0.2330267625858614,0.24249804539196376,0.10858317202216773,0.33852778753735047,4,0.42682767419202317,0.5482329492718856,-0.08854846936428928,0.6993932675886108,4,0.5106851286446961,0.6221973634123346,0.02988739223772166,0.7684583955163937
Boston,50,accum4,gate,temporal,4,0.0007347927621594863,0.0007958380338095594,0.00045042204146739095,0.0008970729395514354,4,7.05072169774872e-05,7.164733011174606e-05,2.411533904444669e-05,0.00011461886864200993,4,0.3131436128008804,0.32127373852529445,0.12680019889601893,0.4832267752569135,4,0.1487789014301538,0.15608708255839276,0.062207604400724724,0.2207338362031049,4,0.34667253108102714,0.6727669675885328,-0.7909716129438953,0.8321278020909382,4,0.37811645174188424,0.7125037227041786,-0.7677138090043127,0.8551721705634926
Boston,50,accum4,tail,excess,4,0.0031325087693403475,0.00312662820215337,0.0024843327119015157,0.0037924459611531347,4,0.009174045578040644,0.008733384311930721,0.004172393233790371,0.015057020454510761,4,20.327756824514644,20.003649822674266,19.977679155229275,21.32604849748076,4,8.66337014370711,8.652375485064908,7.802383180477278,9.546346424221346,4,0.9997214673496475,0.9999777623048642,0.9989467693806482,0.9999835754082131,4,0.988164182501983,0.9956377042472424,0.9619300405463761,0.999451280967071
Boston,50,accum4,tail,full,4,0.0031325087693403475,0.00312662820215337,0.0024843327119015157,0.0037924459611531347,4,0.07546550526177648,0.07551067178128007,0.060683751247766135,0.09015692623677966,4,5.562082060121181,5.413446288807249,4.898030242076883,6.523405420793345,4,2.6355099645222824,2.557331330123305,2.271353601315047,3.156023596527472,4,0.6491967975311504,0.6356925337435254,0.6228076391003498,0.7025944835372014,4,0.6924011990899153,0.6905719502572758,0.6269589235814974,0.7615019722636125
Boston,50,accum4,tail,shared,4,0.0031325087693403475,0.00312662820215337,0.0024843327119015157,0.0037924459611531347,4,0.07261085236168997,0.0727147400330515,0.05842994098286905,0.08658398839778784,4,5.9856814063092045,5.850347041160449,5.270333352055485,6.9716981908604385,4,2.7989482382842805,2.7227821648866435,2.4032833854855986,3.346945237878235,4,0.6668150201930183,0.6594410068563338,0.6363999928700266,0.7119780741893794,4,0.7118466163642314,0.7162627837416636,0.6413079088085941,0.7735529891650044
Boston,50,accum4,tail,temporal,4,0.0031325087693403475,0.00312662820215337,0.0024843327119015157,0.0037924459611531347,4,0.001041933081461625,0.0010435768915965878,0.0008151004104725589,0.0012654781321807661,4,4.85145203675637,4.719222210321401,4.070340405870584,5.8970233205120905,4,2.341969010153566,2.294569955239426,1.885683145533338,2.893052984602075,4,0.691124217390754,0.6710663616552075,0.6437727165635532,0.7785914296890479,4,0.7115584729321089,0.7131016541533397,0.6158843744352444,0.8041462089865119
Boston,50,batch,amp_true,excess,16,0.0037799585406901315,0.0033046166645362973,0.001241064048372209,0.009567459113895893,16,0.029080311970564342,0.02628032674146455,0.00472717842929676,0.05581801895318166,16,54.07802430641934,47.079457899652624,7.684496104664512,112.17427681343646,16,20.103710469609915,19.750533053038147,2.4249186240930807,34.0052261802266,16,0.8006047245556673,0.9779116230847942,-0.8670327727528869,0.9983641785425479,16,0.7734563756653379,0.9841063161805383,-0.9102919352526262,0.998417223434516
Boston,50,batch,amp_true,full,16,0.0037799585406901315,0.0033046166645362973,0.001241064048372209,0.009567459113895893,16,0.0904212743950979,0.08532660084170256,0.02194609537759632,0.20061284762530862,16,6.270608367413585,5.891109767271243,1.6574074040483298,14.647067064121291,16,2.9264512689621727,2.844592648973444,0.7348987617842443,6.53512033137194,16,0.4095802143371551,0.38604167064021594,0.06377865057897489,0.6980777271020667,16,0.4438468033947774,0.4118577569090338,0.11363238888695996,0.7589614063727653
Boston,50,batch,amp_true,shared,16,0.0037799585406901315,0.0033046166645362973,0.001241064048372209,0.009567459113895893,16,0.0847639085529405,0.0752160378466184,0.015720007761762064,0.19269110875304432,16,6.533850304141881,5.906468966597304,1.139285240340111,15.147163298619436,16,3.0109305765547667,2.844630936304604,0.49195395095302824,6.651542658924576,16,0.4696898383002097,0.4466423724466476,0.1318335619387835,0.7532471270111568,16,0.5025724982747848,0.46302754164653714,0.23013473442487528,0.803489928096507
Boston,50,batch,amp_true,temporal,16,0.0037799585406901315,0.0033046166645362973,0.001241064048372209,0.009567459113895893,16,0.0011068588089529286,0.0010152508312647396,0.0001844382851897621,0.002263898989126196,16,5.154247176717957,5.285911785749396,0.7549943479420304,10.736193221570028,16,2.4913947479004284,2.5772838893850967,0.3315228442490429,4.845549719232514,16,0.46481690187020447,0.46646798966665914,-0.16433923214664067,0.8187236056237024,16,0.48720173823809354,0.48654998548139006,-0.06443491650646055,0.7720685414125488
Boston,50,batch,base,excess,16,0.001029955587000586,0.0009967185324057937,0.0008678729645907879,0.0012794958893209696,16,0.000632763001039757,0.0006113666010044837,5.636648177662194e-05,0.0011998631983399079,16,1.0,1.0,1.0,1.0,16,0.37286734519201936,0.3816111122453998,0.24777629999529993,0.4625623003656041,16,1.0,1.0,0.9999999999999997,1.0000000000000002,16,0.9929286307841203,0.9983759823844292,0.9329075740580725,0.9997836046573594
Boston,50,batch,base,full,16,0.001029955587000586,0.0009967185324057937,0.0008678729645907879,0.0012794958893209696,16,0.014485496683286504,0.01401539280804271,0.009573933362523152,0.019416217346412478,16,1.0,1.0,1.0,1.0,16,0.47414894214105524,0.4841701296550769,0.38375619829821217,0.5107526225330055,16,1.0,1.0,0.9999999999999999,1.0000000000000004,16,0.9909786917604835,0.993661653508676,0.9737190758321334,0.9977306971291361
Boston,50,batch,base,shared,16,0.001029955587000586,0.0009967185324057937,0.0008678729645907879,0.0012794958893209696,16,0.012972014928658734,0.012587074682625744,0.008655682966319512,0.017547238961216557,16,1.0,1.0,1.0,1.0,16,0.4697974538442924,0.48061031809395105,0.36717875800941074,0.5149178729048077,16,1.0,1.0,0.9999999999999997,1.0000000000000004,16,0.9903923795635599,0.9925962515875701,0.9743238391315262,0.9973612985941446
Boston,50,batch,base,temporal,16,0.001029955587000586,0.0009967185324057937,0.0008678729645907879,0.0012794958893209696,16,0.00021888837664820057,0.0002228432530148159,0.00013856540709672233,0.0002926883794087472,16,1.0,1.0,1.0,1.0,16,0.4888944441363148,0.49569914647423996,0.39175223448575497,0.568490654288336,16,1.0,1.0,0.9999999999999996,1.0000000000000004,16,0.9978861113424251,0.9992018463227095,0.9920271551329818,0.9999928116888586
Boston,50,batch,body,excess,16,0.0009179441804008093,0.0008796110632829368,0.0008010723395273089,0.00111946533434093,16,0.0,0.0,0.0,0.0,16,0.0,0.0,0.0,0.0,16,0.0,0.0,0.0,0.0,0,,,,,0,,,,
Boston,50,batch,body,full,16,0.0009179441804008093,0.0008796110632829368,0.0008010723395273089,0.00111946533434093,16,0.013280864722511106,0.01361720752642201,0.008845792149061468,0.017483086250981036,16,0.9164698806767505,0.941563607414027,0.7167205691355166,0.9878651139390027,16,0.4358583514411546,0.45322271095729494,0.3197810962949242,0.5023443306730325,16,0.9791744749823063,0.9862942344972223,0.9133060748334264,0.9993056065676926,16,0.9565373693853254,0.9707880258937658,0.8709579448116368,0.9952947435659594
Boston,50,batch,body,shared,16,0.0009179441804008093,0.0008796110632829368,0.0008010723395273089,0.00111946533434093,16,0.011679681404804697,0.012052281555486263,0.007365966588069762,0.015965893750369844,16,0.9004810984216352,0.9282936167081348,0.6812248805115235,0.9863260299065201,16,0.4248160297212007,0.445533259301082,0.2991448803787693,0.5027283454045504,16,0.976983000813207,0.985884338141423,0.9088835428745757,0.999177171246422,16,0.9532717849351571,0.9692238230590832,0.8631830251302315,0.9946517766355091
Boston,50,batch,body,temporal,16,0.0009179441804008093,0.0008796110632829368,0.0008010723395273089,0.00111946533434093,16,0.00020246876730065978,0.00020831301020253566,0.00012458993473404633,0.00024815091869775094,16,0.9239891516403834,0.9422356768091019,0.7641750518643432,0.9881838625524586,16,0.45271941883922096,0.4654655945607793,0.3321405417116863,0.5283576478461436,16,0.9885111889809894,0.993505920227613,0.9461253327748723,0.9999624772990674,16,0.9806832646081212,0.9928418550737683,0.9181614853818767,0.9998779730129846
Boston,50,batch,dual_base,excess,16,0.0024781773681752384,0.002340880921110511,0.001971558667719364,0.003357215551659465,16,0.0017322709237775743,0.0015801395475742242,0.00013901329178764662,0.003695229826519048,16,2.739997429093876,2.620553610203276,2.161870950593274,4.0358985101439036,16,1.0,1.0,1.0,1.0,16,0.9929286307841203,0.9983759823844292,0.9329075740580725,0.9997836046573594,16,1.0,1.0,1.0,1.0000000000000002
Boston,50,batch,dual_base,full,16,0.0024781773681752384,0.002340880921110511,0.001971558667719364,0.003357215551659465,16,0.03095473773904055,0.029741464642303317,0.01927184601216782,0.050595188905129755,16,2.1200937889051676,2.065520269678464,1.9578949884596604,2.6058211031758045,16,1.0,1.0,1.0,1.0,16,0.9909786917604835,0.993661653508676,0.9737190758321334,0.9977306971291361,16,1.0,1.0,0.9999999999999997,1.0000000000000002
Boston,50,batch,dual_base,shared,16,0.0024781773681752384,0.002340880921110511,0.001971558667719364,0.003357215551659465,16,0.02809647697025424,0.026831394823123387,0.017402047385678965,0.047789363024009206,16,2.1443430877797587,2.080861491002638,1.9420572728592564,2.7234690956015766,16,1.0,1.0,1.0,1.0,16,0.9903923795635599,0.9925962515875701,0.9743238391315262,0.9973612985941446,16,1.0,1.0,0.9999999999999996,1.0000000000000002
Boston,50,batch,dual_base,temporal,16,0.0024781773681752384,0.002340880921110511,0.001971558667719364,0.003357215551659465,16,0.00045628339424239517,0.00044546564189026656,0.00024374262980661517,0.0007471262539011504,16,2.061785538085215,2.017356208912577,1.7590438689829444,2.5526338128298853,16,1.0,1.0,1.0,1.0,16,0.9978861113424251,0.9992018463227095,0.9920271551329818,0.9999928116888586,16,1.0,1.0,0.9999999999999998,1.0000000000000004
Boston,50,batch,excess,excess,16,8.144060439008172e-05,6.999547258601524e-05,1.8219110643258318e-05,0.000183427517185919,16,0.0005518047738966995,0.0004858498596369184,4.1837166247256365e-05,0.0012683606263568761,16,0.8752192759907563,0.8114285472255663,0.5831712753376264,1.5241231873825705,16,0.31528493597996404,0.3096312453074953,0.2697530466273155,0.3776416041066965,16,0.9848950480222194,0.9951290630566549,0.87123917064879,0.9994271731573897,16,0.9983636131708717,0.9991983253210808,0.9895484915588243,0.9999120677995492
Boston,50,batch,excess,full,16,8.144060439008172e-05,6.999547258601524e-05,1.8219110643258318e-05,0.000183427517185919,16,0.0018883433156265835,0.001718531252901433,0.0002289755723219136,0.003949027589469797,16,0.1318844988489597,0.13933423785789611,0.018936290792455564,0.30204735707230906,16,0.061085406801043005,0.06743216650251505,0.009649157460278333,0.13476526157756255,16,0.376749031813843,0.37392554639612574,-0.07766989859789529,0.7058916313102939,16,0.4165858892074882,0.3859643131922737,-0.0868953918000149,0.7658938632481096
Boston,50,batch,excess,shared,16,8.144060439008172e-05,6.999547258601524e-05,1.8219110643258318e-05,0.000183427517185919,16,0.001793410417316468,0.001621766236891811,0.00022512099911058345,0.0038253005824932518,16,0.13924605803638002,0.14034604175058296,0.021676197946351995,0.3147354540286958,16,0.06356498075016306,0.06776094342456065,0.011135785633320601,0.13820913246103786,16,0.42459025180017285,0.4318540676765301,-0.09539789713561977,0.758721932806195,16,0.46049721553265055,0.4405328191238762,-0.10671424780649227,0.8079126093762821
Boston,50,batch,excess,temporal,16,8.144060439008172e-05,6.999547258601524e-05,1.8219110643258318e-05,0.000183427517185919,16,1.9359977354597578e-05,1.8704756611978872e-05,2.597990847641026e-06,4.592026983837482e-05,16,0.08924137171619755,0.07533719639641084,0.014083846357404879,0.21347546891089586,16,0.042516314850393214,0.03856782455247138,0.007355375025983015,0.09634755793757523,16,0.3912738298679733,0.41697573145448996,-0.19553582186735075,0.6893274535717867,16,0.41027837214615603,0.4265130373801542,-0.2925724752257472,0.7323947421378897
Boston,50,batch,gate,excess,16,0.0007347927621594863,0.0007977452187333256,0.00040895064012147486,0.0013601247919723392,16,0.0,0.0,0.0,0.0,16,0.0,0.0,0.0,0.0,16,0.0,0.0,0.0,0.0,0,,,,,0,,,,
Boston,50,batch,gate,full,16,0.0007347927621594863,0.0007977452187333256,0.00040895064012147486,0.0013601247919723392,16,0.008714748948493833,0.007114691449905862,0.0035360007701839623,0.0288644259586532,16,0.5735436353723276,0.4926623696652859,0.2819018573686694,1.4866142793764339,16,0.26411053389695305,0.24146314919902673,0.13806892440803065,0.5704974441893366,16,0.21066503915593238,0.17197053835121748,-0.3039457844662874,0.6847789171845301,16,0.31201455899332264,0.3087029624309742,-0.23981441752771862,0.819171297966039
Boston,50,batch,gate,shared,16,0.0007347927621594863,0.0007977452187333256,0.00040895064012147486,0.0013601247919723392,16,0.008600388984943858,0.007059520500003068,0.0035154749601987874,0.028507633581095895,16,0.6333173251532246,0.5557856004105609,0.30767095392493987,1.6246221781161319,16,0.28771328911051086,0.2707320328491767,0.1489503235948359,0.596526753595225,16,0.23637163771946715,0.19535488661009973,-0.34287772762431135,0.7629811563838492,16,0.33991989859512256,0.34601292541992423,-0.27439471796539694,0.8702985389096123
Boston,50,batch,gate,temporal,16,0.0007347927621594863,0.0007977452187333256,0.00040895064012147486,0.0013601247919723392,16,8.009016881190639e-05,5.199587959046503e-05,7.173101090021209e-06,0.000325033406742219,16,0.3439872125800809,0.24034359189597504,0.0312500775565466,1.1105101179582573,16,0.15998057530346313,0.11858611110579367,0.01561524030227786,0.43504482012918666,16,0.03820248731007489,0.40355037954756007,-0.9562290017222703,0.9179864620412165,16,0.060629669347919274,0.42132774760908487,-0.9537872454048214,0.9459897262494836
Boston,50,batch,tail,excess,16,0.0031325087693403475,0.002862986526452005,0.0010234860237687826,0.0070035215467214584,16,0.012741345484538324,0.012187657253372432,0.0011238324694066674,0.02397521110526851,16,20.26620827405684,20.000313138579067,19.80724164519724,22.826618201466278,16,7.570704484399037,7.626694136345193,4.907765047959789,10.55873302483761,16,0.9996126962663026,0.9999716387859867,0.996881489605273,0.9999970349452689,16,0.9927349823952222,0.9982481661112858,0.9278135280248874,0.9998348556345411
Boston,50,batch,tail,full,16,0.0031325087693403475,0.002862986526452005,0.0010234860237687826,0.0070035215467214584,16,0.08140488233703197,0.0735642095306748,0.021829312092240587,0.1648496758273348,16,5.553833822660563,5.1580577465640065,1.6410064237933473,11.157818583317685,16,2.584456785418315,2.5270656576620647,0.8330682844257212,4.978313184365388,16,0.5987557270306794,0.5725068504540822,0.3250324890902137,0.8142813186605333,16,0.6370876110163639,0.6152236967496221,0.32116825016673606,0.8618189621406311
Boston,50,batch,tail,shared,16,0.0031325087693403475,0.002862986526452005,0.0010234860237687826,0.0070035215467214584,16,0.07794446173588716,0.07011788606231796,0.020937375437092866,0.15957013601275388,16,5.923126239711305,5.501679125120561,1.7465469474537787,11.667119999795526,16,2.722023153148183,2.619229525629741,0.8906094758684987,5.123358404177576,16,0.6170355291832275,0.6083242517258249,0.35073062360535057,0.8342223266427987,16,0.6560650648107063,0.632992710384576,0.34617453167391155,0.8774888402648914
Boston,50,batch,tail,temporal,16,0.0031325087693403475,0.002862986526452005,0.0010234860237687826,0.0070035215467214584,16,0.0010549471158315697,0.0009855706602382049,0.0003135536920863812,0.002139136173038174,16,4.827182024947268,4.798424245576227,1.4506445722361858,9.80200041173525,16,2.3285426192185334,2.4770011405977757,0.7508109252601868,4.423921902558218,16,0.6912316506430896,0.6796411837919669,0.3909006977001783,0.9255460781867703,16,0.7088223888139895,0.6985729044829909,0.3857266174649484,0.9122587956152062
CBBT,0,accum4,amp_true,excess,4,0.012678107217652723,0.013091461383737624,0.00927728705573827,0.015252219047397375,4,0.0150284182533727,0.015209225917058663,0.011777686424797937,0.017917534754575536,4,27.812231246381835,28.446246746968207,21.69387370895998,32.662557782630934,4,8.792306488775301,8.932710066596012,8.096052257982173,9.20775356392701,4,0.9963893218723786,0.9961122254857092,0.995907249738042,0.9974255867800539,4,0.9979648647983436,0.9978866903772763,0.9974525475023279,0.9986335309364938
CBBT,0,accum4,amp_true,full,4,0.012678107217652723,0.013091461383737624,0.00927728705573827,0.015252219047397375,4,0.0150284182533727,0.015209225917058663,0.011777686424797937,0.017917534754575536,4,0.08807418484691255,0.0900224636104409,0.06859393095115912,0.10365788121560933,4,0.04526661264112581,0.0462585217391736,0.03499393112726251,0.05355547595889353,4,0.0031544829318788377,0.0031554234945291924,0.0031421146451527018,0.0031649700933042645,4,0.0051106943756781716,0.005161202094368246,0.004311334047479151,0.005809039266497042
CBBT,0,accum4,amp_true,shared,4,0.012678107217652723,0.013091461383737624,0.00927728705573827,0.015252219047397375,4,0.0,0.0,0.0,0.0,4,0.0,0.0,0.0,0.0,4,0.0,0.0,0.0,0.0,0,,,,,0,,,,
CBBT,0,accum4,amp_true,temporal,4,0.012678107217652723,0.013091461383737624,0.00927728705573827,0.015252219047397375,4,0.0,0.0,0.0,0.0,4,0.0,0.0,0.0,0.0,4,0.0,0.0,0.0,0.0,0,,,,,0,,,,
CBBT,0,accum4,base,excess,4,0.02587557735387236,0.0255992254242301,0.02427827101200819,0.028025587555021048,4,0.0005383458572575037,0.0005457343796632511,0.0004729664292238925,0.0005889482404796199,4,1.0,1.0,1.0,1.0,4,0.3211321809391001,0.31482359637371526,0.28168620560987584,0.37319532539909406,4,1.0,1.0,0.9999999999999999,1.0,4,0.9990593129964893,0.9991975175432899,0.9984508207637682,0.9993913961356095
CBBT,0,accum4,base,full,4,0.02587557735387236,0.0255992254242301,0.02427827101200819,0.028025587555021048,4,0.17001709338174278,0.1722770930398902,0.14990989197968457,0.18560429546750612,4,1.0,1.0,1.0,1.0,4,0.5135853187721068,0.5137622168084746,0.5101607480722925,0.5166560933991855,4,1.0,1.0,0.9999999999999998,1.0000000000000004,4,0.9999908171736285,0.9999915657607159,0.9999850537861599,0.9999950833869227
CBBT,0,accum4,base,shared,4,0.02587557735387236,0.0255992254242301,0.02427827101200819,0.028025587555021048,4,0.11106459836563315,0.11251554353163865,0.09802651025581684,0.12120079614343844,4,1.0,1.0,1.0,1.0,4,0.5135345214355154,0.5137513720531012,0.5100640044694559,0.5165713371664031,4,1.0,1.0,0.9999999999999999,1.0,4,0.9999958538475324,0.9999960556832775,0.9999936633227576,0.999997640700817
CBBT,0,accum4,base,temporal,4,0.02587557735387236,0.0255992254242301,0.02427827101200819,0.028025587555021048,4,0.004538123472922295,0.004596360207373968,0.0040093086631267,0.004950464813814545,4,1.0,1.0,1.0,1.0,4,0.5135961684647675,0.5138230978311953,0.5101082825814625,0.5166301956152171,4,0.9999999999999999,1.0,0.9999999999999997,1.0000000000000002,4,0.9999970905242694,0.9999972105540946,0.9999956010885424,0.9999983399003461
CBBT,0,accum4,body,excess,4,0.022855272400192916,0.022539435187354684,0.02191705908626318,0.024425160139799118,4,0.0,0.0,0.0,0.0,4,0.0,0.0,0.0,0.0,4,0.0,0.0,0.0,0.0,0,,,,,0,,,,
CBBT,0,accum4,body,full,4,0.022855272400192916,0.022539435187354684,0.02191705908626318,0.024425160139799118,4,0.16097738775303902,0.16330342279528715,0.1426172948517792,0.17468541056980266,4,0.9471072848768174,0.946262312786623,0.9357259592142211,0.9601785547198023,4,0.4863968457891984,0.4861467274090708,0.48344851857982507,0.4898454097588269,4,0.9999810664077617,0.9999816476937734,0.9999755456830794,0.9999854245604209,4,0.9999817441637764,0.9999806335180124,0.9999773158154612,0.9999883938036198
CBBT,0,accum4,body,shared,4,0.022855272400192916,0.022539435187354684,0.02191705908626318,0.024425160139799118,4,0.1051888210269497,0.10669587455619298,0.09332012377799029,0.11404341121742252,4,0.9473817949174105,0.9464673463589295,0.9360871522822074,0.9605053346695753,4,0.4864890514582886,0.4862406082793027,0.4835557919587103,0.4899191973158385,4,0.9999861698227304,0.9999868791949906,0.9999774276532067,0.9999934932477337,4,0.9999955786717204,0.9999957385322364,0.9999933106355199,0.9999975269868886
CBBT,0,accum4,body,temporal,4,0.022855272400192916,0.022539435187354684,0.02191705908626318,0.024425160139799118,4,0.004297081892954092,0.0043578257217007366,0.00381543723118556,0.004657238897229336,4,0.9471594886751558,0.9462063379806198,0.9358774197578501,0.9603478589815335,4,0.48643331347167185,0.48617466120973507,0.4835025344413627,0.4898813970258546,4,0.9999904809545057,0.9999908569331352,0.9999845075957582,0.999995702355994,4,0.9999968865322396,0.9999969691525582,0.9999953376721855,0.9999982701516568
CBBT,0,accum4,dual_base,excess,4,0.05193878337740898,0.051393838599324226,0.048906370997428894,0.05606108531355858,4,0.0016978617698160299,0.0016952865752324355,0.0014534411094489859,0.0019474328193502628,4,3.147392249939717,3.179978719402346,2.6795619664597963,3.5500495944943786,4,1.0,1.0,1.0,1.0,4,0.9990593129964893,0.9991975175432899,0.9984508207637682,0.9993913961356095,4,1.0,1.0,1.0,1.0
CBBT,0,accum4,dual_base,full,4,0.05193878337740898,0.051393838599324226,0.048906370997428894,0.05606108531355858,4,0.3309984319864506,0.3355619800777864,0.29258223121920696,0.36028753657102264,4,1.9471425211716147,1.9464400600341525,1.9355234802725283,1.960166484345626,4,1.0,1.0,1.0,1.0,4,0.9999908171736285,0.9999915657607159,0.9999850537861599,0.9999950833869227,4,1.0,1.0,0.9999999999999999,1.0000000000000004
CBBT,0,accum4,dual_base,shared,4,0.05193878337740898,0.051393838599324226,0.048906370997428894,0.05606108531355858,4,0.2162473250903578,0.21919940066098925,0.19136458852795638,0.2352259105114963,4,1.947336551974561,1.9464834445914012,1.9358410505030983,1.9605382682123433,4,1.0,1.0,1.0,1.0,4,0.9999958538475324,0.9999960556832775,0.9999936633227576,0.999997640700817,4,1.0,1.0,0.9999999999999997,1.0000000000000002
CBBT,0,accum4,dual_base,temporal,4,0.05193878337740898,0.051393838599324226,0.048906370997428894,0.05606108531355858,4,0.008834910686532194,0.00895364151847593,0.007825329836429177,0.009607029872747736,4,1.9471027004670813,1.9462111031897766,1.9356205047387391,1.9603680907500332,4,1.0,1.0,1.0,1.0,4,0.9999970905242694,0.9999972105540946,0.9999956010885424,0.9999983399003461,4,1.0,1.0,0.9999999999999999,1.0000000000000002
CBBT,0,accum4,excess,excess,4,0.0004898064780718414,0.0005050518921052571,0.00035025933175347745,0.0005988627963233739,4,0.0005801092110489036,0.000582330365659938,0.0004562154449773554,0.0006995606678983831,4,1.0743663269587311,1.0909424105619676,0.8403246520961376,1.275255834614851,4,0.3396522455467601,0.3428908864863146,0.3136052319798986,0.35922197723451277,4,0.9979574883901532,0.9982652028521393,0.9965923712372128,0.9987071766191213,4,0.9997847508221863,0.9998115184759175,0.9996370699405566,0.9998788963963537
CBBT,0,accum4,excess,full,4,0.0004898064780718414,0.0005050518921052571,0.00035025933175347745,0.0005988627963233739,4,0.0005801092110489036,0.000582330365659938,0.0004562154449773554,0.0006995606678983831,4,0.0034021956083302033,0.0034523028489063684,0.0026570252936723043,0.004047151441835771,4,0.0017485795034006364,0.0017739112744009653,0.0013555100114668653,0.0020909854533337504,4,0.0031594501820095327,0.0031622551269963484,0.003144253717958207,0.0031690367560872255,4,0.00511988841086092,0.005169094979594024,0.004321364105345002,0.0058199995789106305
CBBT,0,accum4,excess,shared,4,0.0004898064780718414,0.0005050518921052571,0.00035025933175347745,0.0005988627963233739,4,0.0,0.0,0.0,0.0,4,0.0,0.0,0.0,0.0,4,0.0,0.0,0.0,0.0,0,,,,,0,,,,
CBBT,0,accum4,excess,temporal,4,0.0004898064780718414,0.0005050518921052571,0.00035025933175347745,0.0005988627963233739,4,0.0,0.0,0.0,0.0,4,0.0,0.0,0.0,0.0,4,0.0,0.0,0.0,0.0,0,,,,,0,,,,
CBBT,0,accum4,gate,excess,4,0.0044566430151462555,0.0044231354258954525,0.003954029176384211,0.005026272032409906,4,0.0,0.0,0.0,0.0,4,0.0,0.0,0.0,0.0,4,0.0,0.0,0.0,0.0,0,,,,,0,,,,
CBBT,0,accum4,gate,full,4,0.0044566430151462555,0.0044231354258954525,0.003954029176384211,0.005026272032409906,4,0.0011637939607497074,0.001237395778247007,0.000566551231204826,0.0016138330552999888,4,0.007010248757459198,0.0069989929352424814,0.003277655159105526,0.010765354000246306,4,0.003594023619214819,0.0035834233388127032,0.001693420510013147,0.005515827289220722,4,-0.0003045797319689391,-0.0005311228584002553,-0.002930179910772012,0.0027741066996967655,4,0.0016483853357917052,0.0015323785121920674,0.0007984553872402169,0.00273032893154247
CBBT,0,accum4,gate,shared,4,0.0044566430151462555,0.0044231354258954525,0.003954029176384211,0.005026272032409906,4,0.0,0.0,0.0,0.0,4,0.0,0.0,0.0,0.0,4,0.0,0.0,0.0,0.0,0,,,,,0,,,,
CBBT,0,accum4,gate,temporal,4,0.0044566430151462555,0.0044231354258954525,0.003954029176384211,0.005026272032409906,4,0.0,0.0,0.0,0.0,4,0.0,0.0,0.0,0.0,4,0.0,0.0,0.0,0.0,0,,,,,0,,,,
CBBT,0,accum4,tail,excess,4,0.1661497657187283,0.16604885086417198,0.13927901349961758,0.19322234764695168,4,0.003762315774339553,0.00373252131161884,0.0031822607179238104,0.004401959756196722,4,6.967953687786704,7.101287082305921,5.904053458599753,7.765187127935221,4,2.213529616436939,2.1964158599064723,2.187346097918722,2.2739406480160906,4,0.9983287425540713,0.9987970371801775,0.9965576825130105,0.99916321334292,4,0.9996129982421614,0.9998325237636864,0.9989231069014736,0.9998638385397991
CBBT,0,accum4,tail,full,4,0.1661497657187283,0.16604885086417198,0.13927901349961758,0.19322234764695168,4,1.1833646777399531,1.1725474652636967,1.005415135030738,1.3829486454016808,4,6.941040010126411,7.0789279776287275,5.899246898779639,7.70705718646855,4,3.5665677724427836,3.6374044106308014,3.009564210944572,3.981898057564959,4,0.9978882077460675,0.9984490272217394,0.995673255856539,0.9989815206842523,4,0.9977742381798171,0.9983529422162392,0.9954750862734743,0.9989159820133164
CBBT,0,accum4,tail,shared,4,0.1661497657187283,0.16604885086417198,0.13927901349961758,0.19322234764695168,4,0.7723389624740504,0.7640698247503369,0.6553246888864724,0.9058915115090557,4,6.934552189734186,7.079740751303843,5.8935439450156695,7.6851833113133825,4,3.562916966354707,3.6378189104066703,3.006084625111407,3.9699454194940795,4,0.9966816148503395,0.9975665149661406,0.993175083339521,0.9984183461295557,4,0.9965113803825201,0.9974282894444737,0.992870443859029,0.9983184987821037
CBBT,0,accum4,tail,temporal,4,0.1661497657187283,0.16604885086417198,0.13927901349961758,0.19322234764695168,4,0.03159665297043723,0.031244776201666893,0.026877168220973673,0.03701989125744148,4,6.94396848745402,7.090877580488436,5.899642775067542,7.6944760137716655,4,3.568177324096605,3.644027002200566,3.0094566438338375,3.975198648151451,4,0.997551141762863,0.998283338350554,0.994709610623666,0.9989282797266779,4,0.9974342774661643,0.9981802097627102,0.994492984994092,0.9988837053451449
CBBT,0,batch,amp_true,excess,16,0.012678107217652723,0.013520448002964258,0.003834121860563755,0.02194000966846943,16,0.015099070906824583,0.016177081819167737,0.005673921678351559,0.02447993523702625,16,27.934037338783533,28.475569772575483,13.44203353278526,40.8977307215139,16,8.781427205825594,8.642217775962957,7.219142586894552,10.356212190013743,16,0.9905000745445175,0.9925802353830719,0.9717703194273074,0.9962814427069895,16,0.9936648779983721,0.9953527138704985,0.9858267365172096,0.9972825481879779
CBBT,0,batch,amp_true,full,16,0.012678107217652723,0.013520448002964258,0.003834121860563755,0.02194000966846943,16,0.015099070906824583,0.016177081819167737,0.005673921678351559,0.02447993523702625,16,0.08835126527351225,0.09054923173635607,0.04225983783033644,0.13019367568963086,16,0.04544876266139994,0.04654297175351255,0.021311877423979022,0.06784256726721523,16,0.0031328238140425676,0.003144556847687244,0.002999497561396663,0.0031715584400177676,16,0.005063000265630554,0.005440320980627161,0.0029145985282227585,0.006593741525306819
CBBT,0,batch,amp_true,shared,16,0.012678107217652723,0.013520448002964258,0.003834121860563755,0.02194000966846943,16,0.0,0.0,0.0,0.0,16,0.0,0.0,0.0,0.0,16,0.0,0.0,0.0,0.0,0,,,,,0,,,,
CBBT,0,batch,amp_true,temporal,16,0.012678107217652723,0.013520448002964258,0.003834121860563755,0.02194000966846943,16,0.0,0.0,0.0,0.0,16,0.0,0.0,0.0,0.0,16,0.0,0.0,0.0,0.0,0,,,,,0,,,,
CBBT,0,batch,base,excess,16,0.02587557735387236,0.02507304958999157,0.020591776818037033,0.030821433290839195,16,0.0005386713967493181,0.0005934604794512368,0.0002633492731055068,0.0006683120228788297,16,1.0,1.0,1.0,1.0,16,0.33300204540998685,0.2986374420978623,0.2508934729767205,0.5370573261320163,16,1.0,1.0,0.9999999999999998,1.0000000000000002,16,0.9982145611702069,0.998827525904175,0.9903446805191427,0.99936430248886
CBBT,0,batch,base,full,16,0.02587557735387236,0.02507304958999157,0.020591776818037033,0.030821433290839195,16,0.17015568480365595,0.18700309759674366,0.08531929165080744,0.210299478509176,16,1.0,1.0,1.0,1.0,16,0.5133242503502035,0.5140113121309997,0.5043057076920485,0.5210895760324438,16,1.0,1.0000000000000002,0.9999999999999998,1.0000000000000004,16,0.9999791714852807,0.9999852414661998,0.9999132684747905,0.9999933014029112
CBBT,0,batch,base,shared,16,0.02587557735387236,0.02507304958999157,0.020591776818037033,0.030821433290839195,16,0.11119750435235481,0.1221382954182222,0.05612286576540271,0.13713064895730434,16,1.0,1.0,1.0,1.0,16,0.5132656050460643,0.5137451335387357,0.504291263873916,0.5211261862516411,16,1.0,1.0,0.9999999999999997,1.0000000000000002,16,0.9999892373458121,0.9999914829419949,0.9999570011473778,0.9999947891595736
CBBT,0,batch,base,temporal,16,0.02587557735387236,0.02507304958999157,0.020591776818037033,0.030821433290839195,16,0.004542546440097842,0.004982849852372622,0.002282797213160043,0.005589225546394165,16,1.0,1.0,1.0,1.0,16,0.5133374169831757,0.5137736948461896,0.5043622609016936,0.5212514297513844,16,1.0,1.0,0.9999999999999998,1.0000000000000002,16,0.9999918040358666,0.9999932348465917,0.9999668879560751,0.9999959019557454
CBBT,0,batch,body,excess,16,0.022855272400192916,0.022668628953397274,0.01897033303976059,0.027045821771025658,16,0.0,0.0,0.0,0.0,16,0.0,0.0,0.0,0.0,16,0.0,0.0,0.0,0.0,0,,,,,0,,,,
CBBT,0,batch,body,full,16,0.022855272400192916,0.022668628953397274,0.01897033303976059,0.027045821771025658,16,0.1611100383470431,0.17350502974035226,0.08047636958523043,0.1963055711395262,16,0.948163836043628,0.9452090080184936,0.9195070666199509,0.9829727272170127,16,0.4866434160673352,0.4858481005060301,0.4791455475038262,0.4957187568411585,16,0.9999679574795631,0.9999740491139548,0.9998813596845186,0.9999837278921919,16,0.9999712613010001,0.9999755659308672,0.9999226722663069,0.999989681278545
CBBT,0,batch,body,shared,16,0.022855272400192916,0.022668628953397274,0.01897033303976059,0.027045821771025658,16,0.10531628286963268,0.11329831627395706,0.05303509870705048,0.12853602869548214,16,0.9484938238724347,0.9463236424161545,0.9191430454287088,0.9829739988090148,16,0.486757935665209,0.48620763449147253,0.4789895098839819,0.4957052002145953,16,0.9999683646270815,0.9999769200989446,0.9998375732896324,0.9999909700376601,16,0.9999885882734836,0.9999907998809057,0.9999547735031877,0.9999947248943931
CBBT,0,batch,body,temporal,16,0.022855272400192916,0.022668628953397274,0.01897033303976059,0.027045821771025658,16,0.00430130978989237,0.004620713656149356,0.0021533254535797118,0.0052651784725033625,16,0.9482284601595361,0.9463858443556823,0.9188034411439656,0.9828376284213973,16,0.48668953340540677,0.48621168860665365,0.47892760735678397,0.49570620836987456,16,0.9999759987153509,0.9999811530358198,0.9998774182915969,0.9999928030395636,16,0.9999913689457942,0.9999925567870094,0.9999664077186978,0.9999956991209394
CBBT,0,batch,dual_base,excess,16,0.05193878337740898,0.05038207024335861,0.04192107543349266,0.061885107308626175,16,0.0016994400611912465,0.0018992995052794074,0.0007859550646155476,0.0023910110934753375,16,3.1321875529195427,3.3490004129840507,1.8619986197789729,3.9857553412431197,16,1.0,1.0,1.0,1.0,16,0.9982145611702069,0.998827525904175,0.9903446805191427,0.99936430248886,16,1.0,1.0,0.9999999999999998,1.0000000000000002
CBBT,0,batch,dual_base,full,16,0.05193878337740898,0.05038207024335861,0.04192107543349266,0.061885107308626175,16,0.33127040309822053,0.3604123973335118,0.16587819223308506,0.406628296079229,16,1.9482277172542377,1.9454825316556754,1.919055851421865,1.9829242159016858,16,1.0,1.0,1.0,1.0,16,0.9999791714852807,0.9999852414661998,0.9999132684747905,0.9999933014029112,16,1.0,1.0,0.9999999999999997,1.0000000000000002
CBBT,0,batch,dual_base,shared,16,0.05193878337740898,0.05038207024335861,0.04192107543349266,0.061885107308626175,16,0.21650700038057633,0.2354003941763882,0.10918674897921729,0.26512315995646324,16,1.948448450938729,1.9464909671752308,1.9189210336805462,1.9829810104543515,16,1.0,1.0,1.0,1.0,16,0.9999892373458121,0.9999914829419949,0.9999570011473778,0.9999947891595736,16,1.0,1.0,0.9999999999999996,1.0000000000000004
CBBT,0,batch,dual_base,temporal,16,0.05193878337740898,0.05038207024335861,0.04192107543349266,0.061885107308626175,16,0.008843540762461563,0.009601915412830554,0.004437549741694512,0.01080802728068274,16,1.9481763438834965,1.946383137219376,1.9184599656195844,1.9827018742683296,16,1.0,1.0,1.0,1.0,16,0.9999918040358666,0.9999932348465917,0.9999668879560751,0.9999959019557454,16,1.0,1.0,0.9999999999999998,1.0000000000000004
CBBT,0,batch,excess,excess,16,0.0004898064780718414,0.000540165783604607,0.0001503101084381342,0.0008707247907295823,16,0.0005809753012144243,0.000653548380001048,0.00018216117712334344,0.0008935999192301843,16,1.0673585341451082,1.1758323090285454,0.43155630092782893,1.4929046386595821,16,0.33389980916994944,0.3510771581350034,0.23177047305172357,0.37456002961635854,16,0.9961081747663112,0.9972606342144026,0.9820385993508403,0.9988184239067757,16,0.9995521156204801,0.9996916851371975,0.9984755777650699,0.9999230879992133
CBBT,0,batch,excess,full,16,0.0004898064780718414,0.000540165783604607,0.0001503101084381342,0.0008707247907295823,16,0.0005809753012144243,0.000653548380001048,0.00018216117712334344,0.0008935999192301843,16,0.0033766909349113162,0.0037293073518211203,0.0013567515099101985,0.0047525067756130105,16,0.001737237403075493,0.0019199532143161203,0.000684217530367518,0.0024764817407955,16,0.0031505197678670244,0.0031580552798630866,0.00303119196487312,0.0031796346560260527,16,0.00509187392630623,0.00546700412050601,0.0029476338592890334,0.006611200004886356
CBBT,0,batch,excess,shared,16,0.0004898064780718414,0.000540165783604607,0.0001503101084381342,0.0008707247907295823,16,0.0,0.0,0.0,0.0,16,0.0,0.0,0.0,0.0,16,0.0,0.0,0.0,0.0,0,,,,,0,,,,
CBBT,0,batch,excess,temporal,16,0.0004898064780718414,0.000540165783604607,0.0001503101084381342,0.0008707247907295823,16,0.0,0.0,0.0,0.0,16,0.0,0.0,0.0,0.0,16,0.0,0.0,0.0,0.0,0,,,,,0,,,,
CBBT,0,batch,gate,excess,16,0.0044566430151462555,0.0042891050688922405,0.0033508925698697567,0.00629956042394042,16,0.0,0.0,0.0,0.0,16,0.0,0.0,0.0,0.0,16,0.0,0.0,0.0,0.0,0,,,,,0,,,,
CBBT,0,batch,gate,full,16,0.0044566430151462555,0.0042891050688922405,0.0033508925698697567,0.00629956042394042,16,0.0019377917964796601,0.0018589185252940853,0.0006040702788754678,0.003753998015938374,16,0.012758569174118451,0.01138594876216058,0.003364488380280554,0.034701276102832836,16,0.006549145699259532,0.005802481670933295,0.0017150308353829189,0.017848568619029528,16,-0.0007602613388498452,-0.002450683821432636,-0.0029483300986476247,0.0030874879618570696,16,0.0029000349382130508,0.002800520898653743,-0.00026646609908703624,0.007543365313359525
CBBT,0,batch,gate,shared,16,0.0044566430151462555,0.0042891050688922405,0.0033508925698697567,0.00629956042394042,16,0.0,0.0,0.0,0.0,16,0.0,0.0,0.0,0.0,16,0.0,0.0,0.0,0.0,0,,,,,0,,,,
CBBT,0,batch,gate,temporal,16,0.0044566430151462555,0.0042891050688922405,0.0033508925698697567,0.00629956042394042,16,0.0,0.0,0.0,0.0,16,0.0,0.0,0.0,0.0,16,0.0,0.0,0.0,0.0,0,,,,,0,,,,
CBBT,0,batch,tail,excess,16,0.1661497657187283,0.16287720948457718,0.10842490941286087,0.2550037205219269,16,0.0037646356384591576,0.003543578068064663,0.002470598242580008,0.005899256375188701,16,7.048110587350653,6.901796715671027,5.285450982287457,9.855671444944146,16,2.2894857019389976,2.258817385913241,1.596901785758043,3.55438609697199,16,0.9970088746401636,0.9984470975499999,0.9792542102767983,0.999165237073153,16,0.9990322935664526,0.9995310374608017,0.9959312190329535,0.9999146545391121
CBBT,0,batch,tail,full,16,0.1661497657187283,0.16287720948457718,0.10842490941286087,0.2550037205219269,16,1.1845692275093151,1.1197115051604083,0.781611551847583,1.8453048943680743,16,7.013109442898819,6.875534601891566,5.3103152345917985,9.814038502947858,16,3.6038832587830574,3.507803760240858,2.730025518766485,5.113993162667178,16,0.9961511287016107,0.9978802434435761,0.974674040428851,0.9988729670922633,16,0.9959383937529693,0.9976789826021795,0.9732948274228357,0.9988228872632173
CBBT,0,batch,tail,shared,16,0.1661497657187283,0.16287720948457718,0.10842490941286087,0.2550037205219269,16,0.7734448492231843,0.7372539902152457,0.5095106861826586,1.2099115070847415,16,7.00450042405222,6.868622861078423,5.278654810898692,9.856166590180308,16,3.598969941141992,3.503173634937672,2.7137036263732446,5.136306506201505,16,0.9941230435075216,0.9968630042870283,0.9613384762166626,0.9983532394350105,16,0.9938196530147889,0.9965985293397907,0.9592992966006914,0.9982262529111788
CBBT,0,batch,tail,temporal,16,0.1661497657187283,0.16287720948457718,0.10842490941286087,0.2550037205219269,16,0.03163563321058851,0.030270984467927142,0.0209766907832386,0.049508299028887794,16,7.017068907676753,6.874608822074308,5.292981930145858,9.878917230831256,16,3.6059832828276948,3.506684019973367,2.721231220337778,5.149399730966379,16,0.9955044544493211,0.9978034804852332,0.9703931929809835,0.99875343506681,16,0.9952804373418147,0.9976145178614284,0.9688820802847955,0.9986631452123396
CBBT,5,accum4,amp_true,excess,4,0.012213722482556477,0.01261591527145356,0.00891275831963867,0.01471030106768012,4,0.00933569806955752,0.009511478685884475,0.007359238578244068,0.01096059632821706,4,99.88761482663496,99.8739960601564,77.4759128928487,122.32655429337832,4,14.722823533324059,14.941973166081429,13.737271102998625,15.27007669813475,4,-0.8599383829205554,-0.8623498951244428,-0.8724762189106102,-0.8425775225227256,4,0.9952063886308113,0.9955699364208351,0.992578731386618,0.9971069502949571
CBBT,5,accum4,amp_true,full,4,0.012213722482556477,0.01261591527145356,0.00891275831963867,0.01471030106768012,4,0.009357309057456454,0.009533320381141012,0.007376825843760572,0.010985769623783219,4,0.04657370374355369,0.046271967915062905,0.03702299387322428,0.05672788527086468,4,0.0231380777159246,0.022996426439147816,0.01842653076744758,0.0281329272179552,4,-0.019532964301159333,-0.019237156348453,-0.022073209831612907,-0.017584334676118432,4,-0.017514932204372932,-0.017238916451434744,-0.019693334387157733,-0.015888561527464512
CBBT,5,accum4,amp_true,shared,4,0.012213722482556477,0.01261591527145356,0.00891275831963867,0.01471030106768012,4,0.0006353366527389557,0.0006348234740833949,0.0005090845486342251,0.0007626151141548079,4,0.003914444691879879,0.003884071339075699,0.003100830038389745,0.004788806050978373,4,0.0019547870788875193,0.001939827412389963,0.0015494524938220028,0.0023900409969481494,4,-0.34939422793168806,-0.3341672659267077,-0.3994997267805436,-0.3297426530927935,4,-0.3502886940760029,-0.3350222434372294,-0.40061609243563173,-0.3304941969939209
CBBT,5,accum4,amp_true,temporal,4,0.012213722482556477,0.01261591527145356,0.00891275831963867,0.01471030106768012,4,1.5005196376977425e-05,1.4941157810087726e-05,1.216090277217162e-05,1.7977567115562628e-05,4,0.004575838702449567,0.004552739063700567,0.0035823585838266813,0.005615518098570454,4,0.00228445609351973,0.002273223058037403,0.0017895785061854805,0.002801799751818633,4,-0.3867335540124269,-0.37605819363800114,-0.42681342517685733,-0.368004403596848,4,-0.38835667082915937,-0.3777572511776073,-0.42881486809925806,-0.3690973128621647
CBBT,5,accum4,base,excess,4,0.01882034761365503,0.01915350346826017,0.017561432905495167,0.019412950612604618,4,9.433664861346613e-05,9.31334854710408e-05,8.907351905173269e-05,0.00010200610446005017,4,1.0,1.0,1.0,1.0,4,0.15553447159011874,0.1572529762604302,0.11229999228174319,0.19533194155787148,4,1.0,1.0,0.9999999999999998,1.0,4,-0.8146512308788852,-0.8087130089068185,-0.838574231787093,-0.802604673914811
CBBT,5,accum4,base,full,4,0.01882034761365503,0.01915350346826017,0.017561432905495167,0.019412950612604618,4,0.20157808106170397,0.2009324708418499,0.19365730929909153,0.2107900732640245,4,1.0,1.0,1.0,1.0,4,0.496950009686579,0.497083669337862,0.49592765680627643,0.4977050432643156,4,1.0,1.0,0.9999999999999999,1.0000000000000002,4,0.9998948840605106,0.9998989201049351,0.999844339096556,0.999937356935616
CBBT,5,accum4,base,shared,4,0.01882034761365503,0.01915350346826017,0.017561432905495167,0.019412950612604618,4,0.16287115837934,0.16326105767181365,0.1552115720300556,0.16975094614367714,4,1.0,1.0,1.0,1.0,4,0.4994292170840653,0.4994690787317819,0.49908911981512677,0.4996895910575706,4,0.9999999999999999,1.0,0.9999999999999997,1.0,4,0.9999920751947221,0.9999924519366394,0.9999883865031364,0.9999950104024735
CBBT,5,accum4,base,temporal,4,0.01882034761365503,0.01915350346826017,0.017561432905495167,0.019412950612604618,4,0.003291260369767912,0.0033007270165061908,0.003132657199742965,0.0034309302463163016,4,1.0,1.0,1.0,1.0,4,0.4992988170456143,0.4993321300590646,0.49893878047190143,0.49959222759242633,4,1.0,1.0,0.9999999999999999,1.0000000000000002,4,0.9999879822641096,0.9999884627551732,0.9999823394603689,0.9999926640857231
CBBT,5,accum4,body,excess,4,0.017330748378299177,0.01740953209809959,0.01641356386244297,0.018090365454554558,4,0.0,0.0,0.0,0.0,4,0.0,0.0,0.0,0.0,4,0.0,0.0,0.0,0.0,0,,,,,0,,,,
CBBT,5,accum4,body,full,4,0.017330748378299177,0.01740953209809959,0.01641356386244297,0.018090365454554558,4,0.20446565177001458,0.20368491838915867,0.1973853785101848,0.21310739179155622,4,1.0143987803821264,1.0137067590815063,1.0109307461446306,1.0192508572208627,4,0.504102723223422,0.5038954364136083,0.5031453307471402,0.5054746893193311,4,0.9997964796352405,0.9997978822587819,0.9997192040835475,0.9998709499398509,4,0.9999050667216609,0.9999063904076861,0.9998624212299924,0.9999450648412791
CBBT,5,accum4,body,shared,4,0.017330748378299177,0.01740953209809959,0.01641356386244297,0.018090365454554558,4,0.1637686121655306,0.16408526846449206,0.15652377966013492,0.17038013207300332,4,1.0055546862605131,1.0050289527498144,1.003706523843429,1.0084543156989947,4,0.5022028783078214,0.5019886167088838,0.5015257030175411,0.5033085767959772,4,0.999945556773004,0.9999469348499727,0.9999215646914839,0.9999667927005869,4,0.9999643464855243,0.9999649997096742,0.9999484498145982,0.9999789367081509
CBBT,5,accum4,body,temporal,4,0.017330748378299177,0.01740953209809959,0.01641356386244297,0.018090365454554558,4,0.0033150238442997593,0.003323034104970199,0.0031653566401625946,0.0034486705270960435,4,1.0072689522803482,1.0067432677423358,1.0051510295727641,1.0104382440639572,4,0.5029275731603728,0.5027136424023887,0.5021361826012737,0.5041468252354403,4,0.999886384849506,0.9998875702268974,0.999839909829226,0.9999304891150027,4,0.9999239068792685,0.9999236209650484,0.9998929617382579,0.9999554238487192
CBBT,5,accum4,dual_base,excess,4,0.039440114283934236,0.040135958697646856,0.036693742498755455,0.040794797241687775,4,0.0006386856819979098,0.0006376403435921434,0.00048628728414075255,0.0007931747566665998,4,6.845562050089604,6.679018842529931,5.119490401951119,8.904720113347434,4,1.0,1.0,1.0,1.0,4,-0.8146512308788852,-0.8087130089068185,-0.838574231787093,-0.802604673914811,4,1.0000000000000002,1.0000000000000002,1.0000000000000002,1.0000000000000002
CBBT,5,accum4,dual_base,full,4,0.039440114283934236,0.040135958697646856,0.036693742498755455,0.040794797241687775,4,0.40561866544352504,0.404220389144592,0.3904950785488046,0.4235388049361115,4,2.0122796888053864,2.0117367326651214,2.009222155840063,2.016423134051241,4,1.0,1.0,1.0,1.0,4,0.9998948840605106,0.9998989201049351,0.999844339096556,0.999937356935616,4,1.0,1.0,0.9999999999999998,1.0000000000000002
CBBT,5,accum4,dual_base,shared,4,0.039440114283934236,0.040135958697646856,0.036693742498755455,0.040794797241687775,4,0.32611122864650194,0.32687121488192394,0.31098969275777694,0.33971279206438315,4,2.0022862812967084,2.002126273816587,2.001242407078252,2.003650170475408,4,1.0,1.0,1.0,1.0,4,0.9999920751947221,0.9999924519366394,0.9999883865031364,0.9999950104024735,4,1.0,1.0,0.9999999999999999,1.0000000000000002
CBBT,5,accum4,dual_base,temporal,4,0.039440114283934236,0.040135958697646856,0.036693742498755455,0.040794797241687775,4,0.006591697933114827,0.006610076422363703,0.006278640431156835,0.006867998456575067,4,2.0028093045776094,2.0026754452987205,2.0016324209427308,2.004253906770265,4,1.0,1.0,1.0,1.0,4,0.9999879822641096,0.9999884627551732,0.9999823394603689,0.9999926640857231,4,1.0,1.0,0.9999999999999998,1.0000000000000002
CBBT,5,accum4,excess,excess,4,0.00047181346053548623,0.00048701079504098743,0.00033604443160584196,0.0005771878204541281,4,0.0003589151144882687,0.0003598094241492602,0.00028285056676499953,0.0004331910428895549,4,3.842225190122603,3.763917466328413,2.977768099156631,4.863297728676954,4,0.5652343193813152,0.5665678779068313,0.546148297394241,0.5816532243173571,4,-0.8581898937978152,-0.8624761360538151,-0.8700813959254284,-0.8377259071582023,4,0.9966586656123018,0.9967148140782334,0.9950478999909997,0.998157134301741
CBBT,5,accum4,excess,full,4,0.00047181346053548623,0.00048701079504098743,0.00033604443160584196,0.0005771878204541281,4,0.0003597566277684481,0.00036063909742147844,0.00028351552641430356,0.00043423278981653195,4,0.0017901585927445475,0.0017972891806001937,0.0014229146545839753,0.002143141355193827,4,0.000889363375923414,0.0008926178786820424,0.0007081917997211461,0.001064025946608425,4,-0.019685788654075505,-0.01964547726878474,-0.022497100649700962,-0.01695509942903159,4,-0.01766664610159013,-0.017643976903074954,-0.020115496291755814,-0.015263134308454804
CBBT,5,accum4,excess,shared,4,0.00047181346053548623,0.00048701079504098743,0.00033604443160584196,0.0005771878204541281,4,2.4589404038666637e-05,2.4445308859037755e-05,1.940645765455908e-05,3.0060540782031955e-05,4,0.00015143261290989917,0.00015135512563130225,0.0001206476556272737,0.0001823725447497185,4,7.562218060878935e-05,7.559214119802334e-05,6.02842872015289e-05,9.102015283758182e-05,4,-0.3495467871533745,-0.34424914721470473,-0.400836202918354,-0.3088526512657346,4,-0.3504591342523886,-0.3451364828601833,-0.40197471460400785,-0.30958885668518005
CBBT,5,accum4,excess,temporal,4,0.00047181346053548623,0.00048701079504098743,0.00033604443160584196,0.0005771878204541281,4,5.850133460974634e-07,5.795130546484135e-07,4.6342816177221576e-07,7.175991133208107e-07,4,0.0001782875607217308,0.0001783445405115741,0.00014200238553943896,0.00021445877632433598,4,8.90089119765437e-05,8.904805446514425e-05,7.093773865512584e-05,0.00010700180032076047,4,-0.38409038823332164,-0.3780405152022238,-0.4262849676865616,-0.35399555484227735,4,-0.38574773257419964,-0.37964185726369404,-0.4283127420455913,-0.3553944737238194
CBBT,5,accum4,gate,excess,4,0.004690783025580458,0.004628862370736897,0.004024009860586375,0.005481397500261664,4,0.0,0.0,0.0,0.0,4,0.0,0.0,0.0,0.0,4,0.0,0.0,0.0,0.0,0,,,,,0,,,,
CBBT,5,accum4,gate,full,4,0.004690783025580458,0.004628862370736897,0.004024009860586375,0.005481397500261664,4,0.0076516684881014,0.007500499931928641,0.00600742199840895,0.009598252090139366,4,0.03815333307223318,0.03727535330883874,0.02849954888949809,0.04956307678175715,4,0.018953597153063682,0.018525405912378782,0.01418387625501077,0.024579700532486388,4,-0.1046297778495931,-0.10376796887885907,-0.11995661408817496,-0.09102655955247926,4,-0.09480129774383694,-0.09448634012271634,-0.1072924821732164,-0.0829400285566987
CBBT,5,accum4,gate,shared,4,0.004690783025580458,0.004628862370736897,0.004024009860586375,0.005481397500261664,4,0.002645702186777732,0.0026149796932507102,0.002104306687740481,0.003248542672869027,4,0.01632206433815446,0.015981025285448088,0.012396435693262037,0.020929771088459632,4,0.008150812846717356,0.00798153023713022,0.00619436988213758,0.010445821030471404,4,-0.36812462107712995,-0.3616638924532909,-0.4358228196593024,-0.31334787974263584,4,-0.3677199805580388,-0.3613940025197727,-0.4352618904923652,-0.3128300267002445
CBBT,5,accum4,gate,temporal,4,0.004690783025580458,0.004628862370736897,0.004024009860586375,0.005481397500261664,4,7.52379009047239e-05,7.574647320798507e-05,5.945009082026493e-05,9.000856638266048e-05,4,0.02296372092018617,0.022897428413698354,0.0173276885719536,0.02873233828139437,4,0.01146448797652419,0.011433086359036362,0.00865610136579901,0.014335677822225036,4,-0.36123512488217213,-0.3559134094475833,-0.4056744372483609,-0.3274392433851611,4,-0.361497184917206,-0.3564001283626419,-0.40580854403959044,-0.3273799389039497
CBBT,5,accum4,tail,excess,4,0.041690043872222304,0.042276978492736816,0.03280551265925169,0.049400705844163895,4,0.00043299671122998067,0.00043297216905167625,0.0003668043346215912,0.000499238172194979,4,4.630689680932873,4.627839201746138,3.6622925279770944,5.604787792262123,4,0.6870648532687484,0.68227311845407,0.6294176258118449,0.7542955503550083,4,-0.8660344081231525,-0.8705140655365611,-0.8812975511651093,-0.8418119502543786,4,0.9949876985146099,0.9957034356861996,0.9909687024871529,0.997575220198888
CBBT,5,accum4,tail,full,4,0.041690043872222304,0.042276978492736816,0.03280551265925169,0.049400705844163895,4,0.2609038312225796,0.25871972864919435,0.21565050830689908,0.31052535928503056,4,1.2991927817909394,1.2659466051354853,1.0613992751161234,1.6034786417766638,4,0.6454536119932952,0.6291798146746224,0.5282454130687244,0.7952094055552116,4,-0.6415152374577394,-0.6433427016848559,-0.6735811159731555,-0.6057944304880905,4,-0.6486528422687693,-0.6490428840456728,-0.6818735510054463,-0.6146520499782853
CBBT,5,accum4,tail,shared,4,0.041690043872222304,0.042276978492736816,0.03280551265925169,0.049400705844163895,4,0.10665471811335568,0.10440952179673521,0.08649030996896792,0.1313095188909844,4,0.6577328971064297,0.6240315614852401,0.5368650575034315,0.8460034079518071,4,0.328457708240541,0.31166692784495514,0.2682658810369888,0.422231096235265,4,-0.6111763359290598,-0.6090852769737034,-0.6566012315084617,-0.5699335582603711,4,-0.6130248892773527,-0.6105168522522577,-0.6587946088966297,-0.5722712437082654
CBBT,5,accum4,tail,temporal,4,0.041690043872222304,0.042276978492736816,0.03280551265925169,0.049400705844163895,4,0.0029499423476116856,0.0029139314478359487,0.0024517330875874228,0.0035201734071874232,4,0.8998938633194058,0.8721431848246801,0.7315870049340942,1.1237020786941687,4,0.449270225303305,0.435477882718981,0.36546659101784884,0.5606585447574092,4,-0.5441265355649159,-0.5452360963924049,-0.5808394569303968,-0.5051944925444568,4,-0.5466927575861108,-0.5472099321075863,-0.5839332066950639,-0.5084179594342069
CBBT,5,batch,amp_true,excess,16,0.012213722482556477,0.012983018532395363,0.0036678598262369633,0.02128864824771881,16,0.00937393782074156,0.01000761214259072,0.003264066030548309,0.014984265469187567,16,104.37697972926735,109.18847117716881,31.545533241182294,183.97792077434724,16,15.86443942776966,14.400778257347913,12.790240126961194,26.803718059637514,16,-0.8545416395631205,-0.8573021540894918,-0.9071784582714981,-0.7860826620021295,16,0.9842050801025704,0.992500435031209,0.898596293183812,0.9973553764191457
CBBT,5,batch,amp_true,full,16,0.012213722482556477,0.012983018532395363,0.0036678598262369633,0.02128864824771881,16,0.009395940465841033,0.010032385497823353,0.003272691005603879,0.015020873954522632,16,0.04776718415051513,0.05442992218273643,0.015157854674957663,0.07592774377570259,16,0.02370840427685369,0.02700676171520123,0.007567905085333687,0.037610590965923084,16,-0.019549849278067005,-0.019009431308219794,-0.028321603748169465,-0.014037358805209302,16,-0.0174969998890229,-0.016615130666499403,-0.027572984286965765,-0.01158714783629771
CBBT,5,batch,amp_true,shared,16,0.012213722482556477,0.012983018532395363,0.0036678598262369633,0.02128864824771881,16,0.0006420592503428742,0.0007041979363436665,0.00023744339616239013,0.0010480661747091415,16,0.0040383476025732355,0.004662273950912713,0.0013582511274488553,0.006461395189310004,16,0.0020160056604449235,0.0023282461291474895,0.0006795281485794439,0.003225802534809773,16,-0.34591438722533474,-0.3419177472165037,-0.47473298107827433,-0.26492608480954577,16,-0.3468730756754879,-0.3434076020114184,-0.4746379201875135,-0.2660090455750017
CBBT,5,batch,amp_true,temporal,16,0.012213722482556477,0.012983018532395363,0.0036678598262369633,0.02128864824771881,16,1.5109455580259248e-05,1.6326569706721447e-05,5.360199595365592e-06,2.5172577542131197e-05,16,0.004701880831873449,0.005427321419460535,0.0015164440206422854,0.007733041133580707,16,0.002346522488842381,0.002709408547022136,0.0007588536259009723,0.003859297908584476,16,-0.3842751568271948,-0.37224765887876965,-0.4799156065396367,-0.3267847042511448,16,-0.3859673154527947,-0.3745480577372332,-0.4797685270566219,-0.32891224101725425
CBBT,5,batch,base,excess,16,0.01882034761365503,0.01839254517108202,0.016856854781508446,0.02205599844455719,16,9.44282548984358e-05,9.224206680871226e-05,7.764935668529697e-05,0.00011907208290293033,16,1.0,1.0,1.0,1.0,16,0.21655754535086655,0.12494874180479283,0.07433470452912193,0.8496834672189216,16,1.0,1.0,0.9999999999999998,1.0000000000000002,16,-0.791719281709006,-0.7922365495084044,-0.8711274004495236,-0.6462259663686533
CBBT,5,batch,base,full,16,0.01882034761365503,0.01839254517108202,0.016856854781508446,0.02205599844455719,16,0.20173985065765232,0.1968279277210403,0.18094531155710894,0.24598427950825313,16,1.0,1.0,1.0,1.0,16,0.49688168422102186,0.49646234652980525,0.4946168023700999,0.49927283561021635,16,1.0,1.0,0.9999999999999998,1.0000000000000002,16,0.9998756081110398,0.999882534866753,0.9996948056879391,0.9999746175640002
CBBT,5,batch,base,shared,16,0.01882034761365503,0.01839254517108202,0.016856854781508446,0.02205599844455719,16,0.16297177121610223,0.1615510056516154,0.14182754158022542,0.1996195348875798,16,1.0,1.0,1.0,1.0,16,0.4994007920368456,0.49949483708457987,0.49839935507134075,0.5002963994263508,16,1.0,1.0,0.9999999999999998,1.0000000000000002,16,0.9999884645754005,0.9999872046668559,0.999975030993574,0.9999969044832938
CBBT,5,batch,base,temporal,16,0.01882034761365503,0.01839254517108202,0.016856854781508446,0.02205599844455719,16,0.003293926344664444,0.0032522467792811807,0.0028909715168924503,0.004055339171116852,16,1.0,1.0,1.0,1.0,16,0.49926729938850506,0.4992491169206419,0.4981540110905223,0.5004165109764896,16,1.0,1.0,0.9999999999999996,1.0000000000000002,16,0.9999832880911302,0.9999809934476686,0.9999643711552115,0.9999950525161704
CBBT,5,batch,body,excess,16,0.017330748378299177,0.016981443390250206,0.015536880120635033,0.02101164124906063,16,0.0,0.0,0.0,0.0,16,0.0,0.0,0.0,0.0,16,0.0,0.0,0.0,0.0,0,,,,,0,,,,
CBBT,5,batch,body,full,16,0.017330748378299177,0.016981443390250206,0.015536880120635033,0.02101164124906063,16,0.2046152659869781,0.20095226546391115,0.185809699586494,0.2476005102938494,16,1.0147358737593746,1.0168070838843979,1.0047421226745836,1.0268831946377885,16,0.5041937962310581,0.5048062626609975,0.5016404486447672,0.507913682139336,16,0.9997581814226919,0.9997359807186871,0.9994863912435449,0.9999691859333143,16,0.9998842291377161,0.999893554958329,0.9997190114017853,0.9999750896538991
CBBT,5,batch,body,shared,16,0.017330748378299177,0.016981443390250206,0.015536880120635033,0.02101164124906063,16,0.16386599778563418,0.16279341086172305,0.14327713158145014,0.19999002386229864,16,1.0057352449129788,1.0055915590243045,1.0013934025826303,1.013898237228614,16,0.502263042866235,0.5022285286821926,0.5006707590372774,0.5054665059232784,16,0.9999315909612195,0.9999225480025125,0.9998484914449963,0.999988704622202,16,0.9999553786993666,0.9999532808418004,0.999901063785244,0.9999890454258182
CBBT,5,batch,body,temporal,16,0.017330748378299177,0.016981443390250206,0.015536880120635033,0.02101164124906063,16,0.003317597381112103,0.0032868586666853104,0.00292671892056318,0.004065824878133226,16,1.0074716865959479,1.0081590758789234,1.0018194351694298,1.0154614852208075,16,0.5029953074451735,0.5032872752898134,0.5010713831466547,0.5061274422885138,16,0.9998643034787731,0.9998425959112881,0.9997127835171414,0.9999828949759464,16,0.9999105543221387,0.9999080206829476,0.9998022610521358,0.9999802450354682
CBBT,5,batch,dual_base,excess,16,0.039440114283934236,0.03878313675522804,0.035489924252033234,0.04543210566043854,16,0.0006404055703205684,0.0007334139896315068,0.00012177661409830734,0.0010693583729314564,16,7.194657843386053,8.003365188311225,1.1769088590991135,13.45266664251329,16,1.0,1.0,1.0,1.0,16,-0.791719281709006,-0.7922365495084044,-0.8711274004495236,-0.6462259663686533,16,1.0,1.0,0.9999999999999997,1.0000000000000002
CBBT,5,batch,dual_base,full,16,0.039440114283934236,0.03878313675522804,0.035489924252033234,0.04543210566043854,16,0.4059311848191609,0.39721584378330577,0.365829285802781,0.4932935247694375,16,2.0125689343562865,2.0142517866390666,2.0029128938645133,2.02176714419771,16,1.0,1.0,1.0,1.0,16,0.9998756081110398,0.999882534866753,0.9996948056879391,0.9999746175640002,16,1.0,1.0,0.9999999999999998,1.0000000000000004
CBBT,5,batch,dual_base,shared,16,0.039440114283934236,0.03878313675522804,0.035489924252033234,0.04543210566043854,16,0.3263112496204365,0.3236301973686729,0.2845660616072111,0.39935626120439377,16,2.002402290068155,2.002023206528821,1.9988151046991713,2.006423142054147,16,1.0,1.0,1.0,1.0,16,0.9999884645754005,0.9999872046668559,0.999975030993574,0.9999969044832938,16,1.0,1.0,0.9999999999999997,1.0000000000000004
CBBT,5,batch,dual_base,temporal,16,0.039440114283934236,0.03878313675522804,0.035489924252033234,0.04543210566043854,16,0.00659700348825457,0.0065181381154198375,0.005803368943198404,0.008114262787470405,16,2.0029383280982214,2.0030083191705352,1.9983353427900414,2.0074113180597966,16,1.0,1.0,1.0,1.0,16,0.9999832880911302,0.9999809934476686,0.9999643711552115,0.9999950525161704,16,1.0,1.0,0.9999999999999999,1.0000000000000004
CBBT,5,batch,excess,excess,16,0.00047181346053548623,0.0005184330802876502,0.00014507438754662871,0.0008454063790850341,16,0.00035929073768813173,0.00040650134511823984,0.00010226323274103497,0.000564998530636671,16,4.011281241541862,4.435514756550357,0.9883219817220347,7.107754592437421,16,0.5889859928227098,0.5542105094998544,0.528352837494345,0.839760848158254,16,-0.8542283320478333,-0.860890700633483,-0.8971515804545215,-0.7863939703559407,16,0.9902424510224341,0.9979698349777195,0.9225478732352712,0.9990986847503969
CBBT,5,batch,excess,full,16,0.00047181346053548623,0.0005184330802876502,0.00014507438754662871,0.0008454063790850341,16,0.00036014635942671863,0.00040751947328065974,0.00010257103000560953,0.0005662938354852316,16,0.00183540040814963,0.0021249186191896136,0.00047506983214226986,0.002891840820528316,16,0.0009108919731472715,0.0010543382331130121,0.0002371894622065406,0.0014334634718731235,16,-0.019832525260882528,-0.018508641920179238,-0.02853795255243564,-0.01308953805218166,16,-0.017773538093023282,-0.01606716644606423,-0.02779347778897595,-0.010642386091182126
CBBT,5,batch,excess,shared,16,0.00047181346053548623,0.0005184330802876502,0.00014507438754662871,0.0008454063790850341,16,2.4792821659790563e-05,2.8468142183077587e-05,7.940240913508893e-06,3.828013175235074e-05,16,0.00015630045002648865,0.00018627217204187456,4.5420682770276374e-05,0.00023797663061709122,16,7.802446773192811e-05,9.302063547914945e-05,2.2723804049455762e-05,0.00011874982249742437,16,-0.3458882411665936,-0.33541132303524124,-0.4543184529012218,-0.23974161752567008,16,-0.34687411014086267,-0.33693602126172423,-0.45605540997601374,-0.2408034963695413
CBBT,5,batch,excess,temporal,16,0.00047181346053548623,0.0005184330802876502,0.00014507438754662871,0.0008454063790850341,16,5.878505090447818e-07,6.700310878002142e-07,1.7525361854100323e-07,9.310851096520583e-07,16,0.00018329785381725238,0.0002179890074682009,4.958067273506109e-05,0.00028654980767682357,16,9.14721685683892e-05,0.0001087706877018738,2.481098726194644e-05,0.00014294265645788164,16,-0.38207090846186464,-0.37707487114631544,-0.4730355632635599,-0.305629658201973,16,-0.38380321417158897,-0.3794249081960853,-0.4758054181955065,-0.30778199053219174
CBBT,5,batch,gate,excess,16,0.004690783025580458,0.004476003814488649,0.0031869332306087017,0.007144229952245951,16,0.0,0.0,0.0,0.0,16,0.0,0.0,0.0,0.0,16,0.0,0.0,0.0,0.0,0,,,,,0,,,,
CBBT,5,batch,gate,full,16,0.004690783025580458,0.004476003814488649,0.0031869332306087017,0.007144229952245951,16,0.0076919637234669925,0.007034603010415308,0.004036563814928589,0.01371791368632494,16,0.03913602092255745,0.03813026779677782,0.0164098446575451,0.07378704294130513,16,0.01942668121708338,0.018931768285391577,0.008182884250944213,0.0364963112359736,16,-0.0996503668932906,-0.10380964889057416,-0.14384627845476627,-0.05795824898162022,16,-0.08965089834295958,-0.09172291536281138,-0.12550659120398697,-0.052063143820085825
CBBT,5,batch,gate,shared,16,0.004690783025580458,0.004476003814488649,0.0031869332306087017,0.007144229952245951,16,0.0026730402500659044,0.002455948788025252,0.0015111855418186747,0.004579048295416054,16,0.01676799446106406,0.01681562772043886,0.007570328939348209,0.030186945901711632,16,0.008371655482461505,0.008393232214600884,0.0037840537099911344,0.015049330898474298,16,-0.34730894062055817,-0.3699362667750157,-0.5219313089074684,-0.18488998330269008,16,-0.346941205532873,-0.36905760992582315,-0.5212804542152477,-0.18432613478592577
CBBT,5,batch,gate,temporal,16,0.004690783025580458,0.004476003814488649,0.0031869332306087017,0.007144229952245951,16,7.55902663859199e-05,6.853812152522883e-05,4.226691634183408e-05,0.00012997703615487446,16,0.023444873921341196,0.023214486004732228,0.01042253546703805,0.03992907620700705,16,0.011702130378597624,0.011574561836830677,0.005208965675489376,0.019927244357752286,16,-0.3501394289404992,-0.35770774452222964,-0.4521497825763745,-0.2678304974395051,16,-0.35044494326244396,-0.35833042202227827,-0.45228355401987425,-0.26814647006751435
CBBT,5,batch,tail,excess,16,0.041690043872222304,0.04495115019381046,0.022720225155353546,0.06880133599042892,16,0.0004332844331411895,0.00043836887423845785,0.0002630276434327588,0.0006729000445833535,16,4.8023429525268995,4.699300030126602,2.442008641482764,8.261916564811315,16,0.7945839473256318,0.6688238306677448,0.5179095615677628,2.159919171512051,16,-0.8621482943463239,-0.8676713509332876,-0.9065078550961688,-0.79124018535561,16,0.9872485344159476,0.995195061915505,0.9051387078353076,0.9984489140744511
CBBT,5,batch,tail,full,16,0.041690043872222304,0.04495115019381046,0.022720225155353546,0.06880133599042892,16,0.26153639881979884,0.2612116491811254,0.16400481427901664,0.4134150143572387,16,1.3284797336785803,1.413842240103508,0.7026233580185792,2.284751181446108,16,0.6594709631356583,0.7014422244028864,0.35036807054917524,1.1300763235781819,16,-0.6365114219010468,-0.6422507233283787,-0.7150819214230499,-0.5515511293697468,16,-0.6438742453929589,-0.6483009688988374,-0.7228194500595413,-0.5637015547763112
CBBT,5,batch,tail,shared,16,0.041690043872222304,0.04495115019381046,0.022720225155353546,0.06880133599042892,16,0.10746426713556653,0.10738060183938035,0.06398854594861567,0.18712084259843995,16,0.6760794910311101,0.7036471748793611,0.3565352050708041,1.2671549837088176,16,0.3375203269632933,0.3512760548384273,0.17821528975817336,0.6317245444960209,16,-0.5981378983739061,-0.6031416806282394,-0.7102367760439711,-0.478378569913868,16,-0.6000869258284478,-0.6051466349006002,-0.7102754489931256,-0.48189774954700704
CBBT,5,batch,tail,temporal,16,0.041690043872222304,0.04495115019381046,0.022720225155353546,0.06880133599042892,16,0.002959146281931519,0.0029382182636833063,0.0018532592307529535,0.004732790263334259,16,0.9198389270066275,0.9850654159327812,0.4755668531099453,1.5865636045348117,16,0.45909205804634434,0.4914449632808543,0.23767838661567003,0.7907767954553587,16,-0.5387543550776164,-0.5417631035415311,-0.6307392324329973,-0.4456470892074012,16,-0.5414276898344266,-0.5449325549001782,-0.6306006280448029,-0.4505565207916199
CBBT,20,accum4,amp_true,excess,4,0.001939651159773348,0.0019316980833536945,0.0012637758627533913,0.0026314326096326113,4,0.026596709721825217,0.02174344133045189,0.018877705484270587,0.0440222507421265,4,29.770182333817715,30.0166839683175,26.30285750012125,32.74450389851461,4,13.035926123612649,13.390790001947867,10.072277282413811,15.289847208141047,4,0.9949697031367412,0.994931726619686,0.9915978704441605,0.9984174888634324,4,0.9954036915380176,0.9965382601018808,0.9901667778631544,0.9983714680851539
CBBT,20,accum4,amp_true,full,4,0.001939651159773348,0.0019316980833536945,0.0012637758627533913,0.0026314326096326113,4,0.0677302139367674,0.05816077783090978,0.04553969787295463,0.10905960221229538,4,4.983305245012424,4.701222936668461,2.8430017214739634,7.687773385238811,4,2.142000601972125,2.0435277123688405,1.3449050748120126,3.1360419083388047,4,0.4640678154121535,0.4470969388972781,0.36107144417696724,0.6010059396770907,4,0.5606595566484912,0.5500366861721593,0.4368223234262854,0.705742530823361
CBBT,20,accum4,amp_true,shared,4,0.001939651159773348,0.0019316980833536945,0.0012637758627533913,0.0026314326096326113,4,0.06227375242905267,0.053936186654400795,0.04144268714754304,0.09977994925986605,4,5.054162935135311,4.7848164417315235,2.922608195610283,7.724410661467918,4,2.1229542037067275,2.03390923979892,1.363326678547062,3.0606716566820094,4,0.5258682983315744,0.519707617133617,0.3997167997520875,0.6643411593069761,4,0.6264474745433506,0.6145734070015871,0.5128423637455302,0.7638007204246982
CBBT,20,accum4,amp_true,temporal,4,0.001939651159773348,0.0019316980833536945,0.0012637758627533913,0.0026314326096326113,4,0.00042727620917309576,0.00036681480940637626,0.00029744748708403185,0.0006780277307955986,4,4.25221160759643,4.112358993431147,2.474221930245265,6.309906513278161,4,1.7955569745305124,1.747082885782487,1.1497959528136985,2.538266173743377,4,0.663722506666988,0.6968333009783474,0.5458901805278138,0.7153332441834434,4,0.7249379611915018,0.7586730426455266,0.6005228404393514,0.7818829190356026
CBBT,20,accum4,base,excess,4,0.0014243875339161605,0.0014217801508493721,0.0013518527848646045,0.001502137049101293,4,0.000922488757743983,0.0006794602678542617,0.0006573665015171644,0.0016736679937502444,4,1.0,1.0,1.0,1.0,4,0.43593043619607885,0.44692155105183723,0.38293471659371536,0.4669439260869255,4,1.0000000000000002,1.0000000000000002,1.0000000000000002,1.0000000000000002,4,0.9993465358279666,0.9993847901258093,0.9989592425970131,0.9996573204632347
CBBT,20,accum4,base,full,4,0.0014243875339161605,0.0014217801508493721,0.0013518527848646045,0.001502137049101293,4,0.013766252203150389,0.014009995422716373,0.011026843398725556,0.016018174568443254,4,1.0,1.0,1.0,1.0,4,0.4379754744730216,0.4354589324702455,0.407925904054388,0.4730581288972074,4,1.0,1.0,0.9999999999999998,1.0000000000000004,4,0.9878196207410891,0.989368589806443,0.9764452942645221,0.9960960090869481
CBBT,20,accum4,base,shared,4,0.0014243875339161605,0.0014217801508493721,0.0013518527848646045,0.001502137049101293,4,0.012426910968255683,0.012703541883791039,0.010120524885601953,0.014180035219838698,4,1.0,1.0,1.0,1.0,4,0.42848738142716936,0.42561990646581976,0.39623367928244907,0.4664760334945887,4,1.0,1.0,0.9999999999999999,1.0000000000000002,4,0.9885928777787123,0.9906469778350322,0.9770500199079108,0.9960275355368741
CBBT,20,accum4,base,temporal,4,0.0014243875339161605,0.0014217801508493721,0.0013518527848646045,0.001502137049101293,4,0.00010164751186495233,0.00010360134720559794,7.916875687177555e-05,0.00012021859617683788,4,1.0,1.0,1.0,1.0,4,0.4293546357163447,0.4252207933472035,0.4022668431619412,0.4647101130090304,4,1.0,1.0,1.0,1.0000000000000002,4,0.9957600938943082,0.9959095906436062,0.9935842571116474,0.9976369371783731
CBBT,20,accum4,body,excess,4,0.001305505124037154,0.001300201314734295,0.0012126629590056837,0.0014089549076743424,4,0.0,0.0,0.0,0.0,4,0.0,0.0,0.0,0.0,4,0.0,0.0,0.0,0.0,0,,,,,0,,,,
CBBT,20,accum4,body,full,4,0.001305505124037154,0.001300201314734295,0.0012126629590056837,0.0014089549076743424,4,0.012257735967980972,0.011956461492840726,0.009965022718406527,0.015152998167835913,4,0.8893920218288804,0.8992483537864235,0.8130835517857856,0.9459878279568891,4,0.390547799665073,0.39150306193675166,0.33167784293396946,0.44750723185281926,4,0.9661992591611168,0.9710433512349852,0.9338216268094006,0.9888887073650958,4,0.9213618525502975,0.9223743514189893,0.8672734177301517,0.9734252896330596
CBBT,20,accum4,body,shared,4,0.001305505124037154,0.001300201314734295,0.0012126629590056837,0.0014089549076743424,4,0.010823667393180025,0.01051715181373774,0.009025907144908502,0.013234458800336123,4,0.8706120715154382,0.882622098739013,0.7838877325128796,0.9333163560708468,4,0.3742329996641909,0.37547978324162856,0.31060272039795456,0.43536971177555184,4,0.9635595675644832,0.9678572817026847,0.9312001707855664,0.9873235360669972,4,0.9179582530022283,0.9171353883243644,0.8675394818806832,0.9700227534795015
CBBT,20,accum4,body,temporal,4,0.001305505124037154,0.001300201314734295,0.0012126629590056837,0.0014089549076743424,4,8.678648144554629e-05,8.573467479948338e-05,6.487439557122324e-05,0.00011080218061199517,4,0.8497491738852774,0.8429576205352827,0.7914089001761275,0.9216725542944166,4,0.36606685222954216,0.35879964606528686,0.3183575599241147,0.42831055686348013,4,0.980429143727676,0.9837402160841194,0.9622821781301989,0.9919539646122663,4,0.9586953324257097,0.9639445567641063,0.9258560150589755,0.9810362011156506
CBBT,20,accum4,dual_base,excess,4,0.003289444139227271,0.00325274231727235,0.0032319952733814716,0.0034202966489829123,4,0.0022044132885767876,0.0014914181577470416,0.0014641815288629209,0.004370635309950146,4,2.30788421778411,2.2392704613195953,2.1415847688183476,2.6114111796789015,4,1.0,1.0,1.0,1.0,4,0.9993465358279666,0.9993847901258093,0.9989592425970131,0.9996573204632347,4,1.0,1.0,1.0,1.0000000000000002
CBBT,20,accum4,dual_base,full,4,0.003289444139227271,0.00325274231727235,0.0032319952733814716,0.0034202966489829123,4,0.03138916506738454,0.0321658528604286,0.026448760416101464,0.034776194132579506,4,2.291632962259089,2.300600570321336,2.1139051184496056,2.4514255899440793,4,1.0,1.0,1.0,1.0,4,0.9878196207410891,0.989368589806443,0.9764452942645221,0.9960960090869481,4,1.0,1.0,0.9999999999999999,1.0000000000000002
CBBT,20,accum4,dual_base,shared,4,0.003289444139227271,0.00325274231727235,0.0032319952733814716,0.0034202966489829123,4,0.028994382930063536,0.029221858432322854,0.024933144005460872,0.03260067085014757,4,2.3441566896126105,2.3545653234410935,2.1437328569884615,2.5237632545797943,4,1.0,1.0,1.0,1.0,4,0.9885928777787123,0.9906469778350322,0.9770500199079108,0.9960275355368741,4,1.0,1.0,0.9999999999999996,1.0000000000000004
CBBT,20,accum4,dual_base,temporal,4,0.003289444139227271,0.00325274231727235,0.0032319952733814716,0.0034202966489829123,4,0.00023634712453110817,0.00024259932452884168,0.0001930674574872804,0.0002671223915794689,4,2.336804671057214,2.354713736284733,2.1518791435911093,2.4859120680682807,4,1.0,1.0,1.0,1.0,4,0.9957600938943082,0.9959095906436062,0.9935842571116474,0.9976369371783731,4,1.0000000000000004,1.0000000000000004,1.0000000000000002,1.0000000000000007
CBBT,20,accum4,excess,excess,4,7.690449092478957e-05,7.645200867045787e-05,5.23930157214636e-05,0.00010232093063677894,4,0.0006416541681771141,0.00041190903516935226,0.0003927615921964832,0.001350037010173269,4,0.6546179969873405,0.6197742502053589,0.5722897852664296,0.8066337022722144,4,0.2823301941631732,0.27660274464319645,0.2672272391917502,0.3088880481745498,4,0.9978820944744827,0.9979784522268653,0.9964757107414016,0.999095762702799,4,0.9995775134447492,0.9995912125325064,0.9992619152691224,0.9998657134448617
CBBT,20,accum4,excess,full,4,7.690449092478957e-05,7.645200867045787e-05,5.23930157214636e-05,0.00010232093063677894,4,0.0017782830989819193,0.0013770088033605533,0.001074737760734307,0.003284377028472264,4,0.13055891314641146,0.11181007007001276,0.06709489624689217,0.23152061619872813,4,0.05580533695059203,0.048519152527582945,0.03173978607710708,0.09444325667009516,4,0.42812511236345746,0.430888556149731,0.2763575757122199,0.5743657614421479,4,0.5220286142212893,0.500013708919306,0.40746215809678404,0.680624880949761
CBBT,20,accum4,excess,shared,4,7.690449092478957e-05,7.645200867045787e-05,5.23930157214636e-05,0.00010232093063677894,4,0.0016553404644609557,0.0013140680853100904,0.000999142766475,0.002994082920748642,4,0.13408711251150615,0.11705095567919341,0.07046123306359217,0.23178530562404562,4,0.056010456788168184,0.049666103093503985,0.032868476514642246,0.09184114445102252,4,0.4776242488531115,0.4904910082733336,0.29595216764858795,0.6335628112171907,4,0.5741565635165061,0.5624125182550997,0.4358045991411732,0.7359966184146519
CBBT,20,accum4,excess,temporal,4,7.690449092478957e-05,7.645200867045787e-05,5.23930157214636e-05,0.00010232093063677894,4,1.0331439335367431e-05,7.696389625072235e-06,6.371310815037625e-06,1.956166727628763e-05,4,0.10221891757137423,0.08691593707686801,0.05299771431090096,0.18204608182085996,4,0.04288595827910062,0.03684207833284278,0.024628573806639097,0.0732311026440778,4,0.6483599441032464,0.6786961666458936,0.5337822011594738,0.7022652419617245,4,0.7100149708894198,0.7448002676506607,0.5892612824381641,0.7611980658181933
CBBT,20,accum4,gate,excess,4,0.0008114850334095536,0.0007847697306715418,0.0006585081573575735,0.0010178925149375573,4,0.0,0.0,0.0,0.0,4,0.0,0.0,0.0,0.0,4,0.0,0.0,0.0,0.0,0,,,,,0,,,,
CBBT,20,accum4,gate,full,4,0.0008114850334095536,0.0007847697306715418,0.0006585081573575735,0.0010178925149375573,4,0.011996735237211103,0.012275007270461564,0.007900222512542127,0.015536703895379153,4,0.9123944648958445,0.8736924650356508,0.49320367179079383,1.4089892577212833,4,0.39118879090890835,0.3720073072935314,0.2333140061425853,0.5874265429059854,4,0.60335124450633,0.5923002897018562,0.49639077722355,0.732413621398058,4,0.7094333780925384,0.7172848625819965,0.5701389125828018,0.8330248746233588
CBBT,20,accum4,gate,shared,4,0.0008114850334095536,0.0007847697306715418,0.0006585081573575735,0.0010178925149375573,4,0.011712194805481777,0.01196816446471103,0.007635648112957714,0.01527680217954734,4,0.981288957199865,0.9385949520022734,0.5384787833442751,1.5094871414506381,4,0.41088339896573234,0.3898177632924285,0.2511874469754295,0.6127106223026428,4,0.6806944349320024,0.6626925325007471,0.5775002877162692,0.8198923870102465,4,0.774095845604193,0.7759860465447788,0.6469887810185951,0.8974225083086189
CBBT,20,accum4,gate,temporal,4,0.0008114850334095536,0.0007847697306715418,0.0006585081573575735,0.0010178925149375573,4,8.284421381914176e-05,8.029050648180935e-05,5.971483017994692e-05,0.00011108101213300141,4,0.8446499097657387,0.8635006256289243,0.4967187446783044,1.154879643126802,4,0.35638436675699925,0.36057009810817003,0.23083022397315858,0.4735670468384984,4,0.8281776945530541,0.8579491246012216,0.7079194636628181,0.888893065346955,4,0.8722677754709252,0.8998100634103625,0.7547111183723539,0.9347398566906218
CBBT,20,accum4,tail,excess,4,0.0029596686363220215,0.0030404933932004496,0.002362109284149483,0.003395578474737704,4,0.01928851701285826,0.014788005378046335,0.01321351599409158,0.03436454130124879,4,21.033236950498225,20.42351286941498,20.100683505465426,23.18523855769751,4,9.188477149983685,9.03255295771422,7.862596365113055,10.826206319393242,4,0.999880948600905,0.9999245666388439,0.9997003106918738,0.9999743504340584,4,0.9988672137232073,0.9989091797301675,0.9983509166858741,0.9992995787466203
CBBT,20,accum4,tail,full,4,0.0029596686363220215,0.0030404933932004496,0.002362109284149483,0.003395578474737704,4,0.1064471120072951,0.09860177135718584,0.08120801758532628,0.14737688772948246,4,7.897553053308824,8.06582706004859,5.069742325402724,10.388815767735387,4,3.4042425290796445,3.490410116882324,2.3982828184459897,4.237867064107939,4,0.6259961575037648,0.6303683709451284,0.5328093303336723,0.71043855779113,4,0.7190796595228286,0.7358203181169377,0.5973019893961459,0.8073760124612928
CBBT,20,accum4,tail,shared,4,0.0029596686363220215,0.0030404933932004496,0.002362109284149483,0.003395578474737704,4,0.10296425087764843,0.09567400338852275,0.0786711069765616,0.14183788975698666,4,8.425978532025496,8.587795829466579,5.548019152060788,10.980303317108039,4,3.5505185802925587,3.6316451851949543,2.5880179678053277,4.350765982974998,4,0.6499693015040576,0.6471369224123675,0.5638639169985762,0.7417394441929195,4,0.7438769298837971,0.75586166040768,0.6319165088816264,0.8318678898382019
CBBT,20,accum4,tail,temporal,4,0.0029596686363220215,0.0030404933932004496,0.002362109284149483,0.003395578474737704,4,0.0007416366237170656,0.0006882506445403968,0.0005884688776474921,0.0010015763281399767,4,7.455844210688609,7.803725272244505,4.894990428784182,9.320935869481238,4,3.1579527427044742,3.3037779839741788,2.2747515553384194,3.749503447531121,4,0.7812902221375128,0.807955835190169,0.6817197167446876,0.8275295014250257,4,0.8319967137576834,0.8583612648009837,0.7297593355541685,0.8815049898745978
CBBT,20,batch,amp_true,excess,16,0.001939651159773348,0.0018917098641395569,0.000708041712641716,0.004594918340444565,16,0.026971239092350153,0.023835639817432322,0.009737335559626975,0.058838466481981676,16,48.899568565661994,26.457921480348197,13.057946352626201,301.8604823117608,16,17.14243288639969,10.848625381816529,5.958903051737697,71.35420732549984,16,0.8750764730786784,0.9921123603516673,-0.10785931183644683,0.9970759884182225,16,0.7315161973936459,0.9926336018144316,-0.7400589431429351,0.9985009005454958
CBBT,20,batch,amp_true,full,16,0.001939651159773348,0.0018917098641395569,0.000708041712641716,0.004594918340444565,16,0.07099342594680526,0.056995684452524814,0.025435488745863367,0.1603500338552013,16,4.800066121948609,4.0322688000625355,2.1726869567033966,11.734184839313096,16,2.0941026620707808,1.7650574720134549,1.0632566653920905,4.73149956313953,16,0.42320323391472225,0.45042150885209364,0.11060761925929048,0.7024379751661186,16,0.5047187767853556,0.5150376384070482,0.17595706031514866,0.7695112621002704
CBBT,20,batch,amp_true,shared,16,0.001939651159773348,0.0018917098641395569,0.000708041712641716,0.004594918340444565,16,0.06534142283822689,0.05147116111396763,0.02349783785670856,0.1496425122918434,16,4.8710565984882415,4.335003739357058,2.254930158810538,12.01796583681781,16,2.086667711285263,1.8357644026911486,1.041786660266918,4.690965196287231,16,0.4784348053279457,0.5098196468980175,0.11165198244675226,0.7786247267874078,16,0.5639877870064396,0.5718996986050364,0.20441266389381837,0.8308566638635355
CBBT,20,batch,amp_true,temporal,16,0.001939651159773348,0.0018917098641395569,0.000708041712641716,0.004594918340444565,16,0.0004302550509130677,0.00037002518858775615,0.00014742816560353258,0.0009669237420987098,16,4.277903505684303,3.847328833858839,1.6116876611022648,10.073244250085756,16,1.8164615686224224,1.5850475127927737,0.7765714047927567,4.106551373866316,16,0.6500410915476453,0.6864713142345563,0.3197283522428603,0.8784138867506457,16,0.7070445581430218,0.7278092706149093,0.4696119604668698,0.922536128661735
CBBT,20,batch,base,excess,16,0.0014243875339161605,0.0014037287328392267,0.0012164136860519648,0.0016657140804454684,16,0.000949228478924223,0.0007668311861201142,7.315749656829556e-05,0.0027161139871672187,16,1.0,1.0,1.0,1.0,16,0.4071654316465903,0.4066430005769841,0.23638141295953202,0.5167618547842224,16,1.0,1.0,0.9999999999999998,1.0000000000000004,16,0.9255954053429695,0.9987489109850822,0.4134738885818919,0.9999683039668716
CBBT,20,batch,base,full,16,0.0014243875339161605,0.0014037287328392267,0.0012164136860519648,0.0016657140804454684,16,0.014907642882140392,0.014944006793726403,0.009099425868635625,0.02205252847035785,16,1.0,1.0,1.0,1.0,16,0.4449737020789367,0.4456878571981001,0.35988943134056983,0.5065781701826967,16,1.0,1.0,0.9999999999999998,1.0000000000000002,16,0.9849548723681967,0.9863241233497573,0.9600108851701662,0.9994979042064748
CBBT,20,batch,base,shared,16,0.0014243875339161605,0.0014037287328392267,0.0012164136860519648,0.0016657140804454684,16,0.013473894638526579,0.013569717807085447,0.008497562008851428,0.019600535784261772,16,1.0,1.0,1.0,1.0,16,0.43713365880178967,0.4376183520868374,0.34362492218199103,0.5083482070071091,16,1.0,1.0,0.9999999999999996,1.0000000000000002,16,0.9856214568807,0.9882699427411896,0.9563978800603417,0.9994281462794702
CBBT,20,batch,base,temporal,16,0.0014243875339161605,0.0014037287328392267,0.0012164136860519648,0.0016657140804454684,16,0.00010477766321713443,0.00010062895011974304,3.9032081788094596e-05,0.00016660708328584354,16,1.0,1.0,1.0,1.0,16,0.4315522267715476,0.42327064256789726,0.3608060989975369,0.5004164156231933,16,1.0,1.0,0.9999999999999996,1.0000000000000002,16,0.9947949537938982,0.9965370175668136,0.9744286698742681,0.9998876810212587
CBBT,20,batch,body,excess,16,0.001305505124037154,0.0013012115377932787,0.0011501829139888287,0.0015382387209683657,16,0.0,0.0,0.0,0.0,16,0.0,0.0,0.0,0.0,16,0.0,0.0,0.0,0.0,0,,,,,0,,,,
CBBT,20,batch,body,full,16,0.001305505124037154,0.0013012115377932787,0.0011501829139888287,0.0015382387209683657,16,0.013298454518902101,0.013286399729649052,0.009156076305685015,0.020801756122831378,16,0.8953044760617568,0.9031853938868155,0.7370752253999314,1.0062257155415328,16,0.4004458612807846,0.4036968595685405,0.2652655837244037,0.5097319817698043,16,0.9650035784386244,0.9748020216295075,0.9155132006735216,0.9929371205092201,16,0.9245920626252578,0.9229484897287161,0.8522204745077537,0.9924449707068224
CBBT,20,batch,body,shared,16,0.001305505124037154,0.0013012115377932787,0.0011501829139888287,0.0015382387209683657,16,0.011765747758728233,0.011993174158866103,0.00857031924147594,0.018206721449195485,16,0.8777496335178581,0.8831702747221746,0.7037335034466417,1.008562130237911,16,0.3863065747452925,0.38591503452790943,0.24431599814729535,0.5127007505617126,16,0.9626302534596453,0.9705292662849678,0.9090260066843885,0.9923747349238611,16,0.9225910957187826,0.9166904815039785,0.8509836846814227,0.9919220827207095
CBBT,20,batch,body,temporal,16,0.001305505124037154,0.0013012115377932787,0.0011501829139888287,0.0015382387209683657,16,9.006390818313116e-05,8.719926478300907e-05,2.9519690552466422e-05,0.0001551508120003383,16,0.8539750118079825,0.8649092253826272,0.711144944294052,0.9830644797393702,16,0.3694973161725421,0.37594483886489377,0.26661080983374624,0.4819875409035539,16,0.9803992196095448,0.9843867514070974,0.9482692224069955,0.9996692448378606,16,0.959999399685623,0.9590208454810649,0.8988803930683799,0.9955885455226705
CBBT,20,batch,dual_base,excess,16,0.003289444139227271,0.003384829731658101,0.0026243594475090504,0.003886271733790636,16,0.0023750803234130567,0.0017148342219034853,0.0003094892092079167,0.007509498967172533,16,2.533972198461117,2.459855182348997,1.9351273526517492,4.230451064150284,16,1.0,1.0,1.0,1.0,16,0.9255954053429695,0.9987489109850822,0.4134738885818919,0.9999683039668716,16,1.0,1.0,0.9999999999999996,1.0000000000000004
CBBT,20,batch,dual_base,full,16,0.003289444139227271,0.003384829731658101,0.0026243594475090504,0.003886271733790636,16,0.03382215606683671,0.03384586441546651,0.017962530571252074,0.05173375497381011,16,2.2746766158939242,2.244031483304398,1.9740290025512774,2.7786311931279863,16,1.0,1.0,1.0,1.0,16,0.9849548723681967,0.9863241233497573,0.9600108851701662,0.9994979042064748,16,1.0,1.0,0.9999999999999998,1.0000000000000002
CBBT,20,batch,dual_base,shared,16,0.003289444139227271,0.003384829731658101,0.0026243594475090504,0.003886271733790636,16,0.03121850586230436,0.031897410908341126,0.01671602632156543,0.04931509453399432,16,2.324114965047508,2.2859160858649954,1.9671555563999759,2.910149804182069,16,1.0,1.0,1.0,1.0,16,0.9856214568807,0.9882699427411896,0.9563978800603417,0.9994281462794702,16,1.0,1.0,0.9999999999999997,1.0000000000000002
CBBT,20,batch,dual_base,temporal,16,0.003289444139227271,0.003384829731658101,0.0026243594475090504,0.003886271733790636,16,0.0002428366176281015,0.0002388883554508229,9.934502399139508e-05,0.0003683852235155645,16,2.347293151237116,2.3625632571436164,1.9983357235686414,2.771571774364121,16,1.0,1.0,1.0,1.0,16,0.9947949537938982,0.9965370175668136,0.9744286698742681,0.9998876810212587,16,1.0,1.0,0.9999999999999998,1.0000000000000004
CBBT,20,batch,excess,excess,16,7.690449092478957e-05,6.936676618352067e-05,2.7908245101571083e-05,0.00016684857837390155,16,0.0007228021746287919,0.0004979791872653048,0.00013235388190963683,0.002398737776048191,16,0.8168034503460375,0.7552012806578986,0.47259525379438444,1.8091636280374763,16,0.31503799681926753,0.300708381946204,0.24421919991300642,0.4535511252157909,16,0.8694298659134989,0.9962241156558284,-0.0422149674597392,0.9999183704417958,16,0.9882991684104783,0.9993081819347418,0.8922445654924493,0.9999860895999876
CBBT,20,batch,excess,full,16,7.690449092478957e-05,6.936676618352067e-05,2.7908245101571083e-05,0.00016684857837390155,16,0.002077374288091556,0.0013689366789454596,0.0008571223441619829,0.0048253418262096965,16,0.1388259691295502,0.10590452284750884,0.06172719529531877,0.26478873262270874,16,0.06038164255771174,0.04867983152249822,0.031057044663732623,0.11445976401449817,16,0.3732543001361106,0.4226821018857543,0.07310281053708632,0.673469550092002,16,0.4353121478818572,0.4611317600987852,0.12494862975305546,0.7384994263312264
CBBT,20,batch,excess,shared,16,7.690449092478957e-05,6.936676618352067e-05,2.7908245101571083e-05,0.00016684857837390155,16,0.0019224435100807504,0.0013032251218720785,0.0008419427894176225,0.004186881992787486,16,0.1416567831099219,0.11184358317807765,0.06458127290437862,0.28128135214780736,16,0.06061840618654483,0.050330428175783294,0.02960479583380188,0.11445525330982269,16,0.41514846724240106,0.4692317938300787,0.07935945021171668,0.7532583970151339,16,0.4773320613897277,0.5287399893448597,0.11160466252682415,0.805625965702554
CBBT,20,batch,excess,temporal,16,7.690449092478957e-05,6.936676618352067e-05,2.7908245101571083e-05,0.00016684857837390155,16,1.1042608801120853e-05,8.845812399093055e-06,2.720110977187201e-06,2.6460808262148804e-05,16,0.10470834842895346,0.08516900099360117,0.028900140074115333,0.20766152018003853,16,0.04469397164507305,0.03351976811042462,0.011225382371584061,0.09370957110315736,16,0.5354689158812431,0.6252954050599948,-0.6282727489715739,0.8566504836121196,16,0.5878213483629262,0.6823961035123601,-0.6751943732708368,0.8804023244813005
CBBT,20,batch,gate,excess,16,0.0008114850334095536,0.0008296510495711118,0.0002485848672222346,0.0015524785267189145,16,0.0,0.0,0.0,0.0,16,0.0,0.0,0.0,0.0,16,0.0,0.0,0.0,0.0,0,,,,,0,,,,
CBBT,20,batch,gate,full,16,0.0008114850334095536,0.0008296510495711118,0.0002485848672222346,0.0015524785267189145,16,0.013742823572687557,0.011564910526204503,0.003192859802712422,0.03402490134939061,16,0.960891150287444,0.9159832748034467,0.14478429568764142,2.043110212170878,16,0.4029894939598143,0.4324441378876394,0.07284588772040253,0.7388148518407847,16,0.41627753618431984,0.5502654181399048,-0.15360023779952275,0.7568726716938076,16,0.5327364109444948,0.6602691964272887,-0.031678977469436535,0.8617737740037867
CBBT,20,batch,gate,shared,16,0.0008114850334095536,0.0008296510495711118,0.0002485848672222346,0.0015524785267189145,16,0.013468101873163846,0.011334562324771869,0.0030727960395566557,0.03355210067756019,16,1.0413707976767235,0.9782073146558761,0.15677102265867415,2.239571472255499,16,0.42482948124339337,0.45599506864453976,0.07902520238177523,0.7695725728748029,16,0.46621033554020425,0.6213306546514863,-0.17204200021557334,0.8438715609413453,16,0.5737935764083509,0.7262712256534433,-0.041125649187133316,0.9061264378517987
CBBT,20,batch,gate,temporal,16,0.0008114850334095536,0.0008296510495711118,0.0002485848672222346,0.0015524785267189145,16,8.446360712633928e-05,7.797638798864897e-05,1.1938013215589025e-05,0.00020556899608179224,16,0.8792929116730012,0.9383953708753183,0.07389343292482986,1.8081312962344858,16,0.3528659540762926,0.3885087704800656,0.03697748684233621,0.6551189909059153,16,0.6857692556283006,0.7850488624148969,-0.1980583074661867,0.9695176051531175,16,0.7307739524368881,0.8504136575626038,-0.1556770329813419,0.9849926590629996
CBBT,20,batch,tail,excess,16,0.0029596686363220215,0.002915747230872512,0.0012392887147143483,0.004824387840926647,16,0.01973278312373583,0.01540512768018972,0.003995278588055722,0.056358990968812944,16,26.190852264917847,20.209385358190932,19.99453958554577,112.14525347003448,16,9.68511783844641,8.566009222524432,6.979244146288581,26.50905347195161,16,0.9370257473155674,0.9999517876427768,-0.0009602843029539112,0.9999978265874837,16,0.8387857918396695,0.9983334840476329,-0.634929409902904,0.9998829415427626
CBBT,20,batch,tail,full,16,0.0029596686363220215,0.002915747230872512,0.0012392887147143483,0.004824387840926647,16,0.11076269730292418,0.10805080738609715,0.057439014388637154,0.20713959907742208,16,7.549896042624241,7.78274528664565,3.0528464673059124,12.068570338898187,16,3.282967792956423,3.166763364953052,1.5359905570475254,4.866331668383551,16,0.5656678892151665,0.5918911639150433,0.10093369165420495,0.8404415394915299,16,0.652114680034634,0.7049198945961178,0.24695315425236997,0.8995864733210641
CBBT,20,batch,tail,shared,16,0.0029596686363220215,0.002915747230872512,0.0012392887147143483,0.004824387840926647,16,0.10702621349353966,0.10504883747722366,0.05570650606470164,0.19708328919724935,16,8.04646776259016,8.319722641320043,3.315609359193733,12.925303518429724,16,3.428516297313227,3.2995524810111405,1.6713337464134697,5.045125754198123,16,0.587452578140033,0.6173524851985899,0.07464737974974975,0.8650803430720555,16,0.6753253070839024,0.7309706030883061,0.24935392142665253,0.9127895965480138
CBBT,20,batch,tail,temporal,16,0.0029596686363220215,0.002915747230872512,0.0012392887147143483,0.004824387840926647,16,0.0007448006602351946,0.0007500200976148796,0.0003943336908289073,0.0012998694497938974,16,7.411940936669279,7.753405011154632,2.814667652580333,10.959440437815841,16,3.134658085906316,3.001349009284021,1.4085058978747977,4.556706781385321,16,0.7612328790222367,0.8118957907446849,0.5462793383914598,0.9335916250223988,16,0.8091368606011007,0.8384091844165312,0.557057860754545,0.9582851154684722
CBBT,50,accum4,amp_true,excess,4,0.0012436857286957093,0.0012723267464025412,0.0007233108408399858,0.001706778581137769,4,0.017093388820099458,0.01361792077129851,0.012019676892547893,0.029118036845252923,4,57.05044600776597,41.81874850887897,33.910322650365465,110.65396436294048,4,41.415647429757136,21.319322190082065,13.24654293172787,109.77740240713655,4,0.9639429819007823,0.9841419569684096,0.8909281460195884,0.9965598676467217,4,0.8459000090839264,0.972616674663769,0.44281670802547773,0.9955499789826899
CBBT,50,accum4,amp_true,full,4,0.0012436857286957093,0.0012723267464025412,0.0007233108408399858,0.001706778581137769,4,0.04621154934910497,0.03989744314014386,0.03094616693954776,0.07410514417658441,4,3.2475783421702804,3.025849108329999,1.8548669525435553,5.083748199477569,4,1.553104378241663,1.4362739928944188,0.9019207547002202,2.4379487724775943,4,-0.21154456904267335,-0.19886044598862496,-0.29713854634733966,-0.1513188378461038,4,-0.25151445385978943,-0.24932954673100508,-0.2974118037948606,-0.20998691818228704
CBBT,50,accum4,amp_true,shared,4,0.0012436857286957093,0.0012723267464025412,0.0007233108408399858,0.001706778581137769,4,0.04291205973741198,0.0374934586091039,0.02851653232160441,0.0681447894098357,4,3.2994173477489452,3.1002323914007235,1.868485377293764,5.12871923090057,4,1.564836847219149,1.4573414664766644,0.9035011931121432,2.4411632628111235,4,-0.26174013971265286,-0.2547741656287511,-0.35517040327629557,-0.18224182431681366,4,-0.3069507811952298,-0.30770364163871095,-0.3515115222737341,-0.260884319229763
CBBT,50,accum4,amp_true,temporal,4,0.0012436857286957093,0.0012723267464025412,0.0007233108408399858,0.001706778581137769,4,0.0004750256682088921,0.0004166410454114817,0.00033749465436869994,0.0007293259276439052,4,2.754948134931175,2.6218460408051483,1.6735681102535214,4.102532347860881,4,1.3044776167811822,1.22815363652595,0.8097949652192911,1.9518082288535377,4,-0.2781270563663385,-0.2681653346990946,-0.3371203597819836,-0.2390571962851811,4,-0.33449680667776854,-0.33531823906997194,-0.365095611235236,-0.30225513733589426
CBBT,50,accum4,base,excess,4,0.000913251413294347,0.0009153814316960052,0.0008941927080741152,0.0009280500817112625,4,0.00040203545024867913,0.00033370409925709813,0.00010862400603311278,0.0008321095964474076,4,1.0,1.0,1.0,1.0,4,0.5961353208775068,0.5069574515226952,0.3785480302749302,0.9920783501897062,4,1.0,1.0,0.9999999999999999,1.0000000000000002,4,0.9451396892449877,0.9964035033348129,0.7878726736082695,0.9998790767020554
CBBT,50,accum4,base,full,4,0.000913251413294347,0.0009153814316960052,0.0008941927080741152,0.0009280500817112625,4,0.014365616185285193,0.014215785032869396,0.012347128275277336,0.016683766400124644,4,1.0,1.0,1.0,1.0,4,0.47877348524257424,0.47720184945962363,0.4744447172906736,0.48624552476037586,4,1.0000000000000002,1.0,0.9999999999999999,1.0000000000000004,4,0.99648659895277,0.9965415479867369,0.9950849566179863,0.9977783432196202
CBBT,50,accum4,base,shared,4,0.000913251413294347,0.0009153814316960052,0.0008941927080741152,0.0009280500817112625,4,0.013141517122858978,0.013015407664580715,0.011273409174548681,0.015261843987725803,4,1.0,1.0,1.0,1.0,4,0.47489574423686026,0.47320529416468293,0.4696250169920064,0.48354737162606887,4,1.0,1.0,0.9999999999999998,1.0000000000000004,4,0.9962780876500715,0.9962611761362911,0.994706915756632,0.9978830825710723
CBBT,50,accum4,base,temporal,4,0.000913251413294347,0.0009153814316960052,0.0008941927080741152,0.0009280500817112625,4,0.00017396432516724223,0.00017158378946726633,0.0001510279833797455,0.0002016617383546908,4,1.0,1.0,1.0,1.0,4,0.474264630831703,0.4736870016484013,0.4658111955696033,0.4838733244604062,4,1.0,1.0,0.9999999999999997,1.0000000000000004,4,0.9979284626097498,0.9979883502150924,0.9961890350699636,0.9995481149388507
CBBT,50,accum4,body,excess,4,0.000846936945890775,0.0008391763039981015,0.0008319439075421542,0.0008774512680247426,4,0.0,0.0,0.0,0.0,4,0.0,0.0,0.0,0.0,4,0.0,0.0,0.0,0.0,0,,,,,0,,,,
CBBT,50,accum4,body,full,4,0.000846936945890775,0.0008391763039981015,0.0008319439075421542,0.0008774512680247426,4,0.014422755476608162,0.014254616760817393,0.012427596706086915,0.016754191678710954,4,1.0039599194620477,1.005369181844069,0.9954273347410009,1.0096739794190521,4,0.48067660717724103,0.48086666372804115,0.4726750437657029,0.4882980574871791,4,0.9962841490803112,0.9963984204605114,0.9930799800754333,0.9992597753247885,4,0.9952945999250954,0.9956146744938845,0.9932099114359657,0.9967391392766469
CBBT,50,accum4,body,shared,4,0.000846936945890775,0.0008391763039981015,0.0008319439075421542,0.0008774512680247426,4,0.013230705859310462,0.013095086053033538,0.011383281094864401,0.015349370236310372,4,1.0068310205705255,1.007740542548031,0.9963166167149521,1.0155263804710883,4,0.47814764490166217,0.47878569386635994,0.46869868959042443,0.48632050228350426,4,0.9963027408487135,0.996160795572583,0.9937384736419288,0.9991508986077593,4,0.9957037602409949,0.9953348271735898,0.9952551892841125,0.9968901973326877
CBBT,50,accum4,body,temporal,4,0.000846936945890775,0.0008391763039981015,0.0008319439075421542,0.0008774512680247426,4,0.00017537845121961767,0.0001732401310659417,0.00015169094070289279,0.00020334260204369457,4,1.0080194906231301,1.0086818436492893,1.0043896323602517,1.0103246428336907,4,0.47806665709788476,0.47686982927393,0.4706205297917939,0.4879064400518851,4,0.9983582551514376,0.9985119922034453,0.9966921703709524,0.9997168658279074,4,0.9995452596725776,0.9995303676238578,0.999144836386398,0.9999754670561969
CBBT,50,accum4,dual_base,excess,4,0.002139221534889657,0.0021122070611454546,0.002092473238008097,0.002239998779259622,4,0.0009119630561563949,0.0006700998279663116,0.00010949135823026637,0.00219816121046269,4,1.9097584420390517,1.9946880786914958,1.0079849034189476,2.6416727073542674,4,1.0,1.0,1.0,1.0,4,0.9451396892449877,0.9964035033348129,0.7878726736082695,0.9998790767020554,4,1.0,1.0,0.9999999999999998,1.0000000000000002
CBBT,50,accum4,dual_base,full,4,0.002139221534889657,0.0021122070611454546,0.002092473238008097,0.002239998779259622,4,0.029977379715205834,0.029786869088885178,0.02602437718304857,0.03431140350000442,4,2.088875508271711,2.095600355105467,2.0565741977631666,2.107727125112744,4,1.0,1.0,1.0,1.0,4,0.99648659895277,0.9965415479867369,0.9950849566179863,0.9977783432196202,4,1.0000000000000002,1.0,1.0,1.0000000000000004
CBBT,50,accum4,dual_base,shared,4,0.002139221534889657,0.0021122070611454546,0.002092473238008097,0.002239998779259622,4,0.027643026383475742,0.0275023622128367,0.024005129127821927,0.03156225198040764,4,2.10601219790052,2.1133203156711584,2.068049706561756,2.129358453698009,4,1.0,1.0,1.0,1.0,4,0.9962780876500715,0.9962611761362911,0.994706915756632,0.9978830825710723,4,1.0,1.0,1.0,1.0000000000000002
CBBT,50,accum4,dual_base,temporal,4,0.002139221534889657,0.0021122070611454546,0.002092473238008097,0.002239998779259622,4,0.0003664327957452775,0.00036436563608103817,0.00032023434809747865,0.00041676556272155505,4,2.1089317778918715,2.1111389850042084,2.0666566009092464,2.1467925406498223,4,1.0,1.0,1.0,1.0,4,0.9979284626097498,0.9979883502150924,0.9961890350699636,0.9995481149388507,4,1.0,1.0,1.0,1.0000000000000002
CBBT,50,accum4,excess,excess,4,5.05262309502541e-05,5.102144586999202e-05,3.4428270510034054e-05,6.563376155099832e-05,4,0.0002643319913339058,0.00016923339668625548,3.5185064438513176e-05,0.000683676107524599,4,0.5366590305577864,0.5005510799761331,0.3239161003488254,0.8216178619300539,4,0.28221012333057277,0.2924800369862025,0.22253026891594002,0.32135015043394605,4,0.6643555450519979,0.9824128069322056,-0.30708925086739514,0.9996858172109756,4,0.8333296883597452,0.9946374244170354,0.3440911121659393,0.9999527924389706
CBBT,50,accum4,excess,full,4,5.05262309502541e-05,5.102144586999202e-05,3.4428270510034054e-05,6.563376155099832e-05,4,0.0008187707950419551,0.0007544061442586226,0.00022294055949510075,0.0015433303321554744,4,0.05846440550138532,0.057309809807959244,0.013362723628966369,0.10587527876065644,4,0.02791910960257925,0.027202803305791626,0.006497564563194625,0.050773267235539134,4,-0.05456283069938671,-0.06283841962842016,-0.14423600145832025,0.051661517917613684,4,-0.0847174173377502,-0.08602282336644433,-0.18584608760997734,0.01902206499186516
CBBT,50,accum4,excess,shared,4,5.05262309502541e-05,5.102144586999202e-05,3.4428270510034054e-05,6.563376155099832e-05,4,0.0007667879886727438,0.0007316834522198752,0.00022014655188861405,0.0013836384983626107,4,0.05991393857806725,0.06054779674244608,0.014424636503011358,0.10413552432436547,4,0.02836617719521664,0.02846168927718558,0.0069749950676925914,0.04956633515880282,4,-0.07788163623703537,-0.07869246721860199,-0.2074372190593585,0.05329560854842095,4,-0.11365346604842622,-0.11545727325411267,-0.24444992119952966,0.02075060351405015
CBBT,50,accum4,excess,temporal,4,5.05262309502541e-05,5.102144586999202e-05,3.4428270510034054e-05,6.563376155099832e-05,4,6.551370735552665e-06,5.795679728537685e-06,8.015997254968702e-07,1.3812523759638422e-05,4,0.03879514507570754,0.036754380391559115,0.003974971811891179,0.07769684770782077,4,0.01833958792893946,0.017235077257020264,0.0019233828252561895,0.03696481437646113,4,-0.3396715789653493,-0.25201824597551925,-0.6719715615791391,-0.18267826233121948,4,-0.3944161429609625,-0.3310715890515835,-0.6929072150315738,-0.22261417870910918
CBBT,50,accum4,gate,excess,4,0.0005559614355661324,0.0005212688283791067,0.0004527806377154775,0.0007285274477908388,4,0.0,0.0,0.0,0.0,4,0.0,0.0,0.0,0.0,4,0.0,0.0,0.0,0.0,0,,,,,0,,,,
CBBT,50,accum4,gate,full,4,0.0005559614355661324,0.0005212688283791067,0.0004527806377154775,0.0007285274477908388,4,0.006230882099129788,0.006386194439942603,0.005466135131962386,0.006685004384671561,4,0.4407480995028914,0.46552483081617496,0.32763196276360884,0.5043107736156068,4,0.21071079307432147,0.22213300711016276,0.1593095756622629,0.23926758241469748,4,0.40320323505032596,0.42563540422323326,0.28856010532334436,0.47298202643149295,4,0.4749291274227826,0.5099887026130883,0.35435489389519126,0.5253842105697626
CBBT,50,accum4,gate,shared,4,0.0005559614355661324,0.0005212688283791067,0.0004527806377154775,0.0007285274477908388,4,0.0061641106336015675,0.00630165134132971,0.00544345928446527,0.0066096805672815765,4,0.47651578273372813,0.5018479864219247,0.3566711394011839,0.5456960186898793,4,0.22591744751605333,0.2374649480110954,0.1724673919923177,0.2562725020497048,4,0.4456225170075981,0.470498933474058,0.31671042394277005,0.524781777139506,4,0.5180246124832328,0.5550707016979506,0.38607834092043436,0.5758787056165956
CBBT,50,accum4,gate,temporal,4,0.0005559614355661324,0.0005212688283791067,0.0004527806377154775,0.0007285274477908388,4,6.32496524073615e-05,7.022760002258655e-05,3.063881160953854e-05,8.190459797473435e-05,4,0.3766051217947006,0.4296384045132078,0.15193170434566902,0.49521197380671794,4,0.17777342682132166,0.20345136341666092,0.07351569887267441,0.23067528157929038,4,0.6484694477037618,0.6115784149488357,0.5494643531223455,0.8212566077950304,4,0.6935612287359451,0.6610602857109934,0.6141209214412585,0.8380034220805349
CBBT,50,accum4,tail,excess,4,0.0014396010228665546,0.0014288825404946692,0.001102947018807754,0.0017976919916691259,4,0.00831674643055828,0.006838141997252267,0.0022356342433868183,0.017355067484341766,4,20.60584359194085,20.544862847701435,20.476939942600467,20.85670872976006,4,12.273272460506288,10.389730665242586,7.895266007668613,20.418362503871364,4,0.9989165073231493,0.9992548599935993,0.9977273038729135,0.9994290054324847,4,0.9480830562015531,0.9958482638279661,0.8021655963929316,0.9984701007573483
CBBT,50,accum4,tail,full,4,0.0014396010228665546,0.0014288825404946692,0.001102947018807754,0.0017976919916691259,4,0.040818976466784486,0.037249589327485635,0.0329334902977952,0.05584323691437146,4,2.8728340414600066,2.8432020036766774,1.9739841417073039,3.8309480167793684,4,1.3740067611137083,1.3495134212179494,0.9598409548531281,1.8371592471658067,4,-0.27022685756608844,-0.263481300103688,-0.38526434425538086,-0.1686804858015969,4,-0.30445349244888775,-0.3055691300445682,-0.3674214343745659,-0.23925427533184884
CBBT,50,accum4,tail,shared,4,0.0014396010228665546,0.0014288825404946692,0.001102947018807754,0.0017976919916691259,4,0.0393850260347162,0.03625688572526063,0.03219125191939793,0.0528350807689456,4,3.0308172781246876,3.0187634731901927,2.109263595230527,3.9764785708878385,4,1.4376159840442837,1.418907150216985,1.0199288675402738,1.8927207682028913,4,-0.28695350449775814,-0.29350055302414046,-0.38909696674265976,-0.1717159452000921,4,-0.3253017052603596,-0.3341484837500853,-0.38460120697350475,-0.24830864656776308
CBBT,50,accum4,tail,temporal,4,0.0014396010228665546,0.0014288825404946692,0.001102947018807754,0.0017976919916691259,4,0.0004345789694165117,0.00041063841258317667,0.0003470611130058997,0.0005699779394937937,4,2.530263611820355,2.596932223660088,1.7210062545205012,3.206183745440743,4,1.1981828794236844,1.2173091688666724,0.832749017791987,1.525364162169406,4,-0.417316726518828,-0.3846380986789769,-0.5594712323582876,-0.3405194763590706,4,-0.4706174499754343,-0.45986549956012385,-0.5840579569889844,-0.3786808437925051
CBBT,50,batch,amp_true,excess,16,0.0012436857286957093,0.001322246273048222,0.0002063257561530918,0.002539191162213683,16,0.017562475201599776,0.01726052501138591,0.0018479705181405233,0.0408264198417804,16,46.09705971758468,33.75016895414166,14.089646476363756,124.09720499682803,16,20.099114630832037,13.911977830272207,2.876426856540744,61.86064307308837,16,0.7531039851290913,0.9695300854624752,-0.8619054875242564,0.9955466479988685,16,0.5658144212895454,0.9709864330747107,-0.9025421302111114,0.9954990639622603
CBBT,50,batch,amp_true,full,16,0.0012436857286957093,0.001322246273048222,0.0002063257561530918,0.002539191162213683,16,0.04952728686340668,0.0517600198142623,0.007564988569165077,0.11743619658597834,16,3.550731132830416,3.2771017250544507,0.5090656980152172,8.444670758134697,16,1.6481783758326878,1.5597279106005804,0.23981790754559412,3.4099346782060898,16,-0.16713907525288965,-0.19901769170755265,-0.36658023115567423,0.09326145208377981,16,-0.18898425499731747,-0.2055255114141171,-0.3927348883937819,0.15532748615633205
CBBT,50,batch,amp_true,shared,16,0.0012436857286957093,0.001322246273048222,0.0002063257561530918,0.002539191162213683,16,0.04608884057862877,0.048867406734942026,0.0073358065006979105,0.11011114254008642,16,3.6472103555510293,3.3279825765519,0.5372067655618807,9.36772793620143,16,1.6657359039075943,1.5756492610576314,0.2503508820873558,3.6026291806059336,16,-0.20987269667996605,-0.23247369536978527,-0.41443655678512065,0.07068960855510918,16,-0.23368800445063287,-0.24854513819910568,-0.4400900652227519,0.1292114743973373
CBBT,50,batch,amp_true,temporal,16,0.0012436857286957093,0.001322246273048222,0.0002063257561530918,0.002539191162213683,16,0.00047695262353898336,0.0004905246679188591,2.7976482516601837e-05,0.001093883397841261,16,2.972711258349639,2.5306120352103587,0.1504658345646695,7.105481438509981,16,1.382876555879001,1.263410283697867,0.07066477131675092,2.845867954807167,16,-0.2930184381975023,-0.2951676206223336,-0.9021873180460207,0.18987531019994328,16,-0.3377746252372158,-0.36687213150014686,-0.9312408979065606,0.03618324677815661
CBBT,50,batch,base,excess,16,0.000913251413294347,0.0009023314632941037,0.0008049041498452425,0.0010117801139131188,16,0.00047062472266495414,0.00045003678177257117,4.8984428366662946e-05,0.001297587395677639,16,1.0,1.0,1.0,1.0,16,0.39986236078573434,0.39847230314249277,0.17226424796989556,0.6669376016209686,16,1.0,1.0,0.9999999999999998,1.0000000000000004,16,0.896328842086481,0.9970038664389581,0.004506733637867966,0.9999338323014363
CBBT,50,batch,base,full,16,0.000913251413294347,0.0009023314632941037,0.0008049041498452425,0.0010117801139131188,16,0.014857966969166327,0.015143195660173726,0.0092815689781782,0.021157221717072103,16,1.0,1.0,1.0,1.0,16,0.4751551692609924,0.4807828672868317,0.4037972321089395,0.5186208191321445,16,1.0,1.0,0.9999999999999996,1.0000000000000002,16,0.9846072229145478,0.9876075258826199,0.9428922322501883,0.9983234644694762
CBBT,50,batch,base,shared,16,0.000913251413294347,0.0009023314632941037,0.0008049041498452425,0.0010117801139131188,16,0.01356637596509341,0.013903955580640096,0.008099733265051357,0.019056808909660727,16,1.0,1.0,1.0,1.0,16,0.4712002523274963,0.4774891901498979,0.3845787585998984,0.5237233850966413,16,1.0,1.0,0.9999999999999996,1.0000000000000002,16,0.9828066229807342,0.9864813283107523,0.9305571948910517,0.9980907758585009
CBBT,50,batch,base,temporal,16,0.000913251413294347,0.0009023314632941037,0.0008049041498452425,0.0010117801139131188,16,0.00017535151835170926,0.00018650221772210598,0.00010658842476481909,0.0002547318533974464,16,1.0,1.0,1.0,1.0,16,0.4763641516559993,0.4769551085931115,0.40051725972898256,0.539626924017167,16,1.0,1.0,0.9999999999999999,1.0000000000000004,16,0.991709565141269,0.9959541696656857,0.9574637913647053,0.9999496593174824
CBBT,50,batch,body,excess,16,0.000846936945890775,0.0008481120748911053,0.0007499007042497396,0.000951538560912013,16,0.0,0.0,0.0,0.0,16,0.0,0.0,0.0,0.0,16,0.0,0.0,0.0,0.0,0,,,,,0,,,,
CBBT,50,batch,body,full,16,0.000846936945890775,0.0008481120748911053,0.0007499007042497396,0.000951538560912013,16,0.014857453434051489,0.015063162548288085,0.009160987617775805,0.021073848197526567,16,1.0023320144612122,0.9962491050391447,0.9620039712217759,1.063630478525467,16,0.4760772486307334,0.47744488114904526,0.41093854941307206,0.5364992136623236,16,0.9913163195954037,0.9935289947582089,0.9479326702759127,0.9997362411393015,16,0.9778489071721669,0.980788271340322,0.9461631462738075,0.9971689409386968
CBBT,50,batch,body,shared,16,0.000846936945890775,0.0008481120748911053,0.0007499007042497396,0.000951538560912013,16,0.01359428230169675,0.013721826150543105,0.007978983430784337,0.018978991137426116,16,1.0053296439303558,0.9971943393566776,0.9584447109212623,1.0882299743373143,16,0.4733931501589096,0.4744068176345349,0.40076405753126676,0.5471219515537208,16,0.9904799947303671,0.9936752995677582,0.9383791883415429,0.9997331738017041,16,0.9761728661985634,0.9783431921483676,0.9439168825608406,0.9975465556885152
CBBT,50,batch,body,temporal,16,0.000846936945890775,0.0008481120748911053,0.0007499007042497396,0.000951538560912013,16,0.00017713373667690665,0.0001855923424233425,0.00010334384359339599,0.0002532046582231067,16,1.0134311099396411,1.0001248157645395,0.9695597230320077,1.1148260626127042,16,0.4824495436981382,0.47499047720823906,0.39739184419374063,0.5483937316837321,16,0.996328773037871,0.998674861480833,0.9770510741217038,0.9999706945713571,16,0.9921042692306503,0.9948785297311197,0.9714406948290846,0.9999903960797119
CBBT,50,batch,dual_base,excess,16,0.002139221534889657,0.0021054469980299473,0.0018038160633295774,0.002533123129978776,16,0.0012210980838401788,0.0010061094549273415,0.0001380161419933824,0.0036139832141610694,16,2.7059188234189904,2.510428039888235,1.499390643996582,5.8050350655160745,16,1.0,1.0,1.0,1.0,16,0.896328842086481,0.9970038664389581,0.004506733637867966,0.9999338323014363,16,1.0,1.0,0.9999999999999997,1.0000000000000004
CBBT,50,batch,dual_base,full,16,0.002139221534889657,0.0021054469980299473,0.0018038160633295774,0.002533123129978776,16,0.03134506716972525,0.031727914564568895,0.020524517859970958,0.043110396068442504,16,2.1139366300536993,2.079995896691435,1.928191007976485,2.4764904771071152,16,1.0,1.0,1.0,1.0,16,0.9846072229145478,0.9876075258826199,0.9428922322501883,0.9983234644694762,16,1.0,1.0,0.9999999999999997,1.0000000000000004
CBBT,50,batch,dual_base,shared,16,0.002139221534889657,0.0021054469980299473,0.0018038160633295774,0.002533123129978776,16,0.028884530164833215,0.0292861114491495,0.018356056619913352,0.038998214433602484,16,2.135980061629863,2.0943992478745312,1.9094049042997625,2.6002476154445215,16,1.0,1.0,1.0,1.0,16,0.9828066229807342,0.9864813283107523,0.9305571948910517,0.9980907758585009,16,1.0,1.0,0.9999999999999996,1.0000000000000004
CBBT,50,batch,dual_base,temporal,16,0.002139221534889657,0.0021054469980299473,0.0018038160633295774,0.002533123129978776,16,0.00037037845757457386,0.00039634845498146,0.00023371392721906778,0.0005255144863346347,16,2.1147066281667612,2.096965405766482,1.8531321464756771,2.496771301882642,16,1.0,1.0,1.0,1.0,16,0.991709565141269,0.9959541696656857,0.9574637913647053,0.9999496593174824,16,1.0,1.0,0.9999999999999997,1.0000000000000002
CBBT,50,batch,excess,excess,16,5.05262309502541e-05,4.970208465238102e-05,1.2094834346498828e-05,9.335463983006775e-05,16,0.0003845772572968927,0.00031301121147686545,7.330209074215406e-05,0.001160363490050067,16,0.9249288459875938,0.7553456267859545,0.5214116140264561,2.412936390506483,16,0.332966009098081,0.3100968317988434,0.25558764185484506,0.5311124458591862,16,0.8067773984651248,0.9926242693372478,-0.3302154558218928,0.9998462105478869,16,0.973826283745276,0.999124202056161,0.7525041552227807,0.9999782388978607
CBBT,50,batch,excess,full,16,5.05262309502541e-05,4.970208465238102e-05,1.2094834346498828e-05,9.335463983006775e-05,16,0.0012349768367539956,0.0011314010823113953,0.0002206278984116976,0.0034836350631634546,16,0.09007095928633638,0.07586316624473219,0.01295464812717695,0.3130024738089157,16,0.04141817894541689,0.037439274092256544,0.006291804907932376,0.126389532567291,16,0.05521819768329726,0.05719380237991072,-0.34061844306448297,0.33899715102047,16,0.04339554626372627,0.04945641728900471,-0.40442935458201884,0.4074578007421895
CBBT,50,batch,excess,shared,16,5.05262309502541e-05,4.970208465238102e-05,1.2094834346498828e-05,9.335463983006775e-05,16,0.001153724437908221,0.0011068827952905287,0.00020809486550703592,0.0033907623255923247,16,0.09355317975023283,0.07675905902959078,0.013312570192451745,0.34999449798525334,16,0.04215127123568799,0.037845860183507884,0.00642722995097791,0.13460044955196335,16,0.05556941773218298,0.047973084090682225,-0.3771969543518363,0.3713989481185865,16,0.039954784809527,0.033690198730329836,-0.4403488437766855,0.4664713356552072
CBBT,50,batch,excess,temporal,16,5.05262309502541e-05,4.970208465238102e-05,1.2094834346498828e-05,9.335463983006775e-05,16,8.96428743640876e-06,8.62834545200411e-06,2.132911695718474e-06,3.0331948466021696e-05,16,0.05830883622266246,0.04477137102306136,0.01040851099710521,0.23903939072612476,16,0.02684159423560155,0.020868170821827448,0.005238533078845397,0.09573940174091304,16,-0.0808781088522598,-0.13180750475069508,-0.6500724702625129,0.5000136854596768,16,-0.11426674196052641,-0.10463768063399634,-0.7243764965924603,0.5396437710128832
CBBT,50,batch,gate,excess,16,0.0005559614355661324,0.000536725390702486,0.0001617803209228441,0.0009924775222316384,16,0.0,0.0,0.0,0.0,16,0.0,0.0,0.0,0.0,16,0.0,0.0,0.0,0.0,0,,,,,0,,,,
CBBT,50,batch,gate,full,16,0.0005559614355661324,0.000536725390702486,0.0001617803209228441,0.0009924775222316384,16,0.011168726670981474,0.010353588382618958,0.004873366945598305,0.02095138145764287,16,0.8015455296034626,0.6608868949652964,0.23034059059209588,1.8824687738678803,16,0.37098177628743834,0.3357022528187218,0.11304389172999706,0.7718600412534758,16,0.19139772741486838,0.24273491710690706,-0.28819392772989333,0.641219507324245,16,0.3365649815594109,0.3936928371935889,-0.11345153117456516,0.7249288838840945
CBBT,50,batch,gate,shared,16,0.0005559614355661324,0.000536725390702486,0.0001617803209228441,0.0009924775222316384,16,0.011050624860231707,0.010240333526388628,0.004823497421367387,0.02072527763378481,16,0.8768563369464258,0.7222083103927239,0.25311149648575976,2.1392632229905337,16,0.39983522075687994,0.3663831604963523,0.12368508382812678,0.8538051586024331,16,0.21263812803725252,0.26758104888628864,-0.3236813648261984,0.7158327854023743,16,0.3633204173668441,0.42992487211089453,-0.13199734256561735,0.7900249050191255
CBBT,50,batch,gate,temporal,16,0.0005559614355661324,0.000536725390702486,0.0001617803209228441,0.0009924775222316384,16,0.00010038793454940164,6.866141993960346e-05,1.3863656030319089e-05,0.00027362347673898864,16,0.6210203215677341,0.42155341190517315,0.06765400393336611,1.6733626402791295,16,0.28083916125291114,0.22246532207056963,0.03404980189960331,0.6914115521744316,16,0.19036517820293813,0.5613413455067119,-0.6354429759978563,0.7676343314835232,16,0.2765809592586145,0.6644895557317887,-0.5792665840879526,0.8303380756138046
CBBT,50,batch,tail,excess,16,0.0014396010228665546,0.00121885456610471,0.000554874655790627,0.002652904950082302,16,0.009660757773151521,0.009349481101275064,0.0011534879994413592,0.02717626259060938,16,20.53724258047106,20.328427438088667,18.599602824655936,23.54805471663689,16,8.233162499523967,8.249086435012886,3.2040465931281,13.375109132684806,16,0.9971740778145184,0.9995350930897311,0.9805929340125072,0.9999610018912245,16,0.8916093022579413,0.9953774760380782,-0.02873502597850306,0.9998286423943857
CBBT,50,batch,tail,full,16,0.0014396010228665546,0.00121885456610471,0.000554874655790627,0.002652904950082302,16,0.0467567720312632,0.046261465790965246,0.011493189614061605,0.09146635907164319,16,3.375404614559043,3.2793035225366376,0.5432277341399492,8.218196263566421,16,1.5780785139234061,1.5254800349314048,0.2665990262723381,3.3184849041561493,16,-0.1896606298523349,-0.2350721923461842,-0.4776834198488189,0.18339287473643923,16,-0.1971840365751507,-0.2735386703325794,-0.48265868524646804,0.2410165776626065
CBBT,50,batch,tail,shared,16,0.0014396010228665546,0.00121885456610471,0.000554874655790627,0.002652904950082302,16,0.044942940106604386,0.0450251659709949,0.009923226844977592,0.0892787976773172,16,3.5801043044990237,3.4836800721235024,0.5207181796290709,9.215357778974127,16,1.6508564736660885,1.5975727657895402,0.2544533638039419,3.5440308546917865,16,-0.2055276742234133,-0.24395172958512348,-0.48416382769573496,0.20904528066611006,16,-0.21502453075559086,-0.2855899716421121,-0.4911802360013979,0.25009714413446693
CBBT,50,batch,tail,temporal,16,0.0014396010228665546,0.00121885456610471,0.000554874655790627,0.002652904950082302,16,0.00043928041424597916,0.0003919762256678908,4.10577124509611e-05,0.0008696581462943795,16,2.767597795572361,2.3358244623060513,0.16118012687993374,6.853583892346801,16,1.3026810389749788,1.194384020830293,0.07812860257636467,2.7505603679498996,16,-0.4259036275499436,-0.41897779442084404,-0.991809913609126,0.18999674481803872,16,-0.46873847050965894,-0.49772598987406086,-0.9896819044675693,-0.09972591359770956
Lewes,50,accum4,amp_true,excess,4,0.002830637290571758,0.0026154720962949796,0.002163366647437215,0.003928238322259858,4,0.052485313897549124,0.05574454684785617,0.03701447160155043,0.06143769029293373,4,42.9764871599197,44.4897633464163,34.42615699839408,48.50026494845211,4,16.387567727831392,17.01178818485678,12.926437001423553,18.60025754018846,4,0.9954153897705355,0.9954267173728477,0.9931329520499974,0.9976751722864485,4,0.9948539935693969,0.9955521305179038,0.9916534284439412,0.9966582847978382
Lewes,50,accum4,amp_true,full,4,0.002830637290571758,0.0026154720962949796,0.002163366647437215,0.003928238322259858,4,0.09592762938206922,0.09651957450788129,0.06572271499189902,0.12494865352061531,4,10.471335681871947,9.877673634707763,6.426544489416441,15.70345096865582,4,4.58354911482178,4.61359509326374,2.819395257788857,6.287611014970785,4,0.49153047568466307,0.5259974684250344,0.28998370019818104,0.6241432656904026,4,0.5400627196947438,0.5757535781144286,0.2931055267678334,0.7156381957822849
Lewes,50,accum4,amp_true,shared,4,0.002830637290571758,0.0026154720962949796,0.002163366647437215,0.003928238322259858,4,0.07982884385297832,0.07788033048512871,0.05423421973073439,0.10932049471092145,4,10.439239452108684,9.781296010613278,6.421611909714813,15.772753877493367,4,4.433077549156483,4.487822415986615,2.6927140813056103,6.063951283347094,4,0.6003801980328446,0.6290537082237915,0.3802406944585509,0.7631726812252445,4,0.6270476965754507,0.6890966293291712,0.3453855595417148,0.7846119681017456
Lewes,50,accum4,amp_true,temporal,4,0.002830637290571758,0.0026154720962949796,0.002163366647437215,0.003928238322259858,4,0.0007672801165814512,0.0007789560268753714,0.0004782989319651867,0.0010329094806098749,4,8.049822976517405,7.111964582838048,5.103417966430187,12.871944773963335,4,3.428820648147525,3.3322801381336737,2.228816847654416,4.8219054686683345,4,0.9037500779719346,0.9040726618521713,0.8622711710608625,0.9445838171225334,4,0.9158141578467086,0.9174697582861817,0.8793387704055898,0.9489783444088814
Lewes,50,accum4,base,excess,4,0.0009061709970410448,0.0009035056864377111,0.0008899781532818452,0.0009276944620069116,4,0.0012200778217880378,0.0011813349472594215,0.0010511546812190375,0.0014664867114142707,4,1.0,1.0,1.0,1.0,4,0.3810075653700703,0.37949476174702407,0.37525461234416346,0.3897861256420696,4,1.0,1.0,0.9999999999999998,1.0,4,0.9991076989693455,0.9991162175895314,0.9988790712518554,0.9993192894464641
Lewes,50,accum4,base,full,4,0.0009061709970410448,0.0009035056864377111,0.0008899781532818452,0.0009276944620069116,4,0.009398484875401777,0.009705208766751187,0.007956764011300035,0.010226757956804704,4,1.0,1.0,1.0,1.0,4,0.44592949621982136,0.44212239175480345,0.40039676804295393,0.4990764333267245,4,1.0000000000000002,1.0000000000000002,0.9999999999999998,1.0000000000000002,4,0.989492635942706,0.9912495871600542,0.9834209839367354,0.9920503855139801
Lewes,50,accum4,base,shared,4,0.0009061709970410448,0.0009035056864377111,0.0008899781532818452,0.0009276944620069116,4,0.007756852092235521,0.0078196530428015,0.006930970682736276,0.008457131600602807,4,1.0,1.0,1.0,1.0,4,0.434719960289269,0.4246365599879445,0.38445735795065783,0.5051493632305293,4,1.0,1.0,0.9999999999999999,1.0000000000000004,4,0.9894519196455054,0.9896753383145307,0.9860409285120336,0.9924160734409264
Lewes,50,accum4,base,temporal,4,0.0009061709970410448,0.0009035056864377111,0.0008899781532818452,0.0009276944620069116,4,9.786559126343016e-05,9.975539751866312e-05,8.024502114856704e-05,0.00011170654886782733,4,1.0,1.0,1.0,1.0,4,0.44216169485508644,0.4344813919173113,0.3746058232336283,0.5250781723520949,4,1.0,1.0,0.9999999999999998,1.0000000000000002,4,0.9994114604447576,0.9993666318166516,0.9990846132536246,0.9998279648921023
Lewes,50,accum4,body,excess,4,0.0007915522692201193,0.0007944771277834661,0.0007478567713405937,0.0008293980499729514,4,0.0,0.0,0.0,0.0,4,0.0,0.0,0.0,0.0,4,0.0,0.0,0.0,0.0,0,,,,,0,,,,
Lewes,50,accum4,body,full,4,0.0007915522692201193,0.0007944771277834661,0.0007478567713405937,0.0008293980499729514,4,0.00818454792668697,0.00859227401035365,0.0062764642575560085,0.009277179428484567,4,0.8679535169614871,0.8603815662969054,0.788821215338585,0.9622297199135527,4,0.3891341178781962,0.3802344148360357,0.31584146518528444,0.480226176655429,4,0.9619527316131902,0.9694190187876941,0.9246666547480656,0.9843062341293067,4,0.929103225949814,0.9405671727428375,0.8627712886839148,0.9725072696296664
Lewes,50,accum4,body,shared,4,0.0007915522692201193,0.0007944771277834661,0.0007478567713405937,0.0008293980499729514,4,0.0063358300076055175,0.006473359634876096,0.005046670548677648,0.007349930211992231,4,0.8170654396618335,0.8019418659504618,0.7281332990266343,0.9362447277197763,4,0.35830837154065037,0.34017692687367007,0.2799362043796761,0.4729434280355852,4,0.9664291882482088,0.973323529350193,0.9338378143489743,0.9852318799434746,4,0.9383788265796618,0.9499569861910245,0.8811360744933797,0.9724652594432185
Lewes,50,accum4,body,temporal,4,0.0007915522692201193,0.0007944771277834661,0.0007478567713405937,0.0008293980499729514,4,7.877357378507296e-05,8.434679536282522e-05,5.7771518024973875e-05,8.862918638966756e-05,4,0.8037244507609618,0.790904536675229,0.7199389718897907,0.9131497578035987,4,0.35889825223531197,0.3432123358936146,0.269693331242747,0.4794750059112717,4,0.9935846819722773,0.9953644525558301,0.9854316183680971,0.9981782044093526,4,0.9901300113912581,0.9923913806377642,0.9808053333239892,0.994931950965515
Lewes,50,accum4,dual_base,excess,4,0.002202299394411966,0.002198269445216283,0.0021500817383639514,0.002262576948851347,4,0.0031978984103605466,0.0030832632192148903,0.0028011772451046507,0.0038238899579077553,4,2.625280196870391,2.6353769951496897,2.5655094786987718,2.664857318483413,4,1.0,1.0,1.0,1.0,4,0.9991076989693455,0.9991162175895314,0.9988790712518554,0.9993192894464641,4,0.9999999999999998,0.9999999999999998,0.9999999999999996,1.0000000000000002
Lewes,50,accum4,dual_base,full,4,0.002202299394411966,0.002198269445216283,0.0021500817383639514,0.002262576948851347,4,0.021123612463181844,0.02120835654026696,0.018766810498080756,0.023310926274112704,4,2.256281842552192,2.2619518050134255,2.0037011031241017,2.4975226570578153,4,1.0,1.0,1.0,1.0,4,0.989492635942706,0.9912495871600542,0.9834209839367354,0.9920503855139801,4,1.0,1.0,0.9999999999999998,1.0000000000000002
Lewes,50,accum4,dual_base,shared,4,0.002202299394411966,0.002198269445216283,0.0021500817383639514,0.002262576948851347,4,0.018017617176836614,0.018802044489226132,0.014297726329895346,0.020168653398998856,4,2.322832380355555,2.3553241549176525,1.9796125122375765,2.601068699349337,4,1.0,1.0,1.0,1.0,4,0.9894519196455054,0.9896753383145307,0.9860409285120336,0.9924160734409264,4,1.0,1.0,0.9999999999999997,1.0000000000000002
Lewes,50,accum4,dual_base,temporal,4,0.002202299394411966,0.002198269445216283,0.0021500817383639514,0.002262576948851347,4,0.0002233055263743066,0.00023141723693138525,0.00017849017196954614,0.0002518974596649098,4,2.294776714157645,2.3025779386143443,1.9044783284753322,2.66947265092656,4,1.0,1.0,1.0,1.0,4,0.9994114604447576,0.9993666318166516,0.9990846132536246,0.9998279648921023,4,1.0,1.0,1.0,1.0000000000000002
Lewes,50,accum4,excess,excess,4,0.00010037173422006163,9.49445886817557e-05,7.751933571853442e-05,0.00013407842379820067,4,0.000990189827785844,0.000952291423164268,0.0008780519123143141,0.0011781245525005262,4,0.8138221483740153,0.8179987900011365,0.7839696968479586,0.83532131664583,4,0.30994344691039244,0.31036755001283445,0.3055805107551536,0.3134581768607472,4,0.9976729312179915,0.9977470498414898,0.9970417320573839,0.9981558931316026,4,0.9996593520197445,0.9996824177784993,0.9995602136513666,0.9997123588706132
Lewes,50,accum4,excess,full,4,0.00010037173422006163,9.49445886817557e-05,7.751933571853442e-05,0.00013407842379820067,4,0.0017920524163073472,0.001804162201113272,0.0012255363707614293,0.002334348892241416,4,0.1952171728844926,0.17832051765997659,0.13084847732993915,0.29337917888807824,4,0.08517273172641986,0.08022698011283438,0.06276889164212854,0.11746807503788216,4,0.4725781574450688,0.5202180942887543,0.2121380004990831,0.6377384407036834,4,0.5207837186155249,0.5761087519335206,0.23527358709241414,0.6956437835026444
Lewes,50,accum4,excess,shared,4,0.00010037173422006163,9.49445886817557e-05,7.751933571853442e-05,0.00013407842379820067,4,0.0014801005618673487,0.0015250970267716131,0.0008549644643728017,0.002015243729553366,4,0.19271796742693514,0.18086864289580945,0.11837534948840249,0.2907592344277192,4,0.08141415510663537,0.07824365153292798,0.05738479029284865,0.11178452706783688,4,0.5680777946946794,0.6374710495509777,0.24522490943012087,0.7521441702466417,4,0.5961413673295529,0.6768886052879124,0.24152388222594512,0.7892643765164417
Lewes,50,accum4,excess,temporal,4,0.00010037173422006163,9.49445886817557e-05,7.751933571853442e-05,0.00013407842379820067,4,1.190586452383006e-05,1.3288390054813273e-05,4.8064244319502105e-06,1.6240253553743482e-05,4,0.12343172019208962,0.12630859121778287,0.05128423076238247,0.18982546757041027,4,0.05203449066701376,0.05505000347946912,0.026928230159194867,0.07110972554992194,4,0.7995436076363406,0.8392002904183171,0.5798072223449744,0.9399666273637535,4,0.8165085145676809,0.8543973756411941,0.6123435218406554,0.9448957851476801
Lewes,50,accum4,gate,excess,4,0.0006076652953197481,0.0006052834069123492,0.0005326394821167924,0.0006874548853375018,4,0.0,0.0,0.0,0.0,4,0.0,0.0,0.0,0.0,4,0.0,0.0,0.0,0.0,0,,,,,0,,,,
Lewes,50,accum4,gate,full,4,0.0006076652953197481,0.0006052834069123492,0.0005326394821167924,0.0006874548853375018,4,0.007165768298661359,0.007283751536945586,0.004750576710754288,0.00934499340999998,4,0.7793522108036404,0.7178630364529563,0.5072111639208748,1.1744716063877738,4,0.33939347044287915,0.31709105389125447,0.2531371386331268,0.47025463535588097,4,0.4341585244826959,0.5898401540044711,-0.057230475190830216,0.6141842651126714,4,0.5398561755903487,0.689205059511397,0.05882012985065394,0.7221944534879466
Lewes,50,accum4,gate,shared,4,0.0006076652953197481,0.0006052834069123492,0.0005326394821167924,0.0006874548853375018,4,0.007058157550851171,0.007194590265717872,0.004733201145469656,0.009110248526499281,4,0.9186868116744499,0.8524894630985378,0.6553422547274022,1.3144260657733222,4,0.3898111711841735,0.36670111121983506,0.3205016898283349,0.5053407724686891,4,0.5201398484237391,0.7018419108756468,-0.07450506051372907,0.7513806324573915,4,0.6197922105649898,0.7879479945863908,0.07626259556793803,0.8270102575192394
Lewes,50,accum4,gate,temporal,4,0.0006076652953197481,0.0006052834069123492,0.0005326394821167924,0.0006874548853375018,4,6.126688820788656e-05,6.365677455521402e-05,1.6042891311417813e-05,0.0001017111124097004,4,0.6537779232921792,0.5882141368363806,0.17117658911714992,1.2675068303788053,4,0.2684872286173274,0.2546261921289558,0.08988109056309856,0.4748154396482992,4,0.5451835687107683,0.9880940571972585,-0.7890196310045152,0.9935657914530716,4,0.5540049888974038,0.9914563076770506,-0.7622550179873606,0.9953623582228744
Lewes,50,accum4,tail,excess,4,0.002722939123486867,0.002630359747854527,0.0019896636076737195,0.003641373390564695,4,0.02459261726824307,0.023894623418028223,0.02123576363819908,0.02934545859871675,4,20.1690731014475,20.190114612273977,20.01072247727098,20.28534070397106,4,7.684281502621275,7.645521597875197,7.5810139023907865,7.8650689123439195,4,0.9999670215234945,0.9999674903078448,0.9999352186234503,0.999997886854838,4,0.9988229727075881,0.9988043030991661,0.9986831510221974,0.999000133609823
Lewes,50,accum4,tail,full,4,0.002722939123486867,0.002630359747854527,0.0019896636076737195,0.003641373390564695,4,0.06897492946817145,0.06863710588654512,0.04668865085191968,0.0919368552476759,4,7.434359568357436,7.473668580591308,4.984869497399926,9.805231614847202,4,3.2584562571561175,3.233989875854711,2.487830889361537,4.07801438755351,4,0.6681711102513126,0.6912138054761059,0.5023712265280039,0.7878856035250347,4,0.7099988699977737,0.7585561472482256,0.49649956694371616,0.8263836185509275
Lewes,50,accum4,tail,shared,4,0.002722939123486867,0.002630359747854527,0.0019896636076737195,0.003641373390564695,4,0.06366717874894293,0.06320730745332437,0.04110572208851617,0.0871483780006068,4,8.21695951001693,8.393928568071493,5.691352589456281,10.38862831446845,4,3.5046364523223548,3.4344838654981,2.697817030656337,4.451761047636882,4,0.73567176172942,0.7523363221441406,0.5751488062787926,0.8628655963506059,4,0.7597267887453618,0.8049291220830428,0.5474816710752182,0.8815672397401438
Lewes,50,accum4,tail,temporal,4,0.002722939123486867,0.002630359747854527,0.0019896636076737195,0.003641373390564695,4,0.0006557745698889402,0.0006535399309842913,0.0003853107751187689,0.0009307076424684091,4,6.716729877670903,7.094651636209783,4.11124048368854,8.566375754575503,4,2.8887351024724497,2.8507150217358364,2.1587226392751213,3.6947877271430056,4,0.9687991229369475,0.9705172190217533,0.9410096110738714,0.9931524426304116,4,0.9750452040016389,0.9764513302517985,0.9523780233467938,0.9949001321561647
Lewes,50,batch,amp_true,excess,16,0.002830637290571758,0.00259750138502568,0.00016878794122021645,0.005738559179008007,16,0.05505206767046926,0.028267212677341204,0.005033128394589294,0.12662368457380618,16,51.575049236447256,36.490051189785135,10.70733558440783,159.45126385065188,16,22.89235512333017,13.461379132764705,3.1773003999100804,104.49004928500095,16,0.7734888191429601,0.9868337002356072,-0.8777896067900595,0.9979041039625607,16,0.6849555516404562,0.9868716114004629,-0.8992114174579143,0.9979493037002176
Lewes,50,batch,amp_true,full,16,0.002830637290571758,0.00259750138502568,0.00016878794122021645,0.005738559179008007,16,0.10716000322252753,0.07350538191579248,0.010634192962479631,0.28212627090254505,16,9.316237552787234,7.99872659540266,1.9003046534751886,18.647434015687846,16,4.015698466590491,3.2263343604918724,0.837889692152085,7.899842380608564,16,0.44975753842856936,0.5225988246545552,0.11303733818461927,0.764439065872177,16,0.48943496007119186,0.5822766972585902,0.017855816483748423,0.8292916844023069
Lewes,50,batch,amp_true,shared,16,0.002830637290571758,0.00259750138502568,0.00016878794122021645,0.005738559179008007,16,0.08926999999918796,0.06783080490491201,0.009367693340776603,0.25384007794023206,16,9.120603613891905,8.173105831081052,1.8509325054988337,19.266104721051097,16,3.8790645799066863,3.431380022810692,0.809818673174521,6.9062210837729285,16,0.5235786828697002,0.5699745432562358,0.1445040129497973,0.8595575924759882,16,0.5417487824929155,0.6078892582348836,0.022068740644129566,0.9026514504256521
Lewes,50,batch,amp_true,temporal,16,0.002830637290571758,0.00259750138502568,0.00016878794122021645,0.005738559179008007,16,0.0007769061496391506,0.0005576108796454611,0.00010074872148098247,0.0022737728866104034,16,6.824261190309182,5.845466661643107,1.0187032555457203,14.770223960986435,16,3.0455436394331072,2.543880514596184,0.3849896557859393,5.864979874287406,16,0.8387985330093465,0.8617373570361677,0.575700021021234,0.9830670056785346,16,0.8558481119581605,0.8838638572732995,0.6297060132621491,0.9926666260387507
Lewes,50,batch,base,excess,16,0.0009061709970410448,0.0009248249116353691,0.0007368113729171455,0.0010595978237688541,16,0.00153245268638932,0.001054736411187622,8.842848671921608e-05,0.00376861278611419,16,1.0,1.0,1.0,1.0,16,0.4163056265116426,0.3602385497861582,0.15925691434729977,1.0154310285364254,16,1.0,1.0,0.9999999999999996,1.0000000000000002,16,0.9356073390709799,0.9996904390384884,0.6189905030113888,0.9999576314549076
Lewes,50,batch,base,full,16,0.0009061709970410448,0.0009248249116353691,0.0007368113729171455,0.0010595978237688541,16,0.010841938406522903,0.010577774430203846,0.005596046372371038,0.01832327029893535,16,1.0,1.0,1.0,1.0,16,0.43893086510823176,0.4428148124883532,0.36607833037698456,0.5153268102995084,16,1.0,1.0,0.9999999999999994,1.0000000000000002,16,0.9784900118723145,0.9826069708950883,0.9304619147027404,0.9935201706290774
Lewes,50,batch,base,shared,16,0.0009061709970410448,0.0009248249116353691,0.0007368113729171455,0.0010595978237688541,16,0.009149940724328804,0.008982244406957066,0.005061066955681332,0.01631886346821899,16,1.0,1.0,1.0,1.0,16,0.4327824670620286,0.43088239335974843,0.34131106117532206,0.5231023552923441,16,1.0,1.0,0.9999999999999997,1.0000000000000004,16,0.9757721228251275,0.9798701640882687,0.8919071370332459,0.9935593130427374
Lewes,50,batch,base,temporal,16,0.0009061709970410448,0.0009248249116353691,0.0007368113729171455,0.0010595978237688541,16,0.00010336624252612459,0.00010173815945926271,3.899508115134801e-05,0.00019648892037561403,16,1.0,1.0,1.0,1.0,16,0.4485895687556999,0.43803869736115414,0.3405394863223687,0.6172477774134734,16,1.0,1.0,0.9999999999999997,1.0000000000000004,16,0.995341805702987,0.9987810165306115,0.9774526573566775,0.9997606086634796
Lewes,50,batch,body,excess,16,0.0007915522692201193,0.000796700274804607,0.0006863668095320463,0.0009301492827944458,16,0.0,0.0,0.0,0.0,16,0.0,0.0,0.0,0.0,16,0.0,0.0,0.0,0.0,0,,,,,0,,,,
Lewes,50,batch,body,full,16,0.0007915522692201193,0.000796700274804607,0.0006863668095320463,0.0009301492827944458,16,0.00925641382330053,0.0093104179201682,0.005491125677251715,0.012155976624323175,16,0.8671390118794388,0.8954965944369647,0.6634174154506405,1.0065794649055708,16,0.38179658154321905,0.38363434221389914,0.2664504406978621,0.5034532255728387,16,0.9291544919167496,0.952862484586723,0.793273468378638,0.9978702582641322,16,0.8770470223458657,0.9031742398918368,0.6715127065537367,0.9869666116776432
Lewes,50,batch,body,shared,16,0.0007915522692201193,0.000796700274804607,0.0006863668095320463,0.0009301492827944458,16,0.007448035980631419,0.007398398671408769,0.004524346029436542,0.009466081027009769,16,0.8341800201654771,0.8734073082173861,0.5800698710081725,0.9985290428003675,16,0.3627386387682262,0.3621385517459939,0.22441103227011988,0.5038643200088584,16,0.9303113899549111,0.9632558806882914,0.8044905264115477,0.9968332489303182,16,0.8834996645726487,0.9106828017392754,0.6933062111553521,0.9793096503634896
Lewes,50,batch,body,temporal,16,0.0007915522692201193,0.000796700274804607,0.0006863668095320463,0.0009301492827944458,16,8.49059555980318e-05,8.40673959602535e-05,3.7688238630239716e-05,0.00012359141656742372,16,0.8696633906240255,0.8670869419015688,0.5781460414676542,1.4226072388648103,16,0.38604736825641084,0.374363256443863,0.21244453951912248,0.5343465396334467,16,0.985548600666742,0.992735421023677,0.890709240002225,0.9999384313070375,16,0.9714516801578164,0.9871993026481476,0.8190138941524554,0.998576254966346
Lewes,50,batch,dual_base,excess,16,0.002202299394411966,0.002194302505813539,0.0016043176874518394,0.0028347254265099764,16,0.004355468037953719,0.0031163685016921527,0.00011985901198698663,0.010951302182916515,16,2.8009514162919085,2.7759680980224943,0.9848034695584725,6.2791622209836895,16,1.0,1.0,1.0,1.0,16,0.9356073390709799,0.9996904390384884,0.6189905030113888,0.9999576314549076,16,1.0,1.0,0.9999999999999996,1.0000000000000002
Lewes,50,batch,dual_base,full,16,0.002202299394411966,0.002194302505813539,0.0016043176874518394,0.0028347254265099764,16,0.02509464041870968,0.024305445696473603,0.011359416306514453,0.042875621873085294,16,2.3051457421447847,2.2589903060282923,1.9405161540475626,2.7316558152191304,16,1.0,1.0,1.0,1.0,16,0.9784900118723145,0.9826069708950883,0.9304619147027404,0.9935201706290774,16,1.0,1.0000000000000002,0.9999999999999998,1.0000000000000004
Lewes,50,batch,dual_base,shared,16,0.002202299394411966,0.002194302505813539,0.0016043176874518394,0.0028347254265099764,16,0.021738718231755792,0.02063573390136894,0.010242740564722462,0.039056452681132774,16,2.3569082682595632,2.321136758170911,1.9116717596141088,2.929878675939915,16,1.0,1.0,1.0,1.0,16,0.9757721228251275,0.9798701640882687,0.8919071370332459,0.9935593130427374,16,1.0,1.0,0.9999999999999998,1.0000000000000002
Lewes,50,batch,dual_base,temporal,16,0.002202299394411966,0.002194302505813539,0.0016043176874518394,0.0028347254265099764,16,0.0002358623889582754,0.0002180082607866332,8.474586110311892e-05,0.00044621659287245744,16,2.2925545239584113,2.282966573944174,1.6200949385195336,2.9365170271425116,16,1.0,1.0,1.0,1.0,16,0.995341805702987,0.9987810165306115,0.9774526573566775,0.9997606086634796,16,1.0,1.0,0.9999999999999996,1.0000000000000002
Lewes,50,batch,excess,excess,16,0.00010037173422006163,0.00010308147830073722,1.490546674176585e-05,0.00019106260151602328,16,0.0014206326236904853,0.001063711578610675,5.241586830909991e-05,0.0035995037948407236,16,0.9582367712029887,0.887767255579751,0.4306670655380173,2.8509401374516785,16,0.33222487939158296,0.3209953805544217,0.27020293894224606,0.454031929279421,16,0.8152117601689739,0.999312545600486,-0.446520570382875,0.9999082518818629,16,0.9455029894504681,0.9999095839376009,0.42186842986157985,0.9999865430818587
Lewes,50,batch,excess,full,16,0.00010037173422006163,0.00010308147830073722,1.490546674176585e-05,0.00019106260151602328,16,0.0030936205846476806,0.002688044078281016,0.0005031091101750222,0.007081049473813236,16,0.28374111116932577,0.2471868216439826,0.04525544693508712,0.5429001423236213,16,0.1196242125383592,0.11720215152958144,0.02278377923281207,0.23841131003454702,16,0.3887932846420563,0.4694973833603694,-0.12655090384521878,0.7792170527674505,16,0.4107920590580987,0.5232213857331819,-0.1864460197381501,0.8435793874459624
Lewes,50,batch,excess,shared,16,0.00010037173422006163,0.00010308147830073722,1.490546674176585e-05,0.00019106260151602328,16,0.002655893987772543,0.0020875580102837177,0.0005003712156894176,0.006496614028657245,16,0.28646199842134035,0.22632736184295665,0.05856221763125988,0.5621758133622506,16,0.11856080637799953,0.1033110546673105,0.029794413516427472,0.2270138387293583,16,0.43932571961796785,0.4872301547383866,-0.15055753724278556,0.8689758800491131,16,0.44026938937674476,0.5095390566574112,-0.2134431266106661,0.9114938081646927
Lewes,50,batch,excess,temporal,16,0.00010037173422006163,0.00010308147830073722,1.490546674176585e-05,0.00019106260151602328,16,2.1170304359068583e-05,2.042302174053241e-05,6.257447530699283e-07,5.575441488380985e-05,16,0.2134239176407348,0.17973403300964078,0.006193284237493071,0.6146125110287217,16,0.09038531264238162,0.08660201041025564,0.0033708082959758886,0.21925377991709546,16,0.2844345481265375,0.7319827261545753,-0.9592997752934621,0.984502770773806,16,0.30792026787463533,0.8198256420631798,-0.9680140609712807,0.9901014590561895
Lewes,50,batch,gate,excess,16,0.0006076652953197481,0.000577912840526551,0.00016589381266385317,0.0011781654320657253,16,0.0,0.0,0.0,0.0,16,0.0,0.0,0.0,0.0,16,0.0,0.0,0.0,0.0,0,,,,,0,,,,
Lewes,50,batch,gate,full,16,0.0006076652953197481,0.000577912840526551,0.00016589381266385317,0.0011781654320657253,16,0.011271196091193522,0.010635406793950336,0.0026780054353615556,0.0187519407795048,16,1.0815902633230032,1.0592019049892254,0.2779988985387685,2.366278898679891,16,0.4594492596869858,0.46277026095363977,0.11776145936813856,0.8674240424993995,16,0.2616410106505524,0.36728496341247874,-0.31584647779710584,0.657036796374035,16,0.41173195652129707,0.5057382590050923,-0.05322003134601107,0.8000504910020816
Lewes,50,batch,gate,shared,16,0.0006076652953197481,0.000577912840526551,0.00016589381266385317,0.0011781654320657253,16,0.011134810376064638,0.01056375165710954,0.002631268376703437,0.018415728890749168,16,1.27748049097741,1.2248444979601758,0.29684441795718614,2.782844178510834,16,0.5335526202084293,0.5051968550880076,0.12640825514126683,1.0364097953928983,16,0.30682576597098044,0.43825112889512163,-0.41981569771919997,0.7924942927598193,16,0.46232194945519667,0.5786749908863875,-0.06880975792795463,0.8985827978436727
Lewes,50,batch,gate,temporal,16,0.0006076652953197481,0.000577912840526551,0.00016589381266385317,0.0011781654320657253,16,9.059367478492277e-05,8.671630691156593e-05,1.076478505548027e-05,0.00018663229019888814,16,1.015373422204251,0.8590567602990938,0.11551073395137083,3.035907863267476,16,0.41907006330251245,0.4159725239574237,0.05343644423293541,1.033846504279146,16,0.39286313367081965,0.9182303955711122,-0.9672762019778652,0.991920425819138,16,0.43013844926642125,0.9380537058315701,-0.961665528596656,0.9945260650410755
Lewes,50,batch,tail,excess,16,0.002722939123486867,0.002543681301176548,0.00042204081546515226,0.005462360568344593,16,0.030735934613022868,0.02174114547537334,0.0017728392042456978,0.07616656496221953,16,20.101096156303406,20.015557075334065,19.449348983575096,21.39101511793049,16,8.371885992576377,7.207990910675154,3.192827467449339,20.318834312721833,16,0.9998895443873026,0.9999762478513929,0.9992198121588702,0.9999977255625331,16,0.9353965596910285,0.9988642968638695,0.6213964576598474,0.9998832617254203
Lewes,50,batch,tail,full,16,0.002722939123486867,0.002543681301176548,0.00042204081546515226,0.005462360568344593,16,0.0854715774505268,0.07710787504800232,0.00989809820458777,0.20381352979767553,16,7.630343738938098,7.431433711615169,1.6318288540925123,14.081191653253804,16,3.272024528803262,2.97246815266056,0.8215415132393925,6.070807267487432,16,0.6117240733424161,0.663511228079088,0.16554450790307257,0.8408064173406559,16,0.6430440068012094,0.7302042827884092,0.06348457027501189,0.8971465473989501
Lewes,50,batch,tail,shared,16,0.002722939123486867,0.002543681301176548,0.00042204081546515226,0.005462360568344593,16,0.07785195612428866,0.06812280654805689,0.009565671454224524,0.19310364796125293,16,8.185878620167205,8.430030668309126,1.8900503664521806,15.364770574409981,16,3.4726737006649167,3.082171356124513,0.9338976608633567,6.872822302632872,16,0.6518322066893423,0.708312462089155,0.21349839710460128,0.9044843208849761,16,0.6644310005086551,0.7888095801141417,0.07953630348486027,0.9421504549165627
Lewes,50,batch,tail,temporal,16,0.002722939123486867,0.002543681301176548,0.00042204081546515226,0.005462360568344593,16,0.0006933759029754697,0.0006111346408244473,8.085879955715694e-05,0.0018571389091173824,16,6.229607798130971,6.496483251404753,1.2826834743695978,12.265953429362092,16,2.771671837368894,2.7107363818858423,0.698123956646686,5.063387801155087,16,0.8115666347345103,0.9399847217504531,-0.5232830148454256,0.9926384100633677,16,0.8193814401446395,0.9638828141530311,-0.5597084653147048,0.9955219502840886
