station,group,source,checkpoint,sha256,epoch,model,encoder_type,temporal_block,head_type,history_steps,history_hours,candidate,normalization_type,normalization_origin,normalization,tau_physical,source_tau_physical,source_exceedance_percentile,threshold_schema,threshold_metadata,evaluation_threshold_origin,source_root,split_years,train_group_count,val_group_count,test_group_count,model_state_strict_load,loss_mode,exceedance_loss_weight,episode_gt_aligned_peak_weight,config_used,config_used_sha256,exit_status,training_epochs_completed,completion_provenance,training_metrics,training_metrics_sha256,training_log,training_log_sha256
Boston,past_only,NCEP,/home/exouser/media/share/PACT/FormalRuns_0925/single_tail_episodepeak_4x4/NCEP_Boston_G0_T0500_EP0100__20260927_191110/best_overall.pt,a08cbb542fdd3077701d68c7a11d4005a638f153884e99f28f13764b9317df88,280,perceiver3,GraphSAGE,Transformer,single,4,24,G0_T0500_EP0100,zscore,source_checkpoint_train,"{""x_center"": [-0.8811544179916382, -0.6066479682922363, 3.0399505135392246e-08, -80.625, 24.76150131225586], ""x_scale"": [4.643034934997559, 3.97058367729187, 4137.322265625, 14.604151725769043, 14.285452842712402], ""y_mean"": [0.0996127724647522, 0.09973154962062836, 0.10088333487510681, 0.10093747824430466, 0.10059871524572372, 0.10052011907100677], ""y_std"": [0.13560150563716888, 0.13647136092185974, 0.13570688664913177, 0.1351078450679779, 0.1354137510061264, 0.13434667885303497]}",0.3148522809147831,0.3148522809147831,95.0,train_hourly_q95_v1,"{""event_prior"": 0.07562008469449485, ""exceedance_percentile"": 95.0, ""fitted_on"": ""train"", ""metric_schema"": ""hourly_q95_v1"", ""quantile_method"": ""linear"", ""tau_normalized"": [1.5872943846652463, 1.5763067785139755, 1.5766992473483676, 1.5832892794852125, 1.5822142439534528, 1.5953662842550755], ""tau_physical"": 0.3148522809147831, ""threshold_schema"": ""train_hourly_q95_v1"", ""train_episode_count"": 542, ""train_event_window_count"": 1000, ""train_event_window_rate"": 0.07562008469449485, ""train_extreme_hour_count"": 3968, ""train_extreme_hour_rate"": 0.05001008267795927, ""train_target_hour_count"": 79344, ""train_windows"": 13224}",source_checkpoint_train,./Data/Grid4_New/NCEP/graphs,"{""test"": [""2008_2009"", ""2009_2010"", ""2010_2011"", ""2011_2012"", ""2012_2013"", ""2013_2014"", ""2014_2015""], ""train"": [""1979_1980"", ""1980_1981"", ""1981_1982"", ""1982_1983"", ""1983_1984"", ""1984_1985"", ""1985_1986"", ""1986_1987"", ""1987_1988"", ""1988_1989"", ""1989_1990"", ""1990_1991"", ""1991_1992"", ""1992_1993"", ""1993_1994"", ""1994_1995"", ""1995_1996"", ""1996_1997"", ""1997_1998"", ""1998_1999"", ""1999_2000"", ""2000_2001""], ""val"": [""2001_2002"", ""2002_2003"", ""2003_2004"", ""2004_2005"", ""2005_2006"", ""2006_2007"", ""2007_2008""]}",22,7,7,True,mse,0.05,0.01,/home/exouser/media/share/PACT/FormalRuns_0925/single_tail_episodepeak_4x4/NCEP_Boston_G0_T0500_EP0100__20260927_191110/config_used.sh,b7a2b12b74acadfa4e4ebb579be7514db4381ae66fa7b21270069d019e5dc5eb,0,300,training_and_final_reporting_complete,/home/exouser/media/share/PACT/FormalRuns_0925/single_tail_episodepeak_4x4/NCEP_Boston_G0_T0500_EP0100__20260927_191110/metrics_perceiver3_mse_e7288e61fb_NCEP_Boston_G0_T0500_EP0100_20260927_191.jsonl,5334ab1f4e0b6dc9369694bf5652f77f2d94b5186d4805bdebfba9d7fec280c6,,
Boston,past_only,AWI,/home/exouser/media/share/PACT/FormalRuns_0925/CMIP6_Boston_QuickCheck_0929/past_only/CMIP6_AWI_Boston_past_only_G0_T0500_EP0100__20260929_054511/best_overall.pt,2a8547630b2d63bfcae4310cea2f155399e3b089b1d655ed7337f52fce861c27,290,perceiver3,GraphSAGE,Transformer,single,4,24,G0_T0500_EP0100,zscore,source_checkpoint_train,"{""x_center"": [-0.6418272852897644, -0.6633937954902649, 2.3463697651493476e-09, -69.84375, 27.58430290222168], ""x_scale"": [5.776857376098633, 4.475162506103516, 2917.366455078125, 17.31839370727539, 15.923507690429688], ""y_mean"": [-0.03122876025736332, -0.0315047912299633, -0.031266748905181885, -0.03112320974469185, -0.031059736385941505, -0.030897822231054306], ""y_std"": [0.16984909772872925, 0.17039059102535248, 0.169533833861351, 0.17019440233707428, 0.17028896510601044, 0.1689634621143341]}",0.22662775516509914,0.22662775516509914,95.0,train_hourly_q95_v1,"{""event_prior"": 0.07569570477918935, ""exceedance_percentile"": 95.0, ""fitted_on"": ""train"", ""metric_schema"": ""hourly_q95_v1"", ""quantile_method"": ""linear"", ""tau_normalized"": [1.5181506341251947, 1.5149460122281917, 1.5211978529382728, 1.514450307239299, 1.5132365822449023, 1.5241495064885162], ""tau_physical"": 0.22662775516509914, ""threshold_schema"": ""train_hourly_q95_v1"", ""train_episode_count"": 526, ""train_event_window_count"": 1001, ""train_event_window_rate"": 0.07569570477918935, ""train_extreme_hour_count"": 3968, ""train_extreme_hour_rate"": 0.05001008267795927, ""train_target_hour_count"": 79344, ""train_windows"": 13224}",source_checkpoint_train,./Data/Grid4_New_PastOnly/CMIP6_AWI/graphs,"{""test"": [""2008_2009"", ""2009_2010"", ""2010_2011"", ""2011_2012"", ""2012_2013"", ""2013_2014"", ""2014_2015""], ""train"": [""1979_1980"", ""1980_1981"", ""1981_1982"", ""1982_1983"", ""1983_1984"", ""1984_1985"", ""1985_1986"", ""1986_1987"", ""1987_1988"", ""1988_1989"", ""1989_1990"", ""1990_1991"", ""1991_1992"", ""1992_1993"", ""1993_1994"", ""1994_1995"", ""1995_1996"", ""1996_1997"", ""1997_1998"", ""1998_1999"", ""1999_2000"", ""2000_2001""], ""val"": [""2001_2002"", ""2002_2003"", ""2003_2004"", ""2004_2005"", ""2005_2006"", ""2006_2007"", ""2007_2008""]}",22,7,7,True,mse,0.05,0.01,/home/exouser/media/share/PACT/FormalRuns_0925/CMIP6_Boston_QuickCheck_0929/past_only/CMIP6_AWI_Boston_past_only_G0_T0500_EP0100__20260929_054511/config_used.sh,56bdc85d7dc84476696a522e6e62bf2fff37306baf8bb2da66b587efc87258bb,0,300,training_and_final_reporting_complete,/home/exouser/media/share/PACT/FormalRuns_0925/CMIP6_Boston_QuickCheck_0929/past_only/CMIP6_AWI_Boston_past_only_G0_T0500_EP0100__20260929_054511/metrics_perceiver3_mse_e566dadfab_CMIP6_AWI_Boston_past_only_G0_T0500_EP01.jsonl,c4fbe47b0d4f3487370ec7503a3843cd092c2431886190d575c4f7119d055c81,,
Boston,past_only,CNRM,/home/exouser/media/share/PACT/FormalRuns_0925/CMIP6_Boston_QuickCheck_0929/past_only/CMIP6_CNRM_Boston_past_only_G0_T0500_EP0100__20260929_054511/best_overall.pt,261b7ea8ce9f0c0215c2034765b313933028aa4a693fd01e9a4ce8e4da5db86f,280,perceiver3,GraphSAGE,Transformer,single,4,24,G0_T0500_EP0100,zscore,source_checkpoint_train,"{""x_center"": [-0.699573278427124, -0.6817242503166199, -1.9690036268116273e-08, -70.3125, 27.314926147460938], ""x_scale"": [5.801293849945068, 4.777507305145264, 2916.754150390625, 17.45110321044922, 15.76507568359375], ""y_mean"": [0.04382254555821419, 0.04374337196350098, 0.04397161677479744, 0.043902892619371414, 0.043857425451278687, 0.04400504752993584], ""y_std"": [0.17448383569717407, 0.1753116250038147, 0.1737091839313507, 0.174867644906044, 0.17502126097679138, 0.17308707535266876]}",0.3272660821676247,0.3272660821676247,95.0,train_hourly_q95_v1,"{""event_prior"": 0.0749395039322444, ""exceedance_percentile"": 95.0, ""fitted_on"": ""train"", ""metric_schema"": ""hourly_q95_v1"", ""quantile_method"": ""linear"", ""tau_normalized"": [1.624468739335498, 1.6172499125369149, 1.63085485166279, 1.6204437916488421, 1.6192813097942844, 1.63652331672101], ""tau_physical"": 0.3272660821676247, ""threshold_schema"": ""train_hourly_q95_v1"", ""train_episode_count"": 461, ""train_event_window_count"": 991, ""train_event_window_rate"": 0.0749395039322444, ""train_extreme_hour_count"": 3968, ""train_extreme_hour_rate"": 0.05001008267795927, ""train_target_hour_count"": 79344, ""train_windows"": 13224}",source_checkpoint_train,./Data/Grid4_New_PastOnly/CMIP6_CNRM/graphs,"{""test"": [""2008_2009"", ""2009_2010"", ""2010_2011"", ""2011_2012"", ""2012_2013"", ""2013_2014"", ""2014_2015""], ""train"": [""1979_1980"", ""1980_1981"", ""1981_1982"", ""1982_1983"", ""1983_1984"", ""1984_1985"", ""1985_1986"", ""1986_1987"", ""1987_1988"", ""1988_1989"", ""1989_1990"", ""1990_1991"", ""1991_1992"", ""1992_1993"", ""1993_1994"", ""1994_1995"", ""1995_1996"", ""1996_1997"", ""1997_1998"", ""1998_1999"", ""1999_2000"", ""2000_2001""], ""val"": [""2001_2002"", ""2002_2003"", ""2003_2004"", ""2004_2005"", ""2005_2006"", ""2006_2007"", ""2007_2008""]}",22,7,7,True,mse,0.05,0.01,/home/exouser/media/share/PACT/FormalRuns_0925/CMIP6_Boston_QuickCheck_0929/past_only/CMIP6_CNRM_Boston_past_only_G0_T0500_EP0100__20260929_054511/config_used.sh,1e8aaca630998c07659df7f38056c8fc92bbbee094205b2375ea8865e4d0ffcf,0,300,training_and_final_reporting_complete,/home/exouser/media/share/PACT/FormalRuns_0925/CMIP6_Boston_QuickCheck_0929/past_only/CMIP6_CNRM_Boston_past_only_G0_T0500_EP0100__20260929_054511/metrics_perceiver3_mse_ecbbcafa58_CMIP6_CNRM_Boston_past_only_G0_T0500_EP0.jsonl,bbe157c6f9cdc661c066959f8043153eb824deef75526038fe4a480b3c5171fd,,
Boston,past_only,EC_EARTH,/home/exouser/media/share/PACT/FormalRuns_0925/CMIP6_Boston_QuickCheck_0929/past_only/CMIP6_EC_EARTH_Boston_past_only_G0_T0500_EP0100__20260929_054511/best_overall.pt,413730b51f9897b56e468808c2e4ab28889a1140d67180719188ab037a1eae6d,283,perceiver3,GraphSAGE,Transformer,single,4,24,G0_T0500_EP0100,zscore,source_checkpoint_train,"{""x_center"": [-1.2362897396087646, -0.6316035985946655, -3.012748095443385e-08, -69.9609375, 27.368358612060547], ""x_scale"": [5.73271369934082, 4.711902141571045, 2990.0810546875, 17.45464324951172, 15.799824714660645], ""y_mean"": [-0.00606827437877655, -0.005888245068490505, -0.006423384416848421, -0.007559221237897873, -0.007741876877844334, -0.006848095450550318], ""y_std"": [0.17879076302051544, 0.17939598858356476, 0.17786544561386108, 0.17877954244613647, 0.1791457086801529, 0.17735353112220764]}",0.27713152468204477,0.27713152468204477,95.0,train_hourly_q95_v1,"{""event_prior"": 0.07562008469449485, ""exceedance_percentile"": 95.0, ""fitted_on"": ""train"", ""metric_schema"": ""hourly_q95_v1"", ""quantile_method"": ""linear"", ""tau_normalized"": [1.5839733232097981, 1.5776259658041425, 1.5942102082856486, 1.5924123198028408, 1.590177089134201, 1.6012064622322937], ""tau_physical"": 0.27713152468204477, ""threshold_schema"": ""train_hourly_q95_v1"", ""train_episode_count"": 492, ""train_event_window_count"": 1000, ""train_event_window_rate"": 0.07562008469449485, ""train_extreme_hour_count"": 3968, ""train_extreme_hour_rate"": 0.05001008267795927, ""train_target_hour_count"": 79344, ""train_windows"": 13224}",source_checkpoint_train,./Data/Grid4_New_PastOnly/CMIP6_EC_EARTH/graphs,"{""test"": [""2008_2009"", ""2009_2010"", ""2010_2011"", ""2011_2012"", ""2012_2013"", ""2013_2014"", ""2014_2015""], ""train"": [""1979_1980"", ""1980_1981"", ""1981_1982"", ""1982_1983"", ""1983_1984"", ""1984_1985"", ""1985_1986"", ""1986_1987"", ""1987_1988"", ""1988_1989"", ""1989_1990"", ""1990_1991"", ""1991_1992"", ""1992_1993"", ""1993_1994"", ""1994_1995"", ""1995_1996"", ""1996_1997"", ""1997_1998"", ""1998_1999"", ""1999_2000"", ""2000_2001""], ""val"": [""2001_2002"", ""2002_2003"", ""2003_2004"", ""2004_2005"", ""2005_2006"", ""2006_2007"", ""2007_2008""]}",22,7,7,True,mse,0.05,0.01,/home/exouser/media/share/PACT/FormalRuns_0925/CMIP6_Boston_QuickCheck_0929/past_only/CMIP6_EC_EARTH_Boston_past_only_G0_T0500_EP0100__20260929_054511/config_used.sh,08ce1f6072549bf9dbfff5bbf295936d0aabead03b72d594b0bc66a6192a09a2,0,300,training_and_final_reporting_complete,/home/exouser/media/share/PACT/FormalRuns_0925/CMIP6_Boston_QuickCheck_0929/past_only/CMIP6_EC_EARTH_Boston_past_only_G0_T0500_EP0100__20260929_054511/metrics_perceiver3_mse_e2c2f381aa_CMIP6_EC_EARTH_Boston_past_only_G0_T0500.jsonl,29b3a6daa236ea55b56f9d3104b23a49cf0cfbd1f980bc76d26d9c65714482d6,,
Boston,past_only,MPI,/home/exouser/media/share/PACT/FormalRuns_0925/CMIP6_Boston_QuickCheck_0929/past_only/CMIP6_MPI_Boston_past_only_G0_T0500_EP0100__20260929_054511/best_overall.pt,6b9eb7f9b12663621a5dc3224a66b4ee3c82803d569eb0f3c93a48db9677e9ec,295,perceiver3,GraphSAGE,Transformer,single,4,24,G0_T0500_EP0100,zscore,source_checkpoint_train,"{""x_center"": [-0.47539040446281433, -0.7772177457809448, -5.1049429572458394e-08, -69.84375, 27.58430290222168], ""x_scale"": [5.757879257202148, 4.600354194641113, 2893.763916015625, 17.31839370727539, 15.923507690429688], ""y_mean"": [-0.042061079293489456, -0.04184765741229057, -0.041720569133758545, -0.04149799048900604, -0.04157639667391777, -0.04150009900331497], ""y_std"": [0.18343345820903778, 0.1835358440876007, 0.18272550404071808, 0.1836235076189041, 0.18396614491939545, 0.18216930329799652]}",0.24955656975507734,0.24955656975507734,95.0,train_hourly_q95_v1,"{""event_prior"": 0.07199032062915911, ""exceedance_percentile"": 95.0, ""fitted_on"": ""train"", ""metric_schema"": ""hourly_q95_v1"", ""quantile_method"": ""linear"", ""tau_normalized"": [1.5897734900480591, 1.5877237964933006, 1.5940694235213517, 1.58506154260022, 1.5825355614020975, 1.5977262002384423], ""tau_physical"": 0.24955656975507734, ""threshold_schema"": ""train_hourly_q95_v1"", ""train_episode_count"": 417, ""train_event_window_count"": 952, ""train_event_window_rate"": 0.07199032062915911, ""train_extreme_hour_count"": 3968, ""train_extreme_hour_rate"": 0.05001008267795927, ""train_target_hour_count"": 79344, ""train_windows"": 13224}",source_checkpoint_train,./Data/Grid4_New_PastOnly/CMIP6_MPI/graphs,"{""test"": [""2008_2009"", ""2009_2010"", ""2010_2011"", ""2011_2012"", ""2012_2013"", ""2013_2014"", ""2014_2015""], ""train"": [""1979_1980"", ""1980_1981"", ""1981_1982"", ""1982_1983"", ""1983_1984"", ""1984_1985"", ""1985_1986"", ""1986_1987"", ""1987_1988"", ""1988_1989"", ""1989_1990"", ""1990_1991"", ""1991_1992"", ""1992_1993"", ""1993_1994"", ""1994_1995"", ""1995_1996"", ""1996_1997"", ""1997_1998"", ""1998_1999"", ""1999_2000"", ""2000_2001""], ""val"": [""2001_2002"", ""2002_2003"", ""2003_2004"", ""2004_2005"", ""2005_2006"", ""2006_2007"", ""2007_2008""]}",22,7,7,True,mse,0.05,0.01,/home/exouser/media/share/PACT/FormalRuns_0925/CMIP6_Boston_QuickCheck_0929/past_only/CMIP6_MPI_Boston_past_only_G0_T0500_EP0100__20260929_054511/config_used.sh,488933eeedb282e98ee04d4e29a7d9978e9463c0ada850a9a5437e56364611f8,0,300,training_and_final_reporting_complete,/home/exouser/media/share/PACT/FormalRuns_0925/CMIP6_Boston_QuickCheck_0929/past_only/CMIP6_MPI_Boston_past_only_G0_T0500_EP0100__20260929_054511/metrics_perceiver3_mse_70967e7782_CMIP6_MPI_Boston_past_only_G0_T0500_EP01.jsonl,69309b673e7a38baea1a94ae20337b6e970e27adcefff8efcefd667762a37e81,,
Boston,past_only,MRI,/home/exouser/media/share/PACT/FormalRuns_0925/CMIP6_Boston_QuickCheck_0929/past_only/CMIP6_MRI_Boston_past_only_G0_T0500_EP0100__20260929_054511/best_overall.pt,ae93b002257ecb6dd8c62e73f66ee000b726aca7caaa6ae187d1936517263169,296,perceiver3,GraphSAGE,Transformer,single,4,24,G0_T0500_EP0100,zscore,source_checkpoint_train,"{""x_center"": [-0.6927033066749573, -0.8089996576309204, -1.2691975470602301e-08, -69.75, 27.47647476196289], ""x_scale"": [5.761787414550781, 4.779292106628418, 2767.663330078125, 17.209190368652344, 15.860231399536133], ""y_mean"": [0.004604981746524572, 0.004282002802938223, 0.004609834402799606, 0.004869439173489809, 0.004785636905580759, 0.004849916789680719], ""y_std"": [0.20999155938625336, 0.211198091506958, 0.20917129516601562, 0.21058335900306702, 0.2107759565114975, 0.20814228057861328]}",0.3367236018180845,0.3367236018180845,95.0,train_hourly_q95_v1,"{""event_prior"": 0.07304900181488204, ""exceedance_percentile"": 95.0, ""fitted_on"": ""train"", ""metric_schema"": ""hourly_q95_v1"", ""quantile_method"": ""linear"", ""tau_normalized"": [1.5815808075441213, 1.5740748254071881, 1.5877597695787653, 1.5758802795037636, 1.5748379008988012, 1.5944558890477725], ""tau_physical"": 0.3367236018180845, ""threshold_schema"": ""train_hourly_q95_v1"", ""train_episode_count"": 455, ""train_event_window_count"": 966, ""train_event_window_rate"": 0.07304900181488204, ""train_extreme_hour_count"": 3968, ""train_extreme_hour_rate"": 0.05001008267795927, ""train_target_hour_count"": 79344, ""train_windows"": 13224}",source_checkpoint_train,./Data/Grid4_New_PastOnly/CMIP6_MRI/graphs,"{""test"": [""2008_2009"", ""2009_2010"", ""2010_2011"", ""2011_2012"", ""2012_2013"", ""2013_2014"", ""2014_2015""], ""train"": [""1979_1980"", ""1980_1981"", ""1981_1982"", ""1982_1983"", ""1983_1984"", ""1984_1985"", ""1985_1986"", ""1986_1987"", ""1987_1988"", ""1988_1989"", ""1989_1990"", ""1990_1991"", ""1991_1992"", ""1992_1993"", ""1993_1994"", ""1994_1995"", ""1995_1996"", ""1996_1997"", ""1997_1998"", ""1998_1999"", ""1999_2000"", ""2000_2001""], ""val"": [""2001_2002"", ""2002_2003"", ""2003_2004"", ""2004_2005"", ""2005_2006"", ""2006_2007"", ""2007_2008""]}",22,7,7,True,mse,0.05,0.01,/home/exouser/media/share/PACT/FormalRuns_0925/CMIP6_Boston_QuickCheck_0929/past_only/CMIP6_MRI_Boston_past_only_G0_T0500_EP0100__20260929_054511/config_used.sh,40f3b684fe2a99b94f5cd3fa9afbd51f848541061400642123121316bb3cb298,0,300,training_and_final_reporting_complete,/home/exouser/media/share/PACT/FormalRuns_0925/CMIP6_Boston_QuickCheck_0929/past_only/CMIP6_MRI_Boston_past_only_G0_T0500_EP0100__20260929_054511/metrics_perceiver3_mse_f17fc4390c_CMIP6_MRI_Boston_past_only_G0_T0500_EP01.jsonl,78c9347684a215f200905ffd4bc0a3510363650022933209c65dd43b060aa333,,
Boston,future_year,NCEP,/home/exouser/media/share/PACT/FormalRuns_0925/NCEP_future_transfer/NCEP_Boston_future_transfer_G0_T0500_EP0100__20261001_165726/best_overall.pt,a78fb4430d63b518c5dcc29a430e9d138e7baf0a240425a367805601e5c51a37,283,perceiver3,GraphSAGE,Transformer,single,4,24,G0_T0500_EP0100,zscore,source_checkpoint_train,"{""x_center"": [-0.8911876678466797, -0.6135436296463013, 3.842243501139819e-08, -80.625, 24.76150131225586], ""x_scale"": [4.66081428527832, 3.996413469314575, 4137.4169921875, 14.604151725769043, 14.285452842712402], ""y_mean"": [0.09812827408313751, 0.09832240641117096, 0.09951122850179672, 0.09945838153362274, 0.09911800920963287, 0.09904802590608597], ""y_std"": [0.13507717847824097, 0.13604837656021118, 0.13550807535648346, 0.13468706607818604, 0.1348816305398941, 0.1337890923023224]}",0.31119676977395994,0.31119676977395994,95.0,train_hourly_q95_v1,"{""event_prior"": 0.07558784383318545, ""exceedance_percentile"": 95.0, ""fitted_on"": ""train"", ""metric_schema"": ""hourly_q95_v1"", ""quantile_method"": ""linear"", ""tau_normalized"": [1.5773833751283513, 1.5646960937352807, 1.5621618174066627, 1.5720766247697664, 1.5723324200295774, 1.5856953673658445], ""tau_physical"": 0.31119676977395994, ""threshold_schema"": ""train_hourly_q95_v1"", ""train_episode_count"": 734, ""train_event_window_count"": 1363, ""train_event_window_rate"": 0.07558784383318545, ""train_extreme_hour_count"": 5410, ""train_extreme_hour_rate"": 0.05000369713102632, ""train_target_hour_count"": 108192, ""train_windows"": 18032}",source_checkpoint_train,./Data/Grid4_New/NCEP/graphs,"{""test"": [], ""train"": [""1979_1980"", ""1980_1981"", ""1981_1982"", ""1982_1983"", ""1983_1984"", ""1984_1985"", ""1985_1986"", ""1986_1987"", ""1987_1988"", ""1988_1989"", ""1989_1990"", ""1990_1991"", ""1991_1992"", ""1992_1993"", ""1993_1994"", ""1994_1995"", ""1995_1996"", ""1996_1997"", ""1997_1998"", ""1998_1999"", ""1999_2000"", ""2000_2001"", ""2001_2002"", ""2002_2003"", ""2003_2004"", ""2004_2005"", ""2005_2006"", ""2006_2007"", ""2007_2008"", ""2008_2009""], ""val"": [""2009_2010"", ""2010_2011"", ""2011_2012"", ""2012_2013"", ""2013_2014"", ""2014_2015""]}",30,6,0,True,mse,0.05,0.01,/home/exouser/media/share/PACT/FormalRuns_0925/NCEP_future_transfer/NCEP_Boston_future_transfer_G0_T0500_EP0100__20261001_165726/config_used.sh,c72591bce330818e99ae9c49eacc383fab46f77c500271b552da7618a9fc89c6,0,300,training_and_final_reporting_complete,/home/exouser/media/share/PACT/FormalRuns_0925/NCEP_future_transfer/NCEP_Boston_future_transfer_G0_T0500_EP0100__20261001_165726/metrics_perceiver3_mse_9729eb3cb5_NCEP_Boston_future_transfer_G0_T0500_EP0.jsonl,3e91b5f423cc7978c2a7567653e7dcd4837d2ff6e4b271e27a34065a53d53333,,
Boston,future_year,AWI,/home/exouser/media/share/PACT/FormalRuns_0925/CMIP6_Boston_QuickCheck_0929/future_year/CMIP6_AWI_Boston_future_year_G0_T0500_EP0100__20260929_054511/best_overall.pt,9e7160ef396f193df48315dcf93a4694c5f71aaeade19e77c5dca1572f14b92f,273,perceiver3,GraphSAGE,Transformer,single,4,24,G0_T0500_EP0100,zscore,source_checkpoint_train,"{""x_center"": [-0.6470205187797546, -0.6322954893112183, -1.471597732560781e-09, -69.84375, 27.58430290222168], ""x_scale"": [5.7832536697387695, 4.475707054138184, 2920.065185546875, 17.31839370727539, 15.923507690429688], ""y_mean"": [-0.03227314352989197, -0.032509930431842804, -0.032319650053977966, -0.032098423689603806, -0.032132722437381744, -0.03191138058900833], ""y_std"": [0.16981221735477448, 0.17025573551654816, 0.16931244730949402, 0.16985219717025757, 0.17022576928138733, 0.16886743903160095]}",0.22513962537050247,0.22513962537050247,95.0,train_hourly_q95_v1,"{""event_prior"": 0.07458961845607809, ""exceedance_percentile"": 95.0, ""fitted_on"": ""train"", ""metric_schema"": ""hourly_q95_v1"", ""quantile_method"": ""linear"", ""tau_normalized"": [1.515867190890061, 1.5133091112651698, 1.5206163487428586, 1.5144817279122642, 1.5113595837690519, 1.522205864159565], ""tau_physical"": 0.22513962537050247, ""threshold_schema"": ""train_hourly_q95_v1"", ""train_episode_count"": 680, ""train_event_window_count"": 1345, ""train_event_window_rate"": 0.07458961845607809, ""train_extreme_hour_count"": 5410, ""train_extreme_hour_rate"": 0.05000369713102632, ""train_target_hour_count"": 108192, ""train_windows"": 18032}",source_checkpoint_train,./Data/Grid4_New/CMIP6_AWI/graphs,"{""test"": [""2070_2071"", ""2071_2072"", ""2072_2073"", ""2073_2074"", ""2074_2075"", ""2075_2076"", ""2076_2077"", ""2077_2078"", ""2078_2079"", ""2079_2080"", ""2080_2081"", ""2081_2082"", ""2082_2083"", ""2083_2084"", ""2084_2085"", ""2085_2086"", ""2086_2087"", ""2087_2088"", ""2088_2089"", ""2089_2090"", ""2090_2091"", ""2091_2092"", ""2092_2093"", ""2093_2094"", ""2094_2095"", ""2095_2096"", ""2096_2097"", ""2097_2098"", ""2098_2099"", ""2099_2100""], ""train"": [""1979_1980"", ""1980_1981"", ""1981_1982"", ""1982_1983"", ""1983_1984"", ""1984_1985"", ""1985_1986"", ""1986_1987"", ""1987_1988"", ""1988_1989"", ""1989_1990"", ""1990_1991"", ""1991_1992"", ""1992_1993"", ""1993_1994"", ""1994_1995"", ""1995_1996"", ""1996_1997"", ""1997_1998"", ""1998_1999"", ""1999_2000"", ""2000_2001"", ""2001_2002"", ""2002_2003"", ""2003_2004"", ""2004_2005"", ""2005_2006"", ""2006_2007"", ""2007_2008"", ""2008_2009""], ""val"": [""2009_2010"", ""2010_2011"", ""2011_2012"", ""2012_2013"", ""2013_2014"", ""2014_2015""]}",30,6,30,True,mse,0.05,0.01,/home/exouser/media/share/PACT/FormalRuns_0925/CMIP6_Boston_QuickCheck_0929/future_year/CMIP6_AWI_Boston_future_year_G0_T0500_EP0100__20260929_054511/config_used.sh,3d28bcb8a21d4cbfb9293cf7b6edb522a3866f98ee7033d73576a0f1486d5d9f,0,300,training_and_final_reporting_complete,/home/exouser/media/share/PACT/FormalRuns_0925/CMIP6_Boston_QuickCheck_0929/future_year/CMIP6_AWI_Boston_future_year_G0_T0500_EP0100__20260929_054511/metrics_perceiver3_mse_be8a45b64a_CMIP6_AWI_Boston_future_year_G0_T0500_EP.jsonl,54517d735aea02b6c85c34b1be89637210d1f88ef7624d8ca45433642bff2a82,,
Boston,future_year,CNRM,/home/exouser/media/share/PACT/FormalRuns_0925/CMIP6_Boston_QuickCheck_0929/future_year/CMIP6_CNRM_Boston_future_year_G0_T0500_EP0100__20260929_054511/best_overall.pt,34e83727d6cddd490ebda2bd0d274afce50a30013b12fd615c6f46f2f1f933a5,286,perceiver3,GraphSAGE,Transformer,single,4,24,G0_T0500_EP0100,zscore,source_checkpoint_train,"{""x_center"": [-0.6751716732978821, -0.6830527186393738, -2.8107822735989885e-09, -70.3125, 27.314926147460938], ""x_scale"": [5.777656078338623, 4.775454998016357, 2913.492919921875, 17.45110321044922, 15.76507568359375], ""y_mean"": [0.044991385191679, 0.044811997562646866, 0.044892724603414536, 0.044870540499687195, 0.04489728435873985, 0.045104075223207474], ""y_std"": [0.17305783927440643, 0.17378228902816772, 0.1723736971616745, 0.1736077219247818, 0.17376326024532318, 0.171732559800148]}",0.32739297747611995,0.32739297747611995,95.0,train_hourly_q95_v1,"{""event_prior"": 0.07447870452528838, ""exceedance_percentile"": 95.0, ""fitted_on"": ""train"", ""metric_schema"": ""hourly_q95_v1"", ""quantile_method"": ""linear"", ""tau_normalized"": [1.631833573494786, 1.6260631707277753, 1.6388825994011134, 1.6273610058591743, 1.6257504188085896, 1.6437704217617397], ""tau_physical"": 0.32739297747611995, ""threshold_schema"": ""train_hourly_q95_v1"", ""train_episode_count"": 618, ""train_event_window_count"": 1343, ""train_event_window_rate"": 0.07447870452528838, ""train_extreme_hour_count"": 5410, ""train_extreme_hour_rate"": 0.05000369713102632, ""train_target_hour_count"": 108192, ""train_windows"": 18032}",source_checkpoint_train,./Data/Grid4_New/CMIP6_CNRM/graphs,"{""test"": [""2070_2071"", ""2071_2072"", ""2072_2073"", ""2073_2074"", ""2074_2075"", ""2075_2076"", ""2076_2077"", ""2077_2078"", ""2078_2079"", ""2079_2080"", ""2080_2081"", ""2081_2082"", ""2082_2083"", ""2083_2084"", ""2084_2085"", ""2085_2086"", ""2086_2087"", ""2087_2088"", ""2088_2089"", ""2089_2090"", ""2090_2091"", ""2091_2092"", ""2092_2093"", ""2093_2094"", ""2094_2095"", ""2095_2096"", ""2096_2097"", ""2097_2098"", ""2098_2099"", ""2099_2100""], ""train"": [""1979_1980"", ""1980_1981"", ""1981_1982"", ""1982_1983"", ""1983_1984"", ""1984_1985"", ""1985_1986"", ""1986_1987"", ""1987_1988"", ""1988_1989"", ""1989_1990"", ""1990_1991"", ""1991_1992"", ""1992_1993"", ""1993_1994"", ""1994_1995"", ""1995_1996"", ""1996_1997"", ""1997_1998"", ""1998_1999"", ""1999_2000"", ""2000_2001"", ""2001_2002"", ""2002_2003"", ""2003_2004"", ""2004_2005"", ""2005_2006"", ""2006_2007"", ""2007_2008"", ""2008_2009""], ""val"": [""2009_2010"", ""2010_2011"", ""2011_2012"", ""2012_2013"", ""2013_2014"", ""2014_2015""]}",30,6,30,True,mse,0.05,0.01,/home/exouser/media/share/PACT/FormalRuns_0925/CMIP6_Boston_QuickCheck_0929/future_year/CMIP6_CNRM_Boston_future_year_G0_T0500_EP0100__20260929_054511/config_used.sh,c0247b4b218dfe56323a50643974764a31f27d4e23aaab01c3518ff97e3b1b7a,0,300,training_and_final_reporting_complete,/home/exouser/media/share/PACT/FormalRuns_0925/CMIP6_Boston_QuickCheck_0929/future_year/CMIP6_CNRM_Boston_future_year_G0_T0500_EP0100__20260929_054511/metrics_perceiver3_mse_4738d89a54_CMIP6_CNRM_Boston_future_year_G0_T0500_E.jsonl,2acf752f6eed765eac0b49265f3b2d142e13346fb20100d345e89907ebe0e85d,,
Boston,future_year,EC_EARTH,/home/exouser/media/share/PACT/FormalRuns_0925/CMIP6_Boston_QuickCheck_0929/future_year/CMIP6_EC_EARTH_Boston_future_year_G0_T0500_EP0100__20260930_142355/best_overall.pt,21afe123e698bc7340a26fd72d13ad4d6c33436050674269a29d3eda935b1727,278,perceiver3,GraphSAGE,Transformer,single,4,24,G0_T0500_EP0100,zscore,source_checkpoint_train,"{""x_center"": [-1.2263998985290527, -0.6537761688232422, -5.211916587199994e-08, -69.9609375, 27.368358612060547], ""x_scale"": [5.730264663696289, 4.690293312072754, 2985.295654296875, 17.45464324951172, 15.799824714660645], ""y_mean"": [-0.005270976573228836, -0.005087044555693865, -0.005701449234038591, -0.006802081596106291, -0.006935738027095795, -0.006042355205863714], ""y_std"": [0.1815546154975891, 0.1823830008506775, 0.18055732548236847, 0.18160483241081238, 0.1820528358221054, 0.1801111251115799]}",0.28200886845588674,0.28200886845588674,95.0,train_hourly_q95_v1,"{""event_prior"": 0.07442324755989352, ""exceedance_percentile"": 95.0, ""fitted_on"": ""train"", ""metric_schema"": ""hourly_q95_v1"", ""quantile_method"": ""linear"", ""tau_normalized"": [1.5823329208225523, 1.5741374561910777, 1.5934569086094512, 1.5903263487981822, 1.5871469685060406, 1.599297230991706], ""tau_physical"": 0.28200886845588674, ""threshold_schema"": ""train_hourly_q95_v1"", ""train_episode_count"": 653, ""train_event_window_count"": 1342, ""train_event_window_rate"": 0.07442324755989352, ""train_extreme_hour_count"": 5410, ""train_extreme_hour_rate"": 0.05000369713102632, ""train_target_hour_count"": 108192, ""train_windows"": 18032}",source_checkpoint_train,./Data/Grid4_New/CMIP6_EC_EARTH/graphs,"{""test"": [""2070_2071"", ""2071_2072"", ""2072_2073"", ""2073_2074"", ""2074_2075"", ""2075_2076"", ""2076_2077"", ""2077_2078"", ""2078_2079"", ""2079_2080"", ""2080_2081"", ""2081_2082"", ""2082_2083"", ""2083_2084"", ""2084_2085"", ""2085_2086"", ""2086_2087"", ""2087_2088"", ""2088_2089"", ""2089_2090"", ""2090_2091"", ""2091_2092"", ""2092_2093"", ""2093_2094"", ""2094_2095"", ""2095_2096"", ""2096_2097"", ""2097_2098"", ""2098_2099"", ""2099_2100""], ""train"": [""1979_1980"", ""1980_1981"", ""1981_1982"", ""1982_1983"", ""1983_1984"", ""1984_1985"", ""1985_1986"", ""1986_1987"", ""1987_1988"", ""1988_1989"", ""1989_1990"", ""1990_1991"", ""1991_1992"", ""1992_1993"", ""1993_1994"", ""1994_1995"", ""1995_1996"", ""1996_1997"", ""1997_1998"", ""1998_1999"", ""1999_2000"", ""2000_2001"", ""2001_2002"", ""2002_2003"", ""2003_2004"", ""2004_2005"", ""2005_2006"", ""2006_2007"", ""2007_2008"", ""2008_2009""], ""val"": [""2009_2010"", ""2010_2011"", ""2011_2012"", ""2012_2013"", ""2013_2014"", ""2014_2015""]}",30,6,30,True,mse,0.05,0.01,/home/exouser/media/share/PACT/FormalRuns_0925/CMIP6_Boston_QuickCheck_0929/future_year/CMIP6_EC_EARTH_Boston_future_year_G0_T0500_EP0100__20260930_142355/config_used.sh,eb67a2ba313c3b9e02885cc9c66947257548cee5fbe86fa32c24787d54dccd90,0,300,training_and_final_reporting_complete,/home/exouser/media/share/PACT/FormalRuns_0925/CMIP6_Boston_QuickCheck_0929/future_year/CMIP6_EC_EARTH_Boston_future_year_G0_T0500_EP0100__20260930_142355/metrics_perceiver3_mse_749a8bad78_CMIP6_EC_EARTH_Boston_future_year_G0_T05.jsonl,0d77ada67aee3bd6755cafdef95a795f579409d8f95c3fb41a5b1e87b4c9c104,,
Boston,future_year,MPI,/home/exouser/media/share/PACT/FormalRuns_0925/CMIP6_Boston_QuickCheck_0929/future_year/CMIP6_MPI_Boston_future_year_G0_T0500_EP0100__20260929_054511/best_overall.pt,590242cff4c7e9f1945431f947392a848af0e383cd7863622d7645e1bf604fa2,282,perceiver3,GraphSAGE,Transformer,single,4,24,G0_T0500_EP0100,zscore,source_checkpoint_train,"{""x_center"": [-0.5033907890319824, -0.7578938007354736, 4.936916653264234e-08, -69.84375, 27.58430290222168], ""x_scale"": [5.750854969024658, 4.601564884185791, 2897.41455078125, 17.31839370727539, 15.923507690429688], ""y_mean"": [-0.04210580140352249, -0.04186337813735008, -0.04165511578321457, -0.04149796813726425, -0.04158782586455345, -0.04141633212566376], ""y_std"": [0.18452242016792297, 0.18481041491031647, 0.18405987322330475, 0.18472565710544586, 0.18501077592372894, 0.18365982174873352]}",0.2475450009107588,0.2475450009107588,95.0,train_hourly_q95_v1,"{""event_prior"": 0.07187222715173026, ""exceedance_percentile"": 95.0, ""fitted_on"": ""train"", ""metric_schema"": ""hourly_q95_v1"", ""quantile_method"": ""linear"", ""tau_normalized"": [1.5697322962200864, 1.56597440240882, 1.5712284901071871, 1.5647147969436124, 1.5627891150216453, 1.573350830274424], ""tau_physical"": 0.2475450009107588, ""threshold_schema"": ""train_hourly_q95_v1"", ""train_episode_count"": 561, ""train_event_window_count"": 1296, ""train_event_window_rate"": 0.07187222715173026, ""train_extreme_hour_count"": 5410, ""train_extreme_hour_rate"": 0.05000369713102632, ""train_target_hour_count"": 108192, ""train_windows"": 18032}",source_checkpoint_train,./Data/Grid4_New/CMIP6_MPI/graphs,"{""test"": [""2070_2071"", ""2071_2072"", ""2072_2073"", ""2073_2074"", ""2074_2075"", ""2075_2076"", ""2076_2077"", ""2077_2078"", ""2078_2079"", ""2079_2080"", ""2080_2081"", ""2081_2082"", ""2082_2083"", ""2083_2084"", ""2084_2085"", ""2085_2086"", ""2086_2087"", ""2087_2088"", ""2088_2089"", ""2089_2090"", ""2090_2091"", ""2091_2092"", ""2092_2093"", ""2093_2094"", ""2094_2095"", ""2095_2096"", ""2096_2097"", ""2097_2098"", ""2098_2099"", ""2099_2100""], ""train"": [""1979_1980"", ""1980_1981"", ""1981_1982"", ""1982_1983"", ""1983_1984"", ""1984_1985"", ""1985_1986"", ""1986_1987"", ""1987_1988"", ""1988_1989"", ""1989_1990"", ""1990_1991"", ""1991_1992"", ""1992_1993"", ""1993_1994"", ""1994_1995"", ""1995_1996"", ""1996_1997"", ""1997_1998"", ""1998_1999"", ""1999_2000"", ""2000_2001"", ""2001_2002"", ""2002_2003"", ""2003_2004"", ""2004_2005"", ""2005_2006"", ""2006_2007"", ""2007_2008"", ""2008_2009""], ""val"": [""2009_2010"", ""2010_2011"", ""2011_2012"", ""2012_2013"", ""2013_2014"", ""2014_2015""]}",30,6,30,True,mse,0.05,0.01,/home/exouser/media/share/PACT/FormalRuns_0925/CMIP6_Boston_QuickCheck_0929/future_year/CMIP6_MPI_Boston_future_year_G0_T0500_EP0100__20260929_054511/config_used.sh,0bbd9f8c206fb9243f949fa8f41289f89ab0fff030cc50ad0c6f034103e79cd8,0,300,training_and_final_reporting_complete,/home/exouser/media/share/PACT/FormalRuns_0925/CMIP6_Boston_QuickCheck_0929/future_year/CMIP6_MPI_Boston_future_year_G0_T0500_EP0100__20260929_054511/metrics_perceiver3_mse_f13ef3dc03_CMIP6_MPI_Boston_future_year_G0_T0500_EP.jsonl,503457defae8d809dafe4f50c7e25b8e7bc20e696c724f3dd84cb3479104e8d8,,
Boston,future_year,MRI,/home/exouser/media/share/PACT/FormalRuns_0925/CMIP6_Boston_QuickCheck_0929/future_year/CMIP6_MRI_Boston_future_year_G0_T0500_EP0100__20260930_142355/best_overall.pt,77a5a4fcb96a49539f9b93566b258c39ed6f08be73df792605ea8d09e57051b8,277,perceiver3,GraphSAGE,Transformer,single,4,24,G0_T0500_EP0100,zscore,source_checkpoint_train,"{""x_center"": [-0.7204825282096863, -0.780865490436554, -1.3069876292348681e-09, -69.75, 27.47647476196289], ""x_scale"": [5.770741939544678, 4.79729700088501, 2773.46875, 17.209190368652344, 15.860231399536133], ""y_mean"": [0.006413720082491636, 0.00611539464443922, 0.006333496421575546, 0.006562749855220318, 0.006478383671492338, 0.006630499381572008], ""y_std"": [0.20904184877872467, 0.20997044444084167, 0.2079905867576599, 0.20948420464992523, 0.2097623497247696, 0.20739617943763733]}",0.33884304910898183,0.33884304910898183,95.0,train_hourly_q95_v1,"{""event_prior"": 0.07403504880212955, ""exceedance_percentile"": 95.0, ""fitted_on"": ""train"", ""metric_schema"": ""hourly_q95_v1"", ""quantile_method"": ""linear"", ""tau_normalized"": [1.5902525306230613, 1.5846404257066156, 1.598675968325574, 1.5861830719363506, 1.5844819905649756, 1.6018257936487397], ""tau_physical"": 0.33884304910898183, ""threshold_schema"": ""train_hourly_q95_v1"", ""train_episode_count"": 629, ""train_event_window_count"": 1335, ""train_event_window_rate"": 0.07403504880212955, ""train_extreme_hour_count"": 5410, ""train_extreme_hour_rate"": 0.05000369713102632, ""train_target_hour_count"": 108192, ""train_windows"": 18032}",source_checkpoint_train,./Data/Grid4_New/CMIP6_MRI/graphs,"{""test"": [""2070_2071"", ""2071_2072"", ""2072_2073"", ""2073_2074"", ""2074_2075"", ""2075_2076"", ""2076_2077"", ""2077_2078"", ""2078_2079"", ""2079_2080"", ""2080_2081"", ""2081_2082"", ""2082_2083"", ""2083_2084"", ""2084_2085"", ""2085_2086"", ""2086_2087"", ""2087_2088"", ""2088_2089"", ""2089_2090"", ""2090_2091"", ""2091_2092"", ""2092_2093"", ""2093_2094"", ""2094_2095"", ""2095_2096"", ""2096_2097"", ""2097_2098"", ""2098_2099"", ""2099_2100""], ""train"": [""1979_1980"", ""1980_1981"", ""1981_1982"", ""1982_1983"", ""1983_1984"", ""1984_1985"", ""1985_1986"", ""1986_1987"", ""1987_1988"", ""1988_1989"", ""1989_1990"", ""1990_1991"", ""1991_1992"", ""1992_1993"", ""1993_1994"", ""1994_1995"", ""1995_1996"", ""1996_1997"", ""1997_1998"", ""1998_1999"", ""1999_2000"", ""2000_2001"", ""2001_2002"", ""2002_2003"", ""2003_2004"", ""2004_2005"", ""2005_2006"", ""2006_2007"", ""2007_2008"", ""2008_2009""], ""val"": [""2009_2010"", ""2010_2011"", ""2011_2012"", ""2012_2013"", ""2013_2014"", ""2014_2015""]}",30,6,30,True,mse,0.05,0.01,/home/exouser/media/share/PACT/FormalRuns_0925/CMIP6_Boston_QuickCheck_0929/future_year/CMIP6_MRI_Boston_future_year_G0_T0500_EP0100__20260930_142355/config_used.sh,719f83d0cff532e5b3590fd90f7f1e7a1c942791f8648dbc7a07fd27328cfd4c,0,300,training_and_final_reporting_complete,/home/exouser/media/share/PACT/FormalRuns_0925/CMIP6_Boston_QuickCheck_0929/future_year/CMIP6_MRI_Boston_future_year_G0_T0500_EP0100__20260930_142355/metrics_perceiver3_mse_8a3839dd6a_CMIP6_MRI_Boston_future_year_G0_T0500_EP.jsonl,ababbc22e66836debe3af3f5234b23e76d083e4552103e1cf85f5ef26958f4be,,
CBBT,past_only,NCEP,/home/exouser/media/share/PACT/FormalRuns_0925/single_tail_episodepeak_4x4/NCEP_CBBT_G0_T0500_EP0100__20260928_023010/best_overall.pt,daa14a5413422c4a9798a100c2db6206b3ae6aa2c9be27f1b63accb718077b94,279,perceiver3,GraphSAGE,Transformer,single,4,24,G0_T0500_EP0100,zscore,source_checkpoint_train,"{""x_center"": [-0.8811544179916382, -0.6066479682922363, 3.0399505135392246e-08, -80.625, 24.76150131225586], ""x_scale"": [4.643034934997559, 3.97058367729187, 4137.322265625, 14.604151725769043, 14.285452842712402], ""y_mean"": [-0.06657961010932922, -0.06755301356315613, -0.06832759827375412, -0.06811030954122543, -0.06709657609462738, -0.06637506932020187], ""y_std"": [0.15194666385650635, 0.15271030366420746, 0.15354850888252258, 0.15358461439609528, 0.15312038362026215, 0.15214397013187408]}",0.1915338523685922,0.1915338523685922,95.0,train_hourly_q95_v1,"{""event_prior"": 0.05966424682395644, ""exceedance_percentile"": 95.0, ""fitted_on"": ""train"", ""metric_schema"": ""hourly_q95_v1"", ""quantile_method"": ""linear"", ""tau_normalized"": [1.6987109550603603, 1.6965906013876497, 1.692373651385713, 1.6905610170052217, 1.6890659646244217, 1.6951636102649743], ""tau_physical"": 0.1915338523685922, ""threshold_schema"": ""train_hourly_q95_v1"", ""train_episode_count"": 185, ""train_event_window_count"": 789, ""train_event_window_rate"": 0.05966424682395644, ""train_extreme_hour_count"": 3968, ""train_extreme_hour_rate"": 0.05001008267795927, ""train_target_hour_count"": 79344, ""train_windows"": 13224}",source_checkpoint_train,./Data/Grid4_New/NCEP/graphs,"{""test"": [""2008_2009"", ""2009_2010"", ""2010_2011"", ""2011_2012"", ""2012_2013"", ""2013_2014"", ""2014_2015""], ""train"": [""1979_1980"", ""1980_1981"", ""1981_1982"", ""1982_1983"", ""1983_1984"", ""1984_1985"", ""1985_1986"", ""1986_1987"", ""1987_1988"", ""1988_1989"", ""1989_1990"", ""1990_1991"", ""1991_1992"", ""1992_1993"", ""1993_1994"", ""1994_1995"", ""1995_1996"", ""1996_1997"", ""1997_1998"", ""1998_1999"", ""1999_2000"", ""2000_2001""], ""val"": [""2001_2002"", ""2002_2003"", ""2003_2004"", ""2004_2005"", ""2005_2006"", ""2006_2007"", ""2007_2008""]}",22,7,7,True,mse,0.05,0.01,/home/exouser/media/share/PACT/FormalRuns_0925/single_tail_episodepeak_4x4/NCEP_CBBT_G0_T0500_EP0100__20260928_023010/config_used.sh,96dbcbb04cfdb153f202b10fafb37bff038bfaca1b32313d137ba559b4a02353,0,300,training_and_final_reporting_complete,/home/exouser/media/share/PACT/FormalRuns_0925/single_tail_episodepeak_4x4/NCEP_CBBT_G0_T0500_EP0100__20260928_023010/metrics_perceiver3_mse_000bb5b3da_NCEP_CBBT_G0_T0500_EP0100_20260928_02301.jsonl,e5d7aea7ac6418ef008d18e778ef038ce595d2e2a10939c48d382a9709401f22,,
CBBT,past_only,AWI,/home/exouser/media/share/PACT/FormalRuns_0925/CMIP6_CBBT_QuickCheck_0929/past_only/CMIP6_AWI_CBBT_past_only_G0_T0500_EP0100__20261003_051753/best_overall.pt,67bf77937c7d998528d65f23f5c13adc1c87d5a34fe8eedd18bb1e1210ba51c6,290,perceiver3,GraphSAGE,Transformer,single,4,24,G0_T0500_EP0100,zscore,source_checkpoint_train,"{""x_center"": [-0.6418272852897644, -0.6633937954902649, 2.3463697651493476e-09, -69.84375, 27.58430290222168], ""x_scale"": [5.776857376098633, 4.475162506103516, 2917.366455078125, 17.31839370727539, 15.923507690429688], ""y_mean"": [-0.1421113759279251, -0.14210784435272217, -0.1420714259147644, -0.1421472579240799, -0.14203742146492004, -0.1420106291770935], ""y_std"": [0.19139739871025085, 0.19119057059288025, 0.19124457240104675, 0.19143930077552795, 0.19173386693000793, 0.19174785912036896]}",0.16424672752618752,0.16424672752618752,95.0,train_hourly_q95_v1,"{""event_prior"": 0.06057168784029038, ""exceedance_percentile"": 95.0, ""fitted_on"": ""train"", ""metric_schema"": ""hourly_q95_v1"", ""quantile_method"": ""linear"", ""tau_normalized"": [1.6006388044902133, 1.6023518886360708, 1.6017090032682952, 1.6004758908387862, 1.5974441755921815, 1.5971878805229798], ""tau_physical"": 0.16424672752618752, ""threshold_schema"": ""train_hourly_q95_v1"", ""train_episode_count"": 202, ""train_event_window_count"": 801, ""train_event_window_rate"": 0.06057168784029038, ""train_extreme_hour_count"": 3968, ""train_extreme_hour_rate"": 0.05001008267795927, ""train_target_hour_count"": 79344, ""train_windows"": 13224}",source_checkpoint_train,./Data/Grid4_New_PastOnly/CMIP6_AWI/graphs,"{""test"": [""2008_2009"", ""2009_2010"", ""2010_2011"", ""2011_2012"", ""2012_2013"", ""2013_2014"", ""2014_2015""], ""train"": [""1979_1980"", ""1980_1981"", ""1981_1982"", ""1982_1983"", ""1983_1984"", ""1984_1985"", ""1985_1986"", ""1986_1987"", ""1987_1988"", ""1988_1989"", ""1989_1990"", ""1990_1991"", ""1991_1992"", ""1992_1993"", ""1993_1994"", ""1994_1995"", ""1995_1996"", ""1996_1997"", ""1997_1998"", ""1998_1999"", ""1999_2000"", ""2000_2001""], ""val"": [""2001_2002"", ""2002_2003"", ""2003_2004"", ""2004_2005"", ""2005_2006"", ""2006_2007"", ""2007_2008""]}",22,7,7,True,mse,0.05,0.01,/home/exouser/media/share/PACT/FormalRuns_0925/CMIP6_CBBT_QuickCheck_0929/past_only/CMIP6_AWI_CBBT_past_only_G0_T0500_EP0100__20261003_051753/config_used.sh,3a0121cac4f8116aa13906eb2d0d355b962009a6a106d046b9e72f5ed4bb5a90,0,300,training_and_final_reporting_complete,/home/exouser/media/share/PACT/FormalRuns_0925/CMIP6_CBBT_QuickCheck_0929/past_only/CMIP6_AWI_CBBT_past_only_G0_T0500_EP0100__20261003_051753/metrics_perceiver3_mse_c5087f1365_CMIP6_AWI_CBBT_past_only_G0_T0500_EP0100.jsonl,0708f7911c31dfcc4b9e5b9e6370fd8870a2033634fba886c728ecccf2f86bac,,
CBBT,past_only,CNRM,/home/exouser/media/share/PACT/FormalRuns_0925/CMIP6_CBBT_QuickCheck_0929/past_only/CMIP6_CNRM_CBBT_past_only_G0_T0500_EP0100__20261003_051753/best_overall.pt,37fb07f0c6a027e2d98be754d12fac3c7363c4a45fae5d7ec44d8e04bcc2abf0,274,perceiver3,GraphSAGE,Transformer,single,4,24,G0_T0500_EP0100,zscore,source_checkpoint_train,"{""x_center"": [-0.699573278427124, -0.6817242503166199, -1.9690036268116273e-08, -70.3125, 27.314926147460938], ""x_scale"": [5.801293849945068, 4.777507305145264, 2916.754150390625, 17.45110321044922, 15.76507568359375], ""y_mean"": [-0.12753713130950928, -0.1280314177274704, -0.12770545482635498, -0.1269860416650772, -0.1264110654592514, -0.12664997577667236], ""y_std"": [0.1859416365623474, 0.1856871396303177, 0.1854747235774994, 0.1853693127632141, 0.18563072383403778, 0.18601985275745392]}",0.18373675346374463,0.18373675346374463,95.0,train_hourly_q95_v1,"{""event_prior"": 0.06246218995765275, ""exceedance_percentile"": 95.0, ""fitted_on"": ""train"", ""metric_schema"": ""hourly_q95_v1"", ""quantile_method"": ""linear"", ""tau_normalized"": [1.674040793272688, 1.6789971120881637, 1.6791625418434202, 1.6762364303833341, 1.670778481692945, 1.6685677611255911], ""tau_physical"": 0.18373675346374463, ""threshold_schema"": ""train_hourly_q95_v1"", ""train_episode_count"": 208, ""train_event_window_count"": 826, ""train_event_window_rate"": 0.06246218995765275, ""train_extreme_hour_count"": 3968, ""train_extreme_hour_rate"": 0.05001008267795927, ""train_target_hour_count"": 79344, ""train_windows"": 13224}",source_checkpoint_train,./Data/Grid4_New_PastOnly/CMIP6_CNRM/graphs,"{""test"": [""2008_2009"", ""2009_2010"", ""2010_2011"", ""2011_2012"", ""2012_2013"", ""2013_2014"", ""2014_2015""], ""train"": [""1979_1980"", ""1980_1981"", ""1981_1982"", ""1982_1983"", ""1983_1984"", ""1984_1985"", ""1985_1986"", ""1986_1987"", ""1987_1988"", ""1988_1989"", ""1989_1990"", ""1990_1991"", ""1991_1992"", ""1992_1993"", ""1993_1994"", ""1994_1995"", ""1995_1996"", ""1996_1997"", ""1997_1998"", ""1998_1999"", ""1999_2000"", ""2000_2001""], ""val"": [""2001_2002"", ""2002_2003"", ""2003_2004"", ""2004_2005"", ""2005_2006"", ""2006_2007"", ""2007_2008""]}",22,7,7,True,mse,0.05,0.01,/home/exouser/media/share/PACT/FormalRuns_0925/CMIP6_CBBT_QuickCheck_0929/past_only/CMIP6_CNRM_CBBT_past_only_G0_T0500_EP0100__20261003_051753/config_used.sh,1e6172d7017aa9a24fbe2757c481d08a4eef403d808a8e280538ce1d591d1bdf,0,300,training_and_final_reporting_complete,/home/exouser/media/share/PACT/FormalRuns_0925/CMIP6_CBBT_QuickCheck_0929/past_only/CMIP6_CNRM_CBBT_past_only_G0_T0500_EP0100__20261003_051753/metrics_perceiver3_mse_7d562bac6e_CMIP6_CNRM_CBBT_past_only_G0_T0500_EP010.jsonl,5c033facd336da0e2c993d1ef38feb85252b6b5249687452799614236dc314b7,,
CBBT,past_only,EC_EARTH,/home/exouser/media/share/PACT/FormalRuns_0925/CMIP6_CBBT_QuickCheck_0929/past_only/CMIP6_EC_EARTH_CBBT_past_only_G0_T0500_EP0100__20261003_051753/best_overall.pt,9470c62095570502c5186fbff5e54e726bda3081d535c2db15f935d287fd9f22,282,perceiver3,GraphSAGE,Transformer,single,4,24,G0_T0500_EP0100,zscore,source_checkpoint_train,"{""x_center"": [-1.2362897396087646, -0.6316035985946655, -3.012748095443385e-08, -69.9609375, 27.368358612060547], ""x_scale"": [5.73271369934082, 4.711902141571045, 2990.0810546875, 17.45464324951172, 15.799824714660645], ""y_mean"": [-0.12210657447576523, -0.1248646154999733, -0.12754498422145844, -0.12782007455825806, -0.1250024437904358, -0.1220318153500557], ""y_std"": [0.19973403215408325, 0.19955259561538696, 0.1995561718940735, 0.1996520757675171, 0.19981704652309418, 0.199967622756958]}",0.20220046341419198,0.20220046341419198,95.0,train_hourly_q95_v1,"{""event_prior"": 0.06223532970356927, ""exceedance_percentile"": 95.0, ""fitted_on"": ""train"", ""metric_schema"": ""hourly_q95_v1"", ""quantile_method"": ""linear"", ""tau_normalized"": [1.6236944420156354, 1.6389918552828193, 1.6523941329696519, 1.652978245799654, 1.6375124790307154, 1.621423879996422], ""tau_physical"": 0.20220046341419198, ""threshold_schema"": ""train_hourly_q95_v1"", ""train_episode_count"": 213, ""train_event_window_count"": 823, ""train_event_window_rate"": 0.06223532970356927, ""train_extreme_hour_count"": 3968, ""train_extreme_hour_rate"": 0.05001008267795927, ""train_target_hour_count"": 79344, ""train_windows"": 13224}",source_checkpoint_train,./Data/Grid4_New_PastOnly/CMIP6_EC_EARTH/graphs,"{""test"": [""2008_2009"", ""2009_2010"", ""2010_2011"", ""2011_2012"", ""2012_2013"", ""2013_2014"", ""2014_2015""], ""train"": [""1979_1980"", ""1980_1981"", ""1981_1982"", ""1982_1983"", ""1983_1984"", ""1984_1985"", ""1985_1986"", ""1986_1987"", ""1987_1988"", ""1988_1989"", ""1989_1990"", ""1990_1991"", ""1991_1992"", ""1992_1993"", ""1993_1994"", ""1994_1995"", ""1995_1996"", ""1996_1997"", ""1997_1998"", ""1998_1999"", ""1999_2000"", ""2000_2001""], ""val"": [""2001_2002"", ""2002_2003"", ""2003_2004"", ""2004_2005"", ""2005_2006"", ""2006_2007"", ""2007_2008""]}",22,7,7,True,mse,0.05,0.01,/home/exouser/media/share/PACT/FormalRuns_0925/CMIP6_CBBT_QuickCheck_0929/past_only/CMIP6_EC_EARTH_CBBT_past_only_G0_T0500_EP0100__20261003_051753/config_used.sh,55d446ceedfe0fed08a9ce02376a39c08e3aee2429dcad4c629fe0796059c778,0,300,training_and_final_reporting_complete,/home/exouser/media/share/PACT/FormalRuns_0925/CMIP6_CBBT_QuickCheck_0929/past_only/CMIP6_EC_EARTH_CBBT_past_only_G0_T0500_EP0100__20261003_051753/metrics_perceiver3_mse_1eb5bc6e83_CMIP6_EC_EARTH_CBBT_past_only_G0_T0500_E.jsonl,e4eb803da9937a87c04c748e098dccc671e61f1659ec408aef848002968f6c74,,
CBBT,past_only,MPI,/home/exouser/media/share/PACT/FormalRuns_0925/CMIP6_CBBT_QuickCheck_0929/past_only/CMIP6_MPI_CBBT_past_only_G0_T0500_EP0100__20261003_051753/best_overall.pt,b6185a678a9411d3ee94b32135704074a1e61bd7dd46cd25953a3bd6175ecd2a,282,perceiver3,GraphSAGE,Transformer,single,4,24,G0_T0500_EP0100,zscore,source_checkpoint_train,"{""x_center"": [-0.47539040446281433, -0.7772177457809448, -5.1049429572458394e-08, -69.84375, 27.58430290222168], ""x_scale"": [5.757879257202148, 4.600354194641113, 2893.763916015625, 17.31839370727539, 15.923507690429688], ""y_mean"": [-0.1574922353029251, -0.1577584147453308, -0.15771646797657013, -0.1577678918838501, -0.15750926733016968, -0.15721215307712555], ""y_std"": [0.20547069609165192, 0.20523884892463684, 0.20501437783241272, 0.20500577986240387, 0.2052944153547287, 0.20551228523254395]}",0.18785769566893568,0.18785769566893568,95.0,train_hourly_q95_v1,"{""event_prior"": 0.061932849364791286, ""exceedance_percentile"": 95.0, ""fitted_on"": ""train"", ""metric_schema"": ""hourly_q95_v1"", ""quantile_method"": ""linear"", ""tau_normalized"": [1.6807746191593889, 1.6839702240835301, 1.6856094060290372, 1.6859309419703354, 1.682300818569979, 1.679071634844619], ""tau_physical"": 0.18785769566893568, ""threshold_schema"": ""train_hourly_q95_v1"", ""train_episode_count"": 199, ""train_event_window_count"": 819, ""train_event_window_rate"": 0.061932849364791286, ""train_extreme_hour_count"": 3968, ""train_extreme_hour_rate"": 0.05001008267795927, ""train_target_hour_count"": 79344, ""train_windows"": 13224}",source_checkpoint_train,./Data/Grid4_New_PastOnly/CMIP6_MPI/graphs,"{""test"": [""2008_2009"", ""2009_2010"", ""2010_2011"", ""2011_2012"", ""2012_2013"", ""2013_2014"", ""2014_2015""], ""train"": [""1979_1980"", ""1980_1981"", ""1981_1982"", ""1982_1983"", ""1983_1984"", ""1984_1985"", ""1985_1986"", ""1986_1987"", ""1987_1988"", ""1988_1989"", ""1989_1990"", ""1990_1991"", ""1991_1992"", ""1992_1993"", ""1993_1994"", ""1994_1995"", ""1995_1996"", ""1996_1997"", ""1997_1998"", ""1998_1999"", ""1999_2000"", ""2000_2001""], ""val"": [""2001_2002"", ""2002_2003"", ""2003_2004"", ""2004_2005"", ""2005_2006"", ""2006_2007"", ""2007_2008""]}",22,7,7,True,mse,0.05,0.01,/home/exouser/media/share/PACT/FormalRuns_0925/CMIP6_CBBT_QuickCheck_0929/past_only/CMIP6_MPI_CBBT_past_only_G0_T0500_EP0100__20261003_051753/config_used.sh,5c69098979bfdd372a286d05cc22a498740393c723217bd2f69b782c36088acc,0,300,training_and_final_reporting_complete,/home/exouser/media/share/PACT/FormalRuns_0925/CMIP6_CBBT_QuickCheck_0929/past_only/CMIP6_MPI_CBBT_past_only_G0_T0500_EP0100__20261003_051753/metrics_perceiver3_mse_8dee46f5d4_CMIP6_MPI_CBBT_past_only_G0_T0500_EP0100.jsonl,e387c8eb4f396c3e9a5c41e032b81909ed802b921b35f5297c189cfccce25cac,,
CBBT,past_only,MRI,/home/exouser/media/share/PACT/FormalRuns_0925/CMIP6_CBBT_QuickCheck_0929/past_only/CMIP6_MRI_CBBT_past_only_G0_T0500_EP0100__20261003_051753/best_overall.pt,45d2121a7721551c7eaa82f60cd5ce9125eec668b8a1177ecc109520fefad061,252,perceiver3,GraphSAGE,Transformer,single,4,24,G0_T0500_EP0100,zscore,source_checkpoint_train,"{""x_center"": [-0.6927033066749573, -0.8089996576309204, -1.2691975470602301e-08, -69.75, 27.47647476196289], ""x_scale"": [5.761787414550781, 4.779292106628418, 2767.663330078125, 17.209190368652344, 15.860231399536133], ""y_mean"": [-0.12851709127426147, -0.1289185881614685, -0.12860968708992004, -0.12807555496692657, -0.12768520414829254, -0.12781253457069397], ""y_std"": [0.22277751564979553, 0.22253134846687317, 0.22232075035572052, 0.22224737703800201, 0.2223260998725891, 0.2226550281047821]}",0.2571387186646455,0.2571387186646455,95.0,train_hourly_q95_v1,"{""event_prior"": 0.06276467029643074, ""exceedance_percentile"": 95.0, ""fitted_on"": ""train"", ""metric_schema"": ""hourly_q95_v1"", ""quantile_method"": ""linear"", ""tau_normalized"": [1.7311253732856722, 1.7348445937430874, 1.7350985238101049, 1.7332680311709794, 1.730898545125711, 1.7289133621279833], ""tau_physical"": 0.2571387186646455, ""threshold_schema"": ""train_hourly_q95_v1"", ""train_episode_count"": 218, ""train_event_window_count"": 830, ""train_event_window_rate"": 0.06276467029643074, ""train_extreme_hour_count"": 3968, ""train_extreme_hour_rate"": 0.05001008267795927, ""train_target_hour_count"": 79344, ""train_windows"": 13224}",source_checkpoint_train,./Data/Grid4_New_PastOnly/CMIP6_MRI/graphs,"{""test"": [""2008_2009"", ""2009_2010"", ""2010_2011"", ""2011_2012"", ""2012_2013"", ""2013_2014"", ""2014_2015""], ""train"": [""1979_1980"", ""1980_1981"", ""1981_1982"", ""1982_1983"", ""1983_1984"", ""1984_1985"", ""1985_1986"", ""1986_1987"", ""1987_1988"", ""1988_1989"", ""1989_1990"", ""1990_1991"", ""1991_1992"", ""1992_1993"", ""1993_1994"", ""1994_1995"", ""1995_1996"", ""1996_1997"", ""1997_1998"", ""1998_1999"", ""1999_2000"", ""2000_2001""], ""val"": [""2001_2002"", ""2002_2003"", ""2003_2004"", ""2004_2005"", ""2005_2006"", ""2006_2007"", ""2007_2008""]}",22,7,7,True,mse,0.05,0.01,/home/exouser/media/share/PACT/FormalRuns_0925/CMIP6_CBBT_QuickCheck_0929/past_only/CMIP6_MRI_CBBT_past_only_G0_T0500_EP0100__20261003_051753/config_used.sh,eed46f2cfd56d0ba8b76dca732744038f31c3854bee3939b79a0239565626067,0,300,training_and_final_reporting_complete,/home/exouser/media/share/PACT/FormalRuns_0925/CMIP6_CBBT_QuickCheck_0929/past_only/CMIP6_MRI_CBBT_past_only_G0_T0500_EP0100__20261003_051753/metrics_perceiver3_mse_b007c9ee6d_CMIP6_MRI_CBBT_past_only_G0_T0500_EP0100.jsonl,c9cbcb3f220cf5b854a29603fb0f1731be7741d3a78ea6eee4a2c119753ae8c6,,
CBBT,future_year,NCEP,/home/exouser/media/share/PACT/FormalRuns_0925/NCEP_future_transfer/NCEP_CBBT_future_transfer_G0_T0500_EP0100__20261006_002736/best_overall.pt,3dbf6771209c00c3f4f710f9739fe95e38278debf75926996840aa7ba0e707da,276,perceiver3,GraphSAGE,Transformer,single,4,24,G0_T0500_EP0100,zscore,source_checkpoint_train,"{""x_center"": [-0.8911876678466797, -0.6135436296463013, 3.842243501139819e-08, -80.625, 24.76150131225586], ""x_scale"": [4.66081428527832, 3.996413469314575, 4137.4169921875, 14.604151725769043, 14.285452842712402], ""y_mean"": [-0.07080600410699844, -0.07187782227993011, -0.07276080548763275, -0.0725434198975563, -0.07137177139520645, -0.07053299993276596], ""y_std"": [0.14980798959732056, 0.1506492793560028, 0.15158692002296448, 0.15165594220161438, 0.15114246308803558, 0.15007343888282776]}",0.17928227633237837,0.17928227633237837,95.0,train_hourly_q95_v1,"{""event_prior"": 0.06061446317657498, ""exceedance_percentile"": 95.0, ""fitted_on"": ""train"", ""metric_schema"": ""hourly_q95_v1"", ""quantile_method"": ""linear"", ""tau_normalized"": [1.6693921406435446, 1.6671842021811882, 1.662696766857115, 1.6605066215945081, 1.6583959438426443, 1.6646201894539887], ""tau_physical"": 0.17928227633237837, ""threshold_schema"": ""train_hourly_q95_v1"", ""train_episode_count"": 266, ""train_event_window_count"": 1093, ""train_event_window_rate"": 0.06061446317657498, ""train_extreme_hour_count"": 5410, ""train_extreme_hour_rate"": 0.05000369713102632, ""train_target_hour_count"": 108192, ""train_windows"": 18032}",source_checkpoint_train,./Data/Grid4_New/NCEP/graphs,"{""test"": [], ""train"": [""1979_1980"", ""1980_1981"", ""1981_1982"", ""1982_1983"", ""1983_1984"", ""1984_1985"", ""1985_1986"", ""1986_1987"", ""1987_1988"", ""1988_1989"", ""1989_1990"", ""1990_1991"", ""1991_1992"", ""1992_1993"", ""1993_1994"", ""1994_1995"", ""1995_1996"", ""1996_1997"", ""1997_1998"", ""1998_1999"", ""1999_2000"", ""2000_2001"", ""2001_2002"", ""2002_2003"", ""2003_2004"", ""2004_2005"", ""2005_2006"", ""2006_2007"", ""2007_2008"", ""2008_2009""], ""val"": [""2009_2010"", ""2010_2011"", ""2011_2012"", ""2012_2013"", ""2013_2014"", ""2014_2015""]}",30,6,0,True,mse,0.05,0.01,/home/exouser/media/share/PACT/FormalRuns_0925/NCEP_future_transfer/NCEP_CBBT_future_transfer_G0_T0500_EP0100__20261006_002736/config_used.sh,aa906b9226b48122c1a55a81433bff8c819fdc5928eec3a93c15f55930c530ae,0,300,training_and_final_reporting_complete,/home/exouser/media/share/PACT/FormalRuns_0925/NCEP_future_transfer/NCEP_CBBT_future_transfer_G0_T0500_EP0100__20261006_002736/metrics_perceiver3_mse_f4b4c9be7f_NCEP_CBBT_future_transfer_G0_T0500_EP010.jsonl,37673d3164a7fd3cc8ddb82f73fa2ba9440a5d2e9abc1db727d69c232738e4d2,,
CBBT,future_year,AWI,/home/exouser/media/share/PACT/FormalRuns_0925/CMIP6_CBBT_QuickCheck_0929/future_year/CMIP6_AWI_CBBT_future_year_G0_T0500_EP0100__20261003_051753/best_overall.pt,51a6fa063c24dcdb98671f543b445eaef0a0e9620b0bc3edaa9bd7dc899f27df,287,perceiver3,GraphSAGE,Transformer,single,4,24,G0_T0500_EP0100,zscore,source_checkpoint_train,"{""x_center"": [-0.6470205187797546, -0.6322954893112183, -1.471597732560781e-09, -69.84375, 27.58430290222168], ""x_scale"": [5.7832536697387695, 4.475707054138184, 2920.065185546875, 17.31839370727539, 15.923507690429688], ""y_mean"": [-0.14352922141551971, -0.14361238479614258, -0.1436309814453125, -0.14365963637828827, -0.14348673820495605, -0.14341230690479279], ""y_std"": [0.18982736766338348, 0.18960337340831757, 0.18958765268325806, 0.18973320722579956, 0.19008001685142517, 0.19014576077461243]}",0.16150424033403393,0.16150424033403393,95.0,train_hourly_q95_v1,"{""event_prior"": 0.061169032830523516, ""exceedance_percentile"": 95.0, ""fitted_on"": ""train"", ""metric_schema"": ""hourly_q95_v1"", ""quantile_method"": ""linear"", ""tau_normalized"": [1.6068992869903906, 1.6092362685609873, 1.6094677974052054, 1.6083841156448158, 1.6045399384480497, 1.603593716718496], ""tau_physical"": 0.16150424033403393, ""threshold_schema"": ""train_hourly_q95_v1"", ""train_episode_count"": 273, ""train_event_window_count"": 1103, ""train_event_window_rate"": 0.061169032830523516, ""train_extreme_hour_count"": 5410, ""train_extreme_hour_rate"": 0.05000369713102632, ""train_target_hour_count"": 108192, ""train_windows"": 18032}",source_checkpoint_train,./Data/Grid4_New/CMIP6_AWI/graphs,"{""test"": [""2070_2071"", ""2071_2072"", ""2072_2073"", ""2073_2074"", ""2074_2075"", ""2075_2076"", ""2076_2077"", ""2077_2078"", ""2078_2079"", ""2079_2080"", ""2080_2081"", ""2081_2082"", ""2082_2083"", ""2083_2084"", ""2084_2085"", ""2085_2086"", ""2086_2087"", ""2087_2088"", ""2088_2089"", ""2089_2090"", ""2090_2091"", ""2091_2092"", ""2092_2093"", ""2093_2094"", ""2094_2095"", ""2095_2096"", ""2096_2097"", ""2097_2098"", ""2098_2099"", ""2099_2100""], ""train"": [""1979_1980"", ""1980_1981"", ""1981_1982"", ""1982_1983"", ""1983_1984"", ""1984_1985"", ""1985_1986"", ""1986_1987"", ""1987_1988"", ""1988_1989"", ""1989_1990"", ""1990_1991"", ""1991_1992"", ""1992_1993"", ""1993_1994"", ""1994_1995"", ""1995_1996"", ""1996_1997"", ""1997_1998"", ""1998_1999"", ""1999_2000"", ""2000_2001"", ""2001_2002"", ""2002_2003"", ""2003_2004"", ""2004_2005"", ""2005_2006"", ""2006_2007"", ""2007_2008"", ""2008_2009""], ""val"": [""2009_2010"", ""2010_2011"", ""2011_2012"", ""2012_2013"", ""2013_2014"", ""2014_2015""]}",30,6,30,True,mse,0.05,0.01,/home/exouser/media/share/PACT/FormalRuns_0925/CMIP6_CBBT_QuickCheck_0929/future_year/CMIP6_AWI_CBBT_future_year_G0_T0500_EP0100__20261003_051753/config_used.sh,6f17ac9e40e75675b31ceb644beba659533b42d222e4d98e1164d6f166cbc6e4,0,300,training_and_final_reporting_complete,/home/exouser/media/share/PACT/FormalRuns_0925/CMIP6_CBBT_QuickCheck_0929/future_year/CMIP6_AWI_CBBT_future_year_G0_T0500_EP0100__20261003_051753/metrics_perceiver3_mse_d20ab98447_CMIP6_AWI_CBBT_future_year_G0_T0500_EP01.jsonl,f2be46924850caf8fb6f14dba001a6848c9706c25cfb0fb8d87bcdcf6526b3d7,,
CBBT,future_year,CNRM,/home/exouser/media/share/PACT/FormalRuns_0925/CMIP6_CBBT_QuickCheck_0929/future_year/CMIP6_CNRM_CBBT_future_year_G0_T0500_EP0100__20261003_051753/best_overall.pt,d1eba962e27b97599a27be7fb65c8b031697fe406a3d5ddf3cb87c8844a69c6b,266,perceiver3,GraphSAGE,Transformer,single,4,24,G0_T0500_EP0100,zscore,source_checkpoint_train,"{""x_center"": [-0.6751716732978821, -0.6830527186393738, -2.8107822735989885e-09, -70.3125, 27.314926147460938], ""x_scale"": [5.777656078338623, 4.775454998016357, 2913.492919921875, 17.45110321044922, 15.76507568359375], ""y_mean"": [-0.12562328577041626, -0.12601591646671295, -0.1256287842988968, -0.12497980147600174, -0.12448994070291519, -0.12477140128612518], ""y_std"": [0.18567028641700745, 0.1854129135608673, 0.185185968875885, 0.1850583851337433, 0.1853066384792328, 0.18570983409881592]}",0.18502047583460787,0.18502047583460787,95.0,train_hourly_q95_v1,"{""event_prior"": 0.0625, ""exceedance_percentile"": 95.0, ""fitted_on"": ""train"", ""metric_schema"": ""hourly_q95_v1"", ""quantile_method"": ""linear"", ""tau_normalized"": [1.6730935660180524, 1.67753359961745, 1.677498905663352, 1.6751485056273985, 1.670260812443639, 1.6681500935265134], ""tau_physical"": 0.18502047583460787, ""threshold_schema"": ""train_hourly_q95_v1"", ""train_episode_count"": 285, ""train_event_window_count"": 1127, ""train_event_window_rate"": 0.0625, ""train_extreme_hour_count"": 5410, ""train_extreme_hour_rate"": 0.05000369713102632, ""train_target_hour_count"": 108192, ""train_windows"": 18032}",source_checkpoint_train,./Data/Grid4_New/CMIP6_CNRM/graphs,"{""test"": [""2070_2071"", ""2071_2072"", ""2072_2073"", ""2073_2074"", ""2074_2075"", ""2075_2076"", ""2076_2077"", ""2077_2078"", ""2078_2079"", ""2079_2080"", ""2080_2081"", ""2081_2082"", ""2082_2083"", ""2083_2084"", ""2084_2085"", ""2085_2086"", ""2086_2087"", ""2087_2088"", ""2088_2089"", ""2089_2090"", ""2090_2091"", ""2091_2092"", ""2092_2093"", ""2093_2094"", ""2094_2095"", ""2095_2096"", ""2096_2097"", ""2097_2098"", ""2098_2099"", ""2099_2100""], ""train"": [""1979_1980"", ""1980_1981"", ""1981_1982"", ""1982_1983"", ""1983_1984"", ""1984_1985"", ""1985_1986"", ""1986_1987"", ""1987_1988"", ""1988_1989"", ""1989_1990"", ""1990_1991"", ""1991_1992"", ""1992_1993"", ""1993_1994"", ""1994_1995"", ""1995_1996"", ""1996_1997"", ""1997_1998"", ""1998_1999"", ""1999_2000"", ""2000_2001"", ""2001_2002"", ""2002_2003"", ""2003_2004"", ""2004_2005"", ""2005_2006"", ""2006_2007"", ""2007_2008"", ""2008_2009""], ""val"": [""2009_2010"", ""2010_2011"", ""2011_2012"", ""2012_2013"", ""2013_2014"", ""2014_2015""]}",30,6,30,True,mse,0.05,0.01,/home/exouser/media/share/PACT/FormalRuns_0925/CMIP6_CBBT_QuickCheck_0929/future_year/CMIP6_CNRM_CBBT_future_year_G0_T0500_EP0100__20261003_051753/config_used.sh,401357e9179ad17ae5be5505e5025417c41afc44f290cff89d80c31646dab61a,0,300,training_and_final_reporting_complete,/home/exouser/media/share/PACT/FormalRuns_0925/CMIP6_CBBT_QuickCheck_0929/future_year/CMIP6_CNRM_CBBT_future_year_G0_T0500_EP0100__20261003_051753/metrics_perceiver3_mse_7cf2ea81a0_CMIP6_CNRM_CBBT_future_year_G0_T0500_EP0.jsonl,68d0fc5ab882a81efe16f5a18812e63c96505ef9c90891d5275fea1c3fdb255c,,
CBBT,future_year,EC_EARTH,/home/exouser/media/share/PACT/FormalRuns_0925/CMIP6_CBBT_QuickCheck_0929/future_year/CMIP6_EC_EARTH_CBBT_future_year_G0_T0500_EP0100__20261003_051753/best_overall.pt,8c18eb9f8a9e176d7c9b6745f4ec91683d9a57ba70b56272fa6027d14ed80df3,284,perceiver3,GraphSAGE,Transformer,single,4,24,G0_T0500_EP0100,zscore,source_checkpoint_train,"{""x_center"": [-1.2263998985290527, -0.6537761688232422, -5.211916587199994e-08, -69.9609375, 27.368358612060547], ""x_scale"": [5.730264663696289, 4.690293312072754, 2985.295654296875, 17.45464324951172, 15.799824714660645], ""y_mean"": [-0.116660475730896, -0.11938755214214325, -0.12207882851362228, -0.1223781481385231, -0.11956711113452911, -0.1165773868560791], ""y_std"": [0.20221418142318726, 0.20199042558670044, 0.20203779637813568, 0.20220138132572174, 0.2023797333240509, 0.2024991512298584]}",0.21129831001162525,0.21129831001162525,95.0,train_hourly_q95_v1,"{""event_prior"": 0.062111801242236024, ""exceedance_percentile"": 95.0, ""fitted_on"": ""train"", ""metric_schema"": ""hourly_q95_v1"", ""quantile_method"": ""linear"", ""tau_normalized"": [1.621838703073845, 1.6371363206610408, 1.6500731274127343, 1.6502184899154388, 1.6348742816869506, 1.619146030372888], ""tau_physical"": 0.21129831001162525, ""threshold_schema"": ""train_hourly_q95_v1"", ""train_episode_count"": 284, ""train_event_window_count"": 1120, ""train_event_window_rate"": 0.062111801242236024, ""train_extreme_hour_count"": 5410, ""train_extreme_hour_rate"": 0.05000369713102632, ""train_target_hour_count"": 108192, ""train_windows"": 18032}",source_checkpoint_train,./Data/Grid4_New/CMIP6_EC_EARTH/graphs,"{""test"": [""2070_2071"", ""2071_2072"", ""2072_2073"", ""2073_2074"", ""2074_2075"", ""2075_2076"", ""2076_2077"", ""2077_2078"", ""2078_2079"", ""2079_2080"", ""2080_2081"", ""2081_2082"", ""2082_2083"", ""2083_2084"", ""2084_2085"", ""2085_2086"", ""2086_2087"", ""2087_2088"", ""2088_2089"", ""2089_2090"", ""2090_2091"", ""2091_2092"", ""2092_2093"", ""2093_2094"", ""2094_2095"", ""2095_2096"", ""2096_2097"", ""2097_2098"", ""2098_2099"", ""2099_2100""], ""train"": [""1979_1980"", ""1980_1981"", ""1981_1982"", ""1982_1983"", ""1983_1984"", ""1984_1985"", ""1985_1986"", ""1986_1987"", ""1987_1988"", ""1988_1989"", ""1989_1990"", ""1990_1991"", ""1991_1992"", ""1992_1993"", ""1993_1994"", ""1994_1995"", ""1995_1996"", ""1996_1997"", ""1997_1998"", ""1998_1999"", ""1999_2000"", ""2000_2001"", ""2001_2002"", ""2002_2003"", ""2003_2004"", ""2004_2005"", ""2005_2006"", ""2006_2007"", ""2007_2008"", ""2008_2009""], ""val"": [""2009_2010"", ""2010_2011"", ""2011_2012"", ""2012_2013"", ""2013_2014"", ""2014_2015""]}",30,6,30,True,mse,0.05,0.01,/home/exouser/media/share/PACT/FormalRuns_0925/CMIP6_CBBT_QuickCheck_0929/future_year/CMIP6_EC_EARTH_CBBT_future_year_G0_T0500_EP0100__20261003_051753/config_used.sh,240f36e183c9ae3dda0057ae79c32aec18384420bbfda59be92b132e1c2c0d10,0,300,training_and_final_reporting_complete,/home/exouser/media/share/PACT/FormalRuns_0925/CMIP6_CBBT_QuickCheck_0929/future_year/CMIP6_EC_EARTH_CBBT_future_year_G0_T0500_EP0100__20261003_051753/metrics_perceiver3_mse_c0357af83d_CMIP6_EC_EARTH_CBBT_future_year_G0_T0500.jsonl,184c668e8111205ebf3ce0c04b223bde66d9cd9e7ba3cb433437313543f0b6a1,,
CBBT,future_year,MPI,/home/exouser/media/share/PACT/FormalRuns_0925/CMIP6_CBBT_QuickCheck_0929/future_year/CMIP6_MPI_CBBT_future_year_G0_T0500_EP0100__20261003_051753/best_overall.pt,b11ea3ea48da0c04752dfe0454dd78a2f4417307a2eed3091eb0f44efe58310c,271,perceiver3,GraphSAGE,Transformer,single,4,24,G0_T0500_EP0100,zscore,source_checkpoint_train,"{""x_center"": [-0.5033907890319824, -0.7578938007354736, 4.936916653264234e-08, -69.84375, 27.58430290222168], ""x_scale"": [5.750854969024658, 4.601564884185791, 2897.41455078125, 17.31839370727539, 15.923507690429688], ""y_mean"": [-0.15843290090560913, -0.15871892869472504, -0.15872429311275482, -0.15876953303813934, -0.15846391022205353, -0.15817485749721527], ""y_std"": [0.20795804262161255, 0.20765601098537445, 0.20741157233715057, 0.2074885070323944, 0.2078372687101364, 0.20803844928741455]}",0.19086435288190842,0.19086435288190842,95.0,train_hourly_q95_v1,"{""event_prior"": 0.0616681455190772, ""exceedance_percentile"": 95.0, ""fitted_on"": ""train"", ""metric_schema"": ""hourly_q95_v1"", ""quantile_method"": ""linear"", ""tau_normalized"": [1.679652536560353, 1.6834729701191031, 1.6854828400143542, 1.685075915387741, 1.6807777800003627, 1.6777629884027359], ""tau_physical"": 0.19086435288190842, ""threshold_schema"": ""train_hourly_q95_v1"", ""train_episode_count"": 266, ""train_event_window_count"": 1112, ""train_event_window_rate"": 0.0616681455190772, ""train_extreme_hour_count"": 5410, ""train_extreme_hour_rate"": 0.05000369713102632, ""train_target_hour_count"": 108192, ""train_windows"": 18032}",source_checkpoint_train,./Data/Grid4_New/CMIP6_MPI/graphs,"{""test"": [""2070_2071"", ""2071_2072"", ""2072_2073"", ""2073_2074"", ""2074_2075"", ""2075_2076"", ""2076_2077"", ""2077_2078"", ""2078_2079"", ""2079_2080"", ""2080_2081"", ""2081_2082"", ""2082_2083"", ""2083_2084"", ""2084_2085"", ""2085_2086"", ""2086_2087"", ""2087_2088"", ""2088_2089"", ""2089_2090"", ""2090_2091"", ""2091_2092"", ""2092_2093"", ""2093_2094"", ""2094_2095"", ""2095_2096"", ""2096_2097"", ""2097_2098"", ""2098_2099"", ""2099_2100""], ""train"": [""1979_1980"", ""1980_1981"", ""1981_1982"", ""1982_1983"", ""1983_1984"", ""1984_1985"", ""1985_1986"", ""1986_1987"", ""1987_1988"", ""1988_1989"", ""1989_1990"", ""1990_1991"", ""1991_1992"", ""1992_1993"", ""1993_1994"", ""1994_1995"", ""1995_1996"", ""1996_1997"", ""1997_1998"", ""1998_1999"", ""1999_2000"", ""2000_2001"", ""2001_2002"", ""2002_2003"", ""2003_2004"", ""2004_2005"", ""2005_2006"", ""2006_2007"", ""2007_2008"", ""2008_2009""], ""val"": [""2009_2010"", ""2010_2011"", ""2011_2012"", ""2012_2013"", ""2013_2014"", ""2014_2015""]}",30,6,30,True,mse,0.05,0.01,/home/exouser/media/share/PACT/FormalRuns_0925/CMIP6_CBBT_QuickCheck_0929/future_year/CMIP6_MPI_CBBT_future_year_G0_T0500_EP0100__20261003_051753/config_used.sh,ff4f3424ba835c43eb6385a1e5eb02a5b35f33e66802c51b0b446417dc4ab476,0,300,training_and_final_reporting_complete,/home/exouser/media/share/PACT/FormalRuns_0925/CMIP6_CBBT_QuickCheck_0929/future_year/CMIP6_MPI_CBBT_future_year_G0_T0500_EP0100__20261003_051753/metrics_perceiver3_mse_107ffa7554_CMIP6_MPI_CBBT_future_year_G0_T0500_EP01.jsonl,950578235db9887be00282cf81a2d5999d0959c5c2e2258031f898e4aa5ce857,,
CBBT,future_year,MRI,/home/exouser/media/share/PACT/FormalRuns_0925/CMIP6_CBBT_QuickCheck_0929/future_year/CMIP6_MRI_CBBT_future_year_G0_T0500_EP0100__20261003_051753/best_overall.pt,14e05d58183ae06e419514d8f132e112bcd68f6f06678804570d88899c13a9cc,291,perceiver3,GraphSAGE,Transformer,single,4,24,G0_T0500_EP0100,zscore,source_checkpoint_train,"{""x_center"": [-0.7204825282096863, -0.780865490436554, -1.3069876292348681e-09, -69.75, 27.47647476196289], ""x_scale"": [5.770741939544678, 4.79729700088501, 2773.46875, 17.209190368652344, 15.860231399536133], ""y_mean"": [-0.13117310404777527, -0.13154123723506927, -0.13107341527938843, -0.1304510086774826, -0.13011643290519714, -0.13040056824684143], ""y_std"": [0.22191332280635834, 0.2216479629278183, 0.22148068249225616, 0.221444234251976, 0.2215588241815567, 0.22186024487018585]}",0.25278072655200945,0.25278072655200945,95.0,train_hourly_q95_v1,"{""event_prior"": 0.06200088731144632, ""exceedance_percentile"": 95.0, ""fitted_on"": ""train"", ""metric_schema"": ""hourly_q95_v1"", ""quantile_method"": ""linear"", ""tau_normalized"": [1.730197293899398, 1.733929600391756, 1.7331269594801746, 1.7306015508781412, 1.7281963869940065, 1.72712914394851], ""tau_physical"": 0.25278072655200945, ""threshold_schema"": ""train_hourly_q95_v1"", ""train_episode_count"": 287, ""train_event_window_count"": 1118, ""train_event_window_rate"": 0.06200088731144632, ""train_extreme_hour_count"": 5410, ""train_extreme_hour_rate"": 0.05000369713102632, ""train_target_hour_count"": 108192, ""train_windows"": 18032}",source_checkpoint_train,./Data/Grid4_New/CMIP6_MRI/graphs,"{""test"": [""2070_2071"", ""2071_2072"", ""2072_2073"", ""2073_2074"", ""2074_2075"", ""2075_2076"", ""2076_2077"", ""2077_2078"", ""2078_2079"", ""2079_2080"", ""2080_2081"", ""2081_2082"", ""2082_2083"", ""2083_2084"", ""2084_2085"", ""2085_2086"", ""2086_2087"", ""2087_2088"", ""2088_2089"", ""2089_2090"", ""2090_2091"", ""2091_2092"", ""2092_2093"", ""2093_2094"", ""2094_2095"", ""2095_2096"", ""2096_2097"", ""2097_2098"", ""2098_2099"", ""2099_2100""], ""train"": [""1979_1980"", ""1980_1981"", ""1981_1982"", ""1982_1983"", ""1983_1984"", ""1984_1985"", ""1985_1986"", ""1986_1987"", ""1987_1988"", ""1988_1989"", ""1989_1990"", ""1990_1991"", ""1991_1992"", ""1992_1993"", ""1993_1994"", ""1994_1995"", ""1995_1996"", ""1996_1997"", ""1997_1998"", ""1998_1999"", ""1999_2000"", ""2000_2001"", ""2001_2002"", ""2002_2003"", ""2003_2004"", ""2004_2005"", ""2005_2006"", ""2006_2007"", ""2007_2008"", ""2008_2009""], ""val"": [""2009_2010"", ""2010_2011"", ""2011_2012"", ""2012_2013"", ""2013_2014"", ""2014_2015""]}",30,6,30,True,mse,0.05,0.01,/home/exouser/media/share/PACT/FormalRuns_0925/CMIP6_CBBT_QuickCheck_0929/future_year/CMIP6_MRI_CBBT_future_year_G0_T0500_EP0100__20261003_051753/config_used.sh,78f8615993dd2c4dcbae03625b544de8a0e20600adee25f0bfcd0d42a24ef0a7,0,300,training_and_final_reporting_complete,/home/exouser/media/share/PACT/FormalRuns_0925/CMIP6_CBBT_QuickCheck_0929/future_year/CMIP6_MRI_CBBT_future_year_G0_T0500_EP0100__20261003_051753/metrics_perceiver3_mse_e9e6e216ef_CMIP6_MRI_CBBT_future_year_G0_T0500_EP01.jsonl,e7f8073d916888857646bf79162516e56eaadc6f7290f53ca662c151c402d76f,,
Lewes,past_only,NCEP,/home/exouser/media/share/PACT/FormalRuns_0925/single_tail_episodepeak_4x4/NCEP_Lewes_G0_T0500_EP0100__20260927_115826/best_overall.pt,0d110e0cae5db6ca41a746be146fcd7490bb3bbd1d2c9ee0b264df8c6c3d9a90,273,perceiver3,GraphSAGE,Transformer,single,4,24,G0_T0500_EP0100,zscore,source_checkpoint_train,"{""x_center"": [-0.8811544179916382, -0.6066479682922363, 3.0399505135392246e-08, -80.625, 24.76150131225586], ""x_scale"": [4.643034934997559, 3.97058367729187, 4137.322265625, 14.604151725769043, 14.285452842712402], ""y_mean"": [-0.051325686275959015, -0.051738642156124115, -0.05167339742183685, -0.051348745822906494, -0.05095773935317993, -0.050939060747623444], ""y_std"": [0.1827687919139862, 0.18296006321907043, 0.18312154710292816, 0.1838972121477127, 0.18366530537605286, 0.18275633454322815]}",0.25190428048372254,0.25190428048372254,95.0,train_hourly_q95_v1,"{""event_prior"": 0.060874168179068364, ""exceedance_percentile"": 95.0, ""fitted_on"": ""train"", ""metric_schema"": ""hourly_q95_v1"", ""quantile_method"": ""linear"", ""tau_normalized"": [1.6590905021815006, 1.659613127025839, 1.6577933220219343, 1.6490354734852943, 1.648988736423548, 1.657088067498493], ""tau_physical"": 0.25190428048372254, ""threshold_schema"": ""train_hourly_q95_v1"", ""train_episode_count"": 198, ""train_event_window_count"": 805, ""train_event_window_rate"": 0.060874168179068364, ""train_extreme_hour_count"": 3968, ""train_extreme_hour_rate"": 0.05001008267795927, ""train_target_hour_count"": 79344, ""train_windows"": 13224}",source_checkpoint_train,./Data/Grid4_New/NCEP/graphs,"{""test"": [""2008_2009"", ""2009_2010"", ""2010_2011"", ""2011_2012"", ""2012_2013"", ""2013_2014"", ""2014_2015""], ""train"": [""1979_1980"", ""1980_1981"", ""1981_1982"", ""1982_1983"", ""1983_1984"", ""1984_1985"", ""1985_1986"", ""1986_1987"", ""1987_1988"", ""1988_1989"", ""1989_1990"", ""1990_1991"", ""1991_1992"", ""1992_1993"", ""1993_1994"", ""1994_1995"", ""1995_1996"", ""1996_1997"", ""1997_1998"", ""1998_1999"", ""1999_2000"", ""2000_2001""], ""val"": [""2001_2002"", ""2002_2003"", ""2003_2004"", ""2004_2005"", ""2005_2006"", ""2006_2007"", ""2007_2008""]}",22,7,7,True,mse,0.05,0.01,/home/exouser/media/share/PACT/FormalRuns_0925/single_tail_episodepeak_4x4/NCEP_Lewes_G0_T0500_EP0100__20260927_115826/config_used.sh,0f5ea74ba39115560c1fbe6d1ccd47cfa894c95a64fc1ed4d69e1c4e8822a0e7,0,300,training_and_final_reporting_complete,/home/exouser/media/share/PACT/FormalRuns_0925/single_tail_episodepeak_4x4/NCEP_Lewes_G0_T0500_EP0100__20260927_115826/metrics_perceiver3_mse_94b7e78c81_NCEP_Lewes_G0_T0500_EP0100_20260927_1158.jsonl,9ed09658390f22e2cc1860c5e807650d780cabdd1d9799ac92c147ee21983edc,,
Lewes,past_only,AWI,/home/exouser/media/share/PACT/FormalRuns_0925/CMIP6_Lewes_QuickCheck_0929/past_only/CMIP6_AWI_Lewes_past_only_G0_T0500_EP0100__20261003_051753/best_overall.pt,dacc7d76d874df6a954c9a52761b37f1b769ff37bb5b39f598b0b31e1704ed50,270,perceiver3,GraphSAGE,Transformer,single,4,24,G0_T0500_EP0100,zscore,source_checkpoint_train,"{""x_center"": [-0.6418272852897644, -0.6633937954902649, 2.3463697651493476e-09, -69.84375, 27.58430290222168], ""x_scale"": [5.776857376098633, 4.475162506103516, 2917.366455078125, 17.31839370727539, 15.923507690429688], ""y_mean"": [-0.1260599046945572, -0.12602809071540833, -0.12572118639945984, -0.12566246092319489, -0.12579171359539032, -0.12594962120056152], ""y_std"": [0.2343442142009735, 0.23413899540901184, 0.2340318113565445, 0.23446720838546753, 0.2345309555530548, 0.2342497706413269]}",0.2418503567576401,0.2418503567576401,95.0,train_hourly_q95_v1,"{""event_prior"": 0.06208408953418028, ""exceedance_percentile"": 95.0, ""fitted_on"": ""train"", ""metric_schema"": ""hourly_q95_v1"", ""quantile_method"": ""linear"", ""tau_normalized"": [1.5699566669765423, 1.571196830457098, 1.5706050430772822, 1.5674380234725127, 1.5675630941172867, 1.5701188391828182], ""tau_physical"": 0.2418503567576401, ""threshold_schema"": ""train_hourly_q95_v1"", ""train_episode_count"": 208, ""train_event_window_count"": 821, ""train_event_window_rate"": 0.06208408953418028, ""train_extreme_hour_count"": 3968, ""train_extreme_hour_rate"": 0.05001008267795927, ""train_target_hour_count"": 79344, ""train_windows"": 13224}",source_checkpoint_train,./Data/Grid4_New_PastOnly/CMIP6_AWI/graphs,"{""test"": [""2008_2009"", ""2009_2010"", ""2010_2011"", ""2011_2012"", ""2012_2013"", ""2013_2014"", ""2014_2015""], ""train"": [""1979_1980"", ""1980_1981"", ""1981_1982"", ""1982_1983"", ""1983_1984"", ""1984_1985"", ""1985_1986"", ""1986_1987"", ""1987_1988"", ""1988_1989"", ""1989_1990"", ""1990_1991"", ""1991_1992"", ""1992_1993"", ""1993_1994"", ""1994_1995"", ""1995_1996"", ""1996_1997"", ""1997_1998"", ""1998_1999"", ""1999_2000"", ""2000_2001""], ""val"": [""2001_2002"", ""2002_2003"", ""2003_2004"", ""2004_2005"", ""2005_2006"", ""2006_2007"", ""2007_2008""]}",22,7,7,True,mse,0.05,0.01,/home/exouser/media/share/PACT/FormalRuns_0925/CMIP6_Lewes_QuickCheck_0929/past_only/CMIP6_AWI_Lewes_past_only_G0_T0500_EP0100__20261003_051753/config_used.sh,0b1f6a928184fbffc9293b01795801549c32ede60468b189a3493ba06ab14eca,0,300,training_and_final_reporting_complete,/home/exouser/media/share/PACT/FormalRuns_0925/CMIP6_Lewes_QuickCheck_0929/past_only/CMIP6_AWI_Lewes_past_only_G0_T0500_EP0100__20261003_051753/metrics_perceiver3_mse_c08fd6e6da_CMIP6_AWI_Lewes_past_only_G0_T0500_EP010.jsonl,2931e11f9bbe1b548027d56bc5fc572dad4e194abe4907489b074ceb87a940dd,,
Lewes,past_only,CNRM,/home/exouser/media/share/PACT/FormalRuns_0925/CMIP6_Lewes_QuickCheck_0929/past_only/CMIP6_CNRM_Lewes_past_only_G0_T0500_EP0100__20261003_051753/best_overall.pt,7580b1453e0adfb44d4d073a100cf1fc17bf5c8c464f2c5ebce60a33c3004069,276,perceiver3,GraphSAGE,Transformer,single,4,24,G0_T0500_EP0100,zscore,source_checkpoint_train,"{""x_center"": [-0.699573278427124, -0.6817242503166199, -1.9690036268116273e-08, -70.3125, 27.314926147460938], ""x_scale"": [5.801293849945068, 4.777507305145264, 2916.754150390625, 17.45110321044922, 15.76507568359375], ""y_mean"": [-0.09894784539937973, -0.09884954243898392, -0.098151296377182, -0.09777754545211792, -0.09791931509971619, -0.09843197464942932], ""y_std"": [0.23018878698349, 0.22995133697986603, 0.22968456149101257, 0.23009978234767914, 0.23015925288200378, 0.2300606220960617]}",0.27700767517089825,0.27700767517089825,95.0,train_hourly_q95_v1,"{""event_prior"": 0.06563823351482154, ""exceedance_percentile"": 95.0, ""fitted_on"": ""train"", ""metric_schema"": ""hourly_q95_v1"", ""quantile_method"": ""linear"", ""tau_normalized"": [1.6332486282107344, 1.6345076421225213, 1.6333660787329844, 1.6287943291346463, 1.6289894304741641, 1.6319161723537499], ""tau_physical"": 0.27700767517089825, ""threshold_schema"": ""train_hourly_q95_v1"", ""train_episode_count"": 266, ""train_event_window_count"": 868, ""train_event_window_rate"": 0.06563823351482154, ""train_extreme_hour_count"": 3968, ""train_extreme_hour_rate"": 0.05001008267795927, ""train_target_hour_count"": 79344, ""train_windows"": 13224}",source_checkpoint_train,./Data/Grid4_New_PastOnly/CMIP6_CNRM/graphs,"{""test"": [""2008_2009"", ""2009_2010"", ""2010_2011"", ""2011_2012"", ""2012_2013"", ""2013_2014"", ""2014_2015""], ""train"": [""1979_1980"", ""1980_1981"", ""1981_1982"", ""1982_1983"", ""1983_1984"", ""1984_1985"", ""1985_1986"", ""1986_1987"", ""1987_1988"", ""1988_1989"", ""1989_1990"", ""1990_1991"", ""1991_1992"", ""1992_1993"", ""1993_1994"", ""1994_1995"", ""1995_1996"", ""1996_1997"", ""1997_1998"", ""1998_1999"", ""1999_2000"", ""2000_2001""], ""val"": [""2001_2002"", ""2002_2003"", ""2003_2004"", ""2004_2005"", ""2005_2006"", ""2006_2007"", ""2007_2008""]}",22,7,7,True,mse,0.05,0.01,/home/exouser/media/share/PACT/FormalRuns_0925/CMIP6_Lewes_QuickCheck_0929/past_only/CMIP6_CNRM_Lewes_past_only_G0_T0500_EP0100__20261003_051753/config_used.sh,331d9b723ac9ef6672c0f5f545b06b3ee6aff78507458cb28a549304f3f02be7,0,300,training_and_final_reporting_complete,/home/exouser/media/share/PACT/FormalRuns_0925/CMIP6_Lewes_QuickCheck_0929/past_only/CMIP6_CNRM_Lewes_past_only_G0_T0500_EP0100__20261003_051753/metrics_perceiver3_mse_ff46b69646_CMIP6_CNRM_Lewes_past_only_G0_T0500_EP01.jsonl,91eb73962caf013e04c3f57372003cb5015e572ebe589fc797622a8765ad4d9b,,
Lewes,past_only,EC_EARTH,/home/exouser/media/share/PACT/FormalRuns_0925/CMIP6_Lewes_QuickCheck_0929/past_only/CMIP6_EC_EARTH_Lewes_past_only_G0_T0500_EP0100__20261003_051753/best_overall.pt,ba122e6735784875b69a869970e2d612a9c336126fc5d56b8496d68ff5ab5673,278,perceiver3,GraphSAGE,Transformer,single,4,24,G0_T0500_EP0100,zscore,source_checkpoint_train,"{""x_center"": [-1.2362897396087646, -0.6316035985946655, -3.012748095443385e-08, -69.9609375, 27.368358612060547], ""x_scale"": [5.73271369934082, 4.711902141571045, 2990.0810546875, 17.45464324951172, 15.799824714660645], ""y_mean"": [-0.13105390965938568, -0.13279330730438232, -0.13284635543823242, -0.13147921860218048, -0.12980464100837708, -0.12935876846313477], ""y_std"": [0.25113585591316223, 0.25091752409935, 0.2505507171154022, 0.2508796155452728, 0.25105583667755127, 0.2509554326534271]}",0.2570745438337313,0.2570745438337313,95.0,train_hourly_q95_v1,"{""event_prior"": 0.06563823351482154, ""exceedance_percentile"": 95.0, ""fitted_on"": ""train"", ""metric_schema"": ""hourly_q95_v1"", ""quantile_method"": ""linear"", ""tau_normalized"": [1.5454919891141472, 1.5537689228263973, 1.5562553712124017, 1.548765775933656, 1.541008526079418, 1.5398483635559934], ""tau_physical"": 0.2570745438337313, ""threshold_schema"": ""train_hourly_q95_v1"", ""train_episode_count"": 264, ""train_event_window_count"": 868, ""train_event_window_rate"": 0.06563823351482154, ""train_extreme_hour_count"": 3968, ""train_extreme_hour_rate"": 0.05001008267795927, ""train_target_hour_count"": 79344, ""train_windows"": 13224}",source_checkpoint_train,./Data/Grid4_New_PastOnly/CMIP6_EC_EARTH/graphs,"{""test"": [""2008_2009"", ""2009_2010"", ""2010_2011"", ""2011_2012"", ""2012_2013"", ""2013_2014"", ""2014_2015""], ""train"": [""1979_1980"", ""1980_1981"", ""1981_1982"", ""1982_1983"", ""1983_1984"", ""1984_1985"", ""1985_1986"", ""1986_1987"", ""1987_1988"", ""1988_1989"", ""1989_1990"", ""1990_1991"", ""1991_1992"", ""1992_1993"", ""1993_1994"", ""1994_1995"", ""1995_1996"", ""1996_1997"", ""1997_1998"", ""1998_1999"", ""1999_2000"", ""2000_2001""], ""val"": [""2001_2002"", ""2002_2003"", ""2003_2004"", ""2004_2005"", ""2005_2006"", ""2006_2007"", ""2007_2008""]}",22,7,7,True,mse,0.05,0.01,/home/exouser/media/share/PACT/FormalRuns_0925/CMIP6_Lewes_QuickCheck_0929/past_only/CMIP6_EC_EARTH_Lewes_past_only_G0_T0500_EP0100__20261003_051753/config_used.sh,d48d2685a489cfaaf095b962bd4ac9d41b2b719217b917132c411ad1de7ddf7c,0,300,training_and_final_reporting_complete,/home/exouser/media/share/PACT/FormalRuns_0925/CMIP6_Lewes_QuickCheck_0929/past_only/CMIP6_EC_EARTH_Lewes_past_only_G0_T0500_EP0100__20261003_051753/metrics_perceiver3_mse_b6084a6942_CMIP6_EC_EARTH_Lewes_past_only_G0_T0500_.jsonl,fa80a9a430cea9c51143b92afda373f4f972f7cf9b75650d51adfdf474b6dc8a,,
Lewes,past_only,MPI,/home/exouser/media/share/PACT/FormalRuns_0925/CMIP6_Lewes_QuickCheck_0929/past_only/CMIP6_MPI_Lewes_past_only_G0_T0500_EP0100__20261003_051753/best_overall.pt,e7069b10270daa52b223fff1b0820f6ad1776d19b954c25f4b4696b67c70a978,255,perceiver3,GraphSAGE,Transformer,single,4,24,G0_T0500_EP0100,zscore,source_checkpoint_train,"{""x_center"": [-0.47539040446281433, -0.7772177457809448, -5.1049429572458394e-08, -69.84375, 27.58430290222168], ""x_scale"": [5.757879257202148, 4.600354194641113, 2893.763916015625, 17.31839370727539, 15.923507690429688], ""y_mean"": [-0.1376214623451233, -0.13774827122688293, -0.1375744640827179, -0.13724546134471893, -0.13716597855091095, -0.137395977973938], ""y_std"": [0.25538170337677, 0.25522682070732117, 0.2550571858882904, 0.25531136989593506, 0.25525665283203125, 0.2550641596317291]}",0.27089465260505624,0.27089465260505624,95.0,train_hourly_q95_v1,"{""event_prior"": 0.06140350877192982, ""exceedance_percentile"": 95.0, ""fitted_on"": ""train"", ""metric_schema"": ""hourly_q95_v1"", ""quantile_method"": ""linear"", ""tau_normalized"": [1.599629533159966, 1.6010971053098937, 1.6014805278478799, 1.5985974855570793, 1.5986287786375029, 1.6007369720955662], ""tau_physical"": 0.27089465260505624, ""threshold_schema"": ""train_hourly_q95_v1"", ""train_episode_count"": 214, ""train_event_window_count"": 812, ""train_event_window_rate"": 0.06140350877192982, ""train_extreme_hour_count"": 3968, ""train_extreme_hour_rate"": 0.05001008267795927, ""train_target_hour_count"": 79344, ""train_windows"": 13224}",source_checkpoint_train,./Data/Grid4_New_PastOnly/CMIP6_MPI/graphs,"{""test"": [""2008_2009"", ""2009_2010"", ""2010_2011"", ""2011_2012"", ""2012_2013"", ""2013_2014"", ""2014_2015""], ""train"": [""1979_1980"", ""1980_1981"", ""1981_1982"", ""1982_1983"", ""1983_1984"", ""1984_1985"", ""1985_1986"", ""1986_1987"", ""1987_1988"", ""1988_1989"", ""1989_1990"", ""1990_1991"", ""1991_1992"", ""1992_1993"", ""1993_1994"", ""1994_1995"", ""1995_1996"", ""1996_1997"", ""1997_1998"", ""1998_1999"", ""1999_2000"", ""2000_2001""], ""val"": [""2001_2002"", ""2002_2003"", ""2003_2004"", ""2004_2005"", ""2005_2006"", ""2006_2007"", ""2007_2008""]}",22,7,7,True,mse,0.05,0.01,/home/exouser/media/share/PACT/FormalRuns_0925/CMIP6_Lewes_QuickCheck_0929/past_only/CMIP6_MPI_Lewes_past_only_G0_T0500_EP0100__20261003_051753/config_used.sh,7468fde094f88b20237a208609935193d75c4448f5ea19717c8cbc5ee339328b,0,300,training_and_final_reporting_complete,/home/exouser/media/share/PACT/FormalRuns_0925/CMIP6_Lewes_QuickCheck_0929/past_only/CMIP6_MPI_Lewes_past_only_G0_T0500_EP0100__20261003_051753/metrics_perceiver3_mse_ddb634d9d1_CMIP6_MPI_Lewes_past_only_G0_T0500_EP010.jsonl,20794d63077cac94a731490a2adc9f22efa0b377cdf64dbcaf2e809d87fa3079,,
Lewes,past_only,MRI,/home/exouser/media/share/PACT/FormalRuns_0925/CMIP6_Lewes_QuickCheck_0929/past_only/CMIP6_MRI_Lewes_past_only_G0_T0500_EP0100__20261003_051753/best_overall.pt,47f1fe185151c5af0b6491f613a0c602fe4b596f576c7541298db480f38b5d73,288,perceiver3,GraphSAGE,Transformer,single,4,24,G0_T0500_EP0100,zscore,source_checkpoint_train,"{""x_center"": [-0.6927033066749573, -0.8089996576309204, -1.2691975470602301e-08, -69.75, 27.47647476196289], ""x_scale"": [5.761787414550781, 4.779292106628418, 2767.663330078125, 17.209190368652344, 15.860231399536133], ""y_mean"": [-0.12895341217517853, -0.12899500131607056, -0.12845079600811005, -0.1279989331960678, -0.12795589864253998, -0.12846489250659943], ""y_std"": [0.2773818075656891, 0.2769649028778076, 0.276596337556839, 0.27715134620666504, 0.2773498296737671, 0.27707892656326294]}",0.3209928140044212,0.3209928140044212,95.0,train_hourly_q95_v1,"{""event_prior"": 0.06405021173623715, ""exceedance_percentile"": 95.0, ""fitted_on"": ""train"", ""metric_schema"": ""hourly_q95_v1"", ""quantile_method"": ""linear"", ""tau_normalized"": [1.62211873276168, 1.6247106064518904, 1.6249080301729344, 1.6200236922742088, 1.6187091702022582, 1.6221287994935263], ""tau_physical"": 0.3209928140044212, ""threshold_schema"": ""train_hourly_q95_v1"", ""train_episode_count"": 233, ""train_event_window_count"": 847, ""train_event_window_rate"": 0.06405021173623715, ""train_extreme_hour_count"": 3968, ""train_extreme_hour_rate"": 0.05001008267795927, ""train_target_hour_count"": 79344, ""train_windows"": 13224}",source_checkpoint_train,./Data/Grid4_New_PastOnly/CMIP6_MRI/graphs,"{""test"": [""2008_2009"", ""2009_2010"", ""2010_2011"", ""2011_2012"", ""2012_2013"", ""2013_2014"", ""2014_2015""], ""train"": [""1979_1980"", ""1980_1981"", ""1981_1982"", ""1982_1983"", ""1983_1984"", ""1984_1985"", ""1985_1986"", ""1986_1987"", ""1987_1988"", ""1988_1989"", ""1989_1990"", ""1990_1991"", ""1991_1992"", ""1992_1993"", ""1993_1994"", ""1994_1995"", ""1995_1996"", ""1996_1997"", ""1997_1998"", ""1998_1999"", ""1999_2000"", ""2000_2001""], ""val"": [""2001_2002"", ""2002_2003"", ""2003_2004"", ""2004_2005"", ""2005_2006"", ""2006_2007"", ""2007_2008""]}",22,7,7,True,mse,0.05,0.01,/home/exouser/media/share/PACT/FormalRuns_0925/CMIP6_Lewes_QuickCheck_0929/past_only/CMIP6_MRI_Lewes_past_only_G0_T0500_EP0100__20261003_051753/config_used.sh,4f14070a82b0c19ad78c9ace729b6b3cfcc53f04a78e54c8d6b4103cd8a30154,1,300,all_epochs_complete_best_overall_verified_final_test_reporting_failed_on_missing_labels,/home/exouser/media/share/PACT/FormalRuns_0925/CMIP6_Lewes_QuickCheck_0929/past_only/CMIP6_MRI_Lewes_past_only_G0_T0500_EP0100__20261003_051753/metrics_perceiver3_mse_3d91861417_CMIP6_MRI_Lewes_past_only_G0_T0500_EP010.jsonl,2bde035df876a1586b8ecbfcbdd5e55da29abcdfc30cfc477ac79352b495efbd,/home/exouser/media/share/PACT/FormalRuns_0925/CMIP6_Lewes_QuickCheck_0929/past_only/CMIP6_MRI_Lewes_past_only_G0_T0500_EP0100__20261003_051753/train_CMIP6_MRI_Lewes_past_only_G0_T0500_EP0100.log,19cdab33dfdbf8d673ba9483eca6fd74b87311bb7dc8970b58ae57e6d4a01b11
Lewes,future_year,NCEP,/home/exouser/media/share/PACT/FormalRuns_0925/NCEP_future_transfer/NCEP_Lewes_future_transfer_G0_T0500_EP0100__20261006_010226/best_overall.pt,60d5916df9eee40c5177b762d22d276649a2e03664d0f855afe8931b4ad14b19,264,perceiver3,GraphSAGE,Transformer,single,4,24,G0_T0500_EP0100,zscore,source_checkpoint_train,"{""x_center"": [-0.8911876678466797, -0.6135436296463013, 3.842243501139819e-08, -80.625, 24.76150131225586], ""x_scale"": [4.66081428527832, 3.996413469314575, 4137.4169921875, 14.604151725769043, 14.285452842712402], ""y_mean"": [-0.05525093898177147, -0.055702466517686844, -0.0556950643658638, -0.05534111708402634, -0.054889556020498276, -0.05482374504208565], ""y_std"": [0.18034783005714417, 0.1805744618177414, 0.18077796697616577, 0.18155595660209656, 0.18124108016490936, 0.18029789626598358]}",0.23814783394336694,0.23814783394336694,95.0,train_hourly_q95_v1,"{""event_prior"": 0.06139086069210293, ""exceedance_percentile"": 95.0, ""fitted_on"": ""train"", ""metric_schema"": ""hourly_q95_v1"", ""quantile_method"": ""linear"", ""tau_normalized"": [1.6268494765485864, 1.6273081891150516, 1.6254353515767312, 1.6165206392573084, 1.6168375828329513, 1.6249306567240678], ""tau_physical"": 0.23814783394336694, ""threshold_schema"": ""train_hourly_q95_v1"", ""train_episode_count"": 294, ""train_event_window_count"": 1107, ""train_event_window_rate"": 0.06139086069210293, ""train_extreme_hour_count"": 5410, ""train_extreme_hour_rate"": 0.05000369713102632, ""train_target_hour_count"": 108192, ""train_windows"": 18032}",source_checkpoint_train,./Data/Grid4_New/NCEP/graphs,"{""test"": [], ""train"": [""1979_1980"", ""1980_1981"", ""1981_1982"", ""1982_1983"", ""1983_1984"", ""1984_1985"", ""1985_1986"", ""1986_1987"", ""1987_1988"", ""1988_1989"", ""1989_1990"", ""1990_1991"", ""1991_1992"", ""1992_1993"", ""1993_1994"", ""1994_1995"", ""1995_1996"", ""1996_1997"", ""1997_1998"", ""1998_1999"", ""1999_2000"", ""2000_2001"", ""2001_2002"", ""2002_2003"", ""2003_2004"", ""2004_2005"", ""2005_2006"", ""2006_2007"", ""2007_2008"", ""2008_2009""], ""val"": [""2009_2010"", ""2010_2011"", ""2011_2012"", ""2012_2013"", ""2013_2014"", ""2014_2015""]}",30,6,0,True,mse,0.05,0.01,/home/exouser/media/share/PACT/FormalRuns_0925/NCEP_future_transfer/NCEP_Lewes_future_transfer_G0_T0500_EP0100__20261006_010226/config_used.sh,08d12cbc03c7dda90db3f988f8c2365a96456273cbaa92779d2fcaa18b1b3c94,0,300,training_and_final_reporting_complete,/home/exouser/media/share/PACT/FormalRuns_0925/NCEP_future_transfer/NCEP_Lewes_future_transfer_G0_T0500_EP0100__20261006_010226/metrics_perceiver3_mse_e82d9acd85_NCEP_Lewes_future_transfer_G0_T0500_EP01.jsonl,5ffb683f4b1e46398aac1370850a411ab5a24de6effd3f30100a617b4376da62,,
Lewes,future_year,AWI,/home/exouser/media/share/PACT/FormalRuns_0925/CMIP6_Lewes_QuickCheck_0929/future_year/CMIP6_AWI_Lewes_future_year_G0_T0500_EP0100__20261003_051753/best_overall.pt,378e79e7b6f407dc8407c3e7af68d5f6de5bc5cde0f58a498199bc63f02868fb,286,perceiver3,GraphSAGE,Transformer,single,4,24,G0_T0500_EP0100,zscore,source_checkpoint_train,"{""x_center"": [-0.6470205187797546, -0.6322954893112183, -1.471597732560781e-09, -69.84375, 27.58430290222168], ""x_scale"": [5.7832536697387695, 4.475707054138184, 2920.065185546875, 17.31839370727539, 15.923507690429688], ""y_mean"": [-0.128426194190979, -0.12845610082149506, -0.12825194001197815, -0.1281847059726715, -0.1281987428665161, -0.12830983102321625], ""y_std"": [0.23252058029174805, 0.23235984146595, 0.2323172688484192, 0.2327113300561905, 0.2326667755842209, 0.23237882554531097]}",0.23300220593810073,0.23300220593810073,95.0,train_hourly_q95_v1,"{""event_prior"": 0.06266637089618456, ""exceedance_percentile"": 95.0, ""fitted_on"": ""train"", ""metric_schema"": ""hourly_q95_v1"", ""quantile_method"": ""linear"", ""tau_normalized"": [1.5543931624271217, 1.555597148281597, 1.5550034129653425, 1.5520813353761505, 1.5524388813041725, 1.5548406190342228], ""tau_physical"": 0.23300220593810073, ""threshold_schema"": ""train_hourly_q95_v1"", ""train_episode_count"": 296, ""train_event_window_count"": 1130, ""train_event_window_rate"": 0.06266637089618456, ""train_extreme_hour_count"": 5410, ""train_extreme_hour_rate"": 0.05000369713102632, ""train_target_hour_count"": 108192, ""train_windows"": 18032}",source_checkpoint_train,./Data/Grid4_New/CMIP6_AWI/graphs,"{""test"": [""2070_2071"", ""2071_2072"", ""2072_2073"", ""2073_2074"", ""2074_2075"", ""2075_2076"", ""2076_2077"", ""2077_2078"", ""2078_2079"", ""2079_2080"", ""2080_2081"", ""2081_2082"", ""2082_2083"", ""2083_2084"", ""2084_2085"", ""2085_2086"", ""2086_2087"", ""2087_2088"", ""2088_2089"", ""2089_2090"", ""2090_2091"", ""2091_2092"", ""2092_2093"", ""2093_2094"", ""2094_2095"", ""2095_2096"", ""2096_2097"", ""2097_2098"", ""2098_2099"", ""2099_2100""], ""train"": [""1979_1980"", ""1980_1981"", ""1981_1982"", ""1982_1983"", ""1983_1984"", ""1984_1985"", ""1985_1986"", ""1986_1987"", ""1987_1988"", ""1988_1989"", ""1989_1990"", ""1990_1991"", ""1991_1992"", ""1992_1993"", ""1993_1994"", ""1994_1995"", ""1995_1996"", ""1996_1997"", ""1997_1998"", ""1998_1999"", ""1999_2000"", ""2000_2001"", ""2001_2002"", ""2002_2003"", ""2003_2004"", ""2004_2005"", ""2005_2006"", ""2006_2007"", ""2007_2008"", ""2008_2009""], ""val"": [""2009_2010"", ""2010_2011"", ""2011_2012"", ""2012_2013"", ""2013_2014"", ""2014_2015""]}",30,6,30,True,mse,0.05,0.01,/home/exouser/media/share/PACT/FormalRuns_0925/CMIP6_Lewes_QuickCheck_0929/future_year/CMIP6_AWI_Lewes_future_year_G0_T0500_EP0100__20261003_051753/config_used.sh,b67b384ad28b668c5639fb50a0931a6f6b2e1f57ecbf73aff61cca4755c0a338,0,300,training_and_final_reporting_complete,/home/exouser/media/share/PACT/FormalRuns_0925/CMIP6_Lewes_QuickCheck_0929/future_year/CMIP6_AWI_Lewes_future_year_G0_T0500_EP0100__20261003_051753/metrics_perceiver3_mse_5b11476057_CMIP6_AWI_Lewes_future_year_G0_T0500_EP0.jsonl,57f5a806f844a549b3b311ec3ab161ba14af80b4424f57822b15a9cdf9c7392e,,
Lewes,future_year,CNRM,/home/exouser/media/share/PACT/FormalRuns_0925/CMIP6_Lewes_QuickCheck_0929/future_year/CMIP6_CNRM_Lewes_future_year_G0_T0500_EP0100__20261003_051753/best_overall.pt,d98a4fb17b13dbbe4876b8248d547237d286d41f87f5bc1ae3e2f794dda0ef1f,282,perceiver3,GraphSAGE,Transformer,single,4,24,G0_T0500_EP0100,zscore,source_checkpoint_train,"{""x_center"": [-0.6751716732978821, -0.6830527186393738, -2.8107822735989885e-09, -70.3125, 27.314926147460938], ""x_scale"": [5.777656078338623, 4.775454998016357, 2913.492919921875, 17.45110321044922, 15.76507568359375], ""y_mean"": [-0.09770359098911285, -0.0975780114531517, -0.09688567370176315, -0.09658782929182053, -0.09677790850400925, -0.09728125482797623], ""y_std"": [0.22680239379405975, 0.22652634978294373, 0.22616538405418396, 0.22659195959568024, 0.22667375206947327, 0.22659631073474884]}",0.2742203280329703,0.2742203280329703,95.0,train_hourly_q95_v1,"{""event_prior"": 0.06588287488908606, ""exceedance_percentile"": 95.0, ""fitted_on"": ""train"", ""metric_schema"": ""hourly_q95_v1"", ""quantile_method"": ""linear"", ""tau_normalized"": [1.6398588780319316, 1.6413028322858558, 1.6408611922938, 1.6364577012637298, 1.636705763900146, 1.6394864579054078], ""tau_physical"": 0.2742203280329703, ""threshold_schema"": ""train_hourly_q95_v1"", ""train_episode_count"": 367, ""train_event_window_count"": 1188, ""train_event_window_rate"": 0.06588287488908606, ""train_extreme_hour_count"": 5410, ""train_extreme_hour_rate"": 0.05000369713102632, ""train_target_hour_count"": 108192, ""train_windows"": 18032}",source_checkpoint_train,./Data/Grid4_New/CMIP6_CNRM/graphs,"{""test"": [""2070_2071"", ""2071_2072"", ""2072_2073"", ""2073_2074"", ""2074_2075"", ""2075_2076"", ""2076_2077"", ""2077_2078"", ""2078_2079"", ""2079_2080"", ""2080_2081"", ""2081_2082"", ""2082_2083"", ""2083_2084"", ""2084_2085"", ""2085_2086"", ""2086_2087"", ""2087_2088"", ""2088_2089"", ""2089_2090"", ""2090_2091"", ""2091_2092"", ""2092_2093"", ""2093_2094"", ""2094_2095"", ""2095_2096"", ""2096_2097"", ""2097_2098"", ""2098_2099"", ""2099_2100""], ""train"": [""1979_1980"", ""1980_1981"", ""1981_1982"", ""1982_1983"", ""1983_1984"", ""1984_1985"", ""1985_1986"", ""1986_1987"", ""1987_1988"", ""1988_1989"", ""1989_1990"", ""1990_1991"", ""1991_1992"", ""1992_1993"", ""1993_1994"", ""1994_1995"", ""1995_1996"", ""1996_1997"", ""1997_1998"", ""1998_1999"", ""1999_2000"", ""2000_2001"", ""2001_2002"", ""2002_2003"", ""2003_2004"", ""2004_2005"", ""2005_2006"", ""2006_2007"", ""2007_2008"", ""2008_2009""], ""val"": [""2009_2010"", ""2010_2011"", ""2011_2012"", ""2012_2013"", ""2013_2014"", ""2014_2015""]}",30,6,30,True,mse,0.05,0.01,/home/exouser/media/share/PACT/FormalRuns_0925/CMIP6_Lewes_QuickCheck_0929/future_year/CMIP6_CNRM_Lewes_future_year_G0_T0500_EP0100__20261003_051753/config_used.sh,5a76f0183c40e0d051245904f626002f92dc72e787bf9076ba02fc4abae3552d,0,300,training_and_final_reporting_complete,/home/exouser/media/share/PACT/FormalRuns_0925/CMIP6_Lewes_QuickCheck_0929/future_year/CMIP6_CNRM_Lewes_future_year_G0_T0500_EP0100__20261003_051753/metrics_perceiver3_mse_3f91687936_CMIP6_CNRM_Lewes_future_year_G0_T0500_EP.jsonl,65a17f721f6da931f6515b5b556c754ca568993ddac3429baecd33b1a66e2076,,
Lewes,future_year,EC_EARTH,/home/exouser/media/share/PACT/FormalRuns_0925/CMIP6_Lewes_QuickCheck_0929/future_year/CMIP6_EC_EARTH_Lewes_future_year_G0_T0500_EP0100__20261003_051753/best_overall.pt,2aeaffb8a4c35fd6747c57f24099f888b056704f4576227a24446549b4657f19,261,perceiver3,GraphSAGE,Transformer,single,4,24,G0_T0500_EP0100,zscore,source_checkpoint_train,"{""x_center"": [-1.2263998985290527, -0.6537761688232422, -5.211916587199994e-08, -69.9609375, 27.368358612060547], ""x_scale"": [5.730264663696289, 4.690293312072754, 2985.295654296875, 17.45464324951172, 15.799824714660645], ""y_mean"": [-0.12479604035615921, -0.12650254368782043, -0.12662704288959503, -0.12530331313610077, -0.12360648065805435, -0.12313041090965271], ""y_std"": [0.2566857933998108, 0.2566105127334595, 0.2562754154205322, 0.25659629702568054, 0.2567189931869507, 0.25655341148376465]}",0.2736707925796509,0.2736707925796509,95.0,train_hourly_q95_v1,"{""event_prior"": 0.064773735581189, ""exceedance_percentile"": 95.0, ""fitted_on"": ""train"", ""metric_schema"": ""hourly_q95_v1"", ""quantile_method"": ""linear"", ""tau_normalized"": [1.55235249936549, 1.5594580752158431, 1.5619829737174817, 1.554870862675862, 1.547518040273692, 1.546661185265175], ""tau_physical"": 0.2736707925796509, ""threshold_schema"": ""train_hourly_q95_v1"", ""train_episode_count"": 340, ""train_event_window_count"": 1168, ""train_event_window_rate"": 0.064773735581189, ""train_extreme_hour_count"": 5410, ""train_extreme_hour_rate"": 0.05000369713102632, ""train_target_hour_count"": 108192, ""train_windows"": 18032}",source_checkpoint_train,./Data/Grid4_New/CMIP6_EC_EARTH/graphs,"{""test"": [""2070_2071"", ""2071_2072"", ""2072_2073"", ""2073_2074"", ""2074_2075"", ""2075_2076"", ""2076_2077"", ""2077_2078"", ""2078_2079"", ""2079_2080"", ""2080_2081"", ""2081_2082"", ""2082_2083"", ""2083_2084"", ""2084_2085"", ""2085_2086"", ""2086_2087"", ""2087_2088"", ""2088_2089"", ""2089_2090"", ""2090_2091"", ""2091_2092"", ""2092_2093"", ""2093_2094"", ""2094_2095"", ""2095_2096"", ""2096_2097"", ""2097_2098"", ""2098_2099"", ""2099_2100""], ""train"": [""1979_1980"", ""1980_1981"", ""1981_1982"", ""1982_1983"", ""1983_1984"", ""1984_1985"", ""1985_1986"", ""1986_1987"", ""1987_1988"", ""1988_1989"", ""1989_1990"", ""1990_1991"", ""1991_1992"", ""1992_1993"", ""1993_1994"", ""1994_1995"", ""1995_1996"", ""1996_1997"", ""1997_1998"", ""1998_1999"", ""1999_2000"", ""2000_2001"", ""2001_2002"", ""2002_2003"", ""2003_2004"", ""2004_2005"", ""2005_2006"", ""2006_2007"", ""2007_2008"", ""2008_2009""], ""val"": [""2009_2010"", ""2010_2011"", ""2011_2012"", ""2012_2013"", ""2013_2014"", ""2014_2015""]}",30,6,30,True,mse,0.05,0.01,/home/exouser/media/share/PACT/FormalRuns_0925/CMIP6_Lewes_QuickCheck_0929/future_year/CMIP6_EC_EARTH_Lewes_future_year_G0_T0500_EP0100__20261003_051753/config_used.sh,16ce929e0671a47ea38eb25de518f4d6f5e626579b45894a5578dc46094d663b,1,300,all_epochs_complete_best_overall_verified_final_test_reporting_failed_on_missing_labels,/home/exouser/media/share/PACT/FormalRuns_0925/CMIP6_Lewes_QuickCheck_0929/future_year/CMIP6_EC_EARTH_Lewes_future_year_G0_T0500_EP0100__20261003_051753/metrics_perceiver3_mse_301664fd4d_CMIP6_EC_EARTH_Lewes_future_year_G0_T050.jsonl,e38f7c5fcb5d8cb32750541ed7d813d1bf798f1792bed36c9f03c52605514d79,/home/exouser/media/share/PACT/FormalRuns_0925/CMIP6_Lewes_QuickCheck_0929/future_year/CMIP6_EC_EARTH_Lewes_future_year_G0_T0500_EP0100__20261003_051753/train_CMIP6_EC_EARTH_Lewes_future_year_G0_T0500_EP0100.log,67995fc03366497301d0254f75a1334e5660fe9e593df50b000876c4190b6474
Lewes,future_year,MPI,/home/exouser/media/share/PACT/FormalRuns_0925/CMIP6_Lewes_QuickCheck_0929/future_year/CMIP6_MPI_Lewes_future_year_G0_T0500_EP0100__20261003_051753/best_overall.pt,f279102c5efc6757fd43d9c9e5d025f911164893bed839c684083e88083215bf,277,perceiver3,GraphSAGE,Transformer,single,4,24,G0_T0500_EP0100,zscore,source_checkpoint_train,"{""x_center"": [-0.5033907890319824, -0.7578938007354736, 4.936916653264234e-08, -69.84375, 27.58430290222168], ""x_scale"": [5.750854969024658, 4.601564884185791, 2897.41455078125, 17.31839370727539, 15.923507690429688], ""y_mean"": [-0.13939937949180603, -0.13954469561576843, -0.1393718123435974, -0.13904374837875366, -0.13893985748291016, -0.13915078341960907], ""y_std"": [0.25640246272087097, 0.2561759352684021, 0.2560909688472748, 0.2564260959625244, 0.2564298212528229, 0.2561870217323303]}",0.26515880823135374,0.26515880823135374,95.0,train_hourly_q95_v1,"{""event_prior"": 0.062056344276841174, ""exceedance_percentile"": 95.0, ""fitted_on"": ""train"", ""metric_schema"": ""hourly_q95_v1"", ""quantile_method"": ""linear"", ""tau_normalized"": [1.5778248907210244, 1.5797873575560637, 1.5796364174646138, 1.5762925964804295, 1.5758645532722548, 1.578181396219962], ""tau_physical"": 0.26515880823135374, ""threshold_schema"": ""train_hourly_q95_v1"", ""train_episode_count"": 290, ""train_event_window_count"": 1119, ""train_event_window_rate"": 0.062056344276841174, ""train_extreme_hour_count"": 5410, ""train_extreme_hour_rate"": 0.05000369713102632, ""train_target_hour_count"": 108192, ""train_windows"": 18032}",source_checkpoint_train,./Data/Grid4_New/CMIP6_MPI/graphs,"{""test"": [""2070_2071"", ""2071_2072"", ""2072_2073"", ""2073_2074"", ""2074_2075"", ""2075_2076"", ""2076_2077"", ""2077_2078"", ""2078_2079"", ""2079_2080"", ""2080_2081"", ""2081_2082"", ""2082_2083"", ""2083_2084"", ""2084_2085"", ""2085_2086"", ""2086_2087"", ""2087_2088"", ""2088_2089"", ""2089_2090"", ""2090_2091"", ""2091_2092"", ""2092_2093"", ""2093_2094"", ""2094_2095"", ""2095_2096"", ""2096_2097"", ""2097_2098"", ""2098_2099"", ""2099_2100""], ""train"": [""1979_1980"", ""1980_1981"", ""1981_1982"", ""1982_1983"", ""1983_1984"", ""1984_1985"", ""1985_1986"", ""1986_1987"", ""1987_1988"", ""1988_1989"", ""1989_1990"", ""1990_1991"", ""1991_1992"", ""1992_1993"", ""1993_1994"", ""1994_1995"", ""1995_1996"", ""1996_1997"", ""1997_1998"", ""1998_1999"", ""1999_2000"", ""2000_2001"", ""2001_2002"", ""2002_2003"", ""2003_2004"", ""2004_2005"", ""2005_2006"", ""2006_2007"", ""2007_2008"", ""2008_2009""], ""val"": [""2009_2010"", ""2010_2011"", ""2011_2012"", ""2012_2013"", ""2013_2014"", ""2014_2015""]}",30,6,30,True,mse,0.05,0.01,/home/exouser/media/share/PACT/FormalRuns_0925/CMIP6_Lewes_QuickCheck_0929/future_year/CMIP6_MPI_Lewes_future_year_G0_T0500_EP0100__20261003_051753/config_used.sh,9ff73545555f7e2932a4456ce51684d2fb19f85b0069525aa926902ebfaeab47,0,300,training_and_final_reporting_complete,/home/exouser/media/share/PACT/FormalRuns_0925/CMIP6_Lewes_QuickCheck_0929/future_year/CMIP6_MPI_Lewes_future_year_G0_T0500_EP0100__20261003_051753/metrics_perceiver3_mse_1af2deb618_CMIP6_MPI_Lewes_future_year_G0_T0500_EP0.jsonl,0f5bad3c90e6e9ca47f0733608d829584d5f747b881233c408661ea21b84a34b,,
Lewes,future_year,MRI,/home/exouser/media/share/PACT/FormalRuns_0925/CMIP6_Lewes_QuickCheck_0929/future_year/CMIP6_MRI_Lewes_future_year_G0_T0500_EP0100__20261006_051633/best_overall.pt,ba415a9d5ab5ce9ae18250a7fcdbd3095a38eb4d9cea1b99174c0e19e44f5185,300,perceiver3,GraphSAGE,Transformer,single,4,24,G0_T0500_EP0100,zscore,source_checkpoint_train,"{""x_center"": [-0.7204825282096863, -0.780865490436554, -1.3069876292348681e-09, -69.75, 27.47647476196289], ""x_scale"": [5.770741939544678, 4.79729700088501, 2773.46875, 17.209190368652344, 15.860231399536133], ""y_mean"": [-0.12884409725666046, -0.12888957560062408, -0.12831346690654755, -0.12784583866596222, -0.12787029147148132, -0.12843289971351624], ""y_std"": [0.2759593725204468, 0.27558815479278564, 0.27527278661727905, 0.27579760551452637, 0.27593138813972473, 0.2756493091583252]}",0.31975484788417813,0.31975484788417813,95.0,train_hourly_q95_v1,"{""event_prior"": 0.06366459627329192, ""exceedance_percentile"": 95.0, ""fitted_on"": ""train"", ""metric_schema"": ""hourly_q95_v1"", ""quantile_method"": ""linear"", ""tau_normalized"": [1.6255977865277988, 1.627952492450691, 1.6277247028188442, 1.6229317354481712, 1.6222334920773613, 1.625934594090595], ""tau_physical"": 0.31975484788417813, ""threshold_schema"": ""train_hourly_q95_v1"", ""train_episode_count"": 316, ""train_event_window_count"": 1148, ""train_event_window_rate"": 0.06366459627329192, ""train_extreme_hour_count"": 5410, ""train_extreme_hour_rate"": 0.05000369713102632, ""train_target_hour_count"": 108192, ""train_windows"": 18032}",source_checkpoint_train,./Data/Grid4_New/CMIP6_MRI/graphs,"{""test"": [""2070_2071"", ""2071_2072"", ""2072_2073"", ""2073_2074"", ""2074_2075"", ""2075_2076"", ""2076_2077"", ""2077_2078"", ""2078_2079"", ""2079_2080"", ""2080_2081"", ""2081_2082"", ""2082_2083"", ""2083_2084"", ""2084_2085"", ""2085_2086"", ""2086_2087"", ""2087_2088"", ""2088_2089"", ""2089_2090"", ""2090_2091"", ""2091_2092"", ""2092_2093"", ""2093_2094"", ""2094_2095"", ""2095_2096"", ""2096_2097"", ""2097_2098"", ""2098_2099"", ""2099_2100""], ""train"": [""1979_1980"", ""1980_1981"", ""1981_1982"", ""1982_1983"", ""1983_1984"", ""1984_1985"", ""1985_1986"", ""1986_1987"", ""1987_1988"", ""1988_1989"", ""1989_1990"", ""1990_1991"", ""1991_1992"", ""1992_1993"", ""1993_1994"", ""1994_1995"", ""1995_1996"", ""1996_1997"", ""1997_1998"", ""1998_1999"", ""1999_2000"", ""2000_2001"", ""2001_2002"", ""2002_2003"", ""2003_2004"", ""2004_2005"", ""2005_2006"", ""2006_2007"", ""2007_2008"", ""2008_2009""], ""val"": [""2009_2010"", ""2010_2011"", ""2011_2012"", ""2012_2013"", ""2013_2014"", ""2014_2015""]}",30,6,30,True,mse,0.05,0.01,/home/exouser/media/share/PACT/FormalRuns_0925/CMIP6_Lewes_QuickCheck_0929/future_year/CMIP6_MRI_Lewes_future_year_G0_T0500_EP0100__20261006_051633/config_used.sh,a6dd1d654c43322ebd83819acbd3c71966828bb48961dccab7c127b931f1e2c3,0,300,training_and_final_reporting_complete,/home/exouser/media/share/PACT/FormalRuns_0925/CMIP6_Lewes_QuickCheck_0929/future_year/CMIP6_MRI_Lewes_future_year_G0_T0500_EP0100__20261006_051633/metrics_perceiver3_mse_2ab89fed9b_CMIP6_MRI_Lewes_future_year_G0_T0500_EP0.jsonl,48918c065be1dd82987cd6782d08f7694e19b7271e23679ff9d5e4f1176d4a96,,
Battery,past_only,NCEP,/home/exouser/media/share/PACT/FormalRuns_0925/single_tail_episodepeak_4x4/NCEP_Battery_G0_T0500_EP0100__20260928_094059/best_overall.pt,871e76afe7630b97df61c0c9ffd595ffc1fde470c4bf03d5e30fb57dcaaab0fa,296,perceiver3,GraphSAGE,Transformer,single,4,24,G0_T0500_EP0100,zscore,source_checkpoint_train,"{""x_center"": [-0.8811544179916382, -0.6066479682922363, 3.0399505135392246e-08, -80.625, 24.76150131225586], ""x_scale"": [4.643034934997559, 3.97058367729187, 4137.322265625, 14.604151725769043, 14.285452842712402], ""y_mean"": [0.07174514979124069, 0.0722341537475586, 0.07115306705236435, 0.06970702111721039, 0.06906109303236008, 0.07012154906988144], ""y_std"": [0.19786439836025238, 0.198928102850914, 0.2026551216840744, 0.20526616275310516, 0.20473715662956238, 0.20095950365066528]}",0.3838091462850571,0.3838091462850571,95.0,train_hourly_q95_v1,"{""event_prior"": 0.07123411978221415, ""exceedance_percentile"": 95.0, ""fitted_on"": ""train"", ""metric_schema"": ""hourly_q95_v1"", ""quantile_method"": ""linear"", ""tau_normalized"": [1.5771609197003718, 1.5662693610012826, 1.5427988033783935, 1.5302187216587169, 1.5373274613859218, 1.5609493033007755], ""tau_physical"": 0.3838091462850571, ""threshold_schema"": ""train_hourly_q95_v1"", ""train_episode_count"": 437, ""train_event_window_count"": 942, ""train_event_window_rate"": 0.07123411978221415, ""train_extreme_hour_count"": 3968, ""train_extreme_hour_rate"": 0.05001008267795927, ""train_target_hour_count"": 79344, ""train_windows"": 13224}",source_checkpoint_train,./Data/Grid4_New/NCEP/graphs,"{""test"": [""2008_2009"", ""2009_2010"", ""2010_2011"", ""2011_2012"", ""2012_2013"", ""2013_2014"", ""2014_2015""], ""train"": [""1979_1980"", ""1980_1981"", ""1981_1982"", ""1982_1983"", ""1983_1984"", ""1984_1985"", ""1985_1986"", ""1986_1987"", ""1987_1988"", ""1988_1989"", ""1989_1990"", ""1990_1991"", ""1991_1992"", ""1992_1993"", ""1993_1994"", ""1994_1995"", ""1995_1996"", ""1996_1997"", ""1997_1998"", ""1998_1999"", ""1999_2000"", ""2000_2001""], ""val"": [""2001_2002"", ""2002_2003"", ""2003_2004"", ""2004_2005"", ""2005_2006"", ""2006_2007"", ""2007_2008""]}",22,7,7,True,mse,0.05,0.01,/home/exouser/media/share/PACT/FormalRuns_0925/single_tail_episodepeak_4x4/NCEP_Battery_G0_T0500_EP0100__20260928_094059/config_used.sh,49b623d665cc6deb5eba6f88be32ed269618615ad8deab91ce4ed49db1631872,0,300,training_and_final_reporting_complete,/home/exouser/media/share/PACT/FormalRuns_0925/single_tail_episodepeak_4x4/NCEP_Battery_G0_T0500_EP0100__20260928_094059/metrics_perceiver3_mse_42a98efbca_NCEP_Battery_G0_T0500_EP0100_20260928_09.jsonl,f13222a4ef24348fc2c1ba5bce2f32aaf5e0441baa4bc802e6e65df6a07e937d,,
Battery,past_only,AWI,/home/exouser/media/share/PACT/FormalRuns_0925/CMIP6_Battery_QuickCheck_0929/past_only/CMIP6_AWI_Battery_past_only_G0_T0500_EP0100__20261003_051753/best_overall.pt,c62c329f79dead1ab96be3de0b0a7ac8c3540e1ea7f8eef9f1887bc6ed6dfbf2,296,perceiver3,GraphSAGE,Transformer,single,4,24,G0_T0500_EP0100,zscore,source_checkpoint_train,"{""x_center"": [-0.6418272852897644, -0.6633937954902649, 2.3463697651493476e-09, -69.84375, 27.58430290222168], ""x_scale"": [5.776857376098633, 4.475162506103516, 2917.366455078125, 17.31839370727539, 15.923507690429688], ""y_mean"": [-0.018805334344506264, -0.01916586607694626, -0.019951701164245605, -0.0203690305352211, -0.020283298566937447, -0.01961258053779602], ""y_std"": [0.2353879064321518, 0.23487749695777893, 0.23447290062904358, 0.23537836968898773, 0.23623330891132355, 0.23616749048233032]}",0.3308169767260551,0.3308169767260551,95.0,train_hourly_q95_v1,"{""event_prior"": 0.07130973986690865, ""exceedance_percentile"": 95.0, ""fitted_on"": ""train"", ""metric_schema"": ""hourly_q95_v1"", ""quantile_method"": ""linear"", ""tau_normalized"": [1.485302776892391, 1.490065448312886, 1.495988137431912, 1.4920062864115697, 1.4862437346834412, 1.4838179317066915], ""tau_physical"": 0.3308169767260551, ""threshold_schema"": ""train_hourly_q95_v1"", ""train_episode_count"": 395, ""train_event_window_count"": 943, ""train_event_window_rate"": 0.07130973986690865, ""train_extreme_hour_count"": 3968, ""train_extreme_hour_rate"": 0.05001008267795927, ""train_target_hour_count"": 79344, ""train_windows"": 13224}",source_checkpoint_train,./Data/Grid4_New_PastOnly/CMIP6_AWI/graphs,"{""test"": [""2008_2009"", ""2009_2010"", ""2010_2011"", ""2011_2012"", ""2012_2013"", ""2013_2014"", ""2014_2015""], ""train"": [""1979_1980"", ""1980_1981"", ""1981_1982"", ""1982_1983"", ""1983_1984"", ""1984_1985"", ""1985_1986"", ""1986_1987"", ""1987_1988"", ""1988_1989"", ""1989_1990"", ""1990_1991"", ""1991_1992"", ""1992_1993"", ""1993_1994"", ""1994_1995"", ""1995_1996"", ""1996_1997"", ""1997_1998"", ""1998_1999"", ""1999_2000"", ""2000_2001""], ""val"": [""2001_2002"", ""2002_2003"", ""2003_2004"", ""2004_2005"", ""2005_2006"", ""2006_2007"", ""2007_2008""]}",22,7,7,True,mse,0.05,0.01,/home/exouser/media/share/PACT/FormalRuns_0925/CMIP6_Battery_QuickCheck_0929/past_only/CMIP6_AWI_Battery_past_only_G0_T0500_EP0100__20261003_051753/config_used.sh,5d732830e5bbe35a125114e5b18153885c496fcdb70db84260d4443b904e15af,0,300,training_and_final_reporting_complete,/home/exouser/media/share/PACT/FormalRuns_0925/CMIP6_Battery_QuickCheck_0929/past_only/CMIP6_AWI_Battery_past_only_G0_T0500_EP0100__20261003_051753/metrics_perceiver3_mse_b2a6850a8a_CMIP6_AWI_Battery_past_only_G0_T0500_EP0.jsonl,549c630df89b26252bec2f9e18d6292dc9121f2f6ff352f36f3749070bdce0d4,,
Battery,past_only,CNRM,/home/exouser/media/share/PACT/FormalRuns_0925/CMIP6_Battery_QuickCheck_0929/past_only/CMIP6_CNRM_Battery_past_only_G0_T0500_EP0100__20261003_051753/best_overall.pt,8512e667b8ecd26da844e01ca60a6e3cce1bb46c493433cfb3d1a2b81c24d92d,294,perceiver3,GraphSAGE,Transformer,single,4,24,G0_T0500_EP0100,zscore,source_checkpoint_train,"{""x_center"": [-0.699573278427124, -0.6817242503166199, -1.9690036268116273e-08, -70.3125, 27.314926147460938], ""x_scale"": [5.801293849945068, 4.777507305145264, 2916.754150390625, 17.45110321044922, 15.76507568359375], ""y_mean"": [0.05721891298890114, 0.05574491620063782, 0.053742505609989166, 0.053472794592380524, 0.05487695708870888, 0.05673082917928696], ""y_std"": [0.22640308737754822, 0.22612427175045013, 0.22544513642787933, 0.2254265546798706, 0.22594338655471802, 0.2262517660856247]}",0.410483196377754,0.410483196377754,95.0,train_hourly_q95_v1,"{""event_prior"": 0.07123411978221415, ""exceedance_percentile"": 95.0, ""fitted_on"": ""train"", ""metric_schema"": ""hourly_q95_v1"", ""quantile_method"": ""linear"", ""tau_normalized"": [1.5603333306128984, 1.5687757772796895, 1.5823836185611722, 1.5837105007099352, 1.5738731932431484, 1.5635341695613103], ""tau_physical"": 0.410483196377754, ""threshold_schema"": ""train_hourly_q95_v1"", ""train_episode_count"": 387, ""train_event_window_count"": 942, ""train_event_window_rate"": 0.07123411978221415, ""train_extreme_hour_count"": 3968, ""train_extreme_hour_rate"": 0.05001008267795927, ""train_target_hour_count"": 79344, ""train_windows"": 13224}",source_checkpoint_train,./Data/Grid4_New_PastOnly/CMIP6_CNRM/graphs,"{""test"": [""2008_2009"", ""2009_2010"", ""2010_2011"", ""2011_2012"", ""2012_2013"", ""2013_2014"", ""2014_2015""], ""train"": [""1979_1980"", ""1980_1981"", ""1981_1982"", ""1982_1983"", ""1983_1984"", ""1984_1985"", ""1985_1986"", ""1986_1987"", ""1987_1988"", ""1988_1989"", ""1989_1990"", ""1990_1991"", ""1991_1992"", ""1992_1993"", ""1993_1994"", ""1994_1995"", ""1995_1996"", ""1996_1997"", ""1997_1998"", ""1998_1999"", ""1999_2000"", ""2000_2001""], ""val"": [""2001_2002"", ""2002_2003"", ""2003_2004"", ""2004_2005"", ""2005_2006"", ""2006_2007"", ""2007_2008""]}",22,7,7,True,mse,0.05,0.01,/home/exouser/media/share/PACT/FormalRuns_0925/CMIP6_Battery_QuickCheck_0929/past_only/CMIP6_CNRM_Battery_past_only_G0_T0500_EP0100__20261003_051753/config_used.sh,6eea53e267f1ddd328e3ab10a23866546bb0815c897f9eb26d25bb5fe325c3bd,0,300,training_and_final_reporting_complete,/home/exouser/media/share/PACT/FormalRuns_0925/CMIP6_Battery_QuickCheck_0929/past_only/CMIP6_CNRM_Battery_past_only_G0_T0500_EP0100__20261003_051753/metrics_perceiver3_mse_a4815aad06_CMIP6_CNRM_Battery_past_only_G0_T0500_EP.jsonl,5e9c3822e8ba5dedcf9f26a69a7b4cc986b2b60b8d9f8ced3948d41d5aa19fad,,
Battery,past_only,EC_EARTH,/home/exouser/media/share/PACT/FormalRuns_0925/CMIP6_Battery_QuickCheck_0929/past_only/CMIP6_EC_EARTH_Battery_past_only_G0_T0500_EP0100__20261003_051753/best_overall.pt,7fdb351836eb121a13f3e7958aef128909e7b06f0df4a809bf8ec21302ea7cdf,278,perceiver3,GraphSAGE,Transformer,single,4,24,G0_T0500_EP0100,zscore,source_checkpoint_train,"{""x_center"": [-1.2362897396087646, -0.6316035985946655, -3.012748095443385e-08, -69.9609375, 27.368358612060547], ""x_scale"": [5.73271369934082, 4.711902141571045, 2990.0810546875, 17.45464324951172, 15.799824714660645], ""y_mean"": [-0.021266097202897072, -0.017733145505189896, -0.021787794306874275, -0.029416954144835472, -0.03283774107694626, -0.029031619429588318], ""y_std"": [0.2458498775959015, 0.24527522921562195, 0.2447185516357422, 0.2443556934595108, 0.24506120383739471, 0.24584315717220306]}",0.35558392703533126,0.35558392703533126,95.0,train_hourly_q95_v1,"{""event_prior"": 0.07327586206896551, ""exceedance_percentile"": 95.0, ""fitted_on"": ""train"", ""metric_schema"": ""hourly_q95_v1"", ""quantile_method"": ""linear"", ""tau_normalized"": [1.5328460925965932, 1.5220333244998718, 1.542064215482586, 1.5755756525638742, 1.5849986127139353, 1.5644752975390408], ""tau_physical"": 0.35558392703533126, ""threshold_schema"": ""train_hourly_q95_v1"", ""train_episode_count"": 418, ""train_event_window_count"": 969, ""train_event_window_rate"": 0.07327586206896551, ""train_extreme_hour_count"": 3968, ""train_extreme_hour_rate"": 0.05001008267795927, ""train_target_hour_count"": 79344, ""train_windows"": 13224}",source_checkpoint_train,./Data/Grid4_New_PastOnly/CMIP6_EC_EARTH/graphs,"{""test"": [""2008_2009"", ""2009_2010"", ""2010_2011"", ""2011_2012"", ""2012_2013"", ""2013_2014"", ""2014_2015""], ""train"": [""1979_1980"", ""1980_1981"", ""1981_1982"", ""1982_1983"", ""1983_1984"", ""1984_1985"", ""1985_1986"", ""1986_1987"", ""1987_1988"", ""1988_1989"", ""1989_1990"", ""1990_1991"", ""1991_1992"", ""1992_1993"", ""1993_1994"", ""1994_1995"", ""1995_1996"", ""1996_1997"", ""1997_1998"", ""1998_1999"", ""1999_2000"", ""2000_2001""], ""val"": [""2001_2002"", ""2002_2003"", ""2003_2004"", ""2004_2005"", ""2005_2006"", ""2006_2007"", ""2007_2008""]}",22,7,7,True,mse,0.05,0.01,/home/exouser/media/share/PACT/FormalRuns_0925/CMIP6_Battery_QuickCheck_0929/past_only/CMIP6_EC_EARTH_Battery_past_only_G0_T0500_EP0100__20261003_051753/config_used.sh,fae5f1310b4d19e62e915e58ce861d850b73c334b908f2365b9c5804b484ed0c,0,300,training_and_final_reporting_complete,/home/exouser/media/share/PACT/FormalRuns_0925/CMIP6_Battery_QuickCheck_0929/past_only/CMIP6_EC_EARTH_Battery_past_only_G0_T0500_EP0100__20261003_051753/metrics_perceiver3_mse_560415197d_CMIP6_EC_EARTH_Battery_past_only_G0_T050.jsonl,fb5f8102949b30dae303c9fee6d6fd5797e712cf1865a428947a62d19d16fce2,,
Battery,past_only,MPI,/home/exouser/media/share/PACT/FormalRuns_0925/CMIP6_Battery_QuickCheck_0929/past_only/CMIP6_MPI_Battery_past_only_G0_T0500_EP0100__20261003_051753/best_overall.pt,ecf3f1a3058541cf8e8b248f1df777b07a9ce3eebde94ebaecfa895e41d136ba,297,perceiver3,GraphSAGE,Transformer,single,4,24,G0_T0500_EP0100,zscore,source_checkpoint_train,"{""x_center"": [-0.47539040446281433, -0.7772177457809448, -5.1049429572458394e-08, -69.84375, 27.58430290222168], ""x_scale"": [5.757879257202148, 4.600354194641113, 2893.763916015625, 17.31839370727539, 15.923507690429688], ""y_mean"": [-0.03948288410902023, -0.03928779065608978, -0.0397673062980175, -0.04039321839809418, -0.04031451418995857, -0.03995120897889137], ""y_std"": [0.24928882718086243, 0.24949565529823303, 0.2488352358341217, 0.2484700083732605, 0.2485123872756958, 0.24874284863471985]}",0.34096848070621477,0.34096848070621477,95.0,train_hourly_q95_v1,"{""event_prior"": 0.0691167574107683, ""exceedance_percentile"": 95.0, ""fitted_on"": ""train"", ""metric_schema"": ""hourly_q95_v1"", ""quantile_method"": ""linear"", ""tau_normalized"": [1.5261468759657342, 1.524099772029167, 1.5300718394160142, 1.5348399656002498, 1.5342615274673768, 1.5313794618654089], ""tau_physical"": 0.34096848070621477, ""threshold_schema"": ""train_hourly_q95_v1"", ""train_episode_count"": 354, ""train_event_window_count"": 914, ""train_event_window_rate"": 0.0691167574107683, ""train_extreme_hour_count"": 3968, ""train_extreme_hour_rate"": 0.05001008267795927, ""train_target_hour_count"": 79344, ""train_windows"": 13224}",source_checkpoint_train,./Data/Grid4_New_PastOnly/CMIP6_MPI/graphs,"{""test"": [""2008_2009"", ""2009_2010"", ""2010_2011"", ""2011_2012"", ""2012_2013"", ""2013_2014"", ""2014_2015""], ""train"": [""1979_1980"", ""1980_1981"", ""1981_1982"", ""1982_1983"", ""1983_1984"", ""1984_1985"", ""1985_1986"", ""1986_1987"", ""1987_1988"", ""1988_1989"", ""1989_1990"", ""1990_1991"", ""1991_1992"", ""1992_1993"", ""1993_1994"", ""1994_1995"", ""1995_1996"", ""1996_1997"", ""1997_1998"", ""1998_1999"", ""1999_2000"", ""2000_2001""], ""val"": [""2001_2002"", ""2002_2003"", ""2003_2004"", ""2004_2005"", ""2005_2006"", ""2006_2007"", ""2007_2008""]}",22,7,7,True,mse,0.05,0.01,/home/exouser/media/share/PACT/FormalRuns_0925/CMIP6_Battery_QuickCheck_0929/past_only/CMIP6_MPI_Battery_past_only_G0_T0500_EP0100__20261003_051753/config_used.sh,be8d7547a084f703e9c07f66a69c0e60e59357ed3ef553a068afe0b029c2e09b,0,300,training_and_final_reporting_complete,/home/exouser/media/share/PACT/FormalRuns_0925/CMIP6_Battery_QuickCheck_0929/past_only/CMIP6_MPI_Battery_past_only_G0_T0500_EP0100__20261003_051753/metrics_perceiver3_mse_e2d6386e70_CMIP6_MPI_Battery_past_only_G0_T0500_EP0.jsonl,52f7de094c8998cf77ec0bf7374e1bca7cb981f45bf55988f234f7f7a81d9af2,,
Battery,past_only,MRI,/home/exouser/media/share/PACT/FormalRuns_0925/CMIP6_Battery_QuickCheck_0929/past_only/CMIP6_MRI_Battery_past_only_G0_T0500_EP0100__20261005_152955/best_overall.pt,42e2f353ac2df239d7cc5b6175f0b9b7a6ef912b25e164358b87e37e36c363b9,283,perceiver3,GraphSAGE,Transformer,single,4,24,G0_T0500_EP0100,zscore,source_checkpoint_train,"{""x_center"": [-0.6927033066749573, -0.8089996576309204, -1.2691975470602301e-08, -69.75, 27.47647476196289], ""x_scale"": [5.761787414550781, 4.779292106628418, 2767.663330078125, 17.209190368652344, 15.860231399536133], ""y_mean"": [0.01021484099328518, 0.008645908907055855, 0.0071785044856369495, 0.006999708712100983, 0.008301886729896069, 0.010166101157665253], ""y_std"": [0.27501580119132996, 0.2744198739528656, 0.27374157309532166, 0.27393683791160583, 0.27474069595336914, 0.27507659792900085]}",0.44648540318012153,0.44648540318012153,95.0,train_hourly_q95_v1,"{""event_prior"": 0.06964609800362977, ""exceedance_percentile"": 95.0, ""fitted_on"": ""train"", ""metric_schema"": ""hourly_q95_v1"", ""quantile_method"": ""linear"", ""tau_normalized"": [1.586347258219249, 1.5955094212610457, 1.6048234607810563, 1.6043322169391259, 1.594898473011792, 1.5861738341517269], ""tau_physical"": 0.44648540318012153, ""threshold_schema"": ""train_hourly_q95_v1"", ""train_episode_count"": 344, ""train_event_window_count"": 921, ""train_event_window_rate"": 0.06964609800362977, ""train_extreme_hour_count"": 3968, ""train_extreme_hour_rate"": 0.05001008267795927, ""train_target_hour_count"": 79344, ""train_windows"": 13224}",source_checkpoint_train,./Data/Grid4_New_PastOnly/CMIP6_MRI/graphs,"{""test"": [""2008_2009"", ""2009_2010"", ""2010_2011"", ""2011_2012"", ""2012_2013"", ""2013_2014"", ""2014_2015""], ""train"": [""1979_1980"", ""1980_1981"", ""1981_1982"", ""1982_1983"", ""1983_1984"", ""1984_1985"", ""1985_1986"", ""1986_1987"", ""1987_1988"", ""1988_1989"", ""1989_1990"", ""1990_1991"", ""1991_1992"", ""1992_1993"", ""1993_1994"", ""1994_1995"", ""1995_1996"", ""1996_1997"", ""1997_1998"", ""1998_1999"", ""1999_2000"", ""2000_2001""], ""val"": [""2001_2002"", ""2002_2003"", ""2003_2004"", ""2004_2005"", ""2005_2006"", ""2006_2007"", ""2007_2008""]}",22,7,7,True,mse,0.05,0.01,/home/exouser/media/share/PACT/FormalRuns_0925/CMIP6_Battery_QuickCheck_0929/past_only/CMIP6_MRI_Battery_past_only_G0_T0500_EP0100__20261005_152955/config_used.sh,9bb9bab53b43fd1b85e9b8f30d2f54c4fba9ca48bf1a1344bf642efce7de0751,0,300,training_and_final_reporting_complete,/home/exouser/media/share/PACT/FormalRuns_0925/CMIP6_Battery_QuickCheck_0929/past_only/CMIP6_MRI_Battery_past_only_G0_T0500_EP0100__20261005_152955/metrics_perceiver3_mse_328609e11a_CMIP6_MRI_Battery_past_only_G0_T0500_EP0.jsonl,00931ee56104531408affd4181fa88dcc35dd6e2e5dcc556a60d4aa9ec76e324,,
Battery,future_year,NCEP,/home/exouser/media/share/PACT/FormalRuns_0925/NCEP_future_transfer/NCEP_Battery_future_transfer_G0_T0500_EP0100__20261005_235201/best_overall.pt,e286e99587b1110463338d3d41d38d3c05ea0ab569c54b985e0901fd34beb71f,267,perceiver3,GraphSAGE,Transformer,single,4,24,G0_T0500_EP0100,zscore,source_checkpoint_train,"{""x_center"": [-0.8911876678466797, -0.6135436296463013, 3.842243501139819e-08, -80.625, 24.76150131225586], ""x_scale"": [4.66081428527832, 3.996413469314575, 4137.4169921875, 14.604151725769043, 14.285452842712402], ""y_mean"": [0.06849699467420578, 0.06917338073253632, 0.06802619993686676, 0.06635797023773193, 0.0655728206038475, 0.06662924587726593], ""y_std"": [0.19542117416858673, 0.19624997675418854, 0.20004957914352417, 0.2028559446334839, 0.20253418385982513, 0.1986803412437439]}",0.3743858546018599,0.3743858546018599,95.0,train_hourly_q95_v1,"{""event_prior"": 0.0719276841171251, ""exceedance_percentile"": 95.0, ""fitted_on"": ""train"", ""metric_schema"": ""hourly_q95_v1"", ""quantile_method"": ""linear"", ""tau_normalized"": [1.56528002264365, 1.5552229810025162, 1.531418641201927, 1.518456286408893, 1.5247452460259419, 1.5490038259348153], ""tau_physical"": 0.3743858546018599, ""threshold_schema"": ""train_hourly_q95_v1"", ""train_episode_count"": 628, ""train_event_window_count"": 1297, ""train_event_window_rate"": 0.0719276841171251, ""train_extreme_hour_count"": 5410, ""train_extreme_hour_rate"": 0.05000369713102632, ""train_target_hour_count"": 108192, ""train_windows"": 18032}",source_checkpoint_train,./Data/Grid4_New/NCEP/graphs,"{""test"": [], ""train"": [""1979_1980"", ""1980_1981"", ""1981_1982"", ""1982_1983"", ""1983_1984"", ""1984_1985"", ""1985_1986"", ""1986_1987"", ""1987_1988"", ""1988_1989"", ""1989_1990"", ""1990_1991"", ""1991_1992"", ""1992_1993"", ""1993_1994"", ""1994_1995"", ""1995_1996"", ""1996_1997"", ""1997_1998"", ""1998_1999"", ""1999_2000"", ""2000_2001"", ""2001_2002"", ""2002_2003"", ""2003_2004"", ""2004_2005"", ""2005_2006"", ""2006_2007"", ""2007_2008"", ""2008_2009""], ""val"": [""2009_2010"", ""2010_2011"", ""2011_2012"", ""2012_2013"", ""2013_2014"", ""2014_2015""]}",30,6,0,True,mse,0.05,0.01,/home/exouser/media/share/PACT/FormalRuns_0925/NCEP_future_transfer/NCEP_Battery_future_transfer_G0_T0500_EP0100__20261005_235201/config_used.sh,ef2e7221b22aa5b7ec2405b6f0e167dab4f559f5e98fbe8672990721838ccf00,0,300,training_and_final_reporting_complete,/home/exouser/media/share/PACT/FormalRuns_0925/NCEP_future_transfer/NCEP_Battery_future_transfer_G0_T0500_EP0100__20261005_235201/metrics_perceiver3_mse_22f395c045_NCEP_Battery_future_transfer_G0_T0500_EP.jsonl,da43d05b4689138a30b791b2fe74261129a75338ba51725c1e44bd956d6e1dcd,,
Battery,future_year,AWI,/home/exouser/media/share/PACT/FormalRuns_0925/CMIP6_Battery_QuickCheck_0929/future_year/CMIP6_AWI_Battery_future_year_G0_T0500_EP0100__20261003_051753/best_overall.pt,373740292c9831507dd856c81ecce490da361c33d6b2967534969efd050e7650,272,perceiver3,GraphSAGE,Transformer,single,4,24,G0_T0500_EP0100,zscore,source_checkpoint_train,"{""x_center"": [-0.6470205187797546, -0.6322954893112183, -1.471597732560781e-09, -69.84375, 27.58430290222168], ""x_scale"": [5.7832536697387695, 4.475707054138184, 2920.065185546875, 17.31839370727539, 15.923507690429688], ""y_mean"": [-0.021017087623476982, -0.02124102972447872, -0.021933358162641525, -0.022378703579306602, -0.022361882030963898, -0.021758176386356354], ""y_std"": [0.23350907862186432, 0.23331281542778015, 0.23297053575515747, 0.23364318907260895, 0.23425845801830292, 0.23404760658740997]}",0.32809258401393887,0.32809258401393887,95.0,train_hourly_q95_v1,"{""event_prior"": 0.07115128660159716, ""exceedance_percentile"": 95.0, ""fitted_on"": ""train"", ""metric_schema"": ""hourly_q95_v1"", ""quantile_method"": ""linear"", ""tau_normalized"": [1.495058237982904, 1.4972757201438454, 1.5024472560102766, 1.5000278372519988, 1.4960162762512563, 1.4947846102824218], ""tau_physical"": 0.32809258401393887, ""threshold_schema"": ""train_hourly_q95_v1"", ""train_episode_count"": 528, ""train_event_window_count"": 1283, ""train_event_window_rate"": 0.07115128660159716, ""train_extreme_hour_count"": 5410, ""train_extreme_hour_rate"": 0.05000369713102632, ""train_target_hour_count"": 108192, ""train_windows"": 18032}",source_checkpoint_train,./Data/Grid4_New/CMIP6_AWI/graphs,"{""test"": [""2070_2071"", ""2071_2072"", ""2072_2073"", ""2073_2074"", ""2074_2075"", ""2075_2076"", ""2076_2077"", ""2077_2078"", ""2078_2079"", ""2079_2080"", ""2080_2081"", ""2081_2082"", ""2082_2083"", ""2083_2084"", ""2084_2085"", ""2085_2086"", ""2086_2087"", ""2087_2088"", ""2088_2089"", ""2089_2090"", ""2090_2091"", ""2091_2092"", ""2092_2093"", ""2093_2094"", ""2094_2095"", ""2095_2096"", ""2096_2097"", ""2097_2098"", ""2098_2099"", ""2099_2100""], ""train"": [""1979_1980"", ""1980_1981"", ""1981_1982"", ""1982_1983"", ""1983_1984"", ""1984_1985"", ""1985_1986"", ""1986_1987"", ""1987_1988"", ""1988_1989"", ""1989_1990"", ""1990_1991"", ""1991_1992"", ""1992_1993"", ""1993_1994"", ""1994_1995"", ""1995_1996"", ""1996_1997"", ""1997_1998"", ""1998_1999"", ""1999_2000"", ""2000_2001"", ""2001_2002"", ""2002_2003"", ""2003_2004"", ""2004_2005"", ""2005_2006"", ""2006_2007"", ""2007_2008"", ""2008_2009""], ""val"": [""2009_2010"", ""2010_2011"", ""2011_2012"", ""2012_2013"", ""2013_2014"", ""2014_2015""]}",30,6,30,True,mse,0.05,0.01,/home/exouser/media/share/PACT/FormalRuns_0925/CMIP6_Battery_QuickCheck_0929/future_year/CMIP6_AWI_Battery_future_year_G0_T0500_EP0100__20261003_051753/config_used.sh,5c521bfde19a284faa2210761287b142e1ffa196f020c10ba5d5a5c8c5c89557,0,300,training_and_final_reporting_complete,/home/exouser/media/share/PACT/FormalRuns_0925/CMIP6_Battery_QuickCheck_0929/future_year/CMIP6_AWI_Battery_future_year_G0_T0500_EP0100__20261003_051753/metrics_perceiver3_mse_6d316cf0a1_CMIP6_AWI_Battery_future_year_G0_T0500_E.jsonl,0f02655787bed5921da06201fef4150d36cb0abb065371e922cc5ddce9d2d54b,,
Battery,future_year,CNRM,/home/exouser/media/share/PACT/FormalRuns_0925/CMIP6_Battery_QuickCheck_0929/future_year/CMIP6_CNRM_Battery_future_year_G0_T0500_EP0100__20261003_051753/best_overall.pt,05a5eaf9486ea0091a3f95d08b6f88c085e0caf7bd41b47dcdbf56cc5f27a6ff,268,perceiver3,GraphSAGE,Transformer,single,4,24,G0_T0500_EP0100,zscore,source_checkpoint_train,"{""x_center"": [-0.6751716732978821, -0.6830527186393738, -2.8107822735989885e-09, -70.3125, 27.314926147460938], ""x_scale"": [5.777656078338623, 4.775454998016357, 2913.492919921875, 17.45110321044922, 15.76507568359375], ""y_mean"": [0.05765156075358391, 0.05643165484070778, 0.05471281334757805, 0.05450338125228882, 0.05564237758517265, 0.05718504637479782], ""y_std"": [0.22267884016036987, 0.22236205637454987, 0.2216726690530777, 0.2216750830411911, 0.22220049798488617, 0.2224578857421875]}",0.40711598694324486,0.40711598694324486,95.0,train_hourly_q95_v1,"{""event_prior"": 0.07126220053238687, ""exceedance_percentile"": 95.0, ""fitted_on"": ""train"", ""metric_schema"": ""hourly_q95_v1"", ""quantile_method"": ""linear"", ""tau_normalized"": [1.5693652164614387, 1.5770871065872827, 1.589745705237513, 1.5906731638640437, 1.58178587602436, 1.5730210659917514], ""tau_physical"": 0.40711598694324486, ""threshold_schema"": ""train_hourly_q95_v1"", ""train_episode_count"": 524, ""train_event_window_count"": 1285, ""train_event_window_rate"": 0.07126220053238687, ""train_extreme_hour_count"": 5410, ""train_extreme_hour_rate"": 0.05000369713102632, ""train_target_hour_count"": 108192, ""train_windows"": 18032}",source_checkpoint_train,./Data/Grid4_New/CMIP6_CNRM/graphs,"{""test"": [""2070_2071"", ""2071_2072"", ""2072_2073"", ""2073_2074"", ""2074_2075"", ""2075_2076"", ""2076_2077"", ""2077_2078"", ""2078_2079"", ""2079_2080"", ""2080_2081"", ""2081_2082"", ""2082_2083"", ""2083_2084"", ""2084_2085"", ""2085_2086"", ""2086_2087"", ""2087_2088"", ""2088_2089"", ""2089_2090"", ""2090_2091"", ""2091_2092"", ""2092_2093"", ""2093_2094"", ""2094_2095"", ""2095_2096"", ""2096_2097"", ""2097_2098"", ""2098_2099"", ""2099_2100""], ""train"": [""1979_1980"", ""1980_1981"", ""1981_1982"", ""1982_1983"", ""1983_1984"", ""1984_1985"", ""1985_1986"", ""1986_1987"", ""1987_1988"", ""1988_1989"", ""1989_1990"", ""1990_1991"", ""1991_1992"", ""1992_1993"", ""1993_1994"", ""1994_1995"", ""1995_1996"", ""1996_1997"", ""1997_1998"", ""1998_1999"", ""1999_2000"", ""2000_2001"", ""2001_2002"", ""2002_2003"", ""2003_2004"", ""2004_2005"", ""2005_2006"", ""2006_2007"", ""2007_2008"", ""2008_2009""], ""val"": [""2009_2010"", ""2010_2011"", ""2011_2012"", ""2012_2013"", ""2013_2014"", ""2014_2015""]}",30,6,30,True,mse,0.05,0.01,/home/exouser/media/share/PACT/FormalRuns_0925/CMIP6_Battery_QuickCheck_0929/future_year/CMIP6_CNRM_Battery_future_year_G0_T0500_EP0100__20261003_051753/config_used.sh,de03c33f4a4c738eadcaa6829dd4d08c7e3c740f2b666bfb0a64ea503773d307,0,300,training_and_final_reporting_complete,/home/exouser/media/share/PACT/FormalRuns_0925/CMIP6_Battery_QuickCheck_0929/future_year/CMIP6_CNRM_Battery_future_year_G0_T0500_EP0100__20261003_051753/metrics_perceiver3_mse_92e0bda91a_CMIP6_CNRM_Battery_future_year_G0_T0500_.jsonl,a13392787c4a8de61acf46ec57a83edbec0ac31d90a1c07f80055ac947b9011e,,
Battery,future_year,EC_EARTH,/home/exouser/media/share/PACT/FormalRuns_0925/CMIP6_Battery_QuickCheck_0929/future_year/CMIP6_EC_EARTH_Battery_future_year_G0_T0500_EP0100__20261003_051753/best_overall.pt,34ff1ed61280ef9ed5409db7174302e7f3cf255b808bc60a21afdb7d6e7e8075,282,perceiver3,GraphSAGE,Transformer,single,4,24,G0_T0500_EP0100,zscore,source_checkpoint_train,"{""x_center"": [-1.2263998985290527, -0.6537761688232422, -5.211916587199994e-08, -69.9609375, 27.368358612060547], ""x_scale"": [5.730264663696289, 4.690293312072754, 2985.295654296875, 17.45464324951172, 15.799824714660645], ""y_mean"": [-0.017622189596295357, -0.013920231722295284, -0.01783185452222824, -0.025466229766607285, -0.0291094109416008, -0.025349048897624016], ""y_std"": [0.24991662800312042, 0.2492382824420929, 0.24890746176242828, 0.24855679273605347, 0.2492121011018753, 0.2500339448451996]}",0.36642121076583845,0.36642121076583845,95.0,train_hourly_q95_v1,"{""event_prior"": 0.07203859804791482, ""exceedance_percentile"": 95.0, ""fitted_on"": ""train"", ""metric_schema"": ""hourly_q95_v1"", ""quantile_method"": ""linear"", ""tau_normalized"": [1.5366860677927308, 1.5260153406670216, 1.543758722889634, 1.5766515017298177, 1.587124461286695, 1.5668682902476074], ""tau_physical"": 0.36642121076583845, ""threshold_schema"": ""train_hourly_q95_v1"", ""train_episode_count"": 548, ""train_event_window_count"": 1299, ""train_event_window_rate"": 0.07203859804791482, ""train_extreme_hour_count"": 5410, ""train_extreme_hour_rate"": 0.05000369713102632, ""train_target_hour_count"": 108192, ""train_windows"": 18032}",source_checkpoint_train,./Data/Grid4_New/CMIP6_EC_EARTH/graphs,"{""test"": [""2070_2071"", ""2071_2072"", ""2072_2073"", ""2073_2074"", ""2074_2075"", ""2075_2076"", ""2076_2077"", ""2077_2078"", ""2078_2079"", ""2079_2080"", ""2080_2081"", ""2081_2082"", ""2082_2083"", ""2083_2084"", ""2084_2085"", ""2085_2086"", ""2086_2087"", ""2087_2088"", ""2088_2089"", ""2089_2090"", ""2090_2091"", ""2091_2092"", ""2092_2093"", ""2093_2094"", ""2094_2095"", ""2095_2096"", ""2096_2097"", ""2097_2098"", ""2098_2099"", ""2099_2100""], ""train"": [""1979_1980"", ""1980_1981"", ""1981_1982"", ""1982_1983"", ""1983_1984"", ""1984_1985"", ""1985_1986"", ""1986_1987"", ""1987_1988"", ""1988_1989"", ""1989_1990"", ""1990_1991"", ""1991_1992"", ""1992_1993"", ""1993_1994"", ""1994_1995"", ""1995_1996"", ""1996_1997"", ""1997_1998"", ""1998_1999"", ""1999_2000"", ""2000_2001"", ""2001_2002"", ""2002_2003"", ""2003_2004"", ""2004_2005"", ""2005_2006"", ""2006_2007"", ""2007_2008"", ""2008_2009""], ""val"": [""2009_2010"", ""2010_2011"", ""2011_2012"", ""2012_2013"", ""2013_2014"", ""2014_2015""]}",30,6,30,True,mse,0.05,0.01,/home/exouser/media/share/PACT/FormalRuns_0925/CMIP6_Battery_QuickCheck_0929/future_year/CMIP6_EC_EARTH_Battery_future_year_G0_T0500_EP0100__20261003_051753/config_used.sh,425cb70578d934449e94fd8047bb4787680087b20019bc0ae17ce9fea6fde43d,0,300,training_and_final_reporting_complete,/home/exouser/media/share/PACT/FormalRuns_0925/CMIP6_Battery_QuickCheck_0929/future_year/CMIP6_EC_EARTH_Battery_future_year_G0_T0500_EP0100__20261003_051753/metrics_perceiver3_mse_3e3ffe73cb_CMIP6_EC_EARTH_Battery_future_year_G0_T0.jsonl,363047d802779f3378dde24787c183824109bf9154dad12a07c844b0b2642725,,
Battery,future_year,MPI,/home/exouser/media/share/PACT/FormalRuns_0925/CMIP6_Battery_QuickCheck_0929/future_year/CMIP6_MPI_Battery_future_year_G0_T0500_EP0100__20261003_051753/best_overall.pt,cfada6ae3675b982376cbc57a1ffa936382e8e6a26b4e40429fb6a2385ec5e46,280,perceiver3,GraphSAGE,Transformer,single,4,24,G0_T0500_EP0100,zscore,source_checkpoint_train,"{""x_center"": [-0.5033907890319824, -0.7578938007354736, 4.936916653264234e-08, -69.84375, 27.58430290222168], ""x_scale"": [5.750854969024658, 4.601564884185791, 2897.41455078125, 17.31839370727539, 15.923507690429688], ""y_mean"": [-0.04040229693055153, -0.04017423838376999, -0.04075608402490616, -0.04148530587553978, -0.041526488959789276, -0.04108680412173271], ""y_std"": [0.2496330440044403, 0.2496509552001953, 0.24912743270397186, 0.2489970177412033, 0.24906659126281738, 0.2491130381822586]}",0.33684907853603363,0.33684907853603363,95.0,train_hourly_q95_v1,"{""event_prior"": 0.06926574977817214, ""exceedance_percentile"": 95.0, ""fitted_on"": ""train"", ""metric_schema"": ""hourly_q95_v1"", ""quantile_method"": ""linear"", ""tau_normalized"": [1.511223712273744, 1.5102017799910612, 1.515710889252541, 1.5194333966071745, 1.519174312288867, 1.5171260621905187], ""tau_physical"": 0.33684907853603363, ""threshold_schema"": ""train_hourly_q95_v1"", ""train_episode_count"": 490, ""train_event_window_count"": 1249, ""train_event_window_rate"": 0.06926574977817214, ""train_extreme_hour_count"": 5410, ""train_extreme_hour_rate"": 0.05000369713102632, ""train_target_hour_count"": 108192, ""train_windows"": 18032}",source_checkpoint_train,./Data/Grid4_New/CMIP6_MPI/graphs,"{""test"": [""2070_2071"", ""2071_2072"", ""2072_2073"", ""2073_2074"", ""2074_2075"", ""2075_2076"", ""2076_2077"", ""2077_2078"", ""2078_2079"", ""2079_2080"", ""2080_2081"", ""2081_2082"", ""2082_2083"", ""2083_2084"", ""2084_2085"", ""2085_2086"", ""2086_2087"", ""2087_2088"", ""2088_2089"", ""2089_2090"", ""2090_2091"", ""2091_2092"", ""2092_2093"", ""2093_2094"", ""2094_2095"", ""2095_2096"", ""2096_2097"", ""2097_2098"", ""2098_2099"", ""2099_2100""], ""train"": [""1979_1980"", ""1980_1981"", ""1981_1982"", ""1982_1983"", ""1983_1984"", ""1984_1985"", ""1985_1986"", ""1986_1987"", ""1987_1988"", ""1988_1989"", ""1989_1990"", ""1990_1991"", ""1991_1992"", ""1992_1993"", ""1993_1994"", ""1994_1995"", ""1995_1996"", ""1996_1997"", ""1997_1998"", ""1998_1999"", ""1999_2000"", ""2000_2001"", ""2001_2002"", ""2002_2003"", ""2003_2004"", ""2004_2005"", ""2005_2006"", ""2006_2007"", ""2007_2008"", ""2008_2009""], ""val"": [""2009_2010"", ""2010_2011"", ""2011_2012"", ""2012_2013"", ""2013_2014"", ""2014_2015""]}",30,6,30,True,mse,0.05,0.01,/home/exouser/media/share/PACT/FormalRuns_0925/CMIP6_Battery_QuickCheck_0929/future_year/CMIP6_MPI_Battery_future_year_G0_T0500_EP0100__20261003_051753/config_used.sh,848e5cf19a4627dd1aecb9607af65b13b4fbcb123546c9f2032e43416b729350,0,300,training_and_final_reporting_complete,/home/exouser/media/share/PACT/FormalRuns_0925/CMIP6_Battery_QuickCheck_0929/future_year/CMIP6_MPI_Battery_future_year_G0_T0500_EP0100__20261003_051753/metrics_perceiver3_mse_597d93cfe4_CMIP6_MPI_Battery_future_year_G0_T0500_E.jsonl,bb08da467e2433f1e336e1f957a60d02aa59484f0bf9127b67c07368559623a8,,
Battery,future_year,MRI,/home/exouser/media/share/PACT/FormalRuns_0925/CMIP6_Battery_QuickCheck_0929/future_year/CMIP6_MRI_Battery_future_year_G0_T0500_EP0100__20261003_051753/best_overall.pt,acbf4169728c15b867021f0a45d43ba7eef7ff2f44b167bda8ba3438709f0903,289,perceiver3,GraphSAGE,Transformer,single,4,24,G0_T0500_EP0100,zscore,source_checkpoint_train,"{""x_center"": [-0.7204825282096863, -0.780865490436554, -1.3069876292348681e-09, -69.75, 27.47647476196289], ""x_scale"": [5.770741939544678, 4.79729700088501, 2773.46875, 17.209190368652344, 15.860231399536133], ""y_mean"": [0.011178161017596722, 0.009407591074705124, 0.007894611917436123, 0.00793929398059845, 0.009442013688385487, 0.011254102922976017], ""y_std"": [0.2730405330657959, 0.27239182591438293, 0.2717619836330414, 0.27205488085746765, 0.2728610932826996, 0.2732301354408264]}",0.44057660102844237,0.44057660102844237,95.0,train_hourly_q95_v1,"{""event_prior"": 0.0708740017746229, ""exceedance_percentile"": 95.0, ""fitted_on"": ""train"", ""metric_schema"": ""hourly_q95_v1"", ""quantile_method"": ""linear"", ""tau_normalized"": [1.5726545622710582, 1.5828999585665264, 1.5921358216727406, 1.5902574718904126, 1.5800515278789746, 1.5712853101390236], ""tau_physical"": 0.44057660102844237, ""threshold_schema"": ""train_hourly_q95_v1"", ""train_episode_count"": 499, ""train_event_window_count"": 1278, ""train_event_window_rate"": 0.0708740017746229, ""train_extreme_hour_count"": 5410, ""train_extreme_hour_rate"": 0.05000369713102632, ""train_target_hour_count"": 108192, ""train_windows"": 18032}",source_checkpoint_train,./Data/Grid4_New/CMIP6_MRI/graphs,"{""test"": [""2070_2071"", ""2071_2072"", ""2072_2073"", ""2073_2074"", ""2074_2075"", ""2075_2076"", ""2076_2077"", ""2077_2078"", ""2078_2079"", ""2079_2080"", ""2080_2081"", ""2081_2082"", ""2082_2083"", ""2083_2084"", ""2084_2085"", ""2085_2086"", ""2086_2087"", ""2087_2088"", ""2088_2089"", ""2089_2090"", ""2090_2091"", ""2091_2092"", ""2092_2093"", ""2093_2094"", ""2094_2095"", ""2095_2096"", ""2096_2097"", ""2097_2098"", ""2098_2099"", ""2099_2100""], ""train"": [""1979_1980"", ""1980_1981"", ""1981_1982"", ""1982_1983"", ""1983_1984"", ""1984_1985"", ""1985_1986"", ""1986_1987"", ""1987_1988"", ""1988_1989"", ""1989_1990"", ""1990_1991"", ""1991_1992"", ""1992_1993"", ""1993_1994"", ""1994_1995"", ""1995_1996"", ""1996_1997"", ""1997_1998"", ""1998_1999"", ""1999_2000"", ""2000_2001"", ""2001_2002"", ""2002_2003"", ""2003_2004"", ""2004_2005"", ""2005_2006"", ""2006_2007"", ""2007_2008"", ""2008_2009""], ""val"": [""2009_2010"", ""2010_2011"", ""2011_2012"", ""2012_2013"", ""2013_2014"", ""2014_2015""]}",30,6,30,True,mse,0.05,0.01,/home/exouser/media/share/PACT/FormalRuns_0925/CMIP6_Battery_QuickCheck_0929/future_year/CMIP6_MRI_Battery_future_year_G0_T0500_EP0100__20261003_051753/config_used.sh,6adea6a1cd180dd1699d7132d8f6b9ea27df435d397c67fba6902e41f59ecb50,0,300,training_and_final_reporting_complete,/home/exouser/media/share/PACT/FormalRuns_0925/CMIP6_Battery_QuickCheck_0929/future_year/CMIP6_MRI_Battery_future_year_G0_T0500_EP0100__20261003_051753/metrics_perceiver3_mse_22b577e9f5_CMIP6_MRI_Battery_future_year_G0_T0500_E.jsonl,2e5d1e8f2158e976ce874fc43e1f4b22304d8299e4536d5ef35c311c3d128e32,,
