station,group,source,target,checkpoint,source_root,target_root,years,year_count,config_path,threshold_origin
Boston,past_only,NCEP,NCEP,/home/exouser/media/share/PACT/FormalRuns_0925/single_tail_episodepeak_4x4/NCEP_Boston_G0_T0500_EP0100__20260927_191110/best_overall.pt,./Data/Grid4_New/NCEP/graphs,./Data/Grid4_New/NCEP/graphs,"2008_2009,2009_2010,2010_2011,2011_2012,2012_2013,2013_2014,2014_2015",7,/home/exouser/StormSurge/configs/cross_dataset_infer_4stations/Boston/past_only/NCEP/NCEP_to_NCEP.sh,source_checkpoint_train
Boston,past_only,NCEP,AWI,/home/exouser/media/share/PACT/FormalRuns_0925/single_tail_episodepeak_4x4/NCEP_Boston_G0_T0500_EP0100__20260927_191110/best_overall.pt,./Data/Grid4_New/NCEP/graphs,./Data/Grid4_New_PastOnly/CMIP6_AWI/graphs,"2008_2009,2009_2010,2010_2011,2011_2012,2012_2013,2013_2014,2014_2015",7,/home/exouser/StormSurge/configs/cross_dataset_infer_4stations/Boston/past_only/NCEP/NCEP_to_AWI.sh,source_checkpoint_train
Boston,past_only,NCEP,CNRM,/home/exouser/media/share/PACT/FormalRuns_0925/single_tail_episodepeak_4x4/NCEP_Boston_G0_T0500_EP0100__20260927_191110/best_overall.pt,./Data/Grid4_New/NCEP/graphs,./Data/Grid4_New_PastOnly/CMIP6_CNRM/graphs,"2008_2009,2009_2010,2010_2011,2011_2012,2012_2013,2013_2014,2014_2015",7,/home/exouser/StormSurge/configs/cross_dataset_infer_4stations/Boston/past_only/NCEP/NCEP_to_CNRM.sh,source_checkpoint_train
Boston,past_only,NCEP,EC_EARTH,/home/exouser/media/share/PACT/FormalRuns_0925/single_tail_episodepeak_4x4/NCEP_Boston_G0_T0500_EP0100__20260927_191110/best_overall.pt,./Data/Grid4_New/NCEP/graphs,./Data/Grid4_New_PastOnly/CMIP6_EC_EARTH/graphs,"2008_2009,2009_2010,2010_2011,2011_2012,2012_2013,2013_2014,2014_2015",7,/home/exouser/StormSurge/configs/cross_dataset_infer_4stations/Boston/past_only/NCEP/NCEP_to_EC_EARTH.sh,source_checkpoint_train
Boston,past_only,NCEP,MPI,/home/exouser/media/share/PACT/FormalRuns_0925/single_tail_episodepeak_4x4/NCEP_Boston_G0_T0500_EP0100__20260927_191110/best_overall.pt,./Data/Grid4_New/NCEP/graphs,./Data/Grid4_New_PastOnly/CMIP6_MPI/graphs,"2008_2009,2009_2010,2010_2011,2011_2012,2012_2013,2013_2014,2014_2015",7,/home/exouser/StormSurge/configs/cross_dataset_infer_4stations/Boston/past_only/NCEP/NCEP_to_MPI.sh,source_checkpoint_train
Boston,past_only,NCEP,MRI,/home/exouser/media/share/PACT/FormalRuns_0925/single_tail_episodepeak_4x4/NCEP_Boston_G0_T0500_EP0100__20260927_191110/best_overall.pt,./Data/Grid4_New/NCEP/graphs,./Data/Grid4_New_PastOnly/CMIP6_MRI/graphs,"2008_2009,2009_2010,2010_2011,2011_2012,2012_2013,2013_2014,2014_2015",7,/home/exouser/StormSurge/configs/cross_dataset_infer_4stations/Boston/past_only/NCEP/NCEP_to_MRI.sh,source_checkpoint_train
Boston,past_only,AWI,NCEP,/home/exouser/media/share/PACT/FormalRuns_0925/CMIP6_Boston_QuickCheck_0929/past_only/CMIP6_AWI_Boston_past_only_G0_T0500_EP0100__20260929_054511/best_overall.pt,./Data/Grid4_New_PastOnly/CMIP6_AWI/graphs,./Data/Grid4_New/NCEP/graphs,"2008_2009,2009_2010,2010_2011,2011_2012,2012_2013,2013_2014,2014_2015",7,/home/exouser/StormSurge/configs/cross_dataset_infer_4stations/Boston/past_only/AWI/AWI_to_NCEP.sh,source_checkpoint_train
Boston,past_only,AWI,AWI,/home/exouser/media/share/PACT/FormalRuns_0925/CMIP6_Boston_QuickCheck_0929/past_only/CMIP6_AWI_Boston_past_only_G0_T0500_EP0100__20260929_054511/best_overall.pt,./Data/Grid4_New_PastOnly/CMIP6_AWI/graphs,./Data/Grid4_New_PastOnly/CMIP6_AWI/graphs,"2008_2009,2009_2010,2010_2011,2011_2012,2012_2013,2013_2014,2014_2015",7,/home/exouser/StormSurge/configs/cross_dataset_infer_4stations/Boston/past_only/AWI/AWI_to_AWI.sh,source_checkpoint_train
Boston,past_only,AWI,CNRM,/home/exouser/media/share/PACT/FormalRuns_0925/CMIP6_Boston_QuickCheck_0929/past_only/CMIP6_AWI_Boston_past_only_G0_T0500_EP0100__20260929_054511/best_overall.pt,./Data/Grid4_New_PastOnly/CMIP6_AWI/graphs,./Data/Grid4_New_PastOnly/CMIP6_CNRM/graphs,"2008_2009,2009_2010,2010_2011,2011_2012,2012_2013,2013_2014,2014_2015",7,/home/exouser/StormSurge/configs/cross_dataset_infer_4stations/Boston/past_only/AWI/AWI_to_CNRM.sh,source_checkpoint_train
Boston,past_only,AWI,EC_EARTH,/home/exouser/media/share/PACT/FormalRuns_0925/CMIP6_Boston_QuickCheck_0929/past_only/CMIP6_AWI_Boston_past_only_G0_T0500_EP0100__20260929_054511/best_overall.pt,./Data/Grid4_New_PastOnly/CMIP6_AWI/graphs,./Data/Grid4_New_PastOnly/CMIP6_EC_EARTH/graphs,"2008_2009,2009_2010,2010_2011,2011_2012,2012_2013,2013_2014,2014_2015",7,/home/exouser/StormSurge/configs/cross_dataset_infer_4stations/Boston/past_only/AWI/AWI_to_EC_EARTH.sh,source_checkpoint_train
Boston,past_only,AWI,MPI,/home/exouser/media/share/PACT/FormalRuns_0925/CMIP6_Boston_QuickCheck_0929/past_only/CMIP6_AWI_Boston_past_only_G0_T0500_EP0100__20260929_054511/best_overall.pt,./Data/Grid4_New_PastOnly/CMIP6_AWI/graphs,./Data/Grid4_New_PastOnly/CMIP6_MPI/graphs,"2008_2009,2009_2010,2010_2011,2011_2012,2012_2013,2013_2014,2014_2015",7,/home/exouser/StormSurge/configs/cross_dataset_infer_4stations/Boston/past_only/AWI/AWI_to_MPI.sh,source_checkpoint_train
Boston,past_only,AWI,MRI,/home/exouser/media/share/PACT/FormalRuns_0925/CMIP6_Boston_QuickCheck_0929/past_only/CMIP6_AWI_Boston_past_only_G0_T0500_EP0100__20260929_054511/best_overall.pt,./Data/Grid4_New_PastOnly/CMIP6_AWI/graphs,./Data/Grid4_New_PastOnly/CMIP6_MRI/graphs,"2008_2009,2009_2010,2010_2011,2011_2012,2012_2013,2013_2014,2014_2015",7,/home/exouser/StormSurge/configs/cross_dataset_infer_4stations/Boston/past_only/AWI/AWI_to_MRI.sh,source_checkpoint_train
Boston,past_only,CNRM,NCEP,/home/exouser/media/share/PACT/FormalRuns_0925/CMIP6_Boston_QuickCheck_0929/past_only/CMIP6_CNRM_Boston_past_only_G0_T0500_EP0100__20260929_054511/best_overall.pt,./Data/Grid4_New_PastOnly/CMIP6_CNRM/graphs,./Data/Grid4_New/NCEP/graphs,"2008_2009,2009_2010,2010_2011,2011_2012,2012_2013,2013_2014,2014_2015",7,/home/exouser/StormSurge/configs/cross_dataset_infer_4stations/Boston/past_only/CNRM/CNRM_to_NCEP.sh,source_checkpoint_train
Boston,past_only,CNRM,AWI,/home/exouser/media/share/PACT/FormalRuns_0925/CMIP6_Boston_QuickCheck_0929/past_only/CMIP6_CNRM_Boston_past_only_G0_T0500_EP0100__20260929_054511/best_overall.pt,./Data/Grid4_New_PastOnly/CMIP6_CNRM/graphs,./Data/Grid4_New_PastOnly/CMIP6_AWI/graphs,"2008_2009,2009_2010,2010_2011,2011_2012,2012_2013,2013_2014,2014_2015",7,/home/exouser/StormSurge/configs/cross_dataset_infer_4stations/Boston/past_only/CNRM/CNRM_to_AWI.sh,source_checkpoint_train
Boston,past_only,CNRM,CNRM,/home/exouser/media/share/PACT/FormalRuns_0925/CMIP6_Boston_QuickCheck_0929/past_only/CMIP6_CNRM_Boston_past_only_G0_T0500_EP0100__20260929_054511/best_overall.pt,./Data/Grid4_New_PastOnly/CMIP6_CNRM/graphs,./Data/Grid4_New_PastOnly/CMIP6_CNRM/graphs,"2008_2009,2009_2010,2010_2011,2011_2012,2012_2013,2013_2014,2014_2015",7,/home/exouser/StormSurge/configs/cross_dataset_infer_4stations/Boston/past_only/CNRM/CNRM_to_CNRM.sh,source_checkpoint_train
Boston,past_only,CNRM,EC_EARTH,/home/exouser/media/share/PACT/FormalRuns_0925/CMIP6_Boston_QuickCheck_0929/past_only/CMIP6_CNRM_Boston_past_only_G0_T0500_EP0100__20260929_054511/best_overall.pt,./Data/Grid4_New_PastOnly/CMIP6_CNRM/graphs,./Data/Grid4_New_PastOnly/CMIP6_EC_EARTH/graphs,"2008_2009,2009_2010,2010_2011,2011_2012,2012_2013,2013_2014,2014_2015",7,/home/exouser/StormSurge/configs/cross_dataset_infer_4stations/Boston/past_only/CNRM/CNRM_to_EC_EARTH.sh,source_checkpoint_train
Boston,past_only,CNRM,MPI,/home/exouser/media/share/PACT/FormalRuns_0925/CMIP6_Boston_QuickCheck_0929/past_only/CMIP6_CNRM_Boston_past_only_G0_T0500_EP0100__20260929_054511/best_overall.pt,./Data/Grid4_New_PastOnly/CMIP6_CNRM/graphs,./Data/Grid4_New_PastOnly/CMIP6_MPI/graphs,"2008_2009,2009_2010,2010_2011,2011_2012,2012_2013,2013_2014,2014_2015",7,/home/exouser/StormSurge/configs/cross_dataset_infer_4stations/Boston/past_only/CNRM/CNRM_to_MPI.sh,source_checkpoint_train
Boston,past_only,CNRM,MRI,/home/exouser/media/share/PACT/FormalRuns_0925/CMIP6_Boston_QuickCheck_0929/past_only/CMIP6_CNRM_Boston_past_only_G0_T0500_EP0100__20260929_054511/best_overall.pt,./Data/Grid4_New_PastOnly/CMIP6_CNRM/graphs,./Data/Grid4_New_PastOnly/CMIP6_MRI/graphs,"2008_2009,2009_2010,2010_2011,2011_2012,2012_2013,2013_2014,2014_2015",7,/home/exouser/StormSurge/configs/cross_dataset_infer_4stations/Boston/past_only/CNRM/CNRM_to_MRI.sh,source_checkpoint_train
Boston,past_only,EC_EARTH,NCEP,/home/exouser/media/share/PACT/FormalRuns_0925/CMIP6_Boston_QuickCheck_0929/past_only/CMIP6_EC_EARTH_Boston_past_only_G0_T0500_EP0100__20260929_054511/best_overall.pt,./Data/Grid4_New_PastOnly/CMIP6_EC_EARTH/graphs,./Data/Grid4_New/NCEP/graphs,"2008_2009,2009_2010,2010_2011,2011_2012,2012_2013,2013_2014,2014_2015",7,/home/exouser/StormSurge/configs/cross_dataset_infer_4stations/Boston/past_only/EC_EARTH/EC_EARTH_to_NCEP.sh,source_checkpoint_train
Boston,past_only,EC_EARTH,AWI,/home/exouser/media/share/PACT/FormalRuns_0925/CMIP6_Boston_QuickCheck_0929/past_only/CMIP6_EC_EARTH_Boston_past_only_G0_T0500_EP0100__20260929_054511/best_overall.pt,./Data/Grid4_New_PastOnly/CMIP6_EC_EARTH/graphs,./Data/Grid4_New_PastOnly/CMIP6_AWI/graphs,"2008_2009,2009_2010,2010_2011,2011_2012,2012_2013,2013_2014,2014_2015",7,/home/exouser/StormSurge/configs/cross_dataset_infer_4stations/Boston/past_only/EC_EARTH/EC_EARTH_to_AWI.sh,source_checkpoint_train
Boston,past_only,EC_EARTH,CNRM,/home/exouser/media/share/PACT/FormalRuns_0925/CMIP6_Boston_QuickCheck_0929/past_only/CMIP6_EC_EARTH_Boston_past_only_G0_T0500_EP0100__20260929_054511/best_overall.pt,./Data/Grid4_New_PastOnly/CMIP6_EC_EARTH/graphs,./Data/Grid4_New_PastOnly/CMIP6_CNRM/graphs,"2008_2009,2009_2010,2010_2011,2011_2012,2012_2013,2013_2014,2014_2015",7,/home/exouser/StormSurge/configs/cross_dataset_infer_4stations/Boston/past_only/EC_EARTH/EC_EARTH_to_CNRM.sh,source_checkpoint_train
Boston,past_only,EC_EARTH,EC_EARTH,/home/exouser/media/share/PACT/FormalRuns_0925/CMIP6_Boston_QuickCheck_0929/past_only/CMIP6_EC_EARTH_Boston_past_only_G0_T0500_EP0100__20260929_054511/best_overall.pt,./Data/Grid4_New_PastOnly/CMIP6_EC_EARTH/graphs,./Data/Grid4_New_PastOnly/CMIP6_EC_EARTH/graphs,"2008_2009,2009_2010,2010_2011,2011_2012,2012_2013,2013_2014,2014_2015",7,/home/exouser/StormSurge/configs/cross_dataset_infer_4stations/Boston/past_only/EC_EARTH/EC_EARTH_to_EC_EARTH.sh,source_checkpoint_train
Boston,past_only,EC_EARTH,MPI,/home/exouser/media/share/PACT/FormalRuns_0925/CMIP6_Boston_QuickCheck_0929/past_only/CMIP6_EC_EARTH_Boston_past_only_G0_T0500_EP0100__20260929_054511/best_overall.pt,./Data/Grid4_New_PastOnly/CMIP6_EC_EARTH/graphs,./Data/Grid4_New_PastOnly/CMIP6_MPI/graphs,"2008_2009,2009_2010,2010_2011,2011_2012,2012_2013,2013_2014,2014_2015",7,/home/exouser/StormSurge/configs/cross_dataset_infer_4stations/Boston/past_only/EC_EARTH/EC_EARTH_to_MPI.sh,source_checkpoint_train
Boston,past_only,EC_EARTH,MRI,/home/exouser/media/share/PACT/FormalRuns_0925/CMIP6_Boston_QuickCheck_0929/past_only/CMIP6_EC_EARTH_Boston_past_only_G0_T0500_EP0100__20260929_054511/best_overall.pt,./Data/Grid4_New_PastOnly/CMIP6_EC_EARTH/graphs,./Data/Grid4_New_PastOnly/CMIP6_MRI/graphs,"2008_2009,2009_2010,2010_2011,2011_2012,2012_2013,2013_2014,2014_2015",7,/home/exouser/StormSurge/configs/cross_dataset_infer_4stations/Boston/past_only/EC_EARTH/EC_EARTH_to_MRI.sh,source_checkpoint_train
Boston,past_only,MPI,NCEP,/home/exouser/media/share/PACT/FormalRuns_0925/CMIP6_Boston_QuickCheck_0929/past_only/CMIP6_MPI_Boston_past_only_G0_T0500_EP0100__20260929_054511/best_overall.pt,./Data/Grid4_New_PastOnly/CMIP6_MPI/graphs,./Data/Grid4_New/NCEP/graphs,"2008_2009,2009_2010,2010_2011,2011_2012,2012_2013,2013_2014,2014_2015",7,/home/exouser/StormSurge/configs/cross_dataset_infer_4stations/Boston/past_only/MPI/MPI_to_NCEP.sh,source_checkpoint_train
Boston,past_only,MPI,AWI,/home/exouser/media/share/PACT/FormalRuns_0925/CMIP6_Boston_QuickCheck_0929/past_only/CMIP6_MPI_Boston_past_only_G0_T0500_EP0100__20260929_054511/best_overall.pt,./Data/Grid4_New_PastOnly/CMIP6_MPI/graphs,./Data/Grid4_New_PastOnly/CMIP6_AWI/graphs,"2008_2009,2009_2010,2010_2011,2011_2012,2012_2013,2013_2014,2014_2015",7,/home/exouser/StormSurge/configs/cross_dataset_infer_4stations/Boston/past_only/MPI/MPI_to_AWI.sh,source_checkpoint_train
Boston,past_only,MPI,CNRM,/home/exouser/media/share/PACT/FormalRuns_0925/CMIP6_Boston_QuickCheck_0929/past_only/CMIP6_MPI_Boston_past_only_G0_T0500_EP0100__20260929_054511/best_overall.pt,./Data/Grid4_New_PastOnly/CMIP6_MPI/graphs,./Data/Grid4_New_PastOnly/CMIP6_CNRM/graphs,"2008_2009,2009_2010,2010_2011,2011_2012,2012_2013,2013_2014,2014_2015",7,/home/exouser/StormSurge/configs/cross_dataset_infer_4stations/Boston/past_only/MPI/MPI_to_CNRM.sh,source_checkpoint_train
Boston,past_only,MPI,EC_EARTH,/home/exouser/media/share/PACT/FormalRuns_0925/CMIP6_Boston_QuickCheck_0929/past_only/CMIP6_MPI_Boston_past_only_G0_T0500_EP0100__20260929_054511/best_overall.pt,./Data/Grid4_New_PastOnly/CMIP6_MPI/graphs,./Data/Grid4_New_PastOnly/CMIP6_EC_EARTH/graphs,"2008_2009,2009_2010,2010_2011,2011_2012,2012_2013,2013_2014,2014_2015",7,/home/exouser/StormSurge/configs/cross_dataset_infer_4stations/Boston/past_only/MPI/MPI_to_EC_EARTH.sh,source_checkpoint_train
Boston,past_only,MPI,MPI,/home/exouser/media/share/PACT/FormalRuns_0925/CMIP6_Boston_QuickCheck_0929/past_only/CMIP6_MPI_Boston_past_only_G0_T0500_EP0100__20260929_054511/best_overall.pt,./Data/Grid4_New_PastOnly/CMIP6_MPI/graphs,./Data/Grid4_New_PastOnly/CMIP6_MPI/graphs,"2008_2009,2009_2010,2010_2011,2011_2012,2012_2013,2013_2014,2014_2015",7,/home/exouser/StormSurge/configs/cross_dataset_infer_4stations/Boston/past_only/MPI/MPI_to_MPI.sh,source_checkpoint_train
Boston,past_only,MPI,MRI,/home/exouser/media/share/PACT/FormalRuns_0925/CMIP6_Boston_QuickCheck_0929/past_only/CMIP6_MPI_Boston_past_only_G0_T0500_EP0100__20260929_054511/best_overall.pt,./Data/Grid4_New_PastOnly/CMIP6_MPI/graphs,./Data/Grid4_New_PastOnly/CMIP6_MRI/graphs,"2008_2009,2009_2010,2010_2011,2011_2012,2012_2013,2013_2014,2014_2015",7,/home/exouser/StormSurge/configs/cross_dataset_infer_4stations/Boston/past_only/MPI/MPI_to_MRI.sh,source_checkpoint_train
Boston,past_only,MRI,NCEP,/home/exouser/media/share/PACT/FormalRuns_0925/CMIP6_Boston_QuickCheck_0929/past_only/CMIP6_MRI_Boston_past_only_G0_T0500_EP0100__20260929_054511/best_overall.pt,./Data/Grid4_New_PastOnly/CMIP6_MRI/graphs,./Data/Grid4_New/NCEP/graphs,"2008_2009,2009_2010,2010_2011,2011_2012,2012_2013,2013_2014,2014_2015",7,/home/exouser/StormSurge/configs/cross_dataset_infer_4stations/Boston/past_only/MRI/MRI_to_NCEP.sh,source_checkpoint_train
Boston,past_only,MRI,AWI,/home/exouser/media/share/PACT/FormalRuns_0925/CMIP6_Boston_QuickCheck_0929/past_only/CMIP6_MRI_Boston_past_only_G0_T0500_EP0100__20260929_054511/best_overall.pt,./Data/Grid4_New_PastOnly/CMIP6_MRI/graphs,./Data/Grid4_New_PastOnly/CMIP6_AWI/graphs,"2008_2009,2009_2010,2010_2011,2011_2012,2012_2013,2013_2014,2014_2015",7,/home/exouser/StormSurge/configs/cross_dataset_infer_4stations/Boston/past_only/MRI/MRI_to_AWI.sh,source_checkpoint_train
Boston,past_only,MRI,CNRM,/home/exouser/media/share/PACT/FormalRuns_0925/CMIP6_Boston_QuickCheck_0929/past_only/CMIP6_MRI_Boston_past_only_G0_T0500_EP0100__20260929_054511/best_overall.pt,./Data/Grid4_New_PastOnly/CMIP6_MRI/graphs,./Data/Grid4_New_PastOnly/CMIP6_CNRM/graphs,"2008_2009,2009_2010,2010_2011,2011_2012,2012_2013,2013_2014,2014_2015",7,/home/exouser/StormSurge/configs/cross_dataset_infer_4stations/Boston/past_only/MRI/MRI_to_CNRM.sh,source_checkpoint_train
Boston,past_only,MRI,EC_EARTH,/home/exouser/media/share/PACT/FormalRuns_0925/CMIP6_Boston_QuickCheck_0929/past_only/CMIP6_MRI_Boston_past_only_G0_T0500_EP0100__20260929_054511/best_overall.pt,./Data/Grid4_New_PastOnly/CMIP6_MRI/graphs,./Data/Grid4_New_PastOnly/CMIP6_EC_EARTH/graphs,"2008_2009,2009_2010,2010_2011,2011_2012,2012_2013,2013_2014,2014_2015",7,/home/exouser/StormSurge/configs/cross_dataset_infer_4stations/Boston/past_only/MRI/MRI_to_EC_EARTH.sh,source_checkpoint_train
Boston,past_only,MRI,MPI,/home/exouser/media/share/PACT/FormalRuns_0925/CMIP6_Boston_QuickCheck_0929/past_only/CMIP6_MRI_Boston_past_only_G0_T0500_EP0100__20260929_054511/best_overall.pt,./Data/Grid4_New_PastOnly/CMIP6_MRI/graphs,./Data/Grid4_New_PastOnly/CMIP6_MPI/graphs,"2008_2009,2009_2010,2010_2011,2011_2012,2012_2013,2013_2014,2014_2015",7,/home/exouser/StormSurge/configs/cross_dataset_infer_4stations/Boston/past_only/MRI/MRI_to_MPI.sh,source_checkpoint_train
Boston,past_only,MRI,MRI,/home/exouser/media/share/PACT/FormalRuns_0925/CMIP6_Boston_QuickCheck_0929/past_only/CMIP6_MRI_Boston_past_only_G0_T0500_EP0100__20260929_054511/best_overall.pt,./Data/Grid4_New_PastOnly/CMIP6_MRI/graphs,./Data/Grid4_New_PastOnly/CMIP6_MRI/graphs,"2008_2009,2009_2010,2010_2011,2011_2012,2012_2013,2013_2014,2014_2015",7,/home/exouser/StormSurge/configs/cross_dataset_infer_4stations/Boston/past_only/MRI/MRI_to_MRI.sh,source_checkpoint_train
Boston,future_year,NCEP,AWI,/home/exouser/media/share/PACT/FormalRuns_0925/NCEP_future_transfer/NCEP_Boston_future_transfer_G0_T0500_EP0100__20261001_165726/best_overall.pt,./Data/Grid4_New/NCEP/graphs,./Data/Grid4_New/CMIP6_AWI/graphs,"2070_2071,2071_2072,2072_2073,2073_2074,2074_2075,2075_2076,2076_2077,2077_2078,2078_2079,2079_2080,2080_2081,2081_2082,2082_2083,2083_2084,2084_2085,2085_2086,2086_2087,2087_2088,2088_2089,2089_2090,2090_2091,2091_2092,2092_2093,2093_2094,2094_2095,2095_2096,2096_2097,2097_2098,2098_2099,2099_2100",30,/home/exouser/StormSurge/configs/cross_dataset_infer_4stations/Boston/future_year/NCEP/NCEP_to_AWI.sh,source_checkpoint_train
Boston,future_year,NCEP,CNRM,/home/exouser/media/share/PACT/FormalRuns_0925/NCEP_future_transfer/NCEP_Boston_future_transfer_G0_T0500_EP0100__20261001_165726/best_overall.pt,./Data/Grid4_New/NCEP/graphs,./Data/Grid4_New/CMIP6_CNRM/graphs,"2070_2071,2071_2072,2072_2073,2073_2074,2074_2075,2075_2076,2076_2077,2077_2078,2078_2079,2079_2080,2080_2081,2081_2082,2082_2083,2083_2084,2084_2085,2085_2086,2086_2087,2087_2088,2088_2089,2089_2090,2090_2091,2091_2092,2092_2093,2093_2094,2094_2095,2095_2096,2096_2097,2097_2098,2098_2099,2099_2100",30,/home/exouser/StormSurge/configs/cross_dataset_infer_4stations/Boston/future_year/NCEP/NCEP_to_CNRM.sh,source_checkpoint_train
Boston,future_year,NCEP,EC_EARTH,/home/exouser/media/share/PACT/FormalRuns_0925/NCEP_future_transfer/NCEP_Boston_future_transfer_G0_T0500_EP0100__20261001_165726/best_overall.pt,./Data/Grid4_New/NCEP/graphs,./Data/Grid4_New/CMIP6_EC_EARTH/graphs,"2070_2071,2071_2072,2072_2073,2073_2074,2074_2075,2075_2076,2076_2077,2077_2078,2078_2079,2079_2080,2080_2081,2081_2082,2082_2083,2083_2084,2084_2085,2085_2086,2086_2087,2087_2088,2088_2089,2089_2090,2090_2091,2091_2092,2092_2093,2093_2094,2094_2095,2095_2096,2096_2097,2097_2098,2098_2099,2099_2100",30,/home/exouser/StormSurge/configs/cross_dataset_infer_4stations/Boston/future_year/NCEP/NCEP_to_EC_EARTH.sh,source_checkpoint_train
Boston,future_year,NCEP,MPI,/home/exouser/media/share/PACT/FormalRuns_0925/NCEP_future_transfer/NCEP_Boston_future_transfer_G0_T0500_EP0100__20261001_165726/best_overall.pt,./Data/Grid4_New/NCEP/graphs,./Data/Grid4_New/CMIP6_MPI/graphs,"2070_2071,2071_2072,2072_2073,2073_2074,2074_2075,2075_2076,2076_2077,2077_2078,2078_2079,2079_2080,2080_2081,2081_2082,2082_2083,2083_2084,2084_2085,2085_2086,2086_2087,2087_2088,2088_2089,2089_2090,2090_2091,2091_2092,2092_2093,2093_2094,2094_2095,2095_2096,2096_2097,2097_2098,2098_2099,2099_2100",30,/home/exouser/StormSurge/configs/cross_dataset_infer_4stations/Boston/future_year/NCEP/NCEP_to_MPI.sh,source_checkpoint_train
Boston,future_year,NCEP,MRI,/home/exouser/media/share/PACT/FormalRuns_0925/NCEP_future_transfer/NCEP_Boston_future_transfer_G0_T0500_EP0100__20261001_165726/best_overall.pt,./Data/Grid4_New/NCEP/graphs,./Data/Grid4_New/CMIP6_MRI/graphs,"2070_2071,2071_2072,2072_2073,2073_2074,2074_2075,2075_2076,2076_2077,2077_2078,2078_2079,2079_2080,2080_2081,2081_2082,2082_2083,2083_2084,2084_2085,2085_2086,2086_2087,2087_2088,2088_2089,2089_2090,2090_2091,2091_2092,2092_2093,2093_2094,2094_2095,2095_2096,2096_2097,2097_2098,2098_2099,2099_2100",30,/home/exouser/StormSurge/configs/cross_dataset_infer_4stations/Boston/future_year/NCEP/NCEP_to_MRI.sh,source_checkpoint_train
Boston,future_year,AWI,AWI,/home/exouser/media/share/PACT/FormalRuns_0925/CMIP6_Boston_QuickCheck_0929/future_year/CMIP6_AWI_Boston_future_year_G0_T0500_EP0100__20260929_054511/best_overall.pt,./Data/Grid4_New/CMIP6_AWI/graphs,./Data/Grid4_New/CMIP6_AWI/graphs,"2070_2071,2071_2072,2072_2073,2073_2074,2074_2075,2075_2076,2076_2077,2077_2078,2078_2079,2079_2080,2080_2081,2081_2082,2082_2083,2083_2084,2084_2085,2085_2086,2086_2087,2087_2088,2088_2089,2089_2090,2090_2091,2091_2092,2092_2093,2093_2094,2094_2095,2095_2096,2096_2097,2097_2098,2098_2099,2099_2100",30,/home/exouser/StormSurge/configs/cross_dataset_infer_4stations/Boston/future_year/AWI/AWI_to_AWI.sh,source_checkpoint_train
Boston,future_year,AWI,CNRM,/home/exouser/media/share/PACT/FormalRuns_0925/CMIP6_Boston_QuickCheck_0929/future_year/CMIP6_AWI_Boston_future_year_G0_T0500_EP0100__20260929_054511/best_overall.pt,./Data/Grid4_New/CMIP6_AWI/graphs,./Data/Grid4_New/CMIP6_CNRM/graphs,"2070_2071,2071_2072,2072_2073,2073_2074,2074_2075,2075_2076,2076_2077,2077_2078,2078_2079,2079_2080,2080_2081,2081_2082,2082_2083,2083_2084,2084_2085,2085_2086,2086_2087,2087_2088,2088_2089,2089_2090,2090_2091,2091_2092,2092_2093,2093_2094,2094_2095,2095_2096,2096_2097,2097_2098,2098_2099,2099_2100",30,/home/exouser/StormSurge/configs/cross_dataset_infer_4stations/Boston/future_year/AWI/AWI_to_CNRM.sh,source_checkpoint_train
Boston,future_year,AWI,EC_EARTH,/home/exouser/media/share/PACT/FormalRuns_0925/CMIP6_Boston_QuickCheck_0929/future_year/CMIP6_AWI_Boston_future_year_G0_T0500_EP0100__20260929_054511/best_overall.pt,./Data/Grid4_New/CMIP6_AWI/graphs,./Data/Grid4_New/CMIP6_EC_EARTH/graphs,"2070_2071,2071_2072,2072_2073,2073_2074,2074_2075,2075_2076,2076_2077,2077_2078,2078_2079,2079_2080,2080_2081,2081_2082,2082_2083,2083_2084,2084_2085,2085_2086,2086_2087,2087_2088,2088_2089,2089_2090,2090_2091,2091_2092,2092_2093,2093_2094,2094_2095,2095_2096,2096_2097,2097_2098,2098_2099,2099_2100",30,/home/exouser/StormSurge/configs/cross_dataset_infer_4stations/Boston/future_year/AWI/AWI_to_EC_EARTH.sh,source_checkpoint_train
Boston,future_year,AWI,MPI,/home/exouser/media/share/PACT/FormalRuns_0925/CMIP6_Boston_QuickCheck_0929/future_year/CMIP6_AWI_Boston_future_year_G0_T0500_EP0100__20260929_054511/best_overall.pt,./Data/Grid4_New/CMIP6_AWI/graphs,./Data/Grid4_New/CMIP6_MPI/graphs,"2070_2071,2071_2072,2072_2073,2073_2074,2074_2075,2075_2076,2076_2077,2077_2078,2078_2079,2079_2080,2080_2081,2081_2082,2082_2083,2083_2084,2084_2085,2085_2086,2086_2087,2087_2088,2088_2089,2089_2090,2090_2091,2091_2092,2092_2093,2093_2094,2094_2095,2095_2096,2096_2097,2097_2098,2098_2099,2099_2100",30,/home/exouser/StormSurge/configs/cross_dataset_infer_4stations/Boston/future_year/AWI/AWI_to_MPI.sh,source_checkpoint_train
Boston,future_year,AWI,MRI,/home/exouser/media/share/PACT/FormalRuns_0925/CMIP6_Boston_QuickCheck_0929/future_year/CMIP6_AWI_Boston_future_year_G0_T0500_EP0100__20260929_054511/best_overall.pt,./Data/Grid4_New/CMIP6_AWI/graphs,./Data/Grid4_New/CMIP6_MRI/graphs,"2070_2071,2071_2072,2072_2073,2073_2074,2074_2075,2075_2076,2076_2077,2077_2078,2078_2079,2079_2080,2080_2081,2081_2082,2082_2083,2083_2084,2084_2085,2085_2086,2086_2087,2087_2088,2088_2089,2089_2090,2090_2091,2091_2092,2092_2093,2093_2094,2094_2095,2095_2096,2096_2097,2097_2098,2098_2099,2099_2100",30,/home/exouser/StormSurge/configs/cross_dataset_infer_4stations/Boston/future_year/AWI/AWI_to_MRI.sh,source_checkpoint_train
Boston,future_year,CNRM,AWI,/home/exouser/media/share/PACT/FormalRuns_0925/CMIP6_Boston_QuickCheck_0929/future_year/CMIP6_CNRM_Boston_future_year_G0_T0500_EP0100__20260929_054511/best_overall.pt,./Data/Grid4_New/CMIP6_CNRM/graphs,./Data/Grid4_New/CMIP6_AWI/graphs,"2070_2071,2071_2072,2072_2073,2073_2074,2074_2075,2075_2076,2076_2077,2077_2078,2078_2079,2079_2080,2080_2081,2081_2082,2082_2083,2083_2084,2084_2085,2085_2086,2086_2087,2087_2088,2088_2089,2089_2090,2090_2091,2091_2092,2092_2093,2093_2094,2094_2095,2095_2096,2096_2097,2097_2098,2098_2099,2099_2100",30,/home/exouser/StormSurge/configs/cross_dataset_infer_4stations/Boston/future_year/CNRM/CNRM_to_AWI.sh,source_checkpoint_train
Boston,future_year,CNRM,CNRM,/home/exouser/media/share/PACT/FormalRuns_0925/CMIP6_Boston_QuickCheck_0929/future_year/CMIP6_CNRM_Boston_future_year_G0_T0500_EP0100__20260929_054511/best_overall.pt,./Data/Grid4_New/CMIP6_CNRM/graphs,./Data/Grid4_New/CMIP6_CNRM/graphs,"2070_2071,2071_2072,2072_2073,2073_2074,2074_2075,2075_2076,2076_2077,2077_2078,2078_2079,2079_2080,2080_2081,2081_2082,2082_2083,2083_2084,2084_2085,2085_2086,2086_2087,2087_2088,2088_2089,2089_2090,2090_2091,2091_2092,2092_2093,2093_2094,2094_2095,2095_2096,2096_2097,2097_2098,2098_2099,2099_2100",30,/home/exouser/StormSurge/configs/cross_dataset_infer_4stations/Boston/future_year/CNRM/CNRM_to_CNRM.sh,source_checkpoint_train
Boston,future_year,CNRM,EC_EARTH,/home/exouser/media/share/PACT/FormalRuns_0925/CMIP6_Boston_QuickCheck_0929/future_year/CMIP6_CNRM_Boston_future_year_G0_T0500_EP0100__20260929_054511/best_overall.pt,./Data/Grid4_New/CMIP6_CNRM/graphs,./Data/Grid4_New/CMIP6_EC_EARTH/graphs,"2070_2071,2071_2072,2072_2073,2073_2074,2074_2075,2075_2076,2076_2077,2077_2078,2078_2079,2079_2080,2080_2081,2081_2082,2082_2083,2083_2084,2084_2085,2085_2086,2086_2087,2087_2088,2088_2089,2089_2090,2090_2091,2091_2092,2092_2093,2093_2094,2094_2095,2095_2096,2096_2097,2097_2098,2098_2099,2099_2100",30,/home/exouser/StormSurge/configs/cross_dataset_infer_4stations/Boston/future_year/CNRM/CNRM_to_EC_EARTH.sh,source_checkpoint_train
Boston,future_year,CNRM,MPI,/home/exouser/media/share/PACT/FormalRuns_0925/CMIP6_Boston_QuickCheck_0929/future_year/CMIP6_CNRM_Boston_future_year_G0_T0500_EP0100__20260929_054511/best_overall.pt,./Data/Grid4_New/CMIP6_CNRM/graphs,./Data/Grid4_New/CMIP6_MPI/graphs,"2070_2071,2071_2072,2072_2073,2073_2074,2074_2075,2075_2076,2076_2077,2077_2078,2078_2079,2079_2080,2080_2081,2081_2082,2082_2083,2083_2084,2084_2085,2085_2086,2086_2087,2087_2088,2088_2089,2089_2090,2090_2091,2091_2092,2092_2093,2093_2094,2094_2095,2095_2096,2096_2097,2097_2098,2098_2099,2099_2100",30,/home/exouser/StormSurge/configs/cross_dataset_infer_4stations/Boston/future_year/CNRM/CNRM_to_MPI.sh,source_checkpoint_train
Boston,future_year,CNRM,MRI,/home/exouser/media/share/PACT/FormalRuns_0925/CMIP6_Boston_QuickCheck_0929/future_year/CMIP6_CNRM_Boston_future_year_G0_T0500_EP0100__20260929_054511/best_overall.pt,./Data/Grid4_New/CMIP6_CNRM/graphs,./Data/Grid4_New/CMIP6_MRI/graphs,"2070_2071,2071_2072,2072_2073,2073_2074,2074_2075,2075_2076,2076_2077,2077_2078,2078_2079,2079_2080,2080_2081,2081_2082,2082_2083,2083_2084,2084_2085,2085_2086,2086_2087,2087_2088,2088_2089,2089_2090,2090_2091,2091_2092,2092_2093,2093_2094,2094_2095,2095_2096,2096_2097,2097_2098,2098_2099,2099_2100",30,/home/exouser/StormSurge/configs/cross_dataset_infer_4stations/Boston/future_year/CNRM/CNRM_to_MRI.sh,source_checkpoint_train
Boston,future_year,EC_EARTH,AWI,/home/exouser/media/share/PACT/FormalRuns_0925/CMIP6_Boston_QuickCheck_0929/future_year/CMIP6_EC_EARTH_Boston_future_year_G0_T0500_EP0100__20260930_142355/best_overall.pt,./Data/Grid4_New/CMIP6_EC_EARTH/graphs,./Data/Grid4_New/CMIP6_AWI/graphs,"2070_2071,2071_2072,2072_2073,2073_2074,2074_2075,2075_2076,2076_2077,2077_2078,2078_2079,2079_2080,2080_2081,2081_2082,2082_2083,2083_2084,2084_2085,2085_2086,2086_2087,2087_2088,2088_2089,2089_2090,2090_2091,2091_2092,2092_2093,2093_2094,2094_2095,2095_2096,2096_2097,2097_2098,2098_2099,2099_2100",30,/home/exouser/StormSurge/configs/cross_dataset_infer_4stations/Boston/future_year/EC_EARTH/EC_EARTH_to_AWI.sh,source_checkpoint_train
Boston,future_year,EC_EARTH,CNRM,/home/exouser/media/share/PACT/FormalRuns_0925/CMIP6_Boston_QuickCheck_0929/future_year/CMIP6_EC_EARTH_Boston_future_year_G0_T0500_EP0100__20260930_142355/best_overall.pt,./Data/Grid4_New/CMIP6_EC_EARTH/graphs,./Data/Grid4_New/CMIP6_CNRM/graphs,"2070_2071,2071_2072,2072_2073,2073_2074,2074_2075,2075_2076,2076_2077,2077_2078,2078_2079,2079_2080,2080_2081,2081_2082,2082_2083,2083_2084,2084_2085,2085_2086,2086_2087,2087_2088,2088_2089,2089_2090,2090_2091,2091_2092,2092_2093,2093_2094,2094_2095,2095_2096,2096_2097,2097_2098,2098_2099,2099_2100",30,/home/exouser/StormSurge/configs/cross_dataset_infer_4stations/Boston/future_year/EC_EARTH/EC_EARTH_to_CNRM.sh,source_checkpoint_train
Boston,future_year,EC_EARTH,EC_EARTH,/home/exouser/media/share/PACT/FormalRuns_0925/CMIP6_Boston_QuickCheck_0929/future_year/CMIP6_EC_EARTH_Boston_future_year_G0_T0500_EP0100__20260930_142355/best_overall.pt,./Data/Grid4_New/CMIP6_EC_EARTH/graphs,./Data/Grid4_New/CMIP6_EC_EARTH/graphs,"2070_2071,2071_2072,2072_2073,2073_2074,2074_2075,2075_2076,2076_2077,2077_2078,2078_2079,2079_2080,2080_2081,2081_2082,2082_2083,2083_2084,2084_2085,2085_2086,2086_2087,2087_2088,2088_2089,2089_2090,2090_2091,2091_2092,2092_2093,2093_2094,2094_2095,2095_2096,2096_2097,2097_2098,2098_2099,2099_2100",30,/home/exouser/StormSurge/configs/cross_dataset_infer_4stations/Boston/future_year/EC_EARTH/EC_EARTH_to_EC_EARTH.sh,source_checkpoint_train
Boston,future_year,EC_EARTH,MPI,/home/exouser/media/share/PACT/FormalRuns_0925/CMIP6_Boston_QuickCheck_0929/future_year/CMIP6_EC_EARTH_Boston_future_year_G0_T0500_EP0100__20260930_142355/best_overall.pt,./Data/Grid4_New/CMIP6_EC_EARTH/graphs,./Data/Grid4_New/CMIP6_MPI/graphs,"2070_2071,2071_2072,2072_2073,2073_2074,2074_2075,2075_2076,2076_2077,2077_2078,2078_2079,2079_2080,2080_2081,2081_2082,2082_2083,2083_2084,2084_2085,2085_2086,2086_2087,2087_2088,2088_2089,2089_2090,2090_2091,2091_2092,2092_2093,2093_2094,2094_2095,2095_2096,2096_2097,2097_2098,2098_2099,2099_2100",30,/home/exouser/StormSurge/configs/cross_dataset_infer_4stations/Boston/future_year/EC_EARTH/EC_EARTH_to_MPI.sh,source_checkpoint_train
Boston,future_year,EC_EARTH,MRI,/home/exouser/media/share/PACT/FormalRuns_0925/CMIP6_Boston_QuickCheck_0929/future_year/CMIP6_EC_EARTH_Boston_future_year_G0_T0500_EP0100__20260930_142355/best_overall.pt,./Data/Grid4_New/CMIP6_EC_EARTH/graphs,./Data/Grid4_New/CMIP6_MRI/graphs,"2070_2071,2071_2072,2072_2073,2073_2074,2074_2075,2075_2076,2076_2077,2077_2078,2078_2079,2079_2080,2080_2081,2081_2082,2082_2083,2083_2084,2084_2085,2085_2086,2086_2087,2087_2088,2088_2089,2089_2090,2090_2091,2091_2092,2092_2093,2093_2094,2094_2095,2095_2096,2096_2097,2097_2098,2098_2099,2099_2100",30,/home/exouser/StormSurge/configs/cross_dataset_infer_4stations/Boston/future_year/EC_EARTH/EC_EARTH_to_MRI.sh,source_checkpoint_train
Boston,future_year,MPI,AWI,/home/exouser/media/share/PACT/FormalRuns_0925/CMIP6_Boston_QuickCheck_0929/future_year/CMIP6_MPI_Boston_future_year_G0_T0500_EP0100__20260929_054511/best_overall.pt,./Data/Grid4_New/CMIP6_MPI/graphs,./Data/Grid4_New/CMIP6_AWI/graphs,"2070_2071,2071_2072,2072_2073,2073_2074,2074_2075,2075_2076,2076_2077,2077_2078,2078_2079,2079_2080,2080_2081,2081_2082,2082_2083,2083_2084,2084_2085,2085_2086,2086_2087,2087_2088,2088_2089,2089_2090,2090_2091,2091_2092,2092_2093,2093_2094,2094_2095,2095_2096,2096_2097,2097_2098,2098_2099,2099_2100",30,/home/exouser/StormSurge/configs/cross_dataset_infer_4stations/Boston/future_year/MPI/MPI_to_AWI.sh,source_checkpoint_train
Boston,future_year,MPI,CNRM,/home/exouser/media/share/PACT/FormalRuns_0925/CMIP6_Boston_QuickCheck_0929/future_year/CMIP6_MPI_Boston_future_year_G0_T0500_EP0100__20260929_054511/best_overall.pt,./Data/Grid4_New/CMIP6_MPI/graphs,./Data/Grid4_New/CMIP6_CNRM/graphs,"2070_2071,2071_2072,2072_2073,2073_2074,2074_2075,2075_2076,2076_2077,2077_2078,2078_2079,2079_2080,2080_2081,2081_2082,2082_2083,2083_2084,2084_2085,2085_2086,2086_2087,2087_2088,2088_2089,2089_2090,2090_2091,2091_2092,2092_2093,2093_2094,2094_2095,2095_2096,2096_2097,2097_2098,2098_2099,2099_2100",30,/home/exouser/StormSurge/configs/cross_dataset_infer_4stations/Boston/future_year/MPI/MPI_to_CNRM.sh,source_checkpoint_train
Boston,future_year,MPI,EC_EARTH,/home/exouser/media/share/PACT/FormalRuns_0925/CMIP6_Boston_QuickCheck_0929/future_year/CMIP6_MPI_Boston_future_year_G0_T0500_EP0100__20260929_054511/best_overall.pt,./Data/Grid4_New/CMIP6_MPI/graphs,./Data/Grid4_New/CMIP6_EC_EARTH/graphs,"2070_2071,2071_2072,2072_2073,2073_2074,2074_2075,2075_2076,2076_2077,2077_2078,2078_2079,2079_2080,2080_2081,2081_2082,2082_2083,2083_2084,2084_2085,2085_2086,2086_2087,2087_2088,2088_2089,2089_2090,2090_2091,2091_2092,2092_2093,2093_2094,2094_2095,2095_2096,2096_2097,2097_2098,2098_2099,2099_2100",30,/home/exouser/StormSurge/configs/cross_dataset_infer_4stations/Boston/future_year/MPI/MPI_to_EC_EARTH.sh,source_checkpoint_train
Boston,future_year,MPI,MPI,/home/exouser/media/share/PACT/FormalRuns_0925/CMIP6_Boston_QuickCheck_0929/future_year/CMIP6_MPI_Boston_future_year_G0_T0500_EP0100__20260929_054511/best_overall.pt,./Data/Grid4_New/CMIP6_MPI/graphs,./Data/Grid4_New/CMIP6_MPI/graphs,"2070_2071,2071_2072,2072_2073,2073_2074,2074_2075,2075_2076,2076_2077,2077_2078,2078_2079,2079_2080,2080_2081,2081_2082,2082_2083,2083_2084,2084_2085,2085_2086,2086_2087,2087_2088,2088_2089,2089_2090,2090_2091,2091_2092,2092_2093,2093_2094,2094_2095,2095_2096,2096_2097,2097_2098,2098_2099,2099_2100",30,/home/exouser/StormSurge/configs/cross_dataset_infer_4stations/Boston/future_year/MPI/MPI_to_MPI.sh,source_checkpoint_train
Boston,future_year,MPI,MRI,/home/exouser/media/share/PACT/FormalRuns_0925/CMIP6_Boston_QuickCheck_0929/future_year/CMIP6_MPI_Boston_future_year_G0_T0500_EP0100__20260929_054511/best_overall.pt,./Data/Grid4_New/CMIP6_MPI/graphs,./Data/Grid4_New/CMIP6_MRI/graphs,"2070_2071,2071_2072,2072_2073,2073_2074,2074_2075,2075_2076,2076_2077,2077_2078,2078_2079,2079_2080,2080_2081,2081_2082,2082_2083,2083_2084,2084_2085,2085_2086,2086_2087,2087_2088,2088_2089,2089_2090,2090_2091,2091_2092,2092_2093,2093_2094,2094_2095,2095_2096,2096_2097,2097_2098,2098_2099,2099_2100",30,/home/exouser/StormSurge/configs/cross_dataset_infer_4stations/Boston/future_year/MPI/MPI_to_MRI.sh,source_checkpoint_train
Boston,future_year,MRI,AWI,/home/exouser/media/share/PACT/FormalRuns_0925/CMIP6_Boston_QuickCheck_0929/future_year/CMIP6_MRI_Boston_future_year_G0_T0500_EP0100__20260930_142355/best_overall.pt,./Data/Grid4_New/CMIP6_MRI/graphs,./Data/Grid4_New/CMIP6_AWI/graphs,"2070_2071,2071_2072,2072_2073,2073_2074,2074_2075,2075_2076,2076_2077,2077_2078,2078_2079,2079_2080,2080_2081,2081_2082,2082_2083,2083_2084,2084_2085,2085_2086,2086_2087,2087_2088,2088_2089,2089_2090,2090_2091,2091_2092,2092_2093,2093_2094,2094_2095,2095_2096,2096_2097,2097_2098,2098_2099,2099_2100",30,/home/exouser/StormSurge/configs/cross_dataset_infer_4stations/Boston/future_year/MRI/MRI_to_AWI.sh,source_checkpoint_train
Boston,future_year,MRI,CNRM,/home/exouser/media/share/PACT/FormalRuns_0925/CMIP6_Boston_QuickCheck_0929/future_year/CMIP6_MRI_Boston_future_year_G0_T0500_EP0100__20260930_142355/best_overall.pt,./Data/Grid4_New/CMIP6_MRI/graphs,./Data/Grid4_New/CMIP6_CNRM/graphs,"2070_2071,2071_2072,2072_2073,2073_2074,2074_2075,2075_2076,2076_2077,2077_2078,2078_2079,2079_2080,2080_2081,2081_2082,2082_2083,2083_2084,2084_2085,2085_2086,2086_2087,2087_2088,2088_2089,2089_2090,2090_2091,2091_2092,2092_2093,2093_2094,2094_2095,2095_2096,2096_2097,2097_2098,2098_2099,2099_2100",30,/home/exouser/StormSurge/configs/cross_dataset_infer_4stations/Boston/future_year/MRI/MRI_to_CNRM.sh,source_checkpoint_train
Boston,future_year,MRI,EC_EARTH,/home/exouser/media/share/PACT/FormalRuns_0925/CMIP6_Boston_QuickCheck_0929/future_year/CMIP6_MRI_Boston_future_year_G0_T0500_EP0100__20260930_142355/best_overall.pt,./Data/Grid4_New/CMIP6_MRI/graphs,./Data/Grid4_New/CMIP6_EC_EARTH/graphs,"2070_2071,2071_2072,2072_2073,2073_2074,2074_2075,2075_2076,2076_2077,2077_2078,2078_2079,2079_2080,2080_2081,2081_2082,2082_2083,2083_2084,2084_2085,2085_2086,2086_2087,2087_2088,2088_2089,2089_2090,2090_2091,2091_2092,2092_2093,2093_2094,2094_2095,2095_2096,2096_2097,2097_2098,2098_2099,2099_2100",30,/home/exouser/StormSurge/configs/cross_dataset_infer_4stations/Boston/future_year/MRI/MRI_to_EC_EARTH.sh,source_checkpoint_train
Boston,future_year,MRI,MPI,/home/exouser/media/share/PACT/FormalRuns_0925/CMIP6_Boston_QuickCheck_0929/future_year/CMIP6_MRI_Boston_future_year_G0_T0500_EP0100__20260930_142355/best_overall.pt,./Data/Grid4_New/CMIP6_MRI/graphs,./Data/Grid4_New/CMIP6_MPI/graphs,"2070_2071,2071_2072,2072_2073,2073_2074,2074_2075,2075_2076,2076_2077,2077_2078,2078_2079,2079_2080,2080_2081,2081_2082,2082_2083,2083_2084,2084_2085,2085_2086,2086_2087,2087_2088,2088_2089,2089_2090,2090_2091,2091_2092,2092_2093,2093_2094,2094_2095,2095_2096,2096_2097,2097_2098,2098_2099,2099_2100",30,/home/exouser/StormSurge/configs/cross_dataset_infer_4stations/Boston/future_year/MRI/MRI_to_MPI.sh,source_checkpoint_train
Boston,future_year,MRI,MRI,/home/exouser/media/share/PACT/FormalRuns_0925/CMIP6_Boston_QuickCheck_0929/future_year/CMIP6_MRI_Boston_future_year_G0_T0500_EP0100__20260930_142355/best_overall.pt,./Data/Grid4_New/CMIP6_MRI/graphs,./Data/Grid4_New/CMIP6_MRI/graphs,"2070_2071,2071_2072,2072_2073,2073_2074,2074_2075,2075_2076,2076_2077,2077_2078,2078_2079,2079_2080,2080_2081,2081_2082,2082_2083,2083_2084,2084_2085,2085_2086,2086_2087,2087_2088,2088_2089,2089_2090,2090_2091,2091_2092,2092_2093,2093_2094,2094_2095,2095_2096,2096_2097,2097_2098,2098_2099,2099_2100",30,/home/exouser/StormSurge/configs/cross_dataset_infer_4stations/Boston/future_year/MRI/MRI_to_MRI.sh,source_checkpoint_train
CBBT,past_only,NCEP,NCEP,/home/exouser/media/share/PACT/FormalRuns_0925/single_tail_episodepeak_4x4/NCEP_CBBT_G0_T0500_EP0100__20260928_023010/best_overall.pt,./Data/Grid4_New/NCEP/graphs,./Data/Grid4_New/NCEP/graphs,"2008_2009,2009_2010,2010_2011,2011_2012,2012_2013,2013_2014,2014_2015",7,/home/exouser/StormSurge/configs/cross_dataset_infer_4stations/CBBT/past_only/NCEP/NCEP_to_NCEP.sh,source_checkpoint_train
CBBT,past_only,NCEP,AWI,/home/exouser/media/share/PACT/FormalRuns_0925/single_tail_episodepeak_4x4/NCEP_CBBT_G0_T0500_EP0100__20260928_023010/best_overall.pt,./Data/Grid4_New/NCEP/graphs,./Data/Grid4_New_PastOnly/CMIP6_AWI/graphs,"2008_2009,2009_2010,2010_2011,2011_2012,2012_2013,2013_2014,2014_2015",7,/home/exouser/StormSurge/configs/cross_dataset_infer_4stations/CBBT/past_only/NCEP/NCEP_to_AWI.sh,source_checkpoint_train
CBBT,past_only,NCEP,CNRM,/home/exouser/media/share/PACT/FormalRuns_0925/single_tail_episodepeak_4x4/NCEP_CBBT_G0_T0500_EP0100__20260928_023010/best_overall.pt,./Data/Grid4_New/NCEP/graphs,./Data/Grid4_New_PastOnly/CMIP6_CNRM/graphs,"2008_2009,2009_2010,2010_2011,2011_2012,2012_2013,2013_2014,2014_2015",7,/home/exouser/StormSurge/configs/cross_dataset_infer_4stations/CBBT/past_only/NCEP/NCEP_to_CNRM.sh,source_checkpoint_train
CBBT,past_only,NCEP,EC_EARTH,/home/exouser/media/share/PACT/FormalRuns_0925/single_tail_episodepeak_4x4/NCEP_CBBT_G0_T0500_EP0100__20260928_023010/best_overall.pt,./Data/Grid4_New/NCEP/graphs,./Data/Grid4_New_PastOnly/CMIP6_EC_EARTH/graphs,"2008_2009,2009_2010,2010_2011,2011_2012,2012_2013,2013_2014,2014_2015",7,/home/exouser/StormSurge/configs/cross_dataset_infer_4stations/CBBT/past_only/NCEP/NCEP_to_EC_EARTH.sh,source_checkpoint_train
CBBT,past_only,NCEP,MPI,/home/exouser/media/share/PACT/FormalRuns_0925/single_tail_episodepeak_4x4/NCEP_CBBT_G0_T0500_EP0100__20260928_023010/best_overall.pt,./Data/Grid4_New/NCEP/graphs,./Data/Grid4_New_PastOnly/CMIP6_MPI/graphs,"2008_2009,2009_2010,2010_2011,2011_2012,2012_2013,2013_2014,2014_2015",7,/home/exouser/StormSurge/configs/cross_dataset_infer_4stations/CBBT/past_only/NCEP/NCEP_to_MPI.sh,source_checkpoint_train
CBBT,past_only,NCEP,MRI,/home/exouser/media/share/PACT/FormalRuns_0925/single_tail_episodepeak_4x4/NCEP_CBBT_G0_T0500_EP0100__20260928_023010/best_overall.pt,./Data/Grid4_New/NCEP/graphs,./Data/Grid4_New_PastOnly/CMIP6_MRI/graphs,"2008_2009,2009_2010,2010_2011,2011_2012,2012_2013,2013_2014,2014_2015",7,/home/exouser/StormSurge/configs/cross_dataset_infer_4stations/CBBT/past_only/NCEP/NCEP_to_MRI.sh,source_checkpoint_train
CBBT,past_only,AWI,NCEP,/home/exouser/media/share/PACT/FormalRuns_0925/CMIP6_CBBT_QuickCheck_0929/past_only/CMIP6_AWI_CBBT_past_only_G0_T0500_EP0100__20261003_051753/best_overall.pt,./Data/Grid4_New_PastOnly/CMIP6_AWI/graphs,./Data/Grid4_New/NCEP/graphs,"2008_2009,2009_2010,2010_2011,2011_2012,2012_2013,2013_2014,2014_2015",7,/home/exouser/StormSurge/configs/cross_dataset_infer_4stations/CBBT/past_only/AWI/AWI_to_NCEP.sh,source_checkpoint_train
CBBT,past_only,AWI,AWI,/home/exouser/media/share/PACT/FormalRuns_0925/CMIP6_CBBT_QuickCheck_0929/past_only/CMIP6_AWI_CBBT_past_only_G0_T0500_EP0100__20261003_051753/best_overall.pt,./Data/Grid4_New_PastOnly/CMIP6_AWI/graphs,./Data/Grid4_New_PastOnly/CMIP6_AWI/graphs,"2008_2009,2009_2010,2010_2011,2011_2012,2012_2013,2013_2014,2014_2015",7,/home/exouser/StormSurge/configs/cross_dataset_infer_4stations/CBBT/past_only/AWI/AWI_to_AWI.sh,source_checkpoint_train
CBBT,past_only,AWI,CNRM,/home/exouser/media/share/PACT/FormalRuns_0925/CMIP6_CBBT_QuickCheck_0929/past_only/CMIP6_AWI_CBBT_past_only_G0_T0500_EP0100__20261003_051753/best_overall.pt,./Data/Grid4_New_PastOnly/CMIP6_AWI/graphs,./Data/Grid4_New_PastOnly/CMIP6_CNRM/graphs,"2008_2009,2009_2010,2010_2011,2011_2012,2012_2013,2013_2014,2014_2015",7,/home/exouser/StormSurge/configs/cross_dataset_infer_4stations/CBBT/past_only/AWI/AWI_to_CNRM.sh,source_checkpoint_train
CBBT,past_only,AWI,EC_EARTH,/home/exouser/media/share/PACT/FormalRuns_0925/CMIP6_CBBT_QuickCheck_0929/past_only/CMIP6_AWI_CBBT_past_only_G0_T0500_EP0100__20261003_051753/best_overall.pt,./Data/Grid4_New_PastOnly/CMIP6_AWI/graphs,./Data/Grid4_New_PastOnly/CMIP6_EC_EARTH/graphs,"2008_2009,2009_2010,2010_2011,2011_2012,2012_2013,2013_2014,2014_2015",7,/home/exouser/StormSurge/configs/cross_dataset_infer_4stations/CBBT/past_only/AWI/AWI_to_EC_EARTH.sh,source_checkpoint_train
CBBT,past_only,AWI,MPI,/home/exouser/media/share/PACT/FormalRuns_0925/CMIP6_CBBT_QuickCheck_0929/past_only/CMIP6_AWI_CBBT_past_only_G0_T0500_EP0100__20261003_051753/best_overall.pt,./Data/Grid4_New_PastOnly/CMIP6_AWI/graphs,./Data/Grid4_New_PastOnly/CMIP6_MPI/graphs,"2008_2009,2009_2010,2010_2011,2011_2012,2012_2013,2013_2014,2014_2015",7,/home/exouser/StormSurge/configs/cross_dataset_infer_4stations/CBBT/past_only/AWI/AWI_to_MPI.sh,source_checkpoint_train
CBBT,past_only,AWI,MRI,/home/exouser/media/share/PACT/FormalRuns_0925/CMIP6_CBBT_QuickCheck_0929/past_only/CMIP6_AWI_CBBT_past_only_G0_T0500_EP0100__20261003_051753/best_overall.pt,./Data/Grid4_New_PastOnly/CMIP6_AWI/graphs,./Data/Grid4_New_PastOnly/CMIP6_MRI/graphs,"2008_2009,2009_2010,2010_2011,2011_2012,2012_2013,2013_2014,2014_2015",7,/home/exouser/StormSurge/configs/cross_dataset_infer_4stations/CBBT/past_only/AWI/AWI_to_MRI.sh,source_checkpoint_train
CBBT,past_only,CNRM,NCEP,/home/exouser/media/share/PACT/FormalRuns_0925/CMIP6_CBBT_QuickCheck_0929/past_only/CMIP6_CNRM_CBBT_past_only_G0_T0500_EP0100__20261003_051753/best_overall.pt,./Data/Grid4_New_PastOnly/CMIP6_CNRM/graphs,./Data/Grid4_New/NCEP/graphs,"2008_2009,2009_2010,2010_2011,2011_2012,2012_2013,2013_2014,2014_2015",7,/home/exouser/StormSurge/configs/cross_dataset_infer_4stations/CBBT/past_only/CNRM/CNRM_to_NCEP.sh,source_checkpoint_train
CBBT,past_only,CNRM,AWI,/home/exouser/media/share/PACT/FormalRuns_0925/CMIP6_CBBT_QuickCheck_0929/past_only/CMIP6_CNRM_CBBT_past_only_G0_T0500_EP0100__20261003_051753/best_overall.pt,./Data/Grid4_New_PastOnly/CMIP6_CNRM/graphs,./Data/Grid4_New_PastOnly/CMIP6_AWI/graphs,"2008_2009,2009_2010,2010_2011,2011_2012,2012_2013,2013_2014,2014_2015",7,/home/exouser/StormSurge/configs/cross_dataset_infer_4stations/CBBT/past_only/CNRM/CNRM_to_AWI.sh,source_checkpoint_train
CBBT,past_only,CNRM,CNRM,/home/exouser/media/share/PACT/FormalRuns_0925/CMIP6_CBBT_QuickCheck_0929/past_only/CMIP6_CNRM_CBBT_past_only_G0_T0500_EP0100__20261003_051753/best_overall.pt,./Data/Grid4_New_PastOnly/CMIP6_CNRM/graphs,./Data/Grid4_New_PastOnly/CMIP6_CNRM/graphs,"2008_2009,2009_2010,2010_2011,2011_2012,2012_2013,2013_2014,2014_2015",7,/home/exouser/StormSurge/configs/cross_dataset_infer_4stations/CBBT/past_only/CNRM/CNRM_to_CNRM.sh,source_checkpoint_train
CBBT,past_only,CNRM,EC_EARTH,/home/exouser/media/share/PACT/FormalRuns_0925/CMIP6_CBBT_QuickCheck_0929/past_only/CMIP6_CNRM_CBBT_past_only_G0_T0500_EP0100__20261003_051753/best_overall.pt,./Data/Grid4_New_PastOnly/CMIP6_CNRM/graphs,./Data/Grid4_New_PastOnly/CMIP6_EC_EARTH/graphs,"2008_2009,2009_2010,2010_2011,2011_2012,2012_2013,2013_2014,2014_2015",7,/home/exouser/StormSurge/configs/cross_dataset_infer_4stations/CBBT/past_only/CNRM/CNRM_to_EC_EARTH.sh,source_checkpoint_train
CBBT,past_only,CNRM,MPI,/home/exouser/media/share/PACT/FormalRuns_0925/CMIP6_CBBT_QuickCheck_0929/past_only/CMIP6_CNRM_CBBT_past_only_G0_T0500_EP0100__20261003_051753/best_overall.pt,./Data/Grid4_New_PastOnly/CMIP6_CNRM/graphs,./Data/Grid4_New_PastOnly/CMIP6_MPI/graphs,"2008_2009,2009_2010,2010_2011,2011_2012,2012_2013,2013_2014,2014_2015",7,/home/exouser/StormSurge/configs/cross_dataset_infer_4stations/CBBT/past_only/CNRM/CNRM_to_MPI.sh,source_checkpoint_train
CBBT,past_only,CNRM,MRI,/home/exouser/media/share/PACT/FormalRuns_0925/CMIP6_CBBT_QuickCheck_0929/past_only/CMIP6_CNRM_CBBT_past_only_G0_T0500_EP0100__20261003_051753/best_overall.pt,./Data/Grid4_New_PastOnly/CMIP6_CNRM/graphs,./Data/Grid4_New_PastOnly/CMIP6_MRI/graphs,"2008_2009,2009_2010,2010_2011,2011_2012,2012_2013,2013_2014,2014_2015",7,/home/exouser/StormSurge/configs/cross_dataset_infer_4stations/CBBT/past_only/CNRM/CNRM_to_MRI.sh,source_checkpoint_train
CBBT,past_only,EC_EARTH,NCEP,/home/exouser/media/share/PACT/FormalRuns_0925/CMIP6_CBBT_QuickCheck_0929/past_only/CMIP6_EC_EARTH_CBBT_past_only_G0_T0500_EP0100__20261003_051753/best_overall.pt,./Data/Grid4_New_PastOnly/CMIP6_EC_EARTH/graphs,./Data/Grid4_New/NCEP/graphs,"2008_2009,2009_2010,2010_2011,2011_2012,2012_2013,2013_2014,2014_2015",7,/home/exouser/StormSurge/configs/cross_dataset_infer_4stations/CBBT/past_only/EC_EARTH/EC_EARTH_to_NCEP.sh,source_checkpoint_train
CBBT,past_only,EC_EARTH,AWI,/home/exouser/media/share/PACT/FormalRuns_0925/CMIP6_CBBT_QuickCheck_0929/past_only/CMIP6_EC_EARTH_CBBT_past_only_G0_T0500_EP0100__20261003_051753/best_overall.pt,./Data/Grid4_New_PastOnly/CMIP6_EC_EARTH/graphs,./Data/Grid4_New_PastOnly/CMIP6_AWI/graphs,"2008_2009,2009_2010,2010_2011,2011_2012,2012_2013,2013_2014,2014_2015",7,/home/exouser/StormSurge/configs/cross_dataset_infer_4stations/CBBT/past_only/EC_EARTH/EC_EARTH_to_AWI.sh,source_checkpoint_train
CBBT,past_only,EC_EARTH,CNRM,/home/exouser/media/share/PACT/FormalRuns_0925/CMIP6_CBBT_QuickCheck_0929/past_only/CMIP6_EC_EARTH_CBBT_past_only_G0_T0500_EP0100__20261003_051753/best_overall.pt,./Data/Grid4_New_PastOnly/CMIP6_EC_EARTH/graphs,./Data/Grid4_New_PastOnly/CMIP6_CNRM/graphs,"2008_2009,2009_2010,2010_2011,2011_2012,2012_2013,2013_2014,2014_2015",7,/home/exouser/StormSurge/configs/cross_dataset_infer_4stations/CBBT/past_only/EC_EARTH/EC_EARTH_to_CNRM.sh,source_checkpoint_train
CBBT,past_only,EC_EARTH,EC_EARTH,/home/exouser/media/share/PACT/FormalRuns_0925/CMIP6_CBBT_QuickCheck_0929/past_only/CMIP6_EC_EARTH_CBBT_past_only_G0_T0500_EP0100__20261003_051753/best_overall.pt,./Data/Grid4_New_PastOnly/CMIP6_EC_EARTH/graphs,./Data/Grid4_New_PastOnly/CMIP6_EC_EARTH/graphs,"2008_2009,2009_2010,2010_2011,2011_2012,2012_2013,2013_2014,2014_2015",7,/home/exouser/StormSurge/configs/cross_dataset_infer_4stations/CBBT/past_only/EC_EARTH/EC_EARTH_to_EC_EARTH.sh,source_checkpoint_train
CBBT,past_only,EC_EARTH,MPI,/home/exouser/media/share/PACT/FormalRuns_0925/CMIP6_CBBT_QuickCheck_0929/past_only/CMIP6_EC_EARTH_CBBT_past_only_G0_T0500_EP0100__20261003_051753/best_overall.pt,./Data/Grid4_New_PastOnly/CMIP6_EC_EARTH/graphs,./Data/Grid4_New_PastOnly/CMIP6_MPI/graphs,"2008_2009,2009_2010,2010_2011,2011_2012,2012_2013,2013_2014,2014_2015",7,/home/exouser/StormSurge/configs/cross_dataset_infer_4stations/CBBT/past_only/EC_EARTH/EC_EARTH_to_MPI.sh,source_checkpoint_train
CBBT,past_only,EC_EARTH,MRI,/home/exouser/media/share/PACT/FormalRuns_0925/CMIP6_CBBT_QuickCheck_0929/past_only/CMIP6_EC_EARTH_CBBT_past_only_G0_T0500_EP0100__20261003_051753/best_overall.pt,./Data/Grid4_New_PastOnly/CMIP6_EC_EARTH/graphs,./Data/Grid4_New_PastOnly/CMIP6_MRI/graphs,"2008_2009,2009_2010,2010_2011,2011_2012,2012_2013,2013_2014,2014_2015",7,/home/exouser/StormSurge/configs/cross_dataset_infer_4stations/CBBT/past_only/EC_EARTH/EC_EARTH_to_MRI.sh,source_checkpoint_train
CBBT,past_only,MPI,NCEP,/home/exouser/media/share/PACT/FormalRuns_0925/CMIP6_CBBT_QuickCheck_0929/past_only/CMIP6_MPI_CBBT_past_only_G0_T0500_EP0100__20261003_051753/best_overall.pt,./Data/Grid4_New_PastOnly/CMIP6_MPI/graphs,./Data/Grid4_New/NCEP/graphs,"2008_2009,2009_2010,2010_2011,2011_2012,2012_2013,2013_2014,2014_2015",7,/home/exouser/StormSurge/configs/cross_dataset_infer_4stations/CBBT/past_only/MPI/MPI_to_NCEP.sh,source_checkpoint_train
CBBT,past_only,MPI,AWI,/home/exouser/media/share/PACT/FormalRuns_0925/CMIP6_CBBT_QuickCheck_0929/past_only/CMIP6_MPI_CBBT_past_only_G0_T0500_EP0100__20261003_051753/best_overall.pt,./Data/Grid4_New_PastOnly/CMIP6_MPI/graphs,./Data/Grid4_New_PastOnly/CMIP6_AWI/graphs,"2008_2009,2009_2010,2010_2011,2011_2012,2012_2013,2013_2014,2014_2015",7,/home/exouser/StormSurge/configs/cross_dataset_infer_4stations/CBBT/past_only/MPI/MPI_to_AWI.sh,source_checkpoint_train
CBBT,past_only,MPI,CNRM,/home/exouser/media/share/PACT/FormalRuns_0925/CMIP6_CBBT_QuickCheck_0929/past_only/CMIP6_MPI_CBBT_past_only_G0_T0500_EP0100__20261003_051753/best_overall.pt,./Data/Grid4_New_PastOnly/CMIP6_MPI/graphs,./Data/Grid4_New_PastOnly/CMIP6_CNRM/graphs,"2008_2009,2009_2010,2010_2011,2011_2012,2012_2013,2013_2014,2014_2015",7,/home/exouser/StormSurge/configs/cross_dataset_infer_4stations/CBBT/past_only/MPI/MPI_to_CNRM.sh,source_checkpoint_train
CBBT,past_only,MPI,EC_EARTH,/home/exouser/media/share/PACT/FormalRuns_0925/CMIP6_CBBT_QuickCheck_0929/past_only/CMIP6_MPI_CBBT_past_only_G0_T0500_EP0100__20261003_051753/best_overall.pt,./Data/Grid4_New_PastOnly/CMIP6_MPI/graphs,./Data/Grid4_New_PastOnly/CMIP6_EC_EARTH/graphs,"2008_2009,2009_2010,2010_2011,2011_2012,2012_2013,2013_2014,2014_2015",7,/home/exouser/StormSurge/configs/cross_dataset_infer_4stations/CBBT/past_only/MPI/MPI_to_EC_EARTH.sh,source_checkpoint_train
CBBT,past_only,MPI,MPI,/home/exouser/media/share/PACT/FormalRuns_0925/CMIP6_CBBT_QuickCheck_0929/past_only/CMIP6_MPI_CBBT_past_only_G0_T0500_EP0100__20261003_051753/best_overall.pt,./Data/Grid4_New_PastOnly/CMIP6_MPI/graphs,./Data/Grid4_New_PastOnly/CMIP6_MPI/graphs,"2008_2009,2009_2010,2010_2011,2011_2012,2012_2013,2013_2014,2014_2015",7,/home/exouser/StormSurge/configs/cross_dataset_infer_4stations/CBBT/past_only/MPI/MPI_to_MPI.sh,source_checkpoint_train
CBBT,past_only,MPI,MRI,/home/exouser/media/share/PACT/FormalRuns_0925/CMIP6_CBBT_QuickCheck_0929/past_only/CMIP6_MPI_CBBT_past_only_G0_T0500_EP0100__20261003_051753/best_overall.pt,./Data/Grid4_New_PastOnly/CMIP6_MPI/graphs,./Data/Grid4_New_PastOnly/CMIP6_MRI/graphs,"2008_2009,2009_2010,2010_2011,2011_2012,2012_2013,2013_2014,2014_2015",7,/home/exouser/StormSurge/configs/cross_dataset_infer_4stations/CBBT/past_only/MPI/MPI_to_MRI.sh,source_checkpoint_train
CBBT,past_only,MRI,NCEP,/home/exouser/media/share/PACT/FormalRuns_0925/CMIP6_CBBT_QuickCheck_0929/past_only/CMIP6_MRI_CBBT_past_only_G0_T0500_EP0100__20261003_051753/best_overall.pt,./Data/Grid4_New_PastOnly/CMIP6_MRI/graphs,./Data/Grid4_New/NCEP/graphs,"2008_2009,2009_2010,2010_2011,2011_2012,2012_2013,2013_2014,2014_2015",7,/home/exouser/StormSurge/configs/cross_dataset_infer_4stations/CBBT/past_only/MRI/MRI_to_NCEP.sh,source_checkpoint_train
CBBT,past_only,MRI,AWI,/home/exouser/media/share/PACT/FormalRuns_0925/CMIP6_CBBT_QuickCheck_0929/past_only/CMIP6_MRI_CBBT_past_only_G0_T0500_EP0100__20261003_051753/best_overall.pt,./Data/Grid4_New_PastOnly/CMIP6_MRI/graphs,./Data/Grid4_New_PastOnly/CMIP6_AWI/graphs,"2008_2009,2009_2010,2010_2011,2011_2012,2012_2013,2013_2014,2014_2015",7,/home/exouser/StormSurge/configs/cross_dataset_infer_4stations/CBBT/past_only/MRI/MRI_to_AWI.sh,source_checkpoint_train
CBBT,past_only,MRI,CNRM,/home/exouser/media/share/PACT/FormalRuns_0925/CMIP6_CBBT_QuickCheck_0929/past_only/CMIP6_MRI_CBBT_past_only_G0_T0500_EP0100__20261003_051753/best_overall.pt,./Data/Grid4_New_PastOnly/CMIP6_MRI/graphs,./Data/Grid4_New_PastOnly/CMIP6_CNRM/graphs,"2008_2009,2009_2010,2010_2011,2011_2012,2012_2013,2013_2014,2014_2015",7,/home/exouser/StormSurge/configs/cross_dataset_infer_4stations/CBBT/past_only/MRI/MRI_to_CNRM.sh,source_checkpoint_train
CBBT,past_only,MRI,EC_EARTH,/home/exouser/media/share/PACT/FormalRuns_0925/CMIP6_CBBT_QuickCheck_0929/past_only/CMIP6_MRI_CBBT_past_only_G0_T0500_EP0100__20261003_051753/best_overall.pt,./Data/Grid4_New_PastOnly/CMIP6_MRI/graphs,./Data/Grid4_New_PastOnly/CMIP6_EC_EARTH/graphs,"2008_2009,2009_2010,2010_2011,2011_2012,2012_2013,2013_2014,2014_2015",7,/home/exouser/StormSurge/configs/cross_dataset_infer_4stations/CBBT/past_only/MRI/MRI_to_EC_EARTH.sh,source_checkpoint_train
CBBT,past_only,MRI,MPI,/home/exouser/media/share/PACT/FormalRuns_0925/CMIP6_CBBT_QuickCheck_0929/past_only/CMIP6_MRI_CBBT_past_only_G0_T0500_EP0100__20261003_051753/best_overall.pt,./Data/Grid4_New_PastOnly/CMIP6_MRI/graphs,./Data/Grid4_New_PastOnly/CMIP6_MPI/graphs,"2008_2009,2009_2010,2010_2011,2011_2012,2012_2013,2013_2014,2014_2015",7,/home/exouser/StormSurge/configs/cross_dataset_infer_4stations/CBBT/past_only/MRI/MRI_to_MPI.sh,source_checkpoint_train
CBBT,past_only,MRI,MRI,/home/exouser/media/share/PACT/FormalRuns_0925/CMIP6_CBBT_QuickCheck_0929/past_only/CMIP6_MRI_CBBT_past_only_G0_T0500_EP0100__20261003_051753/best_overall.pt,./Data/Grid4_New_PastOnly/CMIP6_MRI/graphs,./Data/Grid4_New_PastOnly/CMIP6_MRI/graphs,"2008_2009,2009_2010,2010_2011,2011_2012,2012_2013,2013_2014,2014_2015",7,/home/exouser/StormSurge/configs/cross_dataset_infer_4stations/CBBT/past_only/MRI/MRI_to_MRI.sh,source_checkpoint_train
CBBT,future_year,NCEP,AWI,/home/exouser/media/share/PACT/FormalRuns_0925/NCEP_future_transfer/NCEP_CBBT_future_transfer_G0_T0500_EP0100__20261006_002736/best_overall.pt,./Data/Grid4_New/NCEP/graphs,./Data/Grid4_New/CMIP6_AWI/graphs,"2070_2071,2071_2072,2072_2073,2073_2074,2074_2075,2075_2076,2076_2077,2077_2078,2078_2079,2079_2080,2080_2081,2081_2082,2082_2083,2083_2084,2084_2085,2085_2086,2086_2087,2087_2088,2088_2089,2089_2090,2090_2091,2091_2092,2092_2093,2093_2094,2094_2095,2095_2096,2096_2097,2097_2098,2098_2099,2099_2100",30,/home/exouser/StormSurge/configs/cross_dataset_infer_4stations/CBBT/future_year/NCEP/NCEP_to_AWI.sh,source_checkpoint_train
CBBT,future_year,NCEP,CNRM,/home/exouser/media/share/PACT/FormalRuns_0925/NCEP_future_transfer/NCEP_CBBT_future_transfer_G0_T0500_EP0100__20261006_002736/best_overall.pt,./Data/Grid4_New/NCEP/graphs,./Data/Grid4_New/CMIP6_CNRM/graphs,"2070_2071,2071_2072,2072_2073,2073_2074,2074_2075,2075_2076,2076_2077,2077_2078,2078_2079,2079_2080,2080_2081,2081_2082,2082_2083,2083_2084,2084_2085,2085_2086,2086_2087,2087_2088,2088_2089,2089_2090,2090_2091,2091_2092,2092_2093,2093_2094,2094_2095,2095_2096,2096_2097,2097_2098,2098_2099,2099_2100",30,/home/exouser/StormSurge/configs/cross_dataset_infer_4stations/CBBT/future_year/NCEP/NCEP_to_CNRM.sh,source_checkpoint_train
CBBT,future_year,NCEP,EC_EARTH,/home/exouser/media/share/PACT/FormalRuns_0925/NCEP_future_transfer/NCEP_CBBT_future_transfer_G0_T0500_EP0100__20261006_002736/best_overall.pt,./Data/Grid4_New/NCEP/graphs,./Data/Grid4_New/CMIP6_EC_EARTH/graphs,"2070_2071,2071_2072,2072_2073,2073_2074,2074_2075,2075_2076,2076_2077,2077_2078,2078_2079,2079_2080,2080_2081,2081_2082,2082_2083,2083_2084,2084_2085,2085_2086,2086_2087,2087_2088,2088_2089,2089_2090,2090_2091,2091_2092,2092_2093,2093_2094,2094_2095,2095_2096,2096_2097,2097_2098,2098_2099,2099_2100",30,/home/exouser/StormSurge/configs/cross_dataset_infer_4stations/CBBT/future_year/NCEP/NCEP_to_EC_EARTH.sh,source_checkpoint_train
CBBT,future_year,NCEP,MPI,/home/exouser/media/share/PACT/FormalRuns_0925/NCEP_future_transfer/NCEP_CBBT_future_transfer_G0_T0500_EP0100__20261006_002736/best_overall.pt,./Data/Grid4_New/NCEP/graphs,./Data/Grid4_New/CMIP6_MPI/graphs,"2070_2071,2071_2072,2072_2073,2073_2074,2074_2075,2075_2076,2076_2077,2077_2078,2078_2079,2079_2080,2080_2081,2081_2082,2082_2083,2083_2084,2084_2085,2085_2086,2086_2087,2087_2088,2088_2089,2089_2090,2090_2091,2091_2092,2092_2093,2093_2094,2094_2095,2095_2096,2096_2097,2097_2098,2098_2099,2099_2100",30,/home/exouser/StormSurge/configs/cross_dataset_infer_4stations/CBBT/future_year/NCEP/NCEP_to_MPI.sh,source_checkpoint_train
CBBT,future_year,NCEP,MRI,/home/exouser/media/share/PACT/FormalRuns_0925/NCEP_future_transfer/NCEP_CBBT_future_transfer_G0_T0500_EP0100__20261006_002736/best_overall.pt,./Data/Grid4_New/NCEP/graphs,./Data/Grid4_New/CMIP6_MRI/graphs,"2070_2071,2071_2072,2072_2073,2073_2074,2074_2075,2075_2076,2076_2077,2077_2078,2078_2079,2079_2080,2080_2081,2081_2082,2082_2083,2083_2084,2084_2085,2085_2086,2086_2087,2087_2088,2088_2089,2089_2090,2090_2091,2091_2092,2092_2093,2093_2094,2094_2095,2095_2096,2096_2097,2097_2098,2098_2099,2099_2100",30,/home/exouser/StormSurge/configs/cross_dataset_infer_4stations/CBBT/future_year/NCEP/NCEP_to_MRI.sh,source_checkpoint_train
CBBT,future_year,AWI,AWI,/home/exouser/media/share/PACT/FormalRuns_0925/CMIP6_CBBT_QuickCheck_0929/future_year/CMIP6_AWI_CBBT_future_year_G0_T0500_EP0100__20261003_051753/best_overall.pt,./Data/Grid4_New/CMIP6_AWI/graphs,./Data/Grid4_New/CMIP6_AWI/graphs,"2070_2071,2071_2072,2072_2073,2073_2074,2074_2075,2075_2076,2076_2077,2077_2078,2078_2079,2079_2080,2080_2081,2081_2082,2082_2083,2083_2084,2084_2085,2085_2086,2086_2087,2087_2088,2088_2089,2089_2090,2090_2091,2091_2092,2092_2093,2093_2094,2094_2095,2095_2096,2096_2097,2097_2098,2098_2099,2099_2100",30,/home/exouser/StormSurge/configs/cross_dataset_infer_4stations/CBBT/future_year/AWI/AWI_to_AWI.sh,source_checkpoint_train
CBBT,future_year,AWI,CNRM,/home/exouser/media/share/PACT/FormalRuns_0925/CMIP6_CBBT_QuickCheck_0929/future_year/CMIP6_AWI_CBBT_future_year_G0_T0500_EP0100__20261003_051753/best_overall.pt,./Data/Grid4_New/CMIP6_AWI/graphs,./Data/Grid4_New/CMIP6_CNRM/graphs,"2070_2071,2071_2072,2072_2073,2073_2074,2074_2075,2075_2076,2076_2077,2077_2078,2078_2079,2079_2080,2080_2081,2081_2082,2082_2083,2083_2084,2084_2085,2085_2086,2086_2087,2087_2088,2088_2089,2089_2090,2090_2091,2091_2092,2092_2093,2093_2094,2094_2095,2095_2096,2096_2097,2097_2098,2098_2099,2099_2100",30,/home/exouser/StormSurge/configs/cross_dataset_infer_4stations/CBBT/future_year/AWI/AWI_to_CNRM.sh,source_checkpoint_train
CBBT,future_year,AWI,EC_EARTH,/home/exouser/media/share/PACT/FormalRuns_0925/CMIP6_CBBT_QuickCheck_0929/future_year/CMIP6_AWI_CBBT_future_year_G0_T0500_EP0100__20261003_051753/best_overall.pt,./Data/Grid4_New/CMIP6_AWI/graphs,./Data/Grid4_New/CMIP6_EC_EARTH/graphs,"2070_2071,2071_2072,2072_2073,2073_2074,2074_2075,2075_2076,2076_2077,2077_2078,2078_2079,2079_2080,2080_2081,2081_2082,2082_2083,2083_2084,2084_2085,2085_2086,2086_2087,2087_2088,2088_2089,2089_2090,2090_2091,2091_2092,2092_2093,2093_2094,2094_2095,2095_2096,2096_2097,2097_2098,2098_2099,2099_2100",30,/home/exouser/StormSurge/configs/cross_dataset_infer_4stations/CBBT/future_year/AWI/AWI_to_EC_EARTH.sh,source_checkpoint_train
CBBT,future_year,AWI,MPI,/home/exouser/media/share/PACT/FormalRuns_0925/CMIP6_CBBT_QuickCheck_0929/future_year/CMIP6_AWI_CBBT_future_year_G0_T0500_EP0100__20261003_051753/best_overall.pt,./Data/Grid4_New/CMIP6_AWI/graphs,./Data/Grid4_New/CMIP6_MPI/graphs,"2070_2071,2071_2072,2072_2073,2073_2074,2074_2075,2075_2076,2076_2077,2077_2078,2078_2079,2079_2080,2080_2081,2081_2082,2082_2083,2083_2084,2084_2085,2085_2086,2086_2087,2087_2088,2088_2089,2089_2090,2090_2091,2091_2092,2092_2093,2093_2094,2094_2095,2095_2096,2096_2097,2097_2098,2098_2099,2099_2100",30,/home/exouser/StormSurge/configs/cross_dataset_infer_4stations/CBBT/future_year/AWI/AWI_to_MPI.sh,source_checkpoint_train
CBBT,future_year,AWI,MRI,/home/exouser/media/share/PACT/FormalRuns_0925/CMIP6_CBBT_QuickCheck_0929/future_year/CMIP6_AWI_CBBT_future_year_G0_T0500_EP0100__20261003_051753/best_overall.pt,./Data/Grid4_New/CMIP6_AWI/graphs,./Data/Grid4_New/CMIP6_MRI/graphs,"2070_2071,2071_2072,2072_2073,2073_2074,2074_2075,2075_2076,2076_2077,2077_2078,2078_2079,2079_2080,2080_2081,2081_2082,2082_2083,2083_2084,2084_2085,2085_2086,2086_2087,2087_2088,2088_2089,2089_2090,2090_2091,2091_2092,2092_2093,2093_2094,2094_2095,2095_2096,2096_2097,2097_2098,2098_2099,2099_2100",30,/home/exouser/StormSurge/configs/cross_dataset_infer_4stations/CBBT/future_year/AWI/AWI_to_MRI.sh,source_checkpoint_train
CBBT,future_year,CNRM,AWI,/home/exouser/media/share/PACT/FormalRuns_0925/CMIP6_CBBT_QuickCheck_0929/future_year/CMIP6_CNRM_CBBT_future_year_G0_T0500_EP0100__20261003_051753/best_overall.pt,./Data/Grid4_New/CMIP6_CNRM/graphs,./Data/Grid4_New/CMIP6_AWI/graphs,"2070_2071,2071_2072,2072_2073,2073_2074,2074_2075,2075_2076,2076_2077,2077_2078,2078_2079,2079_2080,2080_2081,2081_2082,2082_2083,2083_2084,2084_2085,2085_2086,2086_2087,2087_2088,2088_2089,2089_2090,2090_2091,2091_2092,2092_2093,2093_2094,2094_2095,2095_2096,2096_2097,2097_2098,2098_2099,2099_2100",30,/home/exouser/StormSurge/configs/cross_dataset_infer_4stations/CBBT/future_year/CNRM/CNRM_to_AWI.sh,source_checkpoint_train
CBBT,future_year,CNRM,CNRM,/home/exouser/media/share/PACT/FormalRuns_0925/CMIP6_CBBT_QuickCheck_0929/future_year/CMIP6_CNRM_CBBT_future_year_G0_T0500_EP0100__20261003_051753/best_overall.pt,./Data/Grid4_New/CMIP6_CNRM/graphs,./Data/Grid4_New/CMIP6_CNRM/graphs,"2070_2071,2071_2072,2072_2073,2073_2074,2074_2075,2075_2076,2076_2077,2077_2078,2078_2079,2079_2080,2080_2081,2081_2082,2082_2083,2083_2084,2084_2085,2085_2086,2086_2087,2087_2088,2088_2089,2089_2090,2090_2091,2091_2092,2092_2093,2093_2094,2094_2095,2095_2096,2096_2097,2097_2098,2098_2099,2099_2100",30,/home/exouser/StormSurge/configs/cross_dataset_infer_4stations/CBBT/future_year/CNRM/CNRM_to_CNRM.sh,source_checkpoint_train
CBBT,future_year,CNRM,EC_EARTH,/home/exouser/media/share/PACT/FormalRuns_0925/CMIP6_CBBT_QuickCheck_0929/future_year/CMIP6_CNRM_CBBT_future_year_G0_T0500_EP0100__20261003_051753/best_overall.pt,./Data/Grid4_New/CMIP6_CNRM/graphs,./Data/Grid4_New/CMIP6_EC_EARTH/graphs,"2070_2071,2071_2072,2072_2073,2073_2074,2074_2075,2075_2076,2076_2077,2077_2078,2078_2079,2079_2080,2080_2081,2081_2082,2082_2083,2083_2084,2084_2085,2085_2086,2086_2087,2087_2088,2088_2089,2089_2090,2090_2091,2091_2092,2092_2093,2093_2094,2094_2095,2095_2096,2096_2097,2097_2098,2098_2099,2099_2100",30,/home/exouser/StormSurge/configs/cross_dataset_infer_4stations/CBBT/future_year/CNRM/CNRM_to_EC_EARTH.sh,source_checkpoint_train
CBBT,future_year,CNRM,MPI,/home/exouser/media/share/PACT/FormalRuns_0925/CMIP6_CBBT_QuickCheck_0929/future_year/CMIP6_CNRM_CBBT_future_year_G0_T0500_EP0100__20261003_051753/best_overall.pt,./Data/Grid4_New/CMIP6_CNRM/graphs,./Data/Grid4_New/CMIP6_MPI/graphs,"2070_2071,2071_2072,2072_2073,2073_2074,2074_2075,2075_2076,2076_2077,2077_2078,2078_2079,2079_2080,2080_2081,2081_2082,2082_2083,2083_2084,2084_2085,2085_2086,2086_2087,2087_2088,2088_2089,2089_2090,2090_2091,2091_2092,2092_2093,2093_2094,2094_2095,2095_2096,2096_2097,2097_2098,2098_2099,2099_2100",30,/home/exouser/StormSurge/configs/cross_dataset_infer_4stations/CBBT/future_year/CNRM/CNRM_to_MPI.sh,source_checkpoint_train
CBBT,future_year,CNRM,MRI,/home/exouser/media/share/PACT/FormalRuns_0925/CMIP6_CBBT_QuickCheck_0929/future_year/CMIP6_CNRM_CBBT_future_year_G0_T0500_EP0100__20261003_051753/best_overall.pt,./Data/Grid4_New/CMIP6_CNRM/graphs,./Data/Grid4_New/CMIP6_MRI/graphs,"2070_2071,2071_2072,2072_2073,2073_2074,2074_2075,2075_2076,2076_2077,2077_2078,2078_2079,2079_2080,2080_2081,2081_2082,2082_2083,2083_2084,2084_2085,2085_2086,2086_2087,2087_2088,2088_2089,2089_2090,2090_2091,2091_2092,2092_2093,2093_2094,2094_2095,2095_2096,2096_2097,2097_2098,2098_2099,2099_2100",30,/home/exouser/StormSurge/configs/cross_dataset_infer_4stations/CBBT/future_year/CNRM/CNRM_to_MRI.sh,source_checkpoint_train
CBBT,future_year,EC_EARTH,AWI,/home/exouser/media/share/PACT/FormalRuns_0925/CMIP6_CBBT_QuickCheck_0929/future_year/CMIP6_EC_EARTH_CBBT_future_year_G0_T0500_EP0100__20261003_051753/best_overall.pt,./Data/Grid4_New/CMIP6_EC_EARTH/graphs,./Data/Grid4_New/CMIP6_AWI/graphs,"2070_2071,2071_2072,2072_2073,2073_2074,2074_2075,2075_2076,2076_2077,2077_2078,2078_2079,2079_2080,2080_2081,2081_2082,2082_2083,2083_2084,2084_2085,2085_2086,2086_2087,2087_2088,2088_2089,2089_2090,2090_2091,2091_2092,2092_2093,2093_2094,2094_2095,2095_2096,2096_2097,2097_2098,2098_2099,2099_2100",30,/home/exouser/StormSurge/configs/cross_dataset_infer_4stations/CBBT/future_year/EC_EARTH/EC_EARTH_to_AWI.sh,source_checkpoint_train
CBBT,future_year,EC_EARTH,CNRM,/home/exouser/media/share/PACT/FormalRuns_0925/CMIP6_CBBT_QuickCheck_0929/future_year/CMIP6_EC_EARTH_CBBT_future_year_G0_T0500_EP0100__20261003_051753/best_overall.pt,./Data/Grid4_New/CMIP6_EC_EARTH/graphs,./Data/Grid4_New/CMIP6_CNRM/graphs,"2070_2071,2071_2072,2072_2073,2073_2074,2074_2075,2075_2076,2076_2077,2077_2078,2078_2079,2079_2080,2080_2081,2081_2082,2082_2083,2083_2084,2084_2085,2085_2086,2086_2087,2087_2088,2088_2089,2089_2090,2090_2091,2091_2092,2092_2093,2093_2094,2094_2095,2095_2096,2096_2097,2097_2098,2098_2099,2099_2100",30,/home/exouser/StormSurge/configs/cross_dataset_infer_4stations/CBBT/future_year/EC_EARTH/EC_EARTH_to_CNRM.sh,source_checkpoint_train
CBBT,future_year,EC_EARTH,EC_EARTH,/home/exouser/media/share/PACT/FormalRuns_0925/CMIP6_CBBT_QuickCheck_0929/future_year/CMIP6_EC_EARTH_CBBT_future_year_G0_T0500_EP0100__20261003_051753/best_overall.pt,./Data/Grid4_New/CMIP6_EC_EARTH/graphs,./Data/Grid4_New/CMIP6_EC_EARTH/graphs,"2070_2071,2071_2072,2072_2073,2073_2074,2074_2075,2075_2076,2076_2077,2077_2078,2078_2079,2079_2080,2080_2081,2081_2082,2082_2083,2083_2084,2084_2085,2085_2086,2086_2087,2087_2088,2088_2089,2089_2090,2090_2091,2091_2092,2092_2093,2093_2094,2094_2095,2095_2096,2096_2097,2097_2098,2098_2099,2099_2100",30,/home/exouser/StormSurge/configs/cross_dataset_infer_4stations/CBBT/future_year/EC_EARTH/EC_EARTH_to_EC_EARTH.sh,source_checkpoint_train
CBBT,future_year,EC_EARTH,MPI,/home/exouser/media/share/PACT/FormalRuns_0925/CMIP6_CBBT_QuickCheck_0929/future_year/CMIP6_EC_EARTH_CBBT_future_year_G0_T0500_EP0100__20261003_051753/best_overall.pt,./Data/Grid4_New/CMIP6_EC_EARTH/graphs,./Data/Grid4_New/CMIP6_MPI/graphs,"2070_2071,2071_2072,2072_2073,2073_2074,2074_2075,2075_2076,2076_2077,2077_2078,2078_2079,2079_2080,2080_2081,2081_2082,2082_2083,2083_2084,2084_2085,2085_2086,2086_2087,2087_2088,2088_2089,2089_2090,2090_2091,2091_2092,2092_2093,2093_2094,2094_2095,2095_2096,2096_2097,2097_2098,2098_2099,2099_2100",30,/home/exouser/StormSurge/configs/cross_dataset_infer_4stations/CBBT/future_year/EC_EARTH/EC_EARTH_to_MPI.sh,source_checkpoint_train
CBBT,future_year,EC_EARTH,MRI,/home/exouser/media/share/PACT/FormalRuns_0925/CMIP6_CBBT_QuickCheck_0929/future_year/CMIP6_EC_EARTH_CBBT_future_year_G0_T0500_EP0100__20261003_051753/best_overall.pt,./Data/Grid4_New/CMIP6_EC_EARTH/graphs,./Data/Grid4_New/CMIP6_MRI/graphs,"2070_2071,2071_2072,2072_2073,2073_2074,2074_2075,2075_2076,2076_2077,2077_2078,2078_2079,2079_2080,2080_2081,2081_2082,2082_2083,2083_2084,2084_2085,2085_2086,2086_2087,2087_2088,2088_2089,2089_2090,2090_2091,2091_2092,2092_2093,2093_2094,2094_2095,2095_2096,2096_2097,2097_2098,2098_2099,2099_2100",30,/home/exouser/StormSurge/configs/cross_dataset_infer_4stations/CBBT/future_year/EC_EARTH/EC_EARTH_to_MRI.sh,source_checkpoint_train
CBBT,future_year,MPI,AWI,/home/exouser/media/share/PACT/FormalRuns_0925/CMIP6_CBBT_QuickCheck_0929/future_year/CMIP6_MPI_CBBT_future_year_G0_T0500_EP0100__20261003_051753/best_overall.pt,./Data/Grid4_New/CMIP6_MPI/graphs,./Data/Grid4_New/CMIP6_AWI/graphs,"2070_2071,2071_2072,2072_2073,2073_2074,2074_2075,2075_2076,2076_2077,2077_2078,2078_2079,2079_2080,2080_2081,2081_2082,2082_2083,2083_2084,2084_2085,2085_2086,2086_2087,2087_2088,2088_2089,2089_2090,2090_2091,2091_2092,2092_2093,2093_2094,2094_2095,2095_2096,2096_2097,2097_2098,2098_2099,2099_2100",30,/home/exouser/StormSurge/configs/cross_dataset_infer_4stations/CBBT/future_year/MPI/MPI_to_AWI.sh,source_checkpoint_train
CBBT,future_year,MPI,CNRM,/home/exouser/media/share/PACT/FormalRuns_0925/CMIP6_CBBT_QuickCheck_0929/future_year/CMIP6_MPI_CBBT_future_year_G0_T0500_EP0100__20261003_051753/best_overall.pt,./Data/Grid4_New/CMIP6_MPI/graphs,./Data/Grid4_New/CMIP6_CNRM/graphs,"2070_2071,2071_2072,2072_2073,2073_2074,2074_2075,2075_2076,2076_2077,2077_2078,2078_2079,2079_2080,2080_2081,2081_2082,2082_2083,2083_2084,2084_2085,2085_2086,2086_2087,2087_2088,2088_2089,2089_2090,2090_2091,2091_2092,2092_2093,2093_2094,2094_2095,2095_2096,2096_2097,2097_2098,2098_2099,2099_2100",30,/home/exouser/StormSurge/configs/cross_dataset_infer_4stations/CBBT/future_year/MPI/MPI_to_CNRM.sh,source_checkpoint_train
CBBT,future_year,MPI,EC_EARTH,/home/exouser/media/share/PACT/FormalRuns_0925/CMIP6_CBBT_QuickCheck_0929/future_year/CMIP6_MPI_CBBT_future_year_G0_T0500_EP0100__20261003_051753/best_overall.pt,./Data/Grid4_New/CMIP6_MPI/graphs,./Data/Grid4_New/CMIP6_EC_EARTH/graphs,"2070_2071,2071_2072,2072_2073,2073_2074,2074_2075,2075_2076,2076_2077,2077_2078,2078_2079,2079_2080,2080_2081,2081_2082,2082_2083,2083_2084,2084_2085,2085_2086,2086_2087,2087_2088,2088_2089,2089_2090,2090_2091,2091_2092,2092_2093,2093_2094,2094_2095,2095_2096,2096_2097,2097_2098,2098_2099,2099_2100",30,/home/exouser/StormSurge/configs/cross_dataset_infer_4stations/CBBT/future_year/MPI/MPI_to_EC_EARTH.sh,source_checkpoint_train
CBBT,future_year,MPI,MPI,/home/exouser/media/share/PACT/FormalRuns_0925/CMIP6_CBBT_QuickCheck_0929/future_year/CMIP6_MPI_CBBT_future_year_G0_T0500_EP0100__20261003_051753/best_overall.pt,./Data/Grid4_New/CMIP6_MPI/graphs,./Data/Grid4_New/CMIP6_MPI/graphs,"2070_2071,2071_2072,2072_2073,2073_2074,2074_2075,2075_2076,2076_2077,2077_2078,2078_2079,2079_2080,2080_2081,2081_2082,2082_2083,2083_2084,2084_2085,2085_2086,2086_2087,2087_2088,2088_2089,2089_2090,2090_2091,2091_2092,2092_2093,2093_2094,2094_2095,2095_2096,2096_2097,2097_2098,2098_2099,2099_2100",30,/home/exouser/StormSurge/configs/cross_dataset_infer_4stations/CBBT/future_year/MPI/MPI_to_MPI.sh,source_checkpoint_train
CBBT,future_year,MPI,MRI,/home/exouser/media/share/PACT/FormalRuns_0925/CMIP6_CBBT_QuickCheck_0929/future_year/CMIP6_MPI_CBBT_future_year_G0_T0500_EP0100__20261003_051753/best_overall.pt,./Data/Grid4_New/CMIP6_MPI/graphs,./Data/Grid4_New/CMIP6_MRI/graphs,"2070_2071,2071_2072,2072_2073,2073_2074,2074_2075,2075_2076,2076_2077,2077_2078,2078_2079,2079_2080,2080_2081,2081_2082,2082_2083,2083_2084,2084_2085,2085_2086,2086_2087,2087_2088,2088_2089,2089_2090,2090_2091,2091_2092,2092_2093,2093_2094,2094_2095,2095_2096,2096_2097,2097_2098,2098_2099,2099_2100",30,/home/exouser/StormSurge/configs/cross_dataset_infer_4stations/CBBT/future_year/MPI/MPI_to_MRI.sh,source_checkpoint_train
CBBT,future_year,MRI,AWI,/home/exouser/media/share/PACT/FormalRuns_0925/CMIP6_CBBT_QuickCheck_0929/future_year/CMIP6_MRI_CBBT_future_year_G0_T0500_EP0100__20261003_051753/best_overall.pt,./Data/Grid4_New/CMIP6_MRI/graphs,./Data/Grid4_New/CMIP6_AWI/graphs,"2070_2071,2071_2072,2072_2073,2073_2074,2074_2075,2075_2076,2076_2077,2077_2078,2078_2079,2079_2080,2080_2081,2081_2082,2082_2083,2083_2084,2084_2085,2085_2086,2086_2087,2087_2088,2088_2089,2089_2090,2090_2091,2091_2092,2092_2093,2093_2094,2094_2095,2095_2096,2096_2097,2097_2098,2098_2099,2099_2100",30,/home/exouser/StormSurge/configs/cross_dataset_infer_4stations/CBBT/future_year/MRI/MRI_to_AWI.sh,source_checkpoint_train
CBBT,future_year,MRI,CNRM,/home/exouser/media/share/PACT/FormalRuns_0925/CMIP6_CBBT_QuickCheck_0929/future_year/CMIP6_MRI_CBBT_future_year_G0_T0500_EP0100__20261003_051753/best_overall.pt,./Data/Grid4_New/CMIP6_MRI/graphs,./Data/Grid4_New/CMIP6_CNRM/graphs,"2070_2071,2071_2072,2072_2073,2073_2074,2074_2075,2075_2076,2076_2077,2077_2078,2078_2079,2079_2080,2080_2081,2081_2082,2082_2083,2083_2084,2084_2085,2085_2086,2086_2087,2087_2088,2088_2089,2089_2090,2090_2091,2091_2092,2092_2093,2093_2094,2094_2095,2095_2096,2096_2097,2097_2098,2098_2099,2099_2100",30,/home/exouser/StormSurge/configs/cross_dataset_infer_4stations/CBBT/future_year/MRI/MRI_to_CNRM.sh,source_checkpoint_train
CBBT,future_year,MRI,EC_EARTH,/home/exouser/media/share/PACT/FormalRuns_0925/CMIP6_CBBT_QuickCheck_0929/future_year/CMIP6_MRI_CBBT_future_year_G0_T0500_EP0100__20261003_051753/best_overall.pt,./Data/Grid4_New/CMIP6_MRI/graphs,./Data/Grid4_New/CMIP6_EC_EARTH/graphs,"2070_2071,2071_2072,2072_2073,2073_2074,2074_2075,2075_2076,2076_2077,2077_2078,2078_2079,2079_2080,2080_2081,2081_2082,2082_2083,2083_2084,2084_2085,2085_2086,2086_2087,2087_2088,2088_2089,2089_2090,2090_2091,2091_2092,2092_2093,2093_2094,2094_2095,2095_2096,2096_2097,2097_2098,2098_2099,2099_2100",30,/home/exouser/StormSurge/configs/cross_dataset_infer_4stations/CBBT/future_year/MRI/MRI_to_EC_EARTH.sh,source_checkpoint_train
CBBT,future_year,MRI,MPI,/home/exouser/media/share/PACT/FormalRuns_0925/CMIP6_CBBT_QuickCheck_0929/future_year/CMIP6_MRI_CBBT_future_year_G0_T0500_EP0100__20261003_051753/best_overall.pt,./Data/Grid4_New/CMIP6_MRI/graphs,./Data/Grid4_New/CMIP6_MPI/graphs,"2070_2071,2071_2072,2072_2073,2073_2074,2074_2075,2075_2076,2076_2077,2077_2078,2078_2079,2079_2080,2080_2081,2081_2082,2082_2083,2083_2084,2084_2085,2085_2086,2086_2087,2087_2088,2088_2089,2089_2090,2090_2091,2091_2092,2092_2093,2093_2094,2094_2095,2095_2096,2096_2097,2097_2098,2098_2099,2099_2100",30,/home/exouser/StormSurge/configs/cross_dataset_infer_4stations/CBBT/future_year/MRI/MRI_to_MPI.sh,source_checkpoint_train
CBBT,future_year,MRI,MRI,/home/exouser/media/share/PACT/FormalRuns_0925/CMIP6_CBBT_QuickCheck_0929/future_year/CMIP6_MRI_CBBT_future_year_G0_T0500_EP0100__20261003_051753/best_overall.pt,./Data/Grid4_New/CMIP6_MRI/graphs,./Data/Grid4_New/CMIP6_MRI/graphs,"2070_2071,2071_2072,2072_2073,2073_2074,2074_2075,2075_2076,2076_2077,2077_2078,2078_2079,2079_2080,2080_2081,2081_2082,2082_2083,2083_2084,2084_2085,2085_2086,2086_2087,2087_2088,2088_2089,2089_2090,2090_2091,2091_2092,2092_2093,2093_2094,2094_2095,2095_2096,2096_2097,2097_2098,2098_2099,2099_2100",30,/home/exouser/StormSurge/configs/cross_dataset_infer_4stations/CBBT/future_year/MRI/MRI_to_MRI.sh,source_checkpoint_train
Lewes,past_only,NCEP,NCEP,/home/exouser/media/share/PACT/FormalRuns_0925/single_tail_episodepeak_4x4/NCEP_Lewes_G0_T0500_EP0100__20260927_115826/best_overall.pt,./Data/Grid4_New/NCEP/graphs,./Data/Grid4_New/NCEP/graphs,"2008_2009,2009_2010,2010_2011,2011_2012,2012_2013,2013_2014,2014_2015",7,/home/exouser/StormSurge/configs/cross_dataset_infer_4stations/Lewes/past_only/NCEP/NCEP_to_NCEP.sh,source_checkpoint_train
Lewes,past_only,NCEP,AWI,/home/exouser/media/share/PACT/FormalRuns_0925/single_tail_episodepeak_4x4/NCEP_Lewes_G0_T0500_EP0100__20260927_115826/best_overall.pt,./Data/Grid4_New/NCEP/graphs,./Data/Grid4_New_PastOnly/CMIP6_AWI/graphs,"2008_2009,2009_2010,2010_2011,2011_2012,2012_2013,2013_2014,2014_2015",7,/home/exouser/StormSurge/configs/cross_dataset_infer_4stations/Lewes/past_only/NCEP/NCEP_to_AWI.sh,source_checkpoint_train
Lewes,past_only,NCEP,CNRM,/home/exouser/media/share/PACT/FormalRuns_0925/single_tail_episodepeak_4x4/NCEP_Lewes_G0_T0500_EP0100__20260927_115826/best_overall.pt,./Data/Grid4_New/NCEP/graphs,./Data/Grid4_New_PastOnly/CMIP6_CNRM/graphs,"2008_2009,2009_2010,2010_2011,2011_2012,2012_2013,2013_2014,2014_2015",7,/home/exouser/StormSurge/configs/cross_dataset_infer_4stations/Lewes/past_only/NCEP/NCEP_to_CNRM.sh,source_checkpoint_train
Lewes,past_only,NCEP,EC_EARTH,/home/exouser/media/share/PACT/FormalRuns_0925/single_tail_episodepeak_4x4/NCEP_Lewes_G0_T0500_EP0100__20260927_115826/best_overall.pt,./Data/Grid4_New/NCEP/graphs,./Data/Grid4_New_PastOnly/CMIP6_EC_EARTH/graphs,"2008_2009,2009_2010,2010_2011,2011_2012,2012_2013,2013_2014,2014_2015",7,/home/exouser/StormSurge/configs/cross_dataset_infer_4stations/Lewes/past_only/NCEP/NCEP_to_EC_EARTH.sh,source_checkpoint_train
Lewes,past_only,NCEP,MPI,/home/exouser/media/share/PACT/FormalRuns_0925/single_tail_episodepeak_4x4/NCEP_Lewes_G0_T0500_EP0100__20260927_115826/best_overall.pt,./Data/Grid4_New/NCEP/graphs,./Data/Grid4_New_PastOnly/CMIP6_MPI/graphs,"2008_2009,2009_2010,2010_2011,2011_2012,2012_2013,2013_2014,2014_2015",7,/home/exouser/StormSurge/configs/cross_dataset_infer_4stations/Lewes/past_only/NCEP/NCEP_to_MPI.sh,source_checkpoint_train
Lewes,past_only,NCEP,MRI,/home/exouser/media/share/PACT/FormalRuns_0925/single_tail_episodepeak_4x4/NCEP_Lewes_G0_T0500_EP0100__20260927_115826/best_overall.pt,./Data/Grid4_New/NCEP/graphs,./Data/Grid4_New_PastOnly/CMIP6_MRI/graphs,"2008_2009,2009_2010,2010_2011,2011_2012,2012_2013,2013_2014,2014_2015",7,/home/exouser/StormSurge/configs/cross_dataset_infer_4stations/Lewes/past_only/NCEP/NCEP_to_MRI.sh,source_checkpoint_train
Lewes,past_only,AWI,NCEP,/home/exouser/media/share/PACT/FormalRuns_0925/CMIP6_Lewes_QuickCheck_0929/past_only/CMIP6_AWI_Lewes_past_only_G0_T0500_EP0100__20261003_051753/best_overall.pt,./Data/Grid4_New_PastOnly/CMIP6_AWI/graphs,./Data/Grid4_New/NCEP/graphs,"2008_2009,2009_2010,2010_2011,2011_2012,2012_2013,2013_2014,2014_2015",7,/home/exouser/StormSurge/configs/cross_dataset_infer_4stations/Lewes/past_only/AWI/AWI_to_NCEP.sh,source_checkpoint_train
Lewes,past_only,AWI,AWI,/home/exouser/media/share/PACT/FormalRuns_0925/CMIP6_Lewes_QuickCheck_0929/past_only/CMIP6_AWI_Lewes_past_only_G0_T0500_EP0100__20261003_051753/best_overall.pt,./Data/Grid4_New_PastOnly/CMIP6_AWI/graphs,./Data/Grid4_New_PastOnly/CMIP6_AWI/graphs,"2008_2009,2009_2010,2010_2011,2011_2012,2012_2013,2013_2014,2014_2015",7,/home/exouser/StormSurge/configs/cross_dataset_infer_4stations/Lewes/past_only/AWI/AWI_to_AWI.sh,source_checkpoint_train
Lewes,past_only,AWI,CNRM,/home/exouser/media/share/PACT/FormalRuns_0925/CMIP6_Lewes_QuickCheck_0929/past_only/CMIP6_AWI_Lewes_past_only_G0_T0500_EP0100__20261003_051753/best_overall.pt,./Data/Grid4_New_PastOnly/CMIP6_AWI/graphs,./Data/Grid4_New_PastOnly/CMIP6_CNRM/graphs,"2008_2009,2009_2010,2010_2011,2011_2012,2012_2013,2013_2014,2014_2015",7,/home/exouser/StormSurge/configs/cross_dataset_infer_4stations/Lewes/past_only/AWI/AWI_to_CNRM.sh,source_checkpoint_train
Lewes,past_only,AWI,EC_EARTH,/home/exouser/media/share/PACT/FormalRuns_0925/CMIP6_Lewes_QuickCheck_0929/past_only/CMIP6_AWI_Lewes_past_only_G0_T0500_EP0100__20261003_051753/best_overall.pt,./Data/Grid4_New_PastOnly/CMIP6_AWI/graphs,./Data/Grid4_New_PastOnly/CMIP6_EC_EARTH/graphs,"2008_2009,2009_2010,2010_2011,2011_2012,2012_2013,2013_2014,2014_2015",7,/home/exouser/StormSurge/configs/cross_dataset_infer_4stations/Lewes/past_only/AWI/AWI_to_EC_EARTH.sh,source_checkpoint_train
Lewes,past_only,AWI,MPI,/home/exouser/media/share/PACT/FormalRuns_0925/CMIP6_Lewes_QuickCheck_0929/past_only/CMIP6_AWI_Lewes_past_only_G0_T0500_EP0100__20261003_051753/best_overall.pt,./Data/Grid4_New_PastOnly/CMIP6_AWI/graphs,./Data/Grid4_New_PastOnly/CMIP6_MPI/graphs,"2008_2009,2009_2010,2010_2011,2011_2012,2012_2013,2013_2014,2014_2015",7,/home/exouser/StormSurge/configs/cross_dataset_infer_4stations/Lewes/past_only/AWI/AWI_to_MPI.sh,source_checkpoint_train
Lewes,past_only,AWI,MRI,/home/exouser/media/share/PACT/FormalRuns_0925/CMIP6_Lewes_QuickCheck_0929/past_only/CMIP6_AWI_Lewes_past_only_G0_T0500_EP0100__20261003_051753/best_overall.pt,./Data/Grid4_New_PastOnly/CMIP6_AWI/graphs,./Data/Grid4_New_PastOnly/CMIP6_MRI/graphs,"2008_2009,2009_2010,2010_2011,2011_2012,2012_2013,2013_2014,2014_2015",7,/home/exouser/StormSurge/configs/cross_dataset_infer_4stations/Lewes/past_only/AWI/AWI_to_MRI.sh,source_checkpoint_train
Lewes,past_only,CNRM,NCEP,/home/exouser/media/share/PACT/FormalRuns_0925/CMIP6_Lewes_QuickCheck_0929/past_only/CMIP6_CNRM_Lewes_past_only_G0_T0500_EP0100__20261003_051753/best_overall.pt,./Data/Grid4_New_PastOnly/CMIP6_CNRM/graphs,./Data/Grid4_New/NCEP/graphs,"2008_2009,2009_2010,2010_2011,2011_2012,2012_2013,2013_2014,2014_2015",7,/home/exouser/StormSurge/configs/cross_dataset_infer_4stations/Lewes/past_only/CNRM/CNRM_to_NCEP.sh,source_checkpoint_train
Lewes,past_only,CNRM,AWI,/home/exouser/media/share/PACT/FormalRuns_0925/CMIP6_Lewes_QuickCheck_0929/past_only/CMIP6_CNRM_Lewes_past_only_G0_T0500_EP0100__20261003_051753/best_overall.pt,./Data/Grid4_New_PastOnly/CMIP6_CNRM/graphs,./Data/Grid4_New_PastOnly/CMIP6_AWI/graphs,"2008_2009,2009_2010,2010_2011,2011_2012,2012_2013,2013_2014,2014_2015",7,/home/exouser/StormSurge/configs/cross_dataset_infer_4stations/Lewes/past_only/CNRM/CNRM_to_AWI.sh,source_checkpoint_train
Lewes,past_only,CNRM,CNRM,/home/exouser/media/share/PACT/FormalRuns_0925/CMIP6_Lewes_QuickCheck_0929/past_only/CMIP6_CNRM_Lewes_past_only_G0_T0500_EP0100__20261003_051753/best_overall.pt,./Data/Grid4_New_PastOnly/CMIP6_CNRM/graphs,./Data/Grid4_New_PastOnly/CMIP6_CNRM/graphs,"2008_2009,2009_2010,2010_2011,2011_2012,2012_2013,2013_2014,2014_2015",7,/home/exouser/StormSurge/configs/cross_dataset_infer_4stations/Lewes/past_only/CNRM/CNRM_to_CNRM.sh,source_checkpoint_train
Lewes,past_only,CNRM,EC_EARTH,/home/exouser/media/share/PACT/FormalRuns_0925/CMIP6_Lewes_QuickCheck_0929/past_only/CMIP6_CNRM_Lewes_past_only_G0_T0500_EP0100__20261003_051753/best_overall.pt,./Data/Grid4_New_PastOnly/CMIP6_CNRM/graphs,./Data/Grid4_New_PastOnly/CMIP6_EC_EARTH/graphs,"2008_2009,2009_2010,2010_2011,2011_2012,2012_2013,2013_2014,2014_2015",7,/home/exouser/StormSurge/configs/cross_dataset_infer_4stations/Lewes/past_only/CNRM/CNRM_to_EC_EARTH.sh,source_checkpoint_train
Lewes,past_only,CNRM,MPI,/home/exouser/media/share/PACT/FormalRuns_0925/CMIP6_Lewes_QuickCheck_0929/past_only/CMIP6_CNRM_Lewes_past_only_G0_T0500_EP0100__20261003_051753/best_overall.pt,./Data/Grid4_New_PastOnly/CMIP6_CNRM/graphs,./Data/Grid4_New_PastOnly/CMIP6_MPI/graphs,"2008_2009,2009_2010,2010_2011,2011_2012,2012_2013,2013_2014,2014_2015",7,/home/exouser/StormSurge/configs/cross_dataset_infer_4stations/Lewes/past_only/CNRM/CNRM_to_MPI.sh,source_checkpoint_train
Lewes,past_only,CNRM,MRI,/home/exouser/media/share/PACT/FormalRuns_0925/CMIP6_Lewes_QuickCheck_0929/past_only/CMIP6_CNRM_Lewes_past_only_G0_T0500_EP0100__20261003_051753/best_overall.pt,./Data/Grid4_New_PastOnly/CMIP6_CNRM/graphs,./Data/Grid4_New_PastOnly/CMIP6_MRI/graphs,"2008_2009,2009_2010,2010_2011,2011_2012,2012_2013,2013_2014,2014_2015",7,/home/exouser/StormSurge/configs/cross_dataset_infer_4stations/Lewes/past_only/CNRM/CNRM_to_MRI.sh,source_checkpoint_train
Lewes,past_only,EC_EARTH,NCEP,/home/exouser/media/share/PACT/FormalRuns_0925/CMIP6_Lewes_QuickCheck_0929/past_only/CMIP6_EC_EARTH_Lewes_past_only_G0_T0500_EP0100__20261003_051753/best_overall.pt,./Data/Grid4_New_PastOnly/CMIP6_EC_EARTH/graphs,./Data/Grid4_New/NCEP/graphs,"2008_2009,2009_2010,2010_2011,2011_2012,2012_2013,2013_2014,2014_2015",7,/home/exouser/StormSurge/configs/cross_dataset_infer_4stations/Lewes/past_only/EC_EARTH/EC_EARTH_to_NCEP.sh,source_checkpoint_train
Lewes,past_only,EC_EARTH,AWI,/home/exouser/media/share/PACT/FormalRuns_0925/CMIP6_Lewes_QuickCheck_0929/past_only/CMIP6_EC_EARTH_Lewes_past_only_G0_T0500_EP0100__20261003_051753/best_overall.pt,./Data/Grid4_New_PastOnly/CMIP6_EC_EARTH/graphs,./Data/Grid4_New_PastOnly/CMIP6_AWI/graphs,"2008_2009,2009_2010,2010_2011,2011_2012,2012_2013,2013_2014,2014_2015",7,/home/exouser/StormSurge/configs/cross_dataset_infer_4stations/Lewes/past_only/EC_EARTH/EC_EARTH_to_AWI.sh,source_checkpoint_train
Lewes,past_only,EC_EARTH,CNRM,/home/exouser/media/share/PACT/FormalRuns_0925/CMIP6_Lewes_QuickCheck_0929/past_only/CMIP6_EC_EARTH_Lewes_past_only_G0_T0500_EP0100__20261003_051753/best_overall.pt,./Data/Grid4_New_PastOnly/CMIP6_EC_EARTH/graphs,./Data/Grid4_New_PastOnly/CMIP6_CNRM/graphs,"2008_2009,2009_2010,2010_2011,2011_2012,2012_2013,2013_2014,2014_2015",7,/home/exouser/StormSurge/configs/cross_dataset_infer_4stations/Lewes/past_only/EC_EARTH/EC_EARTH_to_CNRM.sh,source_checkpoint_train
Lewes,past_only,EC_EARTH,EC_EARTH,/home/exouser/media/share/PACT/FormalRuns_0925/CMIP6_Lewes_QuickCheck_0929/past_only/CMIP6_EC_EARTH_Lewes_past_only_G0_T0500_EP0100__20261003_051753/best_overall.pt,./Data/Grid4_New_PastOnly/CMIP6_EC_EARTH/graphs,./Data/Grid4_New_PastOnly/CMIP6_EC_EARTH/graphs,"2008_2009,2009_2010,2010_2011,2011_2012,2012_2013,2013_2014,2014_2015",7,/home/exouser/StormSurge/configs/cross_dataset_infer_4stations/Lewes/past_only/EC_EARTH/EC_EARTH_to_EC_EARTH.sh,source_checkpoint_train
Lewes,past_only,EC_EARTH,MPI,/home/exouser/media/share/PACT/FormalRuns_0925/CMIP6_Lewes_QuickCheck_0929/past_only/CMIP6_EC_EARTH_Lewes_past_only_G0_T0500_EP0100__20261003_051753/best_overall.pt,./Data/Grid4_New_PastOnly/CMIP6_EC_EARTH/graphs,./Data/Grid4_New_PastOnly/CMIP6_MPI/graphs,"2008_2009,2009_2010,2010_2011,2011_2012,2012_2013,2013_2014,2014_2015",7,/home/exouser/StormSurge/configs/cross_dataset_infer_4stations/Lewes/past_only/EC_EARTH/EC_EARTH_to_MPI.sh,source_checkpoint_train
Lewes,past_only,EC_EARTH,MRI,/home/exouser/media/share/PACT/FormalRuns_0925/CMIP6_Lewes_QuickCheck_0929/past_only/CMIP6_EC_EARTH_Lewes_past_only_G0_T0500_EP0100__20261003_051753/best_overall.pt,./Data/Grid4_New_PastOnly/CMIP6_EC_EARTH/graphs,./Data/Grid4_New_PastOnly/CMIP6_MRI/graphs,"2008_2009,2009_2010,2010_2011,2011_2012,2012_2013,2013_2014,2014_2015",7,/home/exouser/StormSurge/configs/cross_dataset_infer_4stations/Lewes/past_only/EC_EARTH/EC_EARTH_to_MRI.sh,source_checkpoint_train
Lewes,past_only,MPI,NCEP,/home/exouser/media/share/PACT/FormalRuns_0925/CMIP6_Lewes_QuickCheck_0929/past_only/CMIP6_MPI_Lewes_past_only_G0_T0500_EP0100__20261003_051753/best_overall.pt,./Data/Grid4_New_PastOnly/CMIP6_MPI/graphs,./Data/Grid4_New/NCEP/graphs,"2008_2009,2009_2010,2010_2011,2011_2012,2012_2013,2013_2014,2014_2015",7,/home/exouser/StormSurge/configs/cross_dataset_infer_4stations/Lewes/past_only/MPI/MPI_to_NCEP.sh,source_checkpoint_train
Lewes,past_only,MPI,AWI,/home/exouser/media/share/PACT/FormalRuns_0925/CMIP6_Lewes_QuickCheck_0929/past_only/CMIP6_MPI_Lewes_past_only_G0_T0500_EP0100__20261003_051753/best_overall.pt,./Data/Grid4_New_PastOnly/CMIP6_MPI/graphs,./Data/Grid4_New_PastOnly/CMIP6_AWI/graphs,"2008_2009,2009_2010,2010_2011,2011_2012,2012_2013,2013_2014,2014_2015",7,/home/exouser/StormSurge/configs/cross_dataset_infer_4stations/Lewes/past_only/MPI/MPI_to_AWI.sh,source_checkpoint_train
Lewes,past_only,MPI,CNRM,/home/exouser/media/share/PACT/FormalRuns_0925/CMIP6_Lewes_QuickCheck_0929/past_only/CMIP6_MPI_Lewes_past_only_G0_T0500_EP0100__20261003_051753/best_overall.pt,./Data/Grid4_New_PastOnly/CMIP6_MPI/graphs,./Data/Grid4_New_PastOnly/CMIP6_CNRM/graphs,"2008_2009,2009_2010,2010_2011,2011_2012,2012_2013,2013_2014,2014_2015",7,/home/exouser/StormSurge/configs/cross_dataset_infer_4stations/Lewes/past_only/MPI/MPI_to_CNRM.sh,source_checkpoint_train
Lewes,past_only,MPI,EC_EARTH,/home/exouser/media/share/PACT/FormalRuns_0925/CMIP6_Lewes_QuickCheck_0929/past_only/CMIP6_MPI_Lewes_past_only_G0_T0500_EP0100__20261003_051753/best_overall.pt,./Data/Grid4_New_PastOnly/CMIP6_MPI/graphs,./Data/Grid4_New_PastOnly/CMIP6_EC_EARTH/graphs,"2008_2009,2009_2010,2010_2011,2011_2012,2012_2013,2013_2014,2014_2015",7,/home/exouser/StormSurge/configs/cross_dataset_infer_4stations/Lewes/past_only/MPI/MPI_to_EC_EARTH.sh,source_checkpoint_train
Lewes,past_only,MPI,MPI,/home/exouser/media/share/PACT/FormalRuns_0925/CMIP6_Lewes_QuickCheck_0929/past_only/CMIP6_MPI_Lewes_past_only_G0_T0500_EP0100__20261003_051753/best_overall.pt,./Data/Grid4_New_PastOnly/CMIP6_MPI/graphs,./Data/Grid4_New_PastOnly/CMIP6_MPI/graphs,"2008_2009,2009_2010,2010_2011,2011_2012,2012_2013,2013_2014,2014_2015",7,/home/exouser/StormSurge/configs/cross_dataset_infer_4stations/Lewes/past_only/MPI/MPI_to_MPI.sh,source_checkpoint_train
Lewes,past_only,MPI,MRI,/home/exouser/media/share/PACT/FormalRuns_0925/CMIP6_Lewes_QuickCheck_0929/past_only/CMIP6_MPI_Lewes_past_only_G0_T0500_EP0100__20261003_051753/best_overall.pt,./Data/Grid4_New_PastOnly/CMIP6_MPI/graphs,./Data/Grid4_New_PastOnly/CMIP6_MRI/graphs,"2008_2009,2009_2010,2010_2011,2011_2012,2012_2013,2013_2014,2014_2015",7,/home/exouser/StormSurge/configs/cross_dataset_infer_4stations/Lewes/past_only/MPI/MPI_to_MRI.sh,source_checkpoint_train
Lewes,past_only,MRI,NCEP,/home/exouser/media/share/PACT/FormalRuns_0925/CMIP6_Lewes_QuickCheck_0929/past_only/CMIP6_MRI_Lewes_past_only_G0_T0500_EP0100__20261003_051753/best_overall.pt,./Data/Grid4_New_PastOnly/CMIP6_MRI/graphs,./Data/Grid4_New/NCEP/graphs,"2008_2009,2009_2010,2010_2011,2011_2012,2012_2013,2013_2014,2014_2015",7,/home/exouser/StormSurge/configs/cross_dataset_infer_4stations/Lewes/past_only/MRI/MRI_to_NCEP.sh,source_checkpoint_train
Lewes,past_only,MRI,AWI,/home/exouser/media/share/PACT/FormalRuns_0925/CMIP6_Lewes_QuickCheck_0929/past_only/CMIP6_MRI_Lewes_past_only_G0_T0500_EP0100__20261003_051753/best_overall.pt,./Data/Grid4_New_PastOnly/CMIP6_MRI/graphs,./Data/Grid4_New_PastOnly/CMIP6_AWI/graphs,"2008_2009,2009_2010,2010_2011,2011_2012,2012_2013,2013_2014,2014_2015",7,/home/exouser/StormSurge/configs/cross_dataset_infer_4stations/Lewes/past_only/MRI/MRI_to_AWI.sh,source_checkpoint_train
Lewes,past_only,MRI,CNRM,/home/exouser/media/share/PACT/FormalRuns_0925/CMIP6_Lewes_QuickCheck_0929/past_only/CMIP6_MRI_Lewes_past_only_G0_T0500_EP0100__20261003_051753/best_overall.pt,./Data/Grid4_New_PastOnly/CMIP6_MRI/graphs,./Data/Grid4_New_PastOnly/CMIP6_CNRM/graphs,"2008_2009,2009_2010,2010_2011,2011_2012,2012_2013,2013_2014,2014_2015",7,/home/exouser/StormSurge/configs/cross_dataset_infer_4stations/Lewes/past_only/MRI/MRI_to_CNRM.sh,source_checkpoint_train
Lewes,past_only,MRI,EC_EARTH,/home/exouser/media/share/PACT/FormalRuns_0925/CMIP6_Lewes_QuickCheck_0929/past_only/CMIP6_MRI_Lewes_past_only_G0_T0500_EP0100__20261003_051753/best_overall.pt,./Data/Grid4_New_PastOnly/CMIP6_MRI/graphs,./Data/Grid4_New_PastOnly/CMIP6_EC_EARTH/graphs,"2008_2009,2009_2010,2010_2011,2011_2012,2012_2013,2013_2014,2014_2015",7,/home/exouser/StormSurge/configs/cross_dataset_infer_4stations/Lewes/past_only/MRI/MRI_to_EC_EARTH.sh,source_checkpoint_train
Lewes,past_only,MRI,MPI,/home/exouser/media/share/PACT/FormalRuns_0925/CMIP6_Lewes_QuickCheck_0929/past_only/CMIP6_MRI_Lewes_past_only_G0_T0500_EP0100__20261003_051753/best_overall.pt,./Data/Grid4_New_PastOnly/CMIP6_MRI/graphs,./Data/Grid4_New_PastOnly/CMIP6_MPI/graphs,"2008_2009,2009_2010,2010_2011,2011_2012,2012_2013,2013_2014,2014_2015",7,/home/exouser/StormSurge/configs/cross_dataset_infer_4stations/Lewes/past_only/MRI/MRI_to_MPI.sh,source_checkpoint_train
Lewes,past_only,MRI,MRI,/home/exouser/media/share/PACT/FormalRuns_0925/CMIP6_Lewes_QuickCheck_0929/past_only/CMIP6_MRI_Lewes_past_only_G0_T0500_EP0100__20261003_051753/best_overall.pt,./Data/Grid4_New_PastOnly/CMIP6_MRI/graphs,./Data/Grid4_New_PastOnly/CMIP6_MRI/graphs,"2008_2009,2009_2010,2010_2011,2011_2012,2012_2013,2013_2014,2014_2015",7,/home/exouser/StormSurge/configs/cross_dataset_infer_4stations/Lewes/past_only/MRI/MRI_to_MRI.sh,source_checkpoint_train
Lewes,future_year,NCEP,AWI,/home/exouser/media/share/PACT/FormalRuns_0925/NCEP_future_transfer/NCEP_Lewes_future_transfer_G0_T0500_EP0100__20261006_010226/best_overall.pt,./Data/Grid4_New/NCEP/graphs,./Data/Grid4_New/CMIP6_AWI/graphs,"2070_2071,2071_2072,2072_2073,2073_2074,2074_2075,2075_2076,2076_2077,2077_2078,2078_2079,2079_2080,2080_2081,2081_2082,2082_2083,2083_2084,2084_2085,2085_2086,2086_2087,2087_2088,2088_2089,2089_2090,2090_2091,2091_2092,2092_2093,2093_2094,2094_2095,2095_2096,2096_2097,2097_2098,2098_2099,2099_2100",30,/home/exouser/StormSurge/configs/cross_dataset_infer_4stations/Lewes/future_year/NCEP/NCEP_to_AWI.sh,source_checkpoint_train
Lewes,future_year,NCEP,CNRM,/home/exouser/media/share/PACT/FormalRuns_0925/NCEP_future_transfer/NCEP_Lewes_future_transfer_G0_T0500_EP0100__20261006_010226/best_overall.pt,./Data/Grid4_New/NCEP/graphs,./Data/Grid4_New/CMIP6_CNRM/graphs,"2070_2071,2071_2072,2072_2073,2073_2074,2074_2075,2075_2076,2076_2077,2077_2078,2078_2079,2079_2080,2080_2081,2081_2082,2082_2083,2083_2084,2084_2085,2085_2086,2086_2087,2087_2088,2088_2089,2089_2090,2090_2091,2091_2092,2092_2093,2093_2094,2094_2095,2095_2096,2096_2097,2097_2098,2098_2099,2099_2100",30,/home/exouser/StormSurge/configs/cross_dataset_infer_4stations/Lewes/future_year/NCEP/NCEP_to_CNRM.sh,source_checkpoint_train
Lewes,future_year,NCEP,EC_EARTH,/home/exouser/media/share/PACT/FormalRuns_0925/NCEP_future_transfer/NCEP_Lewes_future_transfer_G0_T0500_EP0100__20261006_010226/best_overall.pt,./Data/Grid4_New/NCEP/graphs,./Data/Grid4_New/CMIP6_EC_EARTH/graphs,"2070_2071,2071_2072,2072_2073,2073_2074,2074_2075,2075_2076,2076_2077,2077_2078,2078_2079,2079_2080,2080_2081,2081_2082,2082_2083,2083_2084,2084_2085,2085_2086,2086_2087,2087_2088,2088_2089,2089_2090,2090_2091,2091_2092,2092_2093,2093_2094,2094_2095,2095_2096,2096_2097,2097_2098,2098_2099,2099_2100",30,/home/exouser/StormSurge/configs/cross_dataset_infer_4stations/Lewes/future_year/NCEP/NCEP_to_EC_EARTH.sh,source_checkpoint_train
Lewes,future_year,NCEP,MPI,/home/exouser/media/share/PACT/FormalRuns_0925/NCEP_future_transfer/NCEP_Lewes_future_transfer_G0_T0500_EP0100__20261006_010226/best_overall.pt,./Data/Grid4_New/NCEP/graphs,./Data/Grid4_New/CMIP6_MPI/graphs,"2070_2071,2071_2072,2072_2073,2073_2074,2074_2075,2075_2076,2076_2077,2077_2078,2078_2079,2079_2080,2080_2081,2081_2082,2082_2083,2083_2084,2084_2085,2085_2086,2086_2087,2087_2088,2088_2089,2089_2090,2090_2091,2091_2092,2092_2093,2093_2094,2094_2095,2095_2096,2096_2097,2097_2098,2098_2099,2099_2100",30,/home/exouser/StormSurge/configs/cross_dataset_infer_4stations/Lewes/future_year/NCEP/NCEP_to_MPI.sh,source_checkpoint_train
Lewes,future_year,NCEP,MRI,/home/exouser/media/share/PACT/FormalRuns_0925/NCEP_future_transfer/NCEP_Lewes_future_transfer_G0_T0500_EP0100__20261006_010226/best_overall.pt,./Data/Grid4_New/NCEP/graphs,./Data/Grid4_New/CMIP6_MRI/graphs,"2070_2071,2071_2072,2072_2073,2073_2074,2074_2075,2075_2076,2076_2077,2077_2078,2078_2079,2079_2080,2080_2081,2081_2082,2082_2083,2083_2084,2084_2085,2085_2086,2086_2087,2087_2088,2088_2089,2089_2090,2090_2091,2091_2092,2092_2093,2093_2094,2094_2095,2095_2096,2096_2097,2097_2098,2098_2099,2099_2100",30,/home/exouser/StormSurge/configs/cross_dataset_infer_4stations/Lewes/future_year/NCEP/NCEP_to_MRI.sh,source_checkpoint_train
Lewes,future_year,AWI,AWI,/home/exouser/media/share/PACT/FormalRuns_0925/CMIP6_Lewes_QuickCheck_0929/future_year/CMIP6_AWI_Lewes_future_year_G0_T0500_EP0100__20261003_051753/best_overall.pt,./Data/Grid4_New/CMIP6_AWI/graphs,./Data/Grid4_New/CMIP6_AWI/graphs,"2070_2071,2071_2072,2072_2073,2073_2074,2074_2075,2075_2076,2076_2077,2077_2078,2078_2079,2079_2080,2080_2081,2081_2082,2082_2083,2083_2084,2084_2085,2085_2086,2086_2087,2087_2088,2088_2089,2089_2090,2090_2091,2091_2092,2092_2093,2093_2094,2094_2095,2095_2096,2096_2097,2097_2098,2098_2099,2099_2100",30,/home/exouser/StormSurge/configs/cross_dataset_infer_4stations/Lewes/future_year/AWI/AWI_to_AWI.sh,source_checkpoint_train
Lewes,future_year,AWI,CNRM,/home/exouser/media/share/PACT/FormalRuns_0925/CMIP6_Lewes_QuickCheck_0929/future_year/CMIP6_AWI_Lewes_future_year_G0_T0500_EP0100__20261003_051753/best_overall.pt,./Data/Grid4_New/CMIP6_AWI/graphs,./Data/Grid4_New/CMIP6_CNRM/graphs,"2070_2071,2071_2072,2072_2073,2073_2074,2074_2075,2075_2076,2076_2077,2077_2078,2078_2079,2079_2080,2080_2081,2081_2082,2082_2083,2083_2084,2084_2085,2085_2086,2086_2087,2087_2088,2088_2089,2089_2090,2090_2091,2091_2092,2092_2093,2093_2094,2094_2095,2095_2096,2096_2097,2097_2098,2098_2099,2099_2100",30,/home/exouser/StormSurge/configs/cross_dataset_infer_4stations/Lewes/future_year/AWI/AWI_to_CNRM.sh,source_checkpoint_train
Lewes,future_year,AWI,EC_EARTH,/home/exouser/media/share/PACT/FormalRuns_0925/CMIP6_Lewes_QuickCheck_0929/future_year/CMIP6_AWI_Lewes_future_year_G0_T0500_EP0100__20261003_051753/best_overall.pt,./Data/Grid4_New/CMIP6_AWI/graphs,./Data/Grid4_New/CMIP6_EC_EARTH/graphs,"2070_2071,2071_2072,2072_2073,2073_2074,2074_2075,2075_2076,2076_2077,2077_2078,2078_2079,2079_2080,2080_2081,2081_2082,2082_2083,2083_2084,2084_2085,2085_2086,2086_2087,2087_2088,2088_2089,2089_2090,2090_2091,2091_2092,2092_2093,2093_2094,2094_2095,2095_2096,2096_2097,2097_2098,2098_2099,2099_2100",30,/home/exouser/StormSurge/configs/cross_dataset_infer_4stations/Lewes/future_year/AWI/AWI_to_EC_EARTH.sh,source_checkpoint_train
Lewes,future_year,AWI,MPI,/home/exouser/media/share/PACT/FormalRuns_0925/CMIP6_Lewes_QuickCheck_0929/future_year/CMIP6_AWI_Lewes_future_year_G0_T0500_EP0100__20261003_051753/best_overall.pt,./Data/Grid4_New/CMIP6_AWI/graphs,./Data/Grid4_New/CMIP6_MPI/graphs,"2070_2071,2071_2072,2072_2073,2073_2074,2074_2075,2075_2076,2076_2077,2077_2078,2078_2079,2079_2080,2080_2081,2081_2082,2082_2083,2083_2084,2084_2085,2085_2086,2086_2087,2087_2088,2088_2089,2089_2090,2090_2091,2091_2092,2092_2093,2093_2094,2094_2095,2095_2096,2096_2097,2097_2098,2098_2099,2099_2100",30,/home/exouser/StormSurge/configs/cross_dataset_infer_4stations/Lewes/future_year/AWI/AWI_to_MPI.sh,source_checkpoint_train
Lewes,future_year,AWI,MRI,/home/exouser/media/share/PACT/FormalRuns_0925/CMIP6_Lewes_QuickCheck_0929/future_year/CMIP6_AWI_Lewes_future_year_G0_T0500_EP0100__20261003_051753/best_overall.pt,./Data/Grid4_New/CMIP6_AWI/graphs,./Data/Grid4_New/CMIP6_MRI/graphs,"2070_2071,2071_2072,2072_2073,2073_2074,2074_2075,2075_2076,2076_2077,2077_2078,2078_2079,2079_2080,2080_2081,2081_2082,2082_2083,2083_2084,2084_2085,2085_2086,2086_2087,2087_2088,2088_2089,2089_2090,2090_2091,2091_2092,2092_2093,2093_2094,2094_2095,2095_2096,2096_2097,2097_2098,2098_2099,2099_2100",30,/home/exouser/StormSurge/configs/cross_dataset_infer_4stations/Lewes/future_year/AWI/AWI_to_MRI.sh,source_checkpoint_train
Lewes,future_year,CNRM,AWI,/home/exouser/media/share/PACT/FormalRuns_0925/CMIP6_Lewes_QuickCheck_0929/future_year/CMIP6_CNRM_Lewes_future_year_G0_T0500_EP0100__20261003_051753/best_overall.pt,./Data/Grid4_New/CMIP6_CNRM/graphs,./Data/Grid4_New/CMIP6_AWI/graphs,"2070_2071,2071_2072,2072_2073,2073_2074,2074_2075,2075_2076,2076_2077,2077_2078,2078_2079,2079_2080,2080_2081,2081_2082,2082_2083,2083_2084,2084_2085,2085_2086,2086_2087,2087_2088,2088_2089,2089_2090,2090_2091,2091_2092,2092_2093,2093_2094,2094_2095,2095_2096,2096_2097,2097_2098,2098_2099,2099_2100",30,/home/exouser/StormSurge/configs/cross_dataset_infer_4stations/Lewes/future_year/CNRM/CNRM_to_AWI.sh,source_checkpoint_train
Lewes,future_year,CNRM,CNRM,/home/exouser/media/share/PACT/FormalRuns_0925/CMIP6_Lewes_QuickCheck_0929/future_year/CMIP6_CNRM_Lewes_future_year_G0_T0500_EP0100__20261003_051753/best_overall.pt,./Data/Grid4_New/CMIP6_CNRM/graphs,./Data/Grid4_New/CMIP6_CNRM/graphs,"2070_2071,2071_2072,2072_2073,2073_2074,2074_2075,2075_2076,2076_2077,2077_2078,2078_2079,2079_2080,2080_2081,2081_2082,2082_2083,2083_2084,2084_2085,2085_2086,2086_2087,2087_2088,2088_2089,2089_2090,2090_2091,2091_2092,2092_2093,2093_2094,2094_2095,2095_2096,2096_2097,2097_2098,2098_2099,2099_2100",30,/home/exouser/StormSurge/configs/cross_dataset_infer_4stations/Lewes/future_year/CNRM/CNRM_to_CNRM.sh,source_checkpoint_train
Lewes,future_year,CNRM,EC_EARTH,/home/exouser/media/share/PACT/FormalRuns_0925/CMIP6_Lewes_QuickCheck_0929/future_year/CMIP6_CNRM_Lewes_future_year_G0_T0500_EP0100__20261003_051753/best_overall.pt,./Data/Grid4_New/CMIP6_CNRM/graphs,./Data/Grid4_New/CMIP6_EC_EARTH/graphs,"2070_2071,2071_2072,2072_2073,2073_2074,2074_2075,2075_2076,2076_2077,2077_2078,2078_2079,2079_2080,2080_2081,2081_2082,2082_2083,2083_2084,2084_2085,2085_2086,2086_2087,2087_2088,2088_2089,2089_2090,2090_2091,2091_2092,2092_2093,2093_2094,2094_2095,2095_2096,2096_2097,2097_2098,2098_2099,2099_2100",30,/home/exouser/StormSurge/configs/cross_dataset_infer_4stations/Lewes/future_year/CNRM/CNRM_to_EC_EARTH.sh,source_checkpoint_train
Lewes,future_year,CNRM,MPI,/home/exouser/media/share/PACT/FormalRuns_0925/CMIP6_Lewes_QuickCheck_0929/future_year/CMIP6_CNRM_Lewes_future_year_G0_T0500_EP0100__20261003_051753/best_overall.pt,./Data/Grid4_New/CMIP6_CNRM/graphs,./Data/Grid4_New/CMIP6_MPI/graphs,"2070_2071,2071_2072,2072_2073,2073_2074,2074_2075,2075_2076,2076_2077,2077_2078,2078_2079,2079_2080,2080_2081,2081_2082,2082_2083,2083_2084,2084_2085,2085_2086,2086_2087,2087_2088,2088_2089,2089_2090,2090_2091,2091_2092,2092_2093,2093_2094,2094_2095,2095_2096,2096_2097,2097_2098,2098_2099,2099_2100",30,/home/exouser/StormSurge/configs/cross_dataset_infer_4stations/Lewes/future_year/CNRM/CNRM_to_MPI.sh,source_checkpoint_train
Lewes,future_year,CNRM,MRI,/home/exouser/media/share/PACT/FormalRuns_0925/CMIP6_Lewes_QuickCheck_0929/future_year/CMIP6_CNRM_Lewes_future_year_G0_T0500_EP0100__20261003_051753/best_overall.pt,./Data/Grid4_New/CMIP6_CNRM/graphs,./Data/Grid4_New/CMIP6_MRI/graphs,"2070_2071,2071_2072,2072_2073,2073_2074,2074_2075,2075_2076,2076_2077,2077_2078,2078_2079,2079_2080,2080_2081,2081_2082,2082_2083,2083_2084,2084_2085,2085_2086,2086_2087,2087_2088,2088_2089,2089_2090,2090_2091,2091_2092,2092_2093,2093_2094,2094_2095,2095_2096,2096_2097,2097_2098,2098_2099,2099_2100",30,/home/exouser/StormSurge/configs/cross_dataset_infer_4stations/Lewes/future_year/CNRM/CNRM_to_MRI.sh,source_checkpoint_train
Lewes,future_year,EC_EARTH,AWI,/home/exouser/media/share/PACT/FormalRuns_0925/CMIP6_Lewes_QuickCheck_0929/future_year/CMIP6_EC_EARTH_Lewes_future_year_G0_T0500_EP0100__20261003_051753/best_overall.pt,./Data/Grid4_New/CMIP6_EC_EARTH/graphs,./Data/Grid4_New/CMIP6_AWI/graphs,"2070_2071,2071_2072,2072_2073,2073_2074,2074_2075,2075_2076,2076_2077,2077_2078,2078_2079,2079_2080,2080_2081,2081_2082,2082_2083,2083_2084,2084_2085,2085_2086,2086_2087,2087_2088,2088_2089,2089_2090,2090_2091,2091_2092,2092_2093,2093_2094,2094_2095,2095_2096,2096_2097,2097_2098,2098_2099,2099_2100",30,/home/exouser/StormSurge/configs/cross_dataset_infer_4stations/Lewes/future_year/EC_EARTH/EC_EARTH_to_AWI.sh,source_checkpoint_train
Lewes,future_year,EC_EARTH,CNRM,/home/exouser/media/share/PACT/FormalRuns_0925/CMIP6_Lewes_QuickCheck_0929/future_year/CMIP6_EC_EARTH_Lewes_future_year_G0_T0500_EP0100__20261003_051753/best_overall.pt,./Data/Grid4_New/CMIP6_EC_EARTH/graphs,./Data/Grid4_New/CMIP6_CNRM/graphs,"2070_2071,2071_2072,2072_2073,2073_2074,2074_2075,2075_2076,2076_2077,2077_2078,2078_2079,2079_2080,2080_2081,2081_2082,2082_2083,2083_2084,2084_2085,2085_2086,2086_2087,2087_2088,2088_2089,2089_2090,2090_2091,2091_2092,2092_2093,2093_2094,2094_2095,2095_2096,2096_2097,2097_2098,2098_2099,2099_2100",30,/home/exouser/StormSurge/configs/cross_dataset_infer_4stations/Lewes/future_year/EC_EARTH/EC_EARTH_to_CNRM.sh,source_checkpoint_train
Lewes,future_year,EC_EARTH,EC_EARTH,/home/exouser/media/share/PACT/FormalRuns_0925/CMIP6_Lewes_QuickCheck_0929/future_year/CMIP6_EC_EARTH_Lewes_future_year_G0_T0500_EP0100__20261003_051753/best_overall.pt,./Data/Grid4_New/CMIP6_EC_EARTH/graphs,./Data/Grid4_New/CMIP6_EC_EARTH/graphs,"2070_2071,2071_2072,2072_2073,2073_2074,2074_2075,2075_2076,2076_2077,2077_2078,2078_2079,2079_2080,2080_2081,2081_2082,2082_2083,2083_2084,2084_2085,2085_2086,2086_2087,2087_2088,2088_2089,2089_2090,2090_2091,2091_2092,2092_2093,2093_2094,2094_2095,2095_2096,2096_2097,2097_2098,2098_2099,2099_2100",30,/home/exouser/StormSurge/configs/cross_dataset_infer_4stations/Lewes/future_year/EC_EARTH/EC_EARTH_to_EC_EARTH.sh,source_checkpoint_train
Lewes,future_year,EC_EARTH,MPI,/home/exouser/media/share/PACT/FormalRuns_0925/CMIP6_Lewes_QuickCheck_0929/future_year/CMIP6_EC_EARTH_Lewes_future_year_G0_T0500_EP0100__20261003_051753/best_overall.pt,./Data/Grid4_New/CMIP6_EC_EARTH/graphs,./Data/Grid4_New/CMIP6_MPI/graphs,"2070_2071,2071_2072,2072_2073,2073_2074,2074_2075,2075_2076,2076_2077,2077_2078,2078_2079,2079_2080,2080_2081,2081_2082,2082_2083,2083_2084,2084_2085,2085_2086,2086_2087,2087_2088,2088_2089,2089_2090,2090_2091,2091_2092,2092_2093,2093_2094,2094_2095,2095_2096,2096_2097,2097_2098,2098_2099,2099_2100",30,/home/exouser/StormSurge/configs/cross_dataset_infer_4stations/Lewes/future_year/EC_EARTH/EC_EARTH_to_MPI.sh,source_checkpoint_train
Lewes,future_year,EC_EARTH,MRI,/home/exouser/media/share/PACT/FormalRuns_0925/CMIP6_Lewes_QuickCheck_0929/future_year/CMIP6_EC_EARTH_Lewes_future_year_G0_T0500_EP0100__20261003_051753/best_overall.pt,./Data/Grid4_New/CMIP6_EC_EARTH/graphs,./Data/Grid4_New/CMIP6_MRI/graphs,"2070_2071,2071_2072,2072_2073,2073_2074,2074_2075,2075_2076,2076_2077,2077_2078,2078_2079,2079_2080,2080_2081,2081_2082,2082_2083,2083_2084,2084_2085,2085_2086,2086_2087,2087_2088,2088_2089,2089_2090,2090_2091,2091_2092,2092_2093,2093_2094,2094_2095,2095_2096,2096_2097,2097_2098,2098_2099,2099_2100",30,/home/exouser/StormSurge/configs/cross_dataset_infer_4stations/Lewes/future_year/EC_EARTH/EC_EARTH_to_MRI.sh,source_checkpoint_train
Lewes,future_year,MPI,AWI,/home/exouser/media/share/PACT/FormalRuns_0925/CMIP6_Lewes_QuickCheck_0929/future_year/CMIP6_MPI_Lewes_future_year_G0_T0500_EP0100__20261003_051753/best_overall.pt,./Data/Grid4_New/CMIP6_MPI/graphs,./Data/Grid4_New/CMIP6_AWI/graphs,"2070_2071,2071_2072,2072_2073,2073_2074,2074_2075,2075_2076,2076_2077,2077_2078,2078_2079,2079_2080,2080_2081,2081_2082,2082_2083,2083_2084,2084_2085,2085_2086,2086_2087,2087_2088,2088_2089,2089_2090,2090_2091,2091_2092,2092_2093,2093_2094,2094_2095,2095_2096,2096_2097,2097_2098,2098_2099,2099_2100",30,/home/exouser/StormSurge/configs/cross_dataset_infer_4stations/Lewes/future_year/MPI/MPI_to_AWI.sh,source_checkpoint_train
Lewes,future_year,MPI,CNRM,/home/exouser/media/share/PACT/FormalRuns_0925/CMIP6_Lewes_QuickCheck_0929/future_year/CMIP6_MPI_Lewes_future_year_G0_T0500_EP0100__20261003_051753/best_overall.pt,./Data/Grid4_New/CMIP6_MPI/graphs,./Data/Grid4_New/CMIP6_CNRM/graphs,"2070_2071,2071_2072,2072_2073,2073_2074,2074_2075,2075_2076,2076_2077,2077_2078,2078_2079,2079_2080,2080_2081,2081_2082,2082_2083,2083_2084,2084_2085,2085_2086,2086_2087,2087_2088,2088_2089,2089_2090,2090_2091,2091_2092,2092_2093,2093_2094,2094_2095,2095_2096,2096_2097,2097_2098,2098_2099,2099_2100",30,/home/exouser/StormSurge/configs/cross_dataset_infer_4stations/Lewes/future_year/MPI/MPI_to_CNRM.sh,source_checkpoint_train
Lewes,future_year,MPI,EC_EARTH,/home/exouser/media/share/PACT/FormalRuns_0925/CMIP6_Lewes_QuickCheck_0929/future_year/CMIP6_MPI_Lewes_future_year_G0_T0500_EP0100__20261003_051753/best_overall.pt,./Data/Grid4_New/CMIP6_MPI/graphs,./Data/Grid4_New/CMIP6_EC_EARTH/graphs,"2070_2071,2071_2072,2072_2073,2073_2074,2074_2075,2075_2076,2076_2077,2077_2078,2078_2079,2079_2080,2080_2081,2081_2082,2082_2083,2083_2084,2084_2085,2085_2086,2086_2087,2087_2088,2088_2089,2089_2090,2090_2091,2091_2092,2092_2093,2093_2094,2094_2095,2095_2096,2096_2097,2097_2098,2098_2099,2099_2100",30,/home/exouser/StormSurge/configs/cross_dataset_infer_4stations/Lewes/future_year/MPI/MPI_to_EC_EARTH.sh,source_checkpoint_train
Lewes,future_year,MPI,MPI,/home/exouser/media/share/PACT/FormalRuns_0925/CMIP6_Lewes_QuickCheck_0929/future_year/CMIP6_MPI_Lewes_future_year_G0_T0500_EP0100__20261003_051753/best_overall.pt,./Data/Grid4_New/CMIP6_MPI/graphs,./Data/Grid4_New/CMIP6_MPI/graphs,"2070_2071,2071_2072,2072_2073,2073_2074,2074_2075,2075_2076,2076_2077,2077_2078,2078_2079,2079_2080,2080_2081,2081_2082,2082_2083,2083_2084,2084_2085,2085_2086,2086_2087,2087_2088,2088_2089,2089_2090,2090_2091,2091_2092,2092_2093,2093_2094,2094_2095,2095_2096,2096_2097,2097_2098,2098_2099,2099_2100",30,/home/exouser/StormSurge/configs/cross_dataset_infer_4stations/Lewes/future_year/MPI/MPI_to_MPI.sh,source_checkpoint_train
Lewes,future_year,MPI,MRI,/home/exouser/media/share/PACT/FormalRuns_0925/CMIP6_Lewes_QuickCheck_0929/future_year/CMIP6_MPI_Lewes_future_year_G0_T0500_EP0100__20261003_051753/best_overall.pt,./Data/Grid4_New/CMIP6_MPI/graphs,./Data/Grid4_New/CMIP6_MRI/graphs,"2070_2071,2071_2072,2072_2073,2073_2074,2074_2075,2075_2076,2076_2077,2077_2078,2078_2079,2079_2080,2080_2081,2081_2082,2082_2083,2083_2084,2084_2085,2085_2086,2086_2087,2087_2088,2088_2089,2089_2090,2090_2091,2091_2092,2092_2093,2093_2094,2094_2095,2095_2096,2096_2097,2097_2098,2098_2099,2099_2100",30,/home/exouser/StormSurge/configs/cross_dataset_infer_4stations/Lewes/future_year/MPI/MPI_to_MRI.sh,source_checkpoint_train
Lewes,future_year,MRI,AWI,/home/exouser/media/share/PACT/FormalRuns_0925/CMIP6_Lewes_QuickCheck_0929/future_year/CMIP6_MRI_Lewes_future_year_G0_T0500_EP0100__20261006_051633/best_overall.pt,./Data/Grid4_New/CMIP6_MRI/graphs,./Data/Grid4_New/CMIP6_AWI/graphs,"2070_2071,2071_2072,2072_2073,2073_2074,2074_2075,2075_2076,2076_2077,2077_2078,2078_2079,2079_2080,2080_2081,2081_2082,2082_2083,2083_2084,2084_2085,2085_2086,2086_2087,2087_2088,2088_2089,2089_2090,2090_2091,2091_2092,2092_2093,2093_2094,2094_2095,2095_2096,2096_2097,2097_2098,2098_2099,2099_2100",30,/home/exouser/StormSurge/configs/cross_dataset_infer_4stations/Lewes/future_year/MRI/MRI_to_AWI.sh,source_checkpoint_train
Lewes,future_year,MRI,CNRM,/home/exouser/media/share/PACT/FormalRuns_0925/CMIP6_Lewes_QuickCheck_0929/future_year/CMIP6_MRI_Lewes_future_year_G0_T0500_EP0100__20261006_051633/best_overall.pt,./Data/Grid4_New/CMIP6_MRI/graphs,./Data/Grid4_New/CMIP6_CNRM/graphs,"2070_2071,2071_2072,2072_2073,2073_2074,2074_2075,2075_2076,2076_2077,2077_2078,2078_2079,2079_2080,2080_2081,2081_2082,2082_2083,2083_2084,2084_2085,2085_2086,2086_2087,2087_2088,2088_2089,2089_2090,2090_2091,2091_2092,2092_2093,2093_2094,2094_2095,2095_2096,2096_2097,2097_2098,2098_2099,2099_2100",30,/home/exouser/StormSurge/configs/cross_dataset_infer_4stations/Lewes/future_year/MRI/MRI_to_CNRM.sh,source_checkpoint_train
Lewes,future_year,MRI,EC_EARTH,/home/exouser/media/share/PACT/FormalRuns_0925/CMIP6_Lewes_QuickCheck_0929/future_year/CMIP6_MRI_Lewes_future_year_G0_T0500_EP0100__20261006_051633/best_overall.pt,./Data/Grid4_New/CMIP6_MRI/graphs,./Data/Grid4_New/CMIP6_EC_EARTH/graphs,"2070_2071,2071_2072,2072_2073,2073_2074,2074_2075,2075_2076,2076_2077,2077_2078,2078_2079,2079_2080,2080_2081,2081_2082,2082_2083,2083_2084,2084_2085,2085_2086,2086_2087,2087_2088,2088_2089,2089_2090,2090_2091,2091_2092,2092_2093,2093_2094,2094_2095,2095_2096,2096_2097,2097_2098,2098_2099,2099_2100",30,/home/exouser/StormSurge/configs/cross_dataset_infer_4stations/Lewes/future_year/MRI/MRI_to_EC_EARTH.sh,source_checkpoint_train
Lewes,future_year,MRI,MPI,/home/exouser/media/share/PACT/FormalRuns_0925/CMIP6_Lewes_QuickCheck_0929/future_year/CMIP6_MRI_Lewes_future_year_G0_T0500_EP0100__20261006_051633/best_overall.pt,./Data/Grid4_New/CMIP6_MRI/graphs,./Data/Grid4_New/CMIP6_MPI/graphs,"2070_2071,2071_2072,2072_2073,2073_2074,2074_2075,2075_2076,2076_2077,2077_2078,2078_2079,2079_2080,2080_2081,2081_2082,2082_2083,2083_2084,2084_2085,2085_2086,2086_2087,2087_2088,2088_2089,2089_2090,2090_2091,2091_2092,2092_2093,2093_2094,2094_2095,2095_2096,2096_2097,2097_2098,2098_2099,2099_2100",30,/home/exouser/StormSurge/configs/cross_dataset_infer_4stations/Lewes/future_year/MRI/MRI_to_MPI.sh,source_checkpoint_train
Lewes,future_year,MRI,MRI,/home/exouser/media/share/PACT/FormalRuns_0925/CMIP6_Lewes_QuickCheck_0929/future_year/CMIP6_MRI_Lewes_future_year_G0_T0500_EP0100__20261006_051633/best_overall.pt,./Data/Grid4_New/CMIP6_MRI/graphs,./Data/Grid4_New/CMIP6_MRI/graphs,"2070_2071,2071_2072,2072_2073,2073_2074,2074_2075,2075_2076,2076_2077,2077_2078,2078_2079,2079_2080,2080_2081,2081_2082,2082_2083,2083_2084,2084_2085,2085_2086,2086_2087,2087_2088,2088_2089,2089_2090,2090_2091,2091_2092,2092_2093,2093_2094,2094_2095,2095_2096,2096_2097,2097_2098,2098_2099,2099_2100",30,/home/exouser/StormSurge/configs/cross_dataset_infer_4stations/Lewes/future_year/MRI/MRI_to_MRI.sh,source_checkpoint_train
Battery,past_only,NCEP,NCEP,/home/exouser/media/share/PACT/FormalRuns_0925/single_tail_episodepeak_4x4/NCEP_Battery_G0_T0500_EP0100__20260928_094059/best_overall.pt,./Data/Grid4_New/NCEP/graphs,./Data/Grid4_New/NCEP/graphs,"2008_2009,2009_2010,2010_2011,2011_2012,2012_2013,2013_2014,2014_2015",7,/home/exouser/StormSurge/configs/cross_dataset_infer_4stations/Battery/past_only/NCEP/NCEP_to_NCEP.sh,source_checkpoint_train
Battery,past_only,NCEP,AWI,/home/exouser/media/share/PACT/FormalRuns_0925/single_tail_episodepeak_4x4/NCEP_Battery_G0_T0500_EP0100__20260928_094059/best_overall.pt,./Data/Grid4_New/NCEP/graphs,./Data/Grid4_New_PastOnly/CMIP6_AWI/graphs,"2008_2009,2009_2010,2010_2011,2011_2012,2012_2013,2013_2014,2014_2015",7,/home/exouser/StormSurge/configs/cross_dataset_infer_4stations/Battery/past_only/NCEP/NCEP_to_AWI.sh,source_checkpoint_train
Battery,past_only,NCEP,CNRM,/home/exouser/media/share/PACT/FormalRuns_0925/single_tail_episodepeak_4x4/NCEP_Battery_G0_T0500_EP0100__20260928_094059/best_overall.pt,./Data/Grid4_New/NCEP/graphs,./Data/Grid4_New_PastOnly/CMIP6_CNRM/graphs,"2008_2009,2009_2010,2010_2011,2011_2012,2012_2013,2013_2014,2014_2015",7,/home/exouser/StormSurge/configs/cross_dataset_infer_4stations/Battery/past_only/NCEP/NCEP_to_CNRM.sh,source_checkpoint_train
Battery,past_only,NCEP,EC_EARTH,/home/exouser/media/share/PACT/FormalRuns_0925/single_tail_episodepeak_4x4/NCEP_Battery_G0_T0500_EP0100__20260928_094059/best_overall.pt,./Data/Grid4_New/NCEP/graphs,./Data/Grid4_New_PastOnly/CMIP6_EC_EARTH/graphs,"2008_2009,2009_2010,2010_2011,2011_2012,2012_2013,2013_2014,2014_2015",7,/home/exouser/StormSurge/configs/cross_dataset_infer_4stations/Battery/past_only/NCEP/NCEP_to_EC_EARTH.sh,source_checkpoint_train
Battery,past_only,NCEP,MPI,/home/exouser/media/share/PACT/FormalRuns_0925/single_tail_episodepeak_4x4/NCEP_Battery_G0_T0500_EP0100__20260928_094059/best_overall.pt,./Data/Grid4_New/NCEP/graphs,./Data/Grid4_New_PastOnly/CMIP6_MPI/graphs,"2008_2009,2009_2010,2010_2011,2011_2012,2012_2013,2013_2014,2014_2015",7,/home/exouser/StormSurge/configs/cross_dataset_infer_4stations/Battery/past_only/NCEP/NCEP_to_MPI.sh,source_checkpoint_train
Battery,past_only,NCEP,MRI,/home/exouser/media/share/PACT/FormalRuns_0925/single_tail_episodepeak_4x4/NCEP_Battery_G0_T0500_EP0100__20260928_094059/best_overall.pt,./Data/Grid4_New/NCEP/graphs,./Data/Grid4_New_PastOnly/CMIP6_MRI/graphs,"2008_2009,2009_2010,2010_2011,2011_2012,2012_2013,2013_2014,2014_2015",7,/home/exouser/StormSurge/configs/cross_dataset_infer_4stations/Battery/past_only/NCEP/NCEP_to_MRI.sh,source_checkpoint_train
Battery,past_only,AWI,NCEP,/home/exouser/media/share/PACT/FormalRuns_0925/CMIP6_Battery_QuickCheck_0929/past_only/CMIP6_AWI_Battery_past_only_G0_T0500_EP0100__20261003_051753/best_overall.pt,./Data/Grid4_New_PastOnly/CMIP6_AWI/graphs,./Data/Grid4_New/NCEP/graphs,"2008_2009,2009_2010,2010_2011,2011_2012,2012_2013,2013_2014,2014_2015",7,/home/exouser/StormSurge/configs/cross_dataset_infer_4stations/Battery/past_only/AWI/AWI_to_NCEP.sh,source_checkpoint_train
Battery,past_only,AWI,AWI,/home/exouser/media/share/PACT/FormalRuns_0925/CMIP6_Battery_QuickCheck_0929/past_only/CMIP6_AWI_Battery_past_only_G0_T0500_EP0100__20261003_051753/best_overall.pt,./Data/Grid4_New_PastOnly/CMIP6_AWI/graphs,./Data/Grid4_New_PastOnly/CMIP6_AWI/graphs,"2008_2009,2009_2010,2010_2011,2011_2012,2012_2013,2013_2014,2014_2015",7,/home/exouser/StormSurge/configs/cross_dataset_infer_4stations/Battery/past_only/AWI/AWI_to_AWI.sh,source_checkpoint_train
Battery,past_only,AWI,CNRM,/home/exouser/media/share/PACT/FormalRuns_0925/CMIP6_Battery_QuickCheck_0929/past_only/CMIP6_AWI_Battery_past_only_G0_T0500_EP0100__20261003_051753/best_overall.pt,./Data/Grid4_New_PastOnly/CMIP6_AWI/graphs,./Data/Grid4_New_PastOnly/CMIP6_CNRM/graphs,"2008_2009,2009_2010,2010_2011,2011_2012,2012_2013,2013_2014,2014_2015",7,/home/exouser/StormSurge/configs/cross_dataset_infer_4stations/Battery/past_only/AWI/AWI_to_CNRM.sh,source_checkpoint_train
Battery,past_only,AWI,EC_EARTH,/home/exouser/media/share/PACT/FormalRuns_0925/CMIP6_Battery_QuickCheck_0929/past_only/CMIP6_AWI_Battery_past_only_G0_T0500_EP0100__20261003_051753/best_overall.pt,./Data/Grid4_New_PastOnly/CMIP6_AWI/graphs,./Data/Grid4_New_PastOnly/CMIP6_EC_EARTH/graphs,"2008_2009,2009_2010,2010_2011,2011_2012,2012_2013,2013_2014,2014_2015",7,/home/exouser/StormSurge/configs/cross_dataset_infer_4stations/Battery/past_only/AWI/AWI_to_EC_EARTH.sh,source_checkpoint_train
Battery,past_only,AWI,MPI,/home/exouser/media/share/PACT/FormalRuns_0925/CMIP6_Battery_QuickCheck_0929/past_only/CMIP6_AWI_Battery_past_only_G0_T0500_EP0100__20261003_051753/best_overall.pt,./Data/Grid4_New_PastOnly/CMIP6_AWI/graphs,./Data/Grid4_New_PastOnly/CMIP6_MPI/graphs,"2008_2009,2009_2010,2010_2011,2011_2012,2012_2013,2013_2014,2014_2015",7,/home/exouser/StormSurge/configs/cross_dataset_infer_4stations/Battery/past_only/AWI/AWI_to_MPI.sh,source_checkpoint_train
Battery,past_only,AWI,MRI,/home/exouser/media/share/PACT/FormalRuns_0925/CMIP6_Battery_QuickCheck_0929/past_only/CMIP6_AWI_Battery_past_only_G0_T0500_EP0100__20261003_051753/best_overall.pt,./Data/Grid4_New_PastOnly/CMIP6_AWI/graphs,./Data/Grid4_New_PastOnly/CMIP6_MRI/graphs,"2008_2009,2009_2010,2010_2011,2011_2012,2012_2013,2013_2014,2014_2015",7,/home/exouser/StormSurge/configs/cross_dataset_infer_4stations/Battery/past_only/AWI/AWI_to_MRI.sh,source_checkpoint_train
Battery,past_only,CNRM,NCEP,/home/exouser/media/share/PACT/FormalRuns_0925/CMIP6_Battery_QuickCheck_0929/past_only/CMIP6_CNRM_Battery_past_only_G0_T0500_EP0100__20261003_051753/best_overall.pt,./Data/Grid4_New_PastOnly/CMIP6_CNRM/graphs,./Data/Grid4_New/NCEP/graphs,"2008_2009,2009_2010,2010_2011,2011_2012,2012_2013,2013_2014,2014_2015",7,/home/exouser/StormSurge/configs/cross_dataset_infer_4stations/Battery/past_only/CNRM/CNRM_to_NCEP.sh,source_checkpoint_train
Battery,past_only,CNRM,AWI,/home/exouser/media/share/PACT/FormalRuns_0925/CMIP6_Battery_QuickCheck_0929/past_only/CMIP6_CNRM_Battery_past_only_G0_T0500_EP0100__20261003_051753/best_overall.pt,./Data/Grid4_New_PastOnly/CMIP6_CNRM/graphs,./Data/Grid4_New_PastOnly/CMIP6_AWI/graphs,"2008_2009,2009_2010,2010_2011,2011_2012,2012_2013,2013_2014,2014_2015",7,/home/exouser/StormSurge/configs/cross_dataset_infer_4stations/Battery/past_only/CNRM/CNRM_to_AWI.sh,source_checkpoint_train
Battery,past_only,CNRM,CNRM,/home/exouser/media/share/PACT/FormalRuns_0925/CMIP6_Battery_QuickCheck_0929/past_only/CMIP6_CNRM_Battery_past_only_G0_T0500_EP0100__20261003_051753/best_overall.pt,./Data/Grid4_New_PastOnly/CMIP6_CNRM/graphs,./Data/Grid4_New_PastOnly/CMIP6_CNRM/graphs,"2008_2009,2009_2010,2010_2011,2011_2012,2012_2013,2013_2014,2014_2015",7,/home/exouser/StormSurge/configs/cross_dataset_infer_4stations/Battery/past_only/CNRM/CNRM_to_CNRM.sh,source_checkpoint_train
Battery,past_only,CNRM,EC_EARTH,/home/exouser/media/share/PACT/FormalRuns_0925/CMIP6_Battery_QuickCheck_0929/past_only/CMIP6_CNRM_Battery_past_only_G0_T0500_EP0100__20261003_051753/best_overall.pt,./Data/Grid4_New_PastOnly/CMIP6_CNRM/graphs,./Data/Grid4_New_PastOnly/CMIP6_EC_EARTH/graphs,"2008_2009,2009_2010,2010_2011,2011_2012,2012_2013,2013_2014,2014_2015",7,/home/exouser/StormSurge/configs/cross_dataset_infer_4stations/Battery/past_only/CNRM/CNRM_to_EC_EARTH.sh,source_checkpoint_train
Battery,past_only,CNRM,MPI,/home/exouser/media/share/PACT/FormalRuns_0925/CMIP6_Battery_QuickCheck_0929/past_only/CMIP6_CNRM_Battery_past_only_G0_T0500_EP0100__20261003_051753/best_overall.pt,./Data/Grid4_New_PastOnly/CMIP6_CNRM/graphs,./Data/Grid4_New_PastOnly/CMIP6_MPI/graphs,"2008_2009,2009_2010,2010_2011,2011_2012,2012_2013,2013_2014,2014_2015",7,/home/exouser/StormSurge/configs/cross_dataset_infer_4stations/Battery/past_only/CNRM/CNRM_to_MPI.sh,source_checkpoint_train
Battery,past_only,CNRM,MRI,/home/exouser/media/share/PACT/FormalRuns_0925/CMIP6_Battery_QuickCheck_0929/past_only/CMIP6_CNRM_Battery_past_only_G0_T0500_EP0100__20261003_051753/best_overall.pt,./Data/Grid4_New_PastOnly/CMIP6_CNRM/graphs,./Data/Grid4_New_PastOnly/CMIP6_MRI/graphs,"2008_2009,2009_2010,2010_2011,2011_2012,2012_2013,2013_2014,2014_2015",7,/home/exouser/StormSurge/configs/cross_dataset_infer_4stations/Battery/past_only/CNRM/CNRM_to_MRI.sh,source_checkpoint_train
Battery,past_only,EC_EARTH,NCEP,/home/exouser/media/share/PACT/FormalRuns_0925/CMIP6_Battery_QuickCheck_0929/past_only/CMIP6_EC_EARTH_Battery_past_only_G0_T0500_EP0100__20261003_051753/best_overall.pt,./Data/Grid4_New_PastOnly/CMIP6_EC_EARTH/graphs,./Data/Grid4_New/NCEP/graphs,"2008_2009,2009_2010,2010_2011,2011_2012,2012_2013,2013_2014,2014_2015",7,/home/exouser/StormSurge/configs/cross_dataset_infer_4stations/Battery/past_only/EC_EARTH/EC_EARTH_to_NCEP.sh,source_checkpoint_train
Battery,past_only,EC_EARTH,AWI,/home/exouser/media/share/PACT/FormalRuns_0925/CMIP6_Battery_QuickCheck_0929/past_only/CMIP6_EC_EARTH_Battery_past_only_G0_T0500_EP0100__20261003_051753/best_overall.pt,./Data/Grid4_New_PastOnly/CMIP6_EC_EARTH/graphs,./Data/Grid4_New_PastOnly/CMIP6_AWI/graphs,"2008_2009,2009_2010,2010_2011,2011_2012,2012_2013,2013_2014,2014_2015",7,/home/exouser/StormSurge/configs/cross_dataset_infer_4stations/Battery/past_only/EC_EARTH/EC_EARTH_to_AWI.sh,source_checkpoint_train
Battery,past_only,EC_EARTH,CNRM,/home/exouser/media/share/PACT/FormalRuns_0925/CMIP6_Battery_QuickCheck_0929/past_only/CMIP6_EC_EARTH_Battery_past_only_G0_T0500_EP0100__20261003_051753/best_overall.pt,./Data/Grid4_New_PastOnly/CMIP6_EC_EARTH/graphs,./Data/Grid4_New_PastOnly/CMIP6_CNRM/graphs,"2008_2009,2009_2010,2010_2011,2011_2012,2012_2013,2013_2014,2014_2015",7,/home/exouser/StormSurge/configs/cross_dataset_infer_4stations/Battery/past_only/EC_EARTH/EC_EARTH_to_CNRM.sh,source_checkpoint_train
Battery,past_only,EC_EARTH,EC_EARTH,/home/exouser/media/share/PACT/FormalRuns_0925/CMIP6_Battery_QuickCheck_0929/past_only/CMIP6_EC_EARTH_Battery_past_only_G0_T0500_EP0100__20261003_051753/best_overall.pt,./Data/Grid4_New_PastOnly/CMIP6_EC_EARTH/graphs,./Data/Grid4_New_PastOnly/CMIP6_EC_EARTH/graphs,"2008_2009,2009_2010,2010_2011,2011_2012,2012_2013,2013_2014,2014_2015",7,/home/exouser/StormSurge/configs/cross_dataset_infer_4stations/Battery/past_only/EC_EARTH/EC_EARTH_to_EC_EARTH.sh,source_checkpoint_train
Battery,past_only,EC_EARTH,MPI,/home/exouser/media/share/PACT/FormalRuns_0925/CMIP6_Battery_QuickCheck_0929/past_only/CMIP6_EC_EARTH_Battery_past_only_G0_T0500_EP0100__20261003_051753/best_overall.pt,./Data/Grid4_New_PastOnly/CMIP6_EC_EARTH/graphs,./Data/Grid4_New_PastOnly/CMIP6_MPI/graphs,"2008_2009,2009_2010,2010_2011,2011_2012,2012_2013,2013_2014,2014_2015",7,/home/exouser/StormSurge/configs/cross_dataset_infer_4stations/Battery/past_only/EC_EARTH/EC_EARTH_to_MPI.sh,source_checkpoint_train
Battery,past_only,EC_EARTH,MRI,/home/exouser/media/share/PACT/FormalRuns_0925/CMIP6_Battery_QuickCheck_0929/past_only/CMIP6_EC_EARTH_Battery_past_only_G0_T0500_EP0100__20261003_051753/best_overall.pt,./Data/Grid4_New_PastOnly/CMIP6_EC_EARTH/graphs,./Data/Grid4_New_PastOnly/CMIP6_MRI/graphs,"2008_2009,2009_2010,2010_2011,2011_2012,2012_2013,2013_2014,2014_2015",7,/home/exouser/StormSurge/configs/cross_dataset_infer_4stations/Battery/past_only/EC_EARTH/EC_EARTH_to_MRI.sh,source_checkpoint_train
Battery,past_only,MPI,NCEP,/home/exouser/media/share/PACT/FormalRuns_0925/CMIP6_Battery_QuickCheck_0929/past_only/CMIP6_MPI_Battery_past_only_G0_T0500_EP0100__20261003_051753/best_overall.pt,./Data/Grid4_New_PastOnly/CMIP6_MPI/graphs,./Data/Grid4_New/NCEP/graphs,"2008_2009,2009_2010,2010_2011,2011_2012,2012_2013,2013_2014,2014_2015",7,/home/exouser/StormSurge/configs/cross_dataset_infer_4stations/Battery/past_only/MPI/MPI_to_NCEP.sh,source_checkpoint_train
Battery,past_only,MPI,AWI,/home/exouser/media/share/PACT/FormalRuns_0925/CMIP6_Battery_QuickCheck_0929/past_only/CMIP6_MPI_Battery_past_only_G0_T0500_EP0100__20261003_051753/best_overall.pt,./Data/Grid4_New_PastOnly/CMIP6_MPI/graphs,./Data/Grid4_New_PastOnly/CMIP6_AWI/graphs,"2008_2009,2009_2010,2010_2011,2011_2012,2012_2013,2013_2014,2014_2015",7,/home/exouser/StormSurge/configs/cross_dataset_infer_4stations/Battery/past_only/MPI/MPI_to_AWI.sh,source_checkpoint_train
Battery,past_only,MPI,CNRM,/home/exouser/media/share/PACT/FormalRuns_0925/CMIP6_Battery_QuickCheck_0929/past_only/CMIP6_MPI_Battery_past_only_G0_T0500_EP0100__20261003_051753/best_overall.pt,./Data/Grid4_New_PastOnly/CMIP6_MPI/graphs,./Data/Grid4_New_PastOnly/CMIP6_CNRM/graphs,"2008_2009,2009_2010,2010_2011,2011_2012,2012_2013,2013_2014,2014_2015",7,/home/exouser/StormSurge/configs/cross_dataset_infer_4stations/Battery/past_only/MPI/MPI_to_CNRM.sh,source_checkpoint_train
Battery,past_only,MPI,EC_EARTH,/home/exouser/media/share/PACT/FormalRuns_0925/CMIP6_Battery_QuickCheck_0929/past_only/CMIP6_MPI_Battery_past_only_G0_T0500_EP0100__20261003_051753/best_overall.pt,./Data/Grid4_New_PastOnly/CMIP6_MPI/graphs,./Data/Grid4_New_PastOnly/CMIP6_EC_EARTH/graphs,"2008_2009,2009_2010,2010_2011,2011_2012,2012_2013,2013_2014,2014_2015",7,/home/exouser/StormSurge/configs/cross_dataset_infer_4stations/Battery/past_only/MPI/MPI_to_EC_EARTH.sh,source_checkpoint_train
Battery,past_only,MPI,MPI,/home/exouser/media/share/PACT/FormalRuns_0925/CMIP6_Battery_QuickCheck_0929/past_only/CMIP6_MPI_Battery_past_only_G0_T0500_EP0100__20261003_051753/best_overall.pt,./Data/Grid4_New_PastOnly/CMIP6_MPI/graphs,./Data/Grid4_New_PastOnly/CMIP6_MPI/graphs,"2008_2009,2009_2010,2010_2011,2011_2012,2012_2013,2013_2014,2014_2015",7,/home/exouser/StormSurge/configs/cross_dataset_infer_4stations/Battery/past_only/MPI/MPI_to_MPI.sh,source_checkpoint_train
Battery,past_only,MPI,MRI,/home/exouser/media/share/PACT/FormalRuns_0925/CMIP6_Battery_QuickCheck_0929/past_only/CMIP6_MPI_Battery_past_only_G0_T0500_EP0100__20261003_051753/best_overall.pt,./Data/Grid4_New_PastOnly/CMIP6_MPI/graphs,./Data/Grid4_New_PastOnly/CMIP6_MRI/graphs,"2008_2009,2009_2010,2010_2011,2011_2012,2012_2013,2013_2014,2014_2015",7,/home/exouser/StormSurge/configs/cross_dataset_infer_4stations/Battery/past_only/MPI/MPI_to_MRI.sh,source_checkpoint_train
Battery,past_only,MRI,NCEP,/home/exouser/media/share/PACT/FormalRuns_0925/CMIP6_Battery_QuickCheck_0929/past_only/CMIP6_MRI_Battery_past_only_G0_T0500_EP0100__20261005_152955/best_overall.pt,./Data/Grid4_New_PastOnly/CMIP6_MRI/graphs,./Data/Grid4_New/NCEP/graphs,"2008_2009,2009_2010,2010_2011,2011_2012,2012_2013,2013_2014,2014_2015",7,/home/exouser/StormSurge/configs/cross_dataset_infer_4stations/Battery/past_only/MRI/MRI_to_NCEP.sh,source_checkpoint_train
Battery,past_only,MRI,AWI,/home/exouser/media/share/PACT/FormalRuns_0925/CMIP6_Battery_QuickCheck_0929/past_only/CMIP6_MRI_Battery_past_only_G0_T0500_EP0100__20261005_152955/best_overall.pt,./Data/Grid4_New_PastOnly/CMIP6_MRI/graphs,./Data/Grid4_New_PastOnly/CMIP6_AWI/graphs,"2008_2009,2009_2010,2010_2011,2011_2012,2012_2013,2013_2014,2014_2015",7,/home/exouser/StormSurge/configs/cross_dataset_infer_4stations/Battery/past_only/MRI/MRI_to_AWI.sh,source_checkpoint_train
Battery,past_only,MRI,CNRM,/home/exouser/media/share/PACT/FormalRuns_0925/CMIP6_Battery_QuickCheck_0929/past_only/CMIP6_MRI_Battery_past_only_G0_T0500_EP0100__20261005_152955/best_overall.pt,./Data/Grid4_New_PastOnly/CMIP6_MRI/graphs,./Data/Grid4_New_PastOnly/CMIP6_CNRM/graphs,"2008_2009,2009_2010,2010_2011,2011_2012,2012_2013,2013_2014,2014_2015",7,/home/exouser/StormSurge/configs/cross_dataset_infer_4stations/Battery/past_only/MRI/MRI_to_CNRM.sh,source_checkpoint_train
Battery,past_only,MRI,EC_EARTH,/home/exouser/media/share/PACT/FormalRuns_0925/CMIP6_Battery_QuickCheck_0929/past_only/CMIP6_MRI_Battery_past_only_G0_T0500_EP0100__20261005_152955/best_overall.pt,./Data/Grid4_New_PastOnly/CMIP6_MRI/graphs,./Data/Grid4_New_PastOnly/CMIP6_EC_EARTH/graphs,"2008_2009,2009_2010,2010_2011,2011_2012,2012_2013,2013_2014,2014_2015",7,/home/exouser/StormSurge/configs/cross_dataset_infer_4stations/Battery/past_only/MRI/MRI_to_EC_EARTH.sh,source_checkpoint_train
Battery,past_only,MRI,MPI,/home/exouser/media/share/PACT/FormalRuns_0925/CMIP6_Battery_QuickCheck_0929/past_only/CMIP6_MRI_Battery_past_only_G0_T0500_EP0100__20261005_152955/best_overall.pt,./Data/Grid4_New_PastOnly/CMIP6_MRI/graphs,./Data/Grid4_New_PastOnly/CMIP6_MPI/graphs,"2008_2009,2009_2010,2010_2011,2011_2012,2012_2013,2013_2014,2014_2015",7,/home/exouser/StormSurge/configs/cross_dataset_infer_4stations/Battery/past_only/MRI/MRI_to_MPI.sh,source_checkpoint_train
Battery,past_only,MRI,MRI,/home/exouser/media/share/PACT/FormalRuns_0925/CMIP6_Battery_QuickCheck_0929/past_only/CMIP6_MRI_Battery_past_only_G0_T0500_EP0100__20261005_152955/best_overall.pt,./Data/Grid4_New_PastOnly/CMIP6_MRI/graphs,./Data/Grid4_New_PastOnly/CMIP6_MRI/graphs,"2008_2009,2009_2010,2010_2011,2011_2012,2012_2013,2013_2014,2014_2015",7,/home/exouser/StormSurge/configs/cross_dataset_infer_4stations/Battery/past_only/MRI/MRI_to_MRI.sh,source_checkpoint_train
Battery,future_year,NCEP,AWI,/home/exouser/media/share/PACT/FormalRuns_0925/NCEP_future_transfer/NCEP_Battery_future_transfer_G0_T0500_EP0100__20261005_235201/best_overall.pt,./Data/Grid4_New/NCEP/graphs,./Data/Grid4_New/CMIP6_AWI/graphs,"2070_2071,2071_2072,2072_2073,2073_2074,2074_2075,2075_2076,2076_2077,2077_2078,2078_2079,2079_2080,2080_2081,2081_2082,2082_2083,2083_2084,2084_2085,2085_2086,2086_2087,2087_2088,2088_2089,2089_2090,2090_2091,2091_2092,2092_2093,2093_2094,2094_2095,2095_2096,2096_2097,2097_2098,2098_2099,2099_2100",30,/home/exouser/StormSurge/configs/cross_dataset_infer_4stations/Battery/future_year/NCEP/NCEP_to_AWI.sh,source_checkpoint_train
Battery,future_year,NCEP,CNRM,/home/exouser/media/share/PACT/FormalRuns_0925/NCEP_future_transfer/NCEP_Battery_future_transfer_G0_T0500_EP0100__20261005_235201/best_overall.pt,./Data/Grid4_New/NCEP/graphs,./Data/Grid4_New/CMIP6_CNRM/graphs,"2070_2071,2071_2072,2072_2073,2073_2074,2074_2075,2075_2076,2076_2077,2077_2078,2078_2079,2079_2080,2080_2081,2081_2082,2082_2083,2083_2084,2084_2085,2085_2086,2086_2087,2087_2088,2088_2089,2089_2090,2090_2091,2091_2092,2092_2093,2093_2094,2094_2095,2095_2096,2096_2097,2097_2098,2098_2099,2099_2100",30,/home/exouser/StormSurge/configs/cross_dataset_infer_4stations/Battery/future_year/NCEP/NCEP_to_CNRM.sh,source_checkpoint_train
Battery,future_year,NCEP,EC_EARTH,/home/exouser/media/share/PACT/FormalRuns_0925/NCEP_future_transfer/NCEP_Battery_future_transfer_G0_T0500_EP0100__20261005_235201/best_overall.pt,./Data/Grid4_New/NCEP/graphs,./Data/Grid4_New/CMIP6_EC_EARTH/graphs,"2070_2071,2071_2072,2072_2073,2073_2074,2074_2075,2075_2076,2076_2077,2077_2078,2078_2079,2079_2080,2080_2081,2081_2082,2082_2083,2083_2084,2084_2085,2085_2086,2086_2087,2087_2088,2088_2089,2089_2090,2090_2091,2091_2092,2092_2093,2093_2094,2094_2095,2095_2096,2096_2097,2097_2098,2098_2099,2099_2100",30,/home/exouser/StormSurge/configs/cross_dataset_infer_4stations/Battery/future_year/NCEP/NCEP_to_EC_EARTH.sh,source_checkpoint_train
Battery,future_year,NCEP,MPI,/home/exouser/media/share/PACT/FormalRuns_0925/NCEP_future_transfer/NCEP_Battery_future_transfer_G0_T0500_EP0100__20261005_235201/best_overall.pt,./Data/Grid4_New/NCEP/graphs,./Data/Grid4_New/CMIP6_MPI/graphs,"2070_2071,2071_2072,2072_2073,2073_2074,2074_2075,2075_2076,2076_2077,2077_2078,2078_2079,2079_2080,2080_2081,2081_2082,2082_2083,2083_2084,2084_2085,2085_2086,2086_2087,2087_2088,2088_2089,2089_2090,2090_2091,2091_2092,2092_2093,2093_2094,2094_2095,2095_2096,2096_2097,2097_2098,2098_2099,2099_2100",30,/home/exouser/StormSurge/configs/cross_dataset_infer_4stations/Battery/future_year/NCEP/NCEP_to_MPI.sh,source_checkpoint_train
Battery,future_year,NCEP,MRI,/home/exouser/media/share/PACT/FormalRuns_0925/NCEP_future_transfer/NCEP_Battery_future_transfer_G0_T0500_EP0100__20261005_235201/best_overall.pt,./Data/Grid4_New/NCEP/graphs,./Data/Grid4_New/CMIP6_MRI/graphs,"2070_2071,2071_2072,2072_2073,2073_2074,2074_2075,2075_2076,2076_2077,2077_2078,2078_2079,2079_2080,2080_2081,2081_2082,2082_2083,2083_2084,2084_2085,2085_2086,2086_2087,2087_2088,2088_2089,2089_2090,2090_2091,2091_2092,2092_2093,2093_2094,2094_2095,2095_2096,2096_2097,2097_2098,2098_2099,2099_2100",30,/home/exouser/StormSurge/configs/cross_dataset_infer_4stations/Battery/future_year/NCEP/NCEP_to_MRI.sh,source_checkpoint_train
Battery,future_year,AWI,AWI,/home/exouser/media/share/PACT/FormalRuns_0925/CMIP6_Battery_QuickCheck_0929/future_year/CMIP6_AWI_Battery_future_year_G0_T0500_EP0100__20261003_051753/best_overall.pt,./Data/Grid4_New/CMIP6_AWI/graphs,./Data/Grid4_New/CMIP6_AWI/graphs,"2070_2071,2071_2072,2072_2073,2073_2074,2074_2075,2075_2076,2076_2077,2077_2078,2078_2079,2079_2080,2080_2081,2081_2082,2082_2083,2083_2084,2084_2085,2085_2086,2086_2087,2087_2088,2088_2089,2089_2090,2090_2091,2091_2092,2092_2093,2093_2094,2094_2095,2095_2096,2096_2097,2097_2098,2098_2099,2099_2100",30,/home/exouser/StormSurge/configs/cross_dataset_infer_4stations/Battery/future_year/AWI/AWI_to_AWI.sh,source_checkpoint_train
Battery,future_year,AWI,CNRM,/home/exouser/media/share/PACT/FormalRuns_0925/CMIP6_Battery_QuickCheck_0929/future_year/CMIP6_AWI_Battery_future_year_G0_T0500_EP0100__20261003_051753/best_overall.pt,./Data/Grid4_New/CMIP6_AWI/graphs,./Data/Grid4_New/CMIP6_CNRM/graphs,"2070_2071,2071_2072,2072_2073,2073_2074,2074_2075,2075_2076,2076_2077,2077_2078,2078_2079,2079_2080,2080_2081,2081_2082,2082_2083,2083_2084,2084_2085,2085_2086,2086_2087,2087_2088,2088_2089,2089_2090,2090_2091,2091_2092,2092_2093,2093_2094,2094_2095,2095_2096,2096_2097,2097_2098,2098_2099,2099_2100",30,/home/exouser/StormSurge/configs/cross_dataset_infer_4stations/Battery/future_year/AWI/AWI_to_CNRM.sh,source_checkpoint_train
Battery,future_year,AWI,EC_EARTH,/home/exouser/media/share/PACT/FormalRuns_0925/CMIP6_Battery_QuickCheck_0929/future_year/CMIP6_AWI_Battery_future_year_G0_T0500_EP0100__20261003_051753/best_overall.pt,./Data/Grid4_New/CMIP6_AWI/graphs,./Data/Grid4_New/CMIP6_EC_EARTH/graphs,"2070_2071,2071_2072,2072_2073,2073_2074,2074_2075,2075_2076,2076_2077,2077_2078,2078_2079,2079_2080,2080_2081,2081_2082,2082_2083,2083_2084,2084_2085,2085_2086,2086_2087,2087_2088,2088_2089,2089_2090,2090_2091,2091_2092,2092_2093,2093_2094,2094_2095,2095_2096,2096_2097,2097_2098,2098_2099,2099_2100",30,/home/exouser/StormSurge/configs/cross_dataset_infer_4stations/Battery/future_year/AWI/AWI_to_EC_EARTH.sh,source_checkpoint_train
Battery,future_year,AWI,MPI,/home/exouser/media/share/PACT/FormalRuns_0925/CMIP6_Battery_QuickCheck_0929/future_year/CMIP6_AWI_Battery_future_year_G0_T0500_EP0100__20261003_051753/best_overall.pt,./Data/Grid4_New/CMIP6_AWI/graphs,./Data/Grid4_New/CMIP6_MPI/graphs,"2070_2071,2071_2072,2072_2073,2073_2074,2074_2075,2075_2076,2076_2077,2077_2078,2078_2079,2079_2080,2080_2081,2081_2082,2082_2083,2083_2084,2084_2085,2085_2086,2086_2087,2087_2088,2088_2089,2089_2090,2090_2091,2091_2092,2092_2093,2093_2094,2094_2095,2095_2096,2096_2097,2097_2098,2098_2099,2099_2100",30,/home/exouser/StormSurge/configs/cross_dataset_infer_4stations/Battery/future_year/AWI/AWI_to_MPI.sh,source_checkpoint_train
Battery,future_year,AWI,MRI,/home/exouser/media/share/PACT/FormalRuns_0925/CMIP6_Battery_QuickCheck_0929/future_year/CMIP6_AWI_Battery_future_year_G0_T0500_EP0100__20261003_051753/best_overall.pt,./Data/Grid4_New/CMIP6_AWI/graphs,./Data/Grid4_New/CMIP6_MRI/graphs,"2070_2071,2071_2072,2072_2073,2073_2074,2074_2075,2075_2076,2076_2077,2077_2078,2078_2079,2079_2080,2080_2081,2081_2082,2082_2083,2083_2084,2084_2085,2085_2086,2086_2087,2087_2088,2088_2089,2089_2090,2090_2091,2091_2092,2092_2093,2093_2094,2094_2095,2095_2096,2096_2097,2097_2098,2098_2099,2099_2100",30,/home/exouser/StormSurge/configs/cross_dataset_infer_4stations/Battery/future_year/AWI/AWI_to_MRI.sh,source_checkpoint_train
Battery,future_year,CNRM,AWI,/home/exouser/media/share/PACT/FormalRuns_0925/CMIP6_Battery_QuickCheck_0929/future_year/CMIP6_CNRM_Battery_future_year_G0_T0500_EP0100__20261003_051753/best_overall.pt,./Data/Grid4_New/CMIP6_CNRM/graphs,./Data/Grid4_New/CMIP6_AWI/graphs,"2070_2071,2071_2072,2072_2073,2073_2074,2074_2075,2075_2076,2076_2077,2077_2078,2078_2079,2079_2080,2080_2081,2081_2082,2082_2083,2083_2084,2084_2085,2085_2086,2086_2087,2087_2088,2088_2089,2089_2090,2090_2091,2091_2092,2092_2093,2093_2094,2094_2095,2095_2096,2096_2097,2097_2098,2098_2099,2099_2100",30,/home/exouser/StormSurge/configs/cross_dataset_infer_4stations/Battery/future_year/CNRM/CNRM_to_AWI.sh,source_checkpoint_train
Battery,future_year,CNRM,CNRM,/home/exouser/media/share/PACT/FormalRuns_0925/CMIP6_Battery_QuickCheck_0929/future_year/CMIP6_CNRM_Battery_future_year_G0_T0500_EP0100__20261003_051753/best_overall.pt,./Data/Grid4_New/CMIP6_CNRM/graphs,./Data/Grid4_New/CMIP6_CNRM/graphs,"2070_2071,2071_2072,2072_2073,2073_2074,2074_2075,2075_2076,2076_2077,2077_2078,2078_2079,2079_2080,2080_2081,2081_2082,2082_2083,2083_2084,2084_2085,2085_2086,2086_2087,2087_2088,2088_2089,2089_2090,2090_2091,2091_2092,2092_2093,2093_2094,2094_2095,2095_2096,2096_2097,2097_2098,2098_2099,2099_2100",30,/home/exouser/StormSurge/configs/cross_dataset_infer_4stations/Battery/future_year/CNRM/CNRM_to_CNRM.sh,source_checkpoint_train
Battery,future_year,CNRM,EC_EARTH,/home/exouser/media/share/PACT/FormalRuns_0925/CMIP6_Battery_QuickCheck_0929/future_year/CMIP6_CNRM_Battery_future_year_G0_T0500_EP0100__20261003_051753/best_overall.pt,./Data/Grid4_New/CMIP6_CNRM/graphs,./Data/Grid4_New/CMIP6_EC_EARTH/graphs,"2070_2071,2071_2072,2072_2073,2073_2074,2074_2075,2075_2076,2076_2077,2077_2078,2078_2079,2079_2080,2080_2081,2081_2082,2082_2083,2083_2084,2084_2085,2085_2086,2086_2087,2087_2088,2088_2089,2089_2090,2090_2091,2091_2092,2092_2093,2093_2094,2094_2095,2095_2096,2096_2097,2097_2098,2098_2099,2099_2100",30,/home/exouser/StormSurge/configs/cross_dataset_infer_4stations/Battery/future_year/CNRM/CNRM_to_EC_EARTH.sh,source_checkpoint_train
Battery,future_year,CNRM,MPI,/home/exouser/media/share/PACT/FormalRuns_0925/CMIP6_Battery_QuickCheck_0929/future_year/CMIP6_CNRM_Battery_future_year_G0_T0500_EP0100__20261003_051753/best_overall.pt,./Data/Grid4_New/CMIP6_CNRM/graphs,./Data/Grid4_New/CMIP6_MPI/graphs,"2070_2071,2071_2072,2072_2073,2073_2074,2074_2075,2075_2076,2076_2077,2077_2078,2078_2079,2079_2080,2080_2081,2081_2082,2082_2083,2083_2084,2084_2085,2085_2086,2086_2087,2087_2088,2088_2089,2089_2090,2090_2091,2091_2092,2092_2093,2093_2094,2094_2095,2095_2096,2096_2097,2097_2098,2098_2099,2099_2100",30,/home/exouser/StormSurge/configs/cross_dataset_infer_4stations/Battery/future_year/CNRM/CNRM_to_MPI.sh,source_checkpoint_train
Battery,future_year,CNRM,MRI,/home/exouser/media/share/PACT/FormalRuns_0925/CMIP6_Battery_QuickCheck_0929/future_year/CMIP6_CNRM_Battery_future_year_G0_T0500_EP0100__20261003_051753/best_overall.pt,./Data/Grid4_New/CMIP6_CNRM/graphs,./Data/Grid4_New/CMIP6_MRI/graphs,"2070_2071,2071_2072,2072_2073,2073_2074,2074_2075,2075_2076,2076_2077,2077_2078,2078_2079,2079_2080,2080_2081,2081_2082,2082_2083,2083_2084,2084_2085,2085_2086,2086_2087,2087_2088,2088_2089,2089_2090,2090_2091,2091_2092,2092_2093,2093_2094,2094_2095,2095_2096,2096_2097,2097_2098,2098_2099,2099_2100",30,/home/exouser/StormSurge/configs/cross_dataset_infer_4stations/Battery/future_year/CNRM/CNRM_to_MRI.sh,source_checkpoint_train
Battery,future_year,EC_EARTH,AWI,/home/exouser/media/share/PACT/FormalRuns_0925/CMIP6_Battery_QuickCheck_0929/future_year/CMIP6_EC_EARTH_Battery_future_year_G0_T0500_EP0100__20261003_051753/best_overall.pt,./Data/Grid4_New/CMIP6_EC_EARTH/graphs,./Data/Grid4_New/CMIP6_AWI/graphs,"2070_2071,2071_2072,2072_2073,2073_2074,2074_2075,2075_2076,2076_2077,2077_2078,2078_2079,2079_2080,2080_2081,2081_2082,2082_2083,2083_2084,2084_2085,2085_2086,2086_2087,2087_2088,2088_2089,2089_2090,2090_2091,2091_2092,2092_2093,2093_2094,2094_2095,2095_2096,2096_2097,2097_2098,2098_2099,2099_2100",30,/home/exouser/StormSurge/configs/cross_dataset_infer_4stations/Battery/future_year/EC_EARTH/EC_EARTH_to_AWI.sh,source_checkpoint_train
Battery,future_year,EC_EARTH,CNRM,/home/exouser/media/share/PACT/FormalRuns_0925/CMIP6_Battery_QuickCheck_0929/future_year/CMIP6_EC_EARTH_Battery_future_year_G0_T0500_EP0100__20261003_051753/best_overall.pt,./Data/Grid4_New/CMIP6_EC_EARTH/graphs,./Data/Grid4_New/CMIP6_CNRM/graphs,"2070_2071,2071_2072,2072_2073,2073_2074,2074_2075,2075_2076,2076_2077,2077_2078,2078_2079,2079_2080,2080_2081,2081_2082,2082_2083,2083_2084,2084_2085,2085_2086,2086_2087,2087_2088,2088_2089,2089_2090,2090_2091,2091_2092,2092_2093,2093_2094,2094_2095,2095_2096,2096_2097,2097_2098,2098_2099,2099_2100",30,/home/exouser/StormSurge/configs/cross_dataset_infer_4stations/Battery/future_year/EC_EARTH/EC_EARTH_to_CNRM.sh,source_checkpoint_train
Battery,future_year,EC_EARTH,EC_EARTH,/home/exouser/media/share/PACT/FormalRuns_0925/CMIP6_Battery_QuickCheck_0929/future_year/CMIP6_EC_EARTH_Battery_future_year_G0_T0500_EP0100__20261003_051753/best_overall.pt,./Data/Grid4_New/CMIP6_EC_EARTH/graphs,./Data/Grid4_New/CMIP6_EC_EARTH/graphs,"2070_2071,2071_2072,2072_2073,2073_2074,2074_2075,2075_2076,2076_2077,2077_2078,2078_2079,2079_2080,2080_2081,2081_2082,2082_2083,2083_2084,2084_2085,2085_2086,2086_2087,2087_2088,2088_2089,2089_2090,2090_2091,2091_2092,2092_2093,2093_2094,2094_2095,2095_2096,2096_2097,2097_2098,2098_2099,2099_2100",30,/home/exouser/StormSurge/configs/cross_dataset_infer_4stations/Battery/future_year/EC_EARTH/EC_EARTH_to_EC_EARTH.sh,source_checkpoint_train
Battery,future_year,EC_EARTH,MPI,/home/exouser/media/share/PACT/FormalRuns_0925/CMIP6_Battery_QuickCheck_0929/future_year/CMIP6_EC_EARTH_Battery_future_year_G0_T0500_EP0100__20261003_051753/best_overall.pt,./Data/Grid4_New/CMIP6_EC_EARTH/graphs,./Data/Grid4_New/CMIP6_MPI/graphs,"2070_2071,2071_2072,2072_2073,2073_2074,2074_2075,2075_2076,2076_2077,2077_2078,2078_2079,2079_2080,2080_2081,2081_2082,2082_2083,2083_2084,2084_2085,2085_2086,2086_2087,2087_2088,2088_2089,2089_2090,2090_2091,2091_2092,2092_2093,2093_2094,2094_2095,2095_2096,2096_2097,2097_2098,2098_2099,2099_2100",30,/home/exouser/StormSurge/configs/cross_dataset_infer_4stations/Battery/future_year/EC_EARTH/EC_EARTH_to_MPI.sh,source_checkpoint_train
Battery,future_year,EC_EARTH,MRI,/home/exouser/media/share/PACT/FormalRuns_0925/CMIP6_Battery_QuickCheck_0929/future_year/CMIP6_EC_EARTH_Battery_future_year_G0_T0500_EP0100__20261003_051753/best_overall.pt,./Data/Grid4_New/CMIP6_EC_EARTH/graphs,./Data/Grid4_New/CMIP6_MRI/graphs,"2070_2071,2071_2072,2072_2073,2073_2074,2074_2075,2075_2076,2076_2077,2077_2078,2078_2079,2079_2080,2080_2081,2081_2082,2082_2083,2083_2084,2084_2085,2085_2086,2086_2087,2087_2088,2088_2089,2089_2090,2090_2091,2091_2092,2092_2093,2093_2094,2094_2095,2095_2096,2096_2097,2097_2098,2098_2099,2099_2100",30,/home/exouser/StormSurge/configs/cross_dataset_infer_4stations/Battery/future_year/EC_EARTH/EC_EARTH_to_MRI.sh,source_checkpoint_train
Battery,future_year,MPI,AWI,/home/exouser/media/share/PACT/FormalRuns_0925/CMIP6_Battery_QuickCheck_0929/future_year/CMIP6_MPI_Battery_future_year_G0_T0500_EP0100__20261003_051753/best_overall.pt,./Data/Grid4_New/CMIP6_MPI/graphs,./Data/Grid4_New/CMIP6_AWI/graphs,"2070_2071,2071_2072,2072_2073,2073_2074,2074_2075,2075_2076,2076_2077,2077_2078,2078_2079,2079_2080,2080_2081,2081_2082,2082_2083,2083_2084,2084_2085,2085_2086,2086_2087,2087_2088,2088_2089,2089_2090,2090_2091,2091_2092,2092_2093,2093_2094,2094_2095,2095_2096,2096_2097,2097_2098,2098_2099,2099_2100",30,/home/exouser/StormSurge/configs/cross_dataset_infer_4stations/Battery/future_year/MPI/MPI_to_AWI.sh,source_checkpoint_train
Battery,future_year,MPI,CNRM,/home/exouser/media/share/PACT/FormalRuns_0925/CMIP6_Battery_QuickCheck_0929/future_year/CMIP6_MPI_Battery_future_year_G0_T0500_EP0100__20261003_051753/best_overall.pt,./Data/Grid4_New/CMIP6_MPI/graphs,./Data/Grid4_New/CMIP6_CNRM/graphs,"2070_2071,2071_2072,2072_2073,2073_2074,2074_2075,2075_2076,2076_2077,2077_2078,2078_2079,2079_2080,2080_2081,2081_2082,2082_2083,2083_2084,2084_2085,2085_2086,2086_2087,2087_2088,2088_2089,2089_2090,2090_2091,2091_2092,2092_2093,2093_2094,2094_2095,2095_2096,2096_2097,2097_2098,2098_2099,2099_2100",30,/home/exouser/StormSurge/configs/cross_dataset_infer_4stations/Battery/future_year/MPI/MPI_to_CNRM.sh,source_checkpoint_train
Battery,future_year,MPI,EC_EARTH,/home/exouser/media/share/PACT/FormalRuns_0925/CMIP6_Battery_QuickCheck_0929/future_year/CMIP6_MPI_Battery_future_year_G0_T0500_EP0100__20261003_051753/best_overall.pt,./Data/Grid4_New/CMIP6_MPI/graphs,./Data/Grid4_New/CMIP6_EC_EARTH/graphs,"2070_2071,2071_2072,2072_2073,2073_2074,2074_2075,2075_2076,2076_2077,2077_2078,2078_2079,2079_2080,2080_2081,2081_2082,2082_2083,2083_2084,2084_2085,2085_2086,2086_2087,2087_2088,2088_2089,2089_2090,2090_2091,2091_2092,2092_2093,2093_2094,2094_2095,2095_2096,2096_2097,2097_2098,2098_2099,2099_2100",30,/home/exouser/StormSurge/configs/cross_dataset_infer_4stations/Battery/future_year/MPI/MPI_to_EC_EARTH.sh,source_checkpoint_train
Battery,future_year,MPI,MPI,/home/exouser/media/share/PACT/FormalRuns_0925/CMIP6_Battery_QuickCheck_0929/future_year/CMIP6_MPI_Battery_future_year_G0_T0500_EP0100__20261003_051753/best_overall.pt,./Data/Grid4_New/CMIP6_MPI/graphs,./Data/Grid4_New/CMIP6_MPI/graphs,"2070_2071,2071_2072,2072_2073,2073_2074,2074_2075,2075_2076,2076_2077,2077_2078,2078_2079,2079_2080,2080_2081,2081_2082,2082_2083,2083_2084,2084_2085,2085_2086,2086_2087,2087_2088,2088_2089,2089_2090,2090_2091,2091_2092,2092_2093,2093_2094,2094_2095,2095_2096,2096_2097,2097_2098,2098_2099,2099_2100",30,/home/exouser/StormSurge/configs/cross_dataset_infer_4stations/Battery/future_year/MPI/MPI_to_MPI.sh,source_checkpoint_train
Battery,future_year,MPI,MRI,/home/exouser/media/share/PACT/FormalRuns_0925/CMIP6_Battery_QuickCheck_0929/future_year/CMIP6_MPI_Battery_future_year_G0_T0500_EP0100__20261003_051753/best_overall.pt,./Data/Grid4_New/CMIP6_MPI/graphs,./Data/Grid4_New/CMIP6_MRI/graphs,"2070_2071,2071_2072,2072_2073,2073_2074,2074_2075,2075_2076,2076_2077,2077_2078,2078_2079,2079_2080,2080_2081,2081_2082,2082_2083,2083_2084,2084_2085,2085_2086,2086_2087,2087_2088,2088_2089,2089_2090,2090_2091,2091_2092,2092_2093,2093_2094,2094_2095,2095_2096,2096_2097,2097_2098,2098_2099,2099_2100",30,/home/exouser/StormSurge/configs/cross_dataset_infer_4stations/Battery/future_year/MPI/MPI_to_MRI.sh,source_checkpoint_train
Battery,future_year,MRI,AWI,/home/exouser/media/share/PACT/FormalRuns_0925/CMIP6_Battery_QuickCheck_0929/future_year/CMIP6_MRI_Battery_future_year_G0_T0500_EP0100__20261003_051753/best_overall.pt,./Data/Grid4_New/CMIP6_MRI/graphs,./Data/Grid4_New/CMIP6_AWI/graphs,"2070_2071,2071_2072,2072_2073,2073_2074,2074_2075,2075_2076,2076_2077,2077_2078,2078_2079,2079_2080,2080_2081,2081_2082,2082_2083,2083_2084,2084_2085,2085_2086,2086_2087,2087_2088,2088_2089,2089_2090,2090_2091,2091_2092,2092_2093,2093_2094,2094_2095,2095_2096,2096_2097,2097_2098,2098_2099,2099_2100",30,/home/exouser/StormSurge/configs/cross_dataset_infer_4stations/Battery/future_year/MRI/MRI_to_AWI.sh,source_checkpoint_train
Battery,future_year,MRI,CNRM,/home/exouser/media/share/PACT/FormalRuns_0925/CMIP6_Battery_QuickCheck_0929/future_year/CMIP6_MRI_Battery_future_year_G0_T0500_EP0100__20261003_051753/best_overall.pt,./Data/Grid4_New/CMIP6_MRI/graphs,./Data/Grid4_New/CMIP6_CNRM/graphs,"2070_2071,2071_2072,2072_2073,2073_2074,2074_2075,2075_2076,2076_2077,2077_2078,2078_2079,2079_2080,2080_2081,2081_2082,2082_2083,2083_2084,2084_2085,2085_2086,2086_2087,2087_2088,2088_2089,2089_2090,2090_2091,2091_2092,2092_2093,2093_2094,2094_2095,2095_2096,2096_2097,2097_2098,2098_2099,2099_2100",30,/home/exouser/StormSurge/configs/cross_dataset_infer_4stations/Battery/future_year/MRI/MRI_to_CNRM.sh,source_checkpoint_train
Battery,future_year,MRI,EC_EARTH,/home/exouser/media/share/PACT/FormalRuns_0925/CMIP6_Battery_QuickCheck_0929/future_year/CMIP6_MRI_Battery_future_year_G0_T0500_EP0100__20261003_051753/best_overall.pt,./Data/Grid4_New/CMIP6_MRI/graphs,./Data/Grid4_New/CMIP6_EC_EARTH/graphs,"2070_2071,2071_2072,2072_2073,2073_2074,2074_2075,2075_2076,2076_2077,2077_2078,2078_2079,2079_2080,2080_2081,2081_2082,2082_2083,2083_2084,2084_2085,2085_2086,2086_2087,2087_2088,2088_2089,2089_2090,2090_2091,2091_2092,2092_2093,2093_2094,2094_2095,2095_2096,2096_2097,2097_2098,2098_2099,2099_2100",30,/home/exouser/StormSurge/configs/cross_dataset_infer_4stations/Battery/future_year/MRI/MRI_to_EC_EARTH.sh,source_checkpoint_train
Battery,future_year,MRI,MPI,/home/exouser/media/share/PACT/FormalRuns_0925/CMIP6_Battery_QuickCheck_0929/future_year/CMIP6_MRI_Battery_future_year_G0_T0500_EP0100__20261003_051753/best_overall.pt,./Data/Grid4_New/CMIP6_MRI/graphs,./Data/Grid4_New/CMIP6_MPI/graphs,"2070_2071,2071_2072,2072_2073,2073_2074,2074_2075,2075_2076,2076_2077,2077_2078,2078_2079,2079_2080,2080_2081,2081_2082,2082_2083,2083_2084,2084_2085,2085_2086,2086_2087,2087_2088,2088_2089,2089_2090,2090_2091,2091_2092,2092_2093,2093_2094,2094_2095,2095_2096,2096_2097,2097_2098,2098_2099,2099_2100",30,/home/exouser/StormSurge/configs/cross_dataset_infer_4stations/Battery/future_year/MRI/MRI_to_MPI.sh,source_checkpoint_train
Battery,future_year,MRI,MRI,/home/exouser/media/share/PACT/FormalRuns_0925/CMIP6_Battery_QuickCheck_0929/future_year/CMIP6_MRI_Battery_future_year_G0_T0500_EP0100__20261003_051753/best_overall.pt,./Data/Grid4_New/CMIP6_MRI/graphs,./Data/Grid4_New/CMIP6_MRI/graphs,"2070_2071,2071_2072,2072_2073,2073_2074,2074_2075,2075_2076,2076_2077,2077_2078,2078_2079,2079_2080,2080_2081,2081_2082,2082_2083,2083_2084,2084_2085,2085_2086,2086_2087,2087_2088,2088_2089,2089_2090,2090_2091,2091_2092,2092_2093,2093_2094,2094_2095,2095_2096,2096_2097,2097_2098,2098_2099,2099_2100",30,/home/exouser/StormSurge/configs/cross_dataset_infer_4stations/Battery/future_year/MRI/MRI_to_MRI.sh,source_checkpoint_train
